{
"type": "FeatureCollection",
"name": "X02376",
"crs": { "type": "name", "properties": { "name": "urn:ogc:def:crs:OGC:1.3:CRS84" } },
"features": [
{ "type": "Feature", "properties": { "part": "direct", "crossing_id": "X02376", "area_ac": 47.4, "n_upstream": null }, "geometry": { "type": "Polygon", "coordinates": [ [ [ -119.940630950319957, 39.241641164861591 ], [ -119.94146611394163, 39.242149572892629 ], [ -119.942423261998201, 39.242517046042778 ], [ -119.942609189122294, 39.242503914551179 ], [ -119.94269706990849, 39.242614324314737 ], [ -119.942948517297822, 39.242692997708239 ], [ -119.942826545781529, 39.242833927605297 ], [ -119.942833268307339, 39.243212456899563 ], [ -119.942670482696997, 39.243226196751117 ], [ -119.94252536622632, 39.243366518185752 ], [ -119.942490492192945, 39.243635853727518 ], [ -119.942249671829188, 39.243845727218634 ], [ -119.942216360645972, 39.244079070134468 ], [ -119.941903760119018, 39.244341106949229 ], [ -119.941867318523947, 39.244646434611148 ], [ -119.941770831926007, 39.244733982707714 ], [ -119.941860278394429, 39.244808400669832 ], [ -119.941759097938899, 39.245003926107394 ], [ -119.941866212960591, 39.245204925939312 ], [ -119.94167714940474, 39.245290040846463 ], [ -119.941740323231642, 39.245435835514591 ], [ -119.941646182276642, 39.245469394778553 ], [ -119.941592853141586, 39.245630144153886 ], [ -119.941356717376948, 39.245732038047578 ], [ -119.941350458201313, 39.245876007782208 ], [ -119.941091959488475, 39.245959296501624 ], [ -119.941084134772098, 39.24613925861766 ], [ -119.940898980386038, 39.246134391064992 ], [ -119.940907256743216, 39.246476927475037 ], [ -119.940674247517293, 39.24650683499987 ], [ -119.940624045674312, 39.246595598978246 ], [ -119.940778231102684, 39.246779820571682 ], [ -119.940612306514097, 39.246865542002062 ], [ -119.940556625873114, 39.247080279333751 ], [ -119.941116461134996, 39.24752740046582 ], [ -119.941797504503839, 39.247851587230656 ], [ -119.941529609881528, 39.248150831209408 ], [ -119.94166456780718, 39.248244462378914 ], [ -119.941633598854111, 39.248423816176853 ], [ -119.941465323885311, 39.24856352732602 ], [ -119.941455934492637, 39.248779481843066 ], [ -119.941546950344502, 39.248817907771439 ], [ -119.941492835495822, 39.248996653122056 ], [ -119.941393994692206, 39.249138189219693 ], [ -119.941205702254749, 39.24920530666607 ], [ -119.941338314161726, 39.249352926876874 ], [ -119.940698070888843, 39.249155927460144 ], [ -119.940659606982351, 39.248974748418362 ], [ -119.940392039820594, 39.248733495043318 ], [ -119.940359055955568, 39.248426342587074 ], [ -119.940691695558058, 39.248236904351629 ], [ -119.940676376938526, 39.248056333837397 ], [ -119.940839174003159, 39.248042597243952 ], [ -119.94103372386833, 39.247831510631443 ], [ -119.940713609030226, 39.247733010776109 ], [ -119.940425249434284, 39.247437160499807 ], [ -119.940433076195788, 39.24725719853484 ], [ -119.940205543336134, 39.247161131644475 ], [ -119.940377730548306, 39.246931441272267 ], [ -119.938682612855203, 39.24594998431526 ], [ -119.938620228181037, 39.245786192057999 ], [ -119.937938436807059, 39.245479984112031 ], [ -119.937149550023136, 39.244972768831623 ], [ -119.937382555160099, 39.244942868222068 ], [ -119.937480614008734, 39.244819331687609 ], [ -119.937591989025904, 39.244389860380551 ], [ -119.93767231265366, 39.243076749738023 ], [ -119.937825269951631, 39.242756473047919 ], [ -119.938381488076473, 39.24275309226087 ], [ -119.938315191041696, 39.242679280782106 ], [ -119.938391667946988, 39.242519141963889 ], [ -119.938277518872766, 39.242480104985788 ], [ -119.938448916694327, 39.242268413285146 ], [ -119.938657203470015, 39.242273893193989 ], [ -119.938778399060396, 39.242150964135263 ], [ -119.939014525853594, 39.242049075096844 ], [ -119.93919966917278, 39.242053945223574 ], [ -119.939273012046741, 39.241965790477721 ], [ -119.93934244072085, 39.241967616652367 ], [ -119.939313035326393, 39.242110977485623 ], [ -119.93956839044705, 39.242099676992268 ], [ -119.939504440985019, 39.241971877565874 ], [ -119.939666441283492, 39.241976138254444 ], [ -119.939833137685369, 39.241872421498854 ], [ -119.940040640936303, 39.241895895093201 ], [ -119.940019845938281, 39.24184129789294 ], [ -119.940135560274953, 39.2418443407444 ], [ -119.940279895423316, 39.241722018536564 ], [ -119.940347758841028, 39.241759836526576 ], [ -119.940421882511771, 39.241653684769858 ], [ -119.940630950319957, 39.241641164861591 ] ], [ [ -119.940136338817311, 39.245555818610534 ], [ -119.940157917514611, 39.24559241960965 ], [ -119.940159482906481, 39.245556427214773 ], [ -119.940136338817311, 39.245555818610534 ] ] ] } },
{ "type": "Feature", "properties": { "part": "upstream", "crossing_id": "X02376", "area_ac": 1012.3, "n_upstream": 169.0 }, "geometry": { "type": "MultiPolygon", "coordinates": [ [ [ [ -119.937988054972479, 39.242742739973302 ], [ -119.938175549307957, 39.242693623284687 ], [ -119.938323021870673, 39.242499319025079 ], [ -119.938391667946988, 39.242519141963889 ], [ -119.938315974127747, 39.242661284606733 ], [ -119.938381488076473, 39.24275309226087 ], [ -119.937988054972479, 39.242742739973302 ] ] ], [ [ [ -119.940136338817311, 39.245555818610534 ], [ -119.940159482906481, 39.245556427214773 ], [ -119.940111629313449, 39.245591202395033 ], [ -119.940136338817311, 39.245555818610534 ] ] ], [ [ [ -119.940433076195788, 39.24725719853484 ], [ -119.940403670090944, 39.247400559532458 ], [ -119.940713609030226, 39.247733010776109 ], [ -119.94103372386833, 39.247831510631443 ], [ -119.940839174003159, 39.248042597243952 ], [ -119.940676376938526, 39.248056333837397 ], [ -119.940691695558058, 39.248236904351629 ], [ -119.940357490505932, 39.248462334970881 ], [ -119.940435199244206, 39.248806696996425 ], [ -119.940659606982351, 39.248974748418362 ], [ -119.940676490930869, 39.249119326526333 ], [ -119.940610185832981, 39.249045516093609 ], [ -119.940654128327282, 39.249100721784032 ], [ -119.940698070888843, 39.249155927460144 ], [ -119.940583127163222, 39.249134888502567 ], [ -119.940711175404957, 39.249174288779749 ], [ -119.94074357881243, 39.249175140729811 ], [ -119.940789086761725, 39.24919435398256 ], [ -119.94074318748892, 39.249184138827843 ], [ -119.940903248051228, 39.249233388941306 ], [ -119.940893966937622, 39.249254300115389 ], [ -119.941383822400695, 39.249372139907322 ], [ -119.941341114451475, 39.249821436623257 ], [ -119.940982192691067, 39.250082252742622 ], [ -119.940911523809092, 39.249575925209591 ], [ -119.940959047096499, 39.250081644243501 ], [ -119.940911190650809, 39.250116419623751 ], [ -119.940929723792067, 39.250089881711403 ], [ -119.940841753840147, 39.250114594068975 ], [ -119.940908060125054, 39.250188404407353 ], [ -119.94081983942894, 39.250618487498464 ], [ -119.941000309859177, 39.250731332814496 ], [ -119.940916784765562, 39.251053438778385 ], [ -119.940174993505408, 39.251592453963994 ], [ -119.940239734668083, 39.251702257053687 ], [ -119.940375480101963, 39.251777893690644 ], [ -119.940228774758111, 39.251954203564537 ], [ -119.939992438702475, 39.251847094560951 ], [ -119.940136189987712, 39.251951768845061 ], [ -119.940082851559154, 39.252112517043834 ], [ -119.940055112179195, 39.252078997036634 ], [ -119.940148035526306, 39.252744817983256 ], [ -119.939613918376352, 39.252857375008475 ], [ -119.939912656244431, 39.25282871163936 ], [ -119.939918091861898, 39.252867659928683 ], [ -119.939937368627795, 39.252793328039303 ], [ -119.940171181978855, 39.25274542667789 ], [ -119.940274388356372, 39.253036408911477 ], [ -119.940168492796772, 39.25333990913289 ], [ -119.93996565371242, 39.253208457449901 ], [ -119.940189290731126, 39.253394506352691 ], [ -119.939586349293492, 39.253937168542272 ], [ -119.939445902091506, 39.253969507835023 ], [ -119.939388796164835, 39.253855400972824 ], [ -119.939379594088308, 39.25389569662385 ], [ -119.939467482718157, 39.254006109004493 ], [ -119.939323119601411, 39.254128428931054 ], [ -119.939201261021722, 39.254444593039729 ], [ -119.939322771922264, 39.254668922494787 ], [ -119.939247848443799, 39.254793068893449 ], [ -119.939425193898131, 39.254977901527774 ], [ -119.939398130963284, 39.255067273433184 ], [ -119.939209037371228, 39.25515238303867 ], [ -119.939337739455951, 39.25538998644145 ], [ -119.939219653314012, 39.255440930377198 ], [ -119.939215737251857, 39.255530911131757 ], [ -119.939532751980892, 39.255701400938555 ], [ -119.93959279672427, 39.255919181365542 ], [ -119.939825837736137, 39.255889277298451 ], [ -119.93986978352342, 39.255944483374009 ], [ -119.939926697278736, 39.256234248311138 ], [ -119.939614031596719, 39.256496276030681 ], [ -119.939583835588181, 39.256657632560781 ], [ -119.939501926439888, 39.256542873354014 ], [ -119.939582269283875, 39.256693624867559 ], [ -119.939332343498663, 39.256578950230796 ], [ -119.940081340338139, 39.256940968780853 ], [ -119.940755421097606, 39.257427130106663 ], [ -119.940929645524719, 39.257683945480018 ], [ -119.941008147166897, 39.258010310993697 ], [ -119.941019662118265, 39.259343853471321 ], [ -119.940830219702178, 39.259969458885664 ], [ -119.940925608404015, 39.260440402396348 ], [ -119.941497737234016, 39.261140080102926 ], [ -119.941285479874196, 39.261224583925383 ], [ -119.941232135618293, 39.261385332257582 ], [ -119.94079822256117, 39.261770292335981 ], [ -119.940514164944474, 39.261906957021402 ], [ -119.940121752352283, 39.261338118360442 ], [ -119.940135370995392, 39.261329019600467 ], [ -119.939945173218888, 39.261135290111497 ], [ -119.941083168797974, 39.262678621551139 ], [ -119.94077987320658, 39.262724697318795 ], [ -119.9403777132881, 39.262912306380635 ], [ -119.939785566148544, 39.262140029767743 ], [ -119.940354563487617, 39.262911697595953 ], [ -119.939389754720196, 39.263246656077946 ], [ -119.93936347126342, 39.263318031609579 ], [ -119.93920063845934, 39.263331764698762 ], [ -119.938843987501343, 39.263538582296462 ], [ -119.938561844318571, 39.263098756897278 ], [ -119.938449229694442, 39.26302372665306 ], [ -119.938396757283257, 39.263052215723974 ], [ -119.93848811810409, 39.263727402597837 ], [ -119.938011010130751, 39.26403914819371 ], [ -119.937563319223443, 39.26420753224798 ], [ -119.934342314141929, 39.264194771193857 ], [ -119.933618778985505, 39.263779336220324 ], [ -119.933501459485726, 39.263812277534846 ], [ -119.933231509896729, 39.263624995028216 ], [ -119.933068675739776, 39.263638719452672 ], [ -119.933197591895237, 39.263532100720205 ], [ -119.933069460751355, 39.263620723430584 ], [ -119.932813242010155, 39.263650002500746 ], [ -119.932794802619256, 39.263541416097709 ], [ -119.931981417381792, 39.263592036873867 ], [ -119.931860580608216, 39.263174465976718 ], [ -119.931574556717663, 39.262824605388118 ], [ -119.931459644620205, 39.262874164039211 ], [ -119.931478816813581, 39.262894147217295 ], [ -119.931478816813552, 39.262894147217331 ], [ -119.931573771346009, 39.262842601387469 ], [ -119.931617714437721, 39.262897810441302 ], [ -119.931307344298347, 39.263105825179608 ], [ -119.931343404478682, 39.263030360580622 ], [ -119.93104248627418, 39.263333056294641 ], [ -119.930296735776409, 39.263348485705258 ], [ -119.930319344821811, 39.263440095973415 ], [ -119.930035261531728, 39.263576733949272 ], [ -119.929958739888477, 39.263736865113991 ], [ -119.929866140509631, 39.263734421620505 ], [ -119.929692729918415, 39.263459594936464 ], [ -119.929422006420623, 39.263290299992669 ], [ -119.92921444524859, 39.263266805162573 ], [ -119.92921680320687, 39.263212817287851 ], [ -119.929724164164654, 39.262739756256465 ], [ -119.930117460548544, 39.262599641882112 ], [ -119.929890925565019, 39.262636056601444 ], [ -119.929997727869647, 39.261251588247909 ], [ -119.929821603171462, 39.260508255647082 ], [ -119.929731365384512, 39.260451824285205 ], [ -119.929729070895064, 39.259442827844971 ], [ -119.930047706388933, 39.25851436653884 ], [ -119.930172508649378, 39.257778974032163 ], [ -119.930421269082316, 39.257389169337642 ], [ -119.930430695203782, 39.257173217372085 ], [ -119.930644522662945, 39.257052741346207 ], [ -119.930649235337498, 39.256944765335824 ], [ -119.930662809251515, 39.256936608848179 ], [ -119.930226712603982, 39.256537250467822 ], [ -119.930010164058388, 39.256189219196607 ], [ -119.929872851123022, 39.256149562593635 ], [ -119.929880707287026, 39.255969602677283 ], [ -119.929675524365138, 39.25589212152402 ], [ -119.92972810407484, 39.255749375234323 ], [ -119.929532350267664, 39.255455941993993 ], [ -119.929483337030334, 39.254986213775126 ], [ -119.929368387965937, 39.25496516350406 ], [ -119.929221288601696, 39.25461896361233 ], [ -119.929257792874736, 39.254313642740826 ], [ -119.929101266122046, 39.25418339456855 ], [ -119.929046755760041, 39.253839638122059 ], [ -119.928932594502555, 39.253800591512523 ], [ -119.929014606515096, 39.253514488560164 ], [ -119.928934951883349, 39.253746603564167 ], [ -119.928549319725832, 39.253556257181614 ], [ -119.928291564818508, 39.253621519655603 ], [ -119.928262130637762, 39.253764876362595 ], [ -119.928421798588943, 39.253823141678829 ], [ -119.928569678436929, 39.254151346425509 ], [ -119.928553960351664, 39.254511265920968 ], [ -119.928679481061351, 39.254820863571602 ], [ -119.928603753139356, 39.25496299833214 ], [ -119.92864218797385, 39.255144180102498 ], [ -119.928520951456164, 39.255267096771739 ], [ -119.928382069292894, 39.255263430446895 ], [ -119.928045082778212, 39.255020316386457 ], [ -119.928116529697007, 39.254445667735339 ], [ -119.927822696854193, 39.254275759256586 ], [ -119.927480561094526, 39.254681109471214 ], [ -119.927376180554106, 39.254948603776477 ], [ -119.927385961634357, 39.255255146232685 ], [ -119.927290228614339, 39.255324684934223 ], [ -119.926912799168406, 39.25547686726798 ], [ -119.925983770817268, 39.255524392796502 ], [ -119.925691846034212, 39.255840980490156 ], [ -119.925154740712884, 39.255934887718013 ], [ -119.924918547703754, 39.256036745756575 ], [ -119.924699992662639, 39.256265186425125 ], [ -119.924350422520064, 39.25630999641038 ], [ -119.924439076580114, 39.256402423398939 ], [ -119.924487732219077, 39.256349659423812 ], [ -119.924647402433578, 39.256407930010106 ], [ -119.92489258017045, 39.256630610680006 ], [ -119.924886284895294, 39.256774577922847 ], [ -119.924766612956759, 39.256861498468766 ], [ -119.923602942294877, 39.256974869431808 ], [ -119.923325172538597, 39.256967524621601 ], [ -119.922983472305333, 39.256832371571541 ], [ -119.92282852730338, 39.256666123497816 ], [ -119.922842701023626, 39.256342197815869 ], [ -119.923496805539983, 39.255692877384206 ], [ -119.923649070240913, 39.255390619474753 ], [ -119.923817396171287, 39.255250936302502 ], [ -119.923935958414432, 39.25465951965014 ], [ -119.924079561156859, 39.254555215841449 ], [ -119.924066374485705, 39.254374497745111 ], [ -119.92388619584942, 39.254207786417162 ], [ -119.923282810501604, 39.254227865994231 ], [ -119.923012924849218, 39.254040562032955 ], [ -119.922750439493143, 39.254213787216287 ], [ -119.92256369218704, 39.254244881427944 ], [ -119.922176808983195, 39.254612998661926 ], [ -119.9216765507947, 39.254924064928957 ], [ -119.921627106484195, 39.254994823549602 ], [ -119.921714179928003, 39.255123244138048 ], [ -119.921593719515926, 39.255228157250009 ], [ -119.920827509608984, 39.255261932523609 ], [ -119.919684932939447, 39.255952356741581 ], [ -119.919537379737946, 39.256146633811746 ], [ -119.919530285350689, 39.256308596157204 ], [ -119.919168887249043, 39.256623327597566 ], [ -119.918987145869863, 39.257068932197029 ], [ -119.918652831433363, 39.257294295705449 ], [ -119.918090194102916, 39.257441543805477 ], [ -119.917799015278419, 39.257740114079461 ], [ -119.916681094836463, 39.258395127414971 ], [ -119.916484075839861, 39.258660156156239 ], [ -119.915868024207398, 39.258968127638198 ], [ -119.915714928615458, 39.259288369302205 ], [ -119.915451616498444, 39.259479572118067 ], [ -119.915123595325667, 39.259560958627041 ], [ -119.914875533258041, 39.259932731063294 ], [ -119.91480712843466, 39.260435383698685 ], [ -119.914415431856582, 39.260911446106405 ], [ -119.914379647809284, 39.261198763609599 ], [ -119.914211288989605, 39.261338431683349 ], [ -119.914222591171196, 39.261608981293662 ], [ -119.914151565178713, 39.261643130795498 ], [ -119.913088300649662, 39.261578891512443 ], [ -119.912830503716719, 39.261644117891073 ], [ -119.912321230625849, 39.261630603459913 ], [ -119.912254945430774, 39.261556777706517 ], [ -119.911998728613938, 39.261586010866502 ], [ -119.911632300920914, 39.261486201448228 ], [ -119.911077522742559, 39.261453456998865 ], [ -119.910941793085414, 39.261377786772442 ], [ -119.910427778398656, 39.261472238031836 ], [ -119.909572068844739, 39.261431494721805 ], [ -119.909161721870106, 39.261276461022895 ], [ -119.908814493196871, 39.261267236012102 ], [ -119.908060086731425, 39.261030990077273 ], [ -119.907828601979872, 39.261024838027147 ], [ -119.907565262759064, 39.261216021818505 ], [ -119.907165405325017, 39.261349526071683 ], [ -119.906910771165087, 39.261342756789411 ], [ -119.906624279722237, 39.261533322874129 ], [ -119.905461305896608, 39.261628512357781 ], [ -119.904578663418505, 39.262199581055341 ], [ -119.90439188853712, 39.262230644874911 ], [ -119.904198774655015, 39.262405672682313 ], [ -119.903988850239912, 39.262436119854712 ], [ -119.90372708057312, 39.262591303225285 ], [ -119.903477362926736, 39.262999039393051 ], [ -119.903604369132552, 39.263272668886231 ], [ -119.902582002428701, 39.263858019663758 ], [ -119.901864374822551, 39.263838911913787 ], [ -119.901815697261242, 39.263891665478511 ], [ -119.901514756643607, 39.263883651102581 ], [ -119.901112493983447, 39.264071119864695 ], [ -119.900113899796381, 39.26411658354786 ], [ -119.899454608410011, 39.264351247598533 ], [ -119.899096255659643, 39.264593929248868 ], [ -119.89884161170572, 39.264587141857099 ], [ -119.89919282198602, 39.264506420030685 ], [ -119.899935053236902, 39.263967685315968 ], [ -119.900275011124037, 39.263616411256635 ], [ -119.900559147665547, 39.263479848317523 ], [ -119.900685999279375, 39.263230995153798 ], [ -119.900803330994108, 39.263198087526682 ], [ -119.900763379003791, 39.263052890405994 ], [ -119.900871839457466, 39.262695447438858 ], [ -119.90044549759827, 39.262377807564647 ], [ -119.900249852688944, 39.262084329444512 ], [ -119.90046929683551, 39.261837943352795 ], [ -119.900436485832472, 39.261530786873074 ], [ -119.900535425906781, 39.261389289835961 ], [ -119.900412401248985, 39.261025680146432 ], [ -119.900387523491062, 39.26053856886859 ], [ -119.900523095321304, 39.260091765309006 ], [ -119.900762507120675, 39.259917976904831 ], [ -119.900890143892909, 39.259651127614788 ], [ -119.901487872136926, 39.25923464892491 ], [ -119.901455850088865, 39.258909496985332 ], [ -119.901364052534817, 39.258889035581163 ], [ -119.901237062012726, 39.258615404128506 ], [ -119.901275276498652, 39.258274106154211 ], [ -119.901624073732904, 39.258247362046504 ], [ -119.901629624020629, 39.258121393505846 ], [ -119.901821145856957, 39.257982360661067 ], [ -119.902146794198046, 39.257954998533421 ], [ -119.902978350103112, 39.257490687513823 ], [ -119.903442086722549, 39.257485013975192 ], [ -119.903725399698928, 39.257366437481963 ], [ -119.90412048631373, 39.257340917645912 ], [ -119.904150763543768, 39.257179573596154 ], [ -119.905783362780639, 39.25588977177604 ], [ -119.906255797469967, 39.255686135105094 ], [ -119.906674812463834, 39.255643226040519 ], [ -119.906866317788072, 39.255504184166512 ], [ -119.907194327742872, 39.255422820533575 ], [ -119.907412143388299, 39.255212410519739 ], [ -119.907875865768474, 39.255206718679922 ], [ -119.908113660637255, 39.255068904873099 ], [ -119.908793610741569, 39.254888788645687 ], [ -119.909013792767141, 39.254624388434969 ], [ -119.909153462010224, 39.254610082161491 ], [ -119.909870783961679, 39.254106652452847 ], [ -119.909904208853774, 39.253873323607962 ], [ -119.910430816172664, 39.253490941659827 ], [ -119.911256734431802, 39.253152536598336 ], [ -119.911425868407264, 39.252994876399761 ], [ -119.912005306470832, 39.252992239476846 ], [ -119.912287797736326, 39.252891636444829 ], [ -119.912623689370861, 39.252630299652289 ], [ -119.912944571466355, 39.252710880382644 ], [ -119.913087395645363, 39.252624586328402 ], [ -119.913571089043486, 39.252691468035401 ], [ -119.914478514746278, 39.252607435241863 ], [ -119.914715245461792, 39.251965112355776 ], [ -119.916270207919609, 39.250853266223707 ], [ -119.91663395358097, 39.250484555509452 ], [ -119.917258085502112, 39.250519109831266 ], [ -119.917518203336073, 39.250399884343764 ], [ -119.917559762072315, 39.250509085466064 ], [ -119.91779042582084, 39.25053321261155 ], [ -119.917872477988411, 39.25024711903017 ], [ -119.918415853901678, 39.250009277497298 ], [ -119.918618357648697, 39.249618273146446 ], [ -119.918756439122433, 39.249639946498021 ], [ -119.918789043319421, 39.24942460951354 ], [ -119.918960516246472, 39.249212949759055 ], [ -119.918988390320592, 39.249105587646106 ], [ -119.918858192157956, 39.248903956336754 ], [ -119.919179065800307, 39.248984519512462 ], [ -119.919445479450033, 39.248721322644272 ], [ -119.919609856331533, 39.248671624323443 ], [ -119.919863659742774, 39.2486963598747 ], [ -119.920334431982653, 39.248528653938259 ], [ -119.920540370355795, 39.248588154542922 ], [ -119.920774967924288, 39.248522296267893 ], [ -119.921205748771627, 39.248209394750006 ], [ -119.921334860351337, 39.247906526884748 ], [ -119.921713833900924, 39.247718369596996 ], [ -119.921894264573069, 39.247831243106774 ], [ -119.921928432835443, 39.247579913003413 ], [ -119.922044154638073, 39.247582974200498 ], [ -119.922072023240972, 39.247475611109913 ], [ -119.922878926474056, 39.247569019632117 ], [ -119.92225796520809, 39.2474625128417 ], [ -119.923213966927506, 39.247325645370765 ], [ -119.923831457344818, 39.246981637277422 ], [ -119.924435567135347, 39.246943556431617 ], [ -119.924647798488834, 39.246859082287749 ], [ -119.925483348909339, 39.246827112717042 ], [ -119.925717936515127, 39.246761244034666 ], [ -119.926052963642221, 39.246517861021118 ], [ -119.926725715132733, 39.246499598262758 ], [ -119.927622482048633, 39.246126912086723 ], [ -119.928159509015074, 39.246032990224769 ], [ -119.928778536395683, 39.245652962381726 ], [ -119.928724031505539, 39.245309205675987 ], [ -119.928843678212829, 39.245222279936272 ], [ -119.928981755088572, 39.24524394094081 ], [ -119.929179837388347, 39.245483386295852 ], [ -119.92938891730914, 39.245470887138772 ], [ -119.929391273641826, 39.245416899089953 ], [ -119.929621926393921, 39.245441002279613 ], [ -119.929891799144997, 39.245628290526845 ], [ -119.930031447786035, 39.245613958276742 ], [ -119.930245239420685, 39.245493481415679 ], [ -119.93018601598493, 39.245257701293433 ], [ -119.930028721225383, 39.245145450954858 ], [ -119.930035003384447, 39.245001482728775 ], [ -119.929858492320264, 39.244798641445165 ], [ -119.929632553725526, 39.244666562667277 ], [ -119.929618834503927, 39.244449999709097 ], [ -119.929882051199129, 39.244258760628583 ], [ -119.930506139214188, 39.244293241933498 ], [ -119.930888587780188, 39.244555564462495 ], [ -119.931299677437096, 39.244692523838452 ], [ -119.932034780186726, 39.24483802517117 ], [ -119.932050536710804, 39.244833400955883 ], [ -119.931644477175496, 39.244755666761357 ], [ -119.93187082009814, 39.244347249730474 ], [ -119.931700967283547, 39.244522938569375 ], [ -119.931686456847487, 39.244324371658251 ], [ -119.932154819946902, 39.24421060366825 ], [ -119.932181102204908, 39.244139229571921 ], [ -119.932676529625397, 39.243936089196815 ], [ -119.932941305418211, 39.243708850611561 ], [ -119.933056237597242, 39.243729896699605 ], [ -119.93319980415383, 39.243625580039932 ], [ -119.933657180245746, 39.243763750976903 ], [ -119.933937253315065, 39.243717080801815 ], [ -119.933926273969774, 39.243969026172209 ], [ -119.933978050443955, 39.243844273114156 ], [ -119.933917246919322, 39.243644486592501 ], [ -119.933669729066338, 39.243475813472145 ], [ -119.934071790781701, 39.243288223390238 ], [ -119.934218491555427, 39.243111920955172 ], [ -119.934266178870985, 39.243142117674537 ], [ -119.93433577558153, 39.243078977438266 ], [ -119.93414906208632, 39.243110091681835 ], [ -119.934083553518093, 39.243018281853054 ], [ -119.934168538807683, 39.242840353369495 ], [ -119.934086690221093, 39.242946297440504 ], [ -119.933772882168398, 39.242703810863759 ], [ -119.933964299882405, 39.242564720573277 ], [ -119.93417337080129, 39.242552212430425 ], [ -119.934414209497945, 39.242342356404173 ], [ -119.934682516366621, 39.242565625877305 ], [ -119.934535817947719, 39.242741929003103 ], [ -119.934722740858703, 39.242539130440463 ], [ -119.93457228970513, 39.242436604772188 ], [ -119.934739778270853, 39.242314899550806 ], [ -119.934919433931853, 39.242445749333783 ], [ -119.934992782436922, 39.242357597521149 ], [ -119.935259088010227, 39.242332051307194 ], [ -119.935225779468865, 39.242327700915929 ], [ -119.935275984575824, 39.242238939361272 ], [ -119.935359769294465, 39.242230335961558 ], [ -119.935346197092116, 39.24222277180241 ], [ -119.935468965746637, 39.242063854160683 ], [ -119.935951443319411, 39.242251428345298 ], [ -119.935811406166451, 39.242180972787089 ], [ -119.935977324732278, 39.242095257943085 ], [ -119.935812189878405, 39.242162976652331 ], [ -119.935606255276326, 39.242103503274507 ], [ -119.935679828627713, 39.242060827830286 ], [ -119.935492108587127, 39.242064463647274 ], [ -119.935635668163684, 39.241960143677055 ], [ -119.935866312603039, 39.241984234128012 ], [ -119.935873458338037, 39.242010160539955 ], [ -119.93589337385167, 39.241894862850565 ], [ -119.936197364651704, 39.241830800124873 ], [ -119.936177356306388, 39.241758206213206 ], [ -119.936367199715662, 39.241655103946762 ], [ -119.936347974789612, 39.241564513911854 ], [ -119.93677707855548, 39.241287542256984 ], [ -119.936808838909101, 39.24109019377385 ], [ -119.936925335061261, 39.241075243610027 ], [ -119.937167785868255, 39.24136032249649 ], [ -119.937168153060142, 39.241351886796451 ], [ -119.937190512366527, 39.241370492096713 ], [ -119.937212871684707, 39.24138909739311 ], [ -119.93719178615379, 39.24138854240276 ], [ -119.937630651841445, 39.241904562785521 ], [ -119.937235231014654, 39.241407702685599 ], [ -119.937461958057327, 39.241521770739368 ], [ -119.938148841235744, 39.242242501030937 ], [ -119.938354778682097, 39.242301970005279 ], [ -119.93827595269039, 39.242516097336356 ], [ -119.93825280964117, 39.242515488397075 ], [ -119.938175549307957, 39.242693623284687 ], [ -119.937849196278279, 39.242739085907985 ], [ -119.937726431560975, 39.242898006212968 ], [ -119.937563362085257, 39.244515224381942 ], [ -119.937524908084029, 39.244334044598169 ], [ -119.937480614008734, 39.244819331687609 ], [ -119.937382555160099, 39.244942868222068 ], [ -119.937137087533742, 39.244953725697982 ], [ -119.937164456948665, 39.244985172391509 ], [ -119.937171910413369, 39.244991374170802 ], [ -119.937169806428003, 39.244991318790021 ], [ -119.937189233492276, 39.245013639919719 ], [ -119.93721819809295, 39.244992592538246 ], [ -119.937938436807059, 39.245479984112031 ], [ -119.938620228181037, 39.245786192057999 ], [ -119.938682612855203, 39.24594998431526 ], [ -119.940311694731264, 39.246918484840172 ], [ -119.940309079608085, 39.246911619326916 ], [ -119.94033144145736, 39.246930224110436 ], [ -119.940331441457403, 39.246930224110471 ], [ -119.940331441457403, 39.246930224110486 ], [ -119.940376165191452, 39.246967433665986 ], [ -119.940329876076973, 39.246966216502628 ], [ -119.94032244876324, 39.246946717511634 ], [ -119.940205543336134, 39.247161131644475 ], [ -119.940433076195788, 39.24725719853484 ] ], [ [ -119.93923661976909, 39.256648499151147 ], [ -119.939235836528781, 39.256666495298731 ], [ -119.939332343498663, 39.256578950230796 ], [ -119.93923661976909, 39.256648499151147 ] ], [ [ -119.938426450138465, 39.256627183843186 ], [ -119.938429312269264, 39.256620586284861 ], [ -119.938396769747229, 39.256628078830808 ], [ -119.939235836528781, 39.256666495298731 ], [ -119.938426450138465, 39.256627183843186 ] ], [ [ -119.939769465912832, 39.261977455617128 ], [ -119.9395478930319, 39.26174341541067 ], [ -119.939700800745058, 39.261957632783762 ], [ -119.939688598044896, 39.261963784894107 ], [ -119.939747099690734, 39.261958850583852 ], [ -119.939785566148544, 39.262140029767743 ], [ -119.939769465912832, 39.261977455617128 ] ], [ [ -119.934627228076252, 39.243302856843869 ], [ -119.934488174095407, 39.243153673572529 ], [ -119.934470714085151, 39.243172616264729 ], [ -119.93433577558153, 39.243078977438266 ], [ -119.934627228076252, 39.243302856843869 ] ], [ [ -119.934209463005956, 39.242787381308162 ], [ -119.934197719546859, 39.242802581988393 ], [ -119.934535817947719, 39.242741929003103 ], [ -119.934209463005956, 39.242787381308162 ] ], [ [ -119.937176112495791, 39.241370113076698 ], [ -119.937189826946096, 39.241386238737107 ], [ -119.937190512366527, 39.241370492096713 ], [ -119.937176112495791, 39.241370113076698 ] ], [ [ -119.937455477195044, 39.244332217248456 ], [ -119.937142858571519, 39.244594240508611 ], [ -119.937524908084029, 39.244334044598169 ], [ -119.937455477195044, 39.244332217248456 ] ], [ [ -119.936933781735661, 39.244606753768224 ], [ -119.936893903051612, 39.244635731953089 ], [ -119.937142858571519, 39.244594240508611 ], [ -119.936933781735661, 39.244606753768224 ] ], [ [ -119.940125569868997, 39.251663221314082 ], [ -119.939934920657748, 39.251784324890387 ], [ -119.939928354438081, 39.251741567122664 ], [ -119.939919906599513, 39.251790481581132 ], [ -119.939934137731385, 39.251802321064787 ], [ -119.939917935435176, 39.251801894954561 ], [ -119.939908642793071, 39.251855700856865 ], [ -119.939870587832417, 39.251842688846644 ], [ -119.939896678246896, 39.251864394576565 ], [ -119.939948125774521, 39.251827011572267 ], [ -119.939933354804339, 39.251820317239165 ], [ -119.940151563613384, 39.251677704960969 ], [ -119.940125569868997, 39.251663221314082 ] ], [ [ -119.939898806527722, 39.2515491571639 ], [ -119.939791561080824, 39.251479653867015 ], [ -119.939912884894667, 39.251640832719445 ], [ -119.939898806527722, 39.2515491571639 ] ], [ [ -119.93963749676827, 39.251163932477432 ], [ -119.939653051963163, 39.251321014420526 ], [ -119.939674994891661, 39.251326665660436 ], [ -119.93963749676827, 39.251163932477432 ] ], [ [ -119.939271562055353, 39.250420687039032 ], [ -119.939142222768297, 39.250389053101237 ], [ -119.939206685103315, 39.250413913233366 ], [ -119.939271562055353, 39.250420687039032 ] ], [ [ -119.939437358778108, 39.250437997713505 ], [ -119.939460804774825, 39.250181080638683 ], [ -119.939416803690577, 39.250435851590034 ], [ -119.939437358778108, 39.250437997713505 ] ], [ [ -119.939508375179742, 39.249909909050437 ], [ -119.939493354660058, 39.249911836689591 ], [ -119.939504288407448, 39.2499164529806 ], [ -119.939508375179742, 39.249909909050437 ] ], [ [ -119.939720929982926, 39.249778835824486 ], [ -119.939750338780343, 39.249635475144053 ], [ -119.939702130172407, 39.249780766707758 ], [ -119.939720929982926, 39.249778835824486 ] ], [ [ -119.939814636174802, 39.249222780476778 ], [ -119.939821719924041, 39.249216607918115 ], [ -119.939746766121431, 39.249184961944323 ], [ -119.939645191669882, 39.24927711555052 ], [ -119.939769128498838, 39.249203566852479 ], [ -119.939949593651164, 39.249316413613208 ], [ -119.939814636174802, 39.249222780476778 ] ], [ [ -119.939748673533387, 39.248608475450077 ], [ -119.939685186535158, 39.248619057109124 ], [ -119.940062528281601, 39.248850947540866 ], [ -119.939748673533387, 39.248608475450077 ] ], [ [ -119.939603867870147, 39.248566769580052 ], [ -119.939466234830391, 39.24870914750182 ], [ -119.939626894469143, 39.248592403436717 ], [ -119.939603867870147, 39.248566769580052 ] ], [ [ -119.939456400041905, 39.248402603722553 ], [ -119.939360855105818, 39.248389413980007 ], [ -119.939518803126077, 39.248472072924358 ], [ -119.939456400041905, 39.248402603722553 ] ], [ [ -119.939248208214678, 39.248318442023859 ], [ -119.939153649536522, 39.2484162602683 ], [ -119.939269347850882, 39.248346309024562 ], [ -119.939248208214678, 39.248318442023859 ] ], [ [ -119.939141766364273, 39.248178126313285 ], [ -119.939055993061274, 39.248255944507932 ], [ -119.939068416341144, 39.24826628063321 ], [ -119.939044539660983, 39.248345138276285 ], [ -119.939140983335605, 39.248196122485481 ], [ -119.939171456933749, 39.248217265618543 ], [ -119.939141766364273, 39.248178126313285 ] ], [ [ -119.938934245111312, 39.248154650416538 ], [ -119.938880884710997, 39.248246463836665 ], [ -119.938954697293596, 39.248175101726865 ], [ -119.938934245111312, 39.248154650416538 ] ], [ [ -119.938561033416747, 39.248144831646755 ], [ -119.938558701859463, 39.248160980681511 ], [ -119.938934245111312, 39.248154650416538 ], [ -119.938561033416747, 39.248144831646755 ] ], [ [ -119.937554884534208, 39.246839164644193 ], [ -119.937523997207805, 39.246880744114762 ], [ -119.93757724559822, 39.246857769927971 ], [ -119.938149591375705, 39.247016966065068 ], [ -119.937554884534208, 39.246839164644193 ] ], [ [ -119.937357977183851, 39.247104233599572 ], [ -119.937477616995537, 39.24701729869701 ], [ -119.93746737034499, 39.246956973118486 ], [ -119.937357977183851, 39.247104233599572 ] ], [ [ -119.937025866590247, 39.247312752759825 ], [ -119.937071623965707, 39.247294880671141 ], [ -119.937147325849111, 39.2471527392319 ], [ -119.937025866590247, 39.247312752759825 ] ], [ [ -119.936754078515264, 39.247403630415278 ], [ -119.936812331875544, 39.247396155589435 ], [ -119.93684937364668, 39.247381687781285 ], [ -119.936754078515264, 39.247403630415278 ] ], [ [ -119.936653454108068, 39.247319905909812 ], [ -119.936695825144255, 39.247411105211455 ], [ -119.936716629920795, 39.247408435644807 ], [ -119.936653454108068, 39.247319905909812 ] ], [ [ -119.936260779865961, 39.247291550656058 ], [ -119.936264698556755, 39.247201570022838 ], [ -119.936238370475181, 39.247303080979727 ], [ -119.936301401320705, 39.247294484019093 ], [ -119.936260779865961, 39.247291550656058 ] ], [ [ -119.935944582401603, 39.247041464912222 ], [ -119.935920665741918, 39.24712044406489 ], [ -119.935960402011247, 39.247129814286772 ], [ -119.935944582401603, 39.247041464912222 ] ], [ [ -119.93590073821548, 39.246796602888189 ], [ -119.935852030762476, 39.246874591452986 ], [ -119.935909278571103, 39.246849892777171 ], [ -119.935910615595219, 39.246851766430204 ], [ -119.93590073821548, 39.246796602888189 ] ], [ [ -119.935890837076272, 39.246741306581256 ], [ -119.935794440675096, 39.246746246772688 ], [ -119.935896632461976, 39.246773672908553 ], [ -119.935890837076272, 39.246741306581256 ] ], [ [ -119.935667231992653, 39.246555250512912 ], [ -119.935455120206427, 39.246485318762161 ], [ -119.935551510399094, 39.246552202917982 ], [ -119.935644087672543, 39.246554641003108 ], [ -119.935588392318579, 39.246769375375749 ], [ -119.935614672267661, 39.246698000430278 ], [ -119.935660478615731, 39.246710293994937 ], [ -119.935667231992653, 39.246555250512912 ] ], [ [ -119.935370275615938, 39.246457345958 ], [ -119.9353086823578, 39.246275556109339 ], [ -119.935041144033789, 39.246034291455395 ], [ -119.935307898402542, 39.246293552222852 ], [ -119.935286680023822, 39.246297088087097 ], [ -119.935369491671338, 39.246475342071996 ], [ -119.935160275126876, 39.24656800990482 ], [ -119.935571519132111, 39.246624796914368 ], [ -119.935249850360435, 39.246562274745713 ], [ -119.9354018107652, 39.246467742936389 ], [ -119.935370275615938, 39.246457345958 ] ], [ [ -119.934678264293581, 39.245995905684829 ], [ -119.934671622063561, 39.246006540761059 ], [ -119.934687688228507, 39.246007747337153 ], [ -119.934678264293581, 39.245995905684829 ] ], [ [ -119.934705743574114, 39.245755204993579 ], [ -119.934324842078283, 39.245456902046783 ], [ -119.934771255294535, 39.245847014567651 ], [ -119.934705743574114, 39.245755204993579 ] ], [ [ -119.934254222606285, 39.245340534935856 ], [ -119.934188372707951, 39.245453306485203 ], [ -119.934209122435192, 39.245453853189055 ], [ -119.934254222606285, 39.245340534935856 ] ], [ [ -119.93427490158669, 39.245288576990191 ], [ -119.934126741749708, 39.245217464766171 ], [ -119.934259302560818, 39.245327771065064 ], [ -119.93427490158669, 39.245288576990191 ] ], [ [ -119.934287180324858, 39.245257725427152 ], [ -119.934239790713107, 39.245069102549152 ], [ -119.934281289179694, 39.245272527525017 ], [ -119.934287180324858, 39.245257725427152 ] ], [ [ -119.935555670570082, 39.245725590700857 ], [ -119.935594761480928, 39.245685483671814 ], [ -119.935449209314839, 39.245656280112094 ], [ -119.935555670570082, 39.245725590700857 ] ], [ [ -119.936952285477503, 39.245778330867601 ], [ -119.936948523852479, 39.245770813177799 ], [ -119.936505495111675, 39.245928719654842 ], [ -119.936952285477503, 39.245778330867601 ] ], [ [ -119.936891464273756, 39.245656778164275 ], [ -119.936855022485858, 39.245689528841609 ], [ -119.936929942342459, 39.245733677600185 ], [ -119.936891464273756, 39.245656778164275 ] ], [ [ -119.937264495184749, 39.245145666774064 ], [ -119.937257434972551, 39.245155776238981 ], [ -119.937257434972551, 39.245155776238981 ], [ -119.937346093538778, 39.245248193652294 ], [ -119.937264495184749, 39.245145666774064 ] ], [ [ -119.936703072421466, 39.244665817942405 ], [ -119.93670524127306, 39.244667174325407 ], [ -119.93670718624054, 39.244666850178838 ], [ -119.936703072421466, 39.244665817942405 ] ], [ [ -119.936460783260188, 39.244434995511121 ], [ -119.936245740163329, 39.244444505704301 ], [ -119.936651190938321, 39.244711208178515 ], [ -119.936653706601106, 39.244653431093781 ], [ -119.936359891097325, 39.244483544747148 ], [ -119.936460783260188, 39.244434995511121 ] ], [ [ -119.936222596524402, 39.244443896336719 ], [ -119.936223380194349, 39.244425900202067 ], [ -119.936089220628062, 39.244314267106908 ], [ -119.936135351078008, 39.244319085113865 ], [ -119.936056969991341, 39.244298528018618 ], [ -119.9362881091715, 39.244535705103885 ], [ -119.936245740163329, 39.244444505704301 ], [ -119.936222596524402, 39.244443896336719 ] ], [ [ -119.936483565342684, 39.244424032767498 ], [ -119.936501887435725, 39.244415216165983 ], [ -119.936431399591612, 39.244396729511962 ], [ -119.936483565342684, 39.244424032767498 ] ], [ [ -119.936948182254497, 39.24267933815046 ], [ -119.937457686013161, 39.242152245554252 ], [ -119.937211777519167, 39.242315978815689 ], [ -119.937191363606132, 39.242415487599331 ], [ -119.936948182254497, 39.24267933815046 ] ], [ [ -119.936753635836098, 39.242890418166148 ], [ -119.936521057395225, 39.24344281524052 ], [ -119.936771199103177, 39.24287136234696 ], [ -119.936753635836098, 39.242890418166148 ] ], [ [ -119.935575423616072, 39.243783492154307 ], [ -119.935602008728779, 39.243796967806126 ], [ -119.935889134560355, 39.243588327718548 ], [ -119.935575423616072, 39.243783492154307 ] ], [ [ -119.935865160184491, 39.242058201241541 ], [ -119.935865327129747, 39.242057234742234 ], [ -119.935860039867038, 39.242057337160105 ], [ -119.935865160184491, 39.242058201241541 ] ], [ [ -119.934911145252244, 39.242901955795311 ], [ -119.934616629590721, 39.243014309386282 ], [ -119.934826485799107, 39.242983804003977 ], [ -119.934911145252244, 39.242901955795311 ] ], [ [ -119.935232461173129, 39.242706229059429 ], [ -119.934997111069279, 39.242790113984505 ], [ -119.934975274572167, 39.242759510858882 ], [ -119.934971616168156, 39.24284349274604 ], [ -119.93504418113298, 39.24277333703948 ], [ -119.935396030178765, 39.24267450350397 ], [ -119.935201477804299, 39.242686145078245 ], [ -119.935232461173129, 39.242706229059429 ] ], [ [ -119.935328952610803, 39.242618686574097 ], [ -119.935343151960211, 39.242611853837424 ], [ -119.935305809591725, 39.242618077047929 ], [ -119.935215589151127, 39.242561650527193 ], [ -119.935244219217338, 39.24243628720172 ], [ -119.935150009538916, 39.242571183738349 ], [ -119.935260307420847, 39.242598861857743 ], [ -119.935396030178765, 39.24267450350397 ], [ -119.935328952610803, 39.242618686574097 ] ], [ [ -119.935583711062421, 39.2423551443744 ], [ -119.935571355814716, 39.242372835769011 ], [ -119.935468369433224, 39.242359385090609 ], [ -119.935575174990888, 39.242500203750232 ], [ -119.935612939088074, 39.242482031488763 ], [ -119.935525069928346, 39.242371616814772 ], [ -119.935662882588062, 39.242399268464546 ], [ -119.935583711062421, 39.2423551443744 ] ], [ [ -119.935758850580541, 39.242323723002507 ], [ -119.935691255797394, 39.242404961431497 ], [ -119.935731788962272, 39.242413094229732 ], [ -119.935758850580541, 39.242323723002507 ] ], [ [ -119.936017521556124, 39.242284673553662 ], [ -119.936034998493497, 39.242367028163692 ], [ -119.936038133129301, 39.24229504361147 ], [ -119.936017521556124, 39.242284673553662 ] ], [ [ -119.935128902401289, 39.242601406446902 ], [ -119.935120665464467, 39.242613200673325 ], [ -119.935087604017852, 39.242612329861224 ], [ -119.935174518264162, 39.242668669400132 ], [ -119.935128902401289, 39.242601406446902 ] ], [ [ -119.934866092362824, 39.242606495178514 ], [ -119.934840377912792, 39.242605817824909 ], [ -119.934889488511814, 39.24263928426025 ], [ -119.934866092362824, 39.242606495178514 ] ], [ [ -119.93580840647526, 39.245441928915099 ], [ -119.935704214913955, 39.245573184809373 ], [ -119.935831550433235, 39.245442538377887 ], [ -119.935817955301502, 39.245406839792622 ], [ -119.93580840647526, 39.245441928915099 ] ], [ [ -119.9358911626165, 39.245137823142194 ], [ -119.935851583692013, 39.245283265046119 ], [ -119.935915090244393, 39.245120436457256 ], [ -119.93610024110103, 39.245125311828112 ], [ -119.935892730163786, 39.245101830888224 ], [ -119.935831920278375, 39.244902045146937 ], [ -119.935775859008487, 39.244835053338676 ], [ -119.9358911626165, 39.245137823142194 ] ], [ [ -119.939063647311983, 39.249871033430004 ], [ -119.939058330631042, 39.249808345481817 ], [ -119.939045796221137, 39.249851161158716 ], [ -119.939063647311983, 39.249871033430004 ] ], [ [ -119.939167119456727, 39.2493778275919 ], [ -119.939181883196383, 39.249386305118925 ], [ -119.939168922617839, 39.249430577134021 ], [ -119.939276030565466, 39.249352748123037 ], [ -119.939167119456727, 39.2493778275919 ] ], [ [ -119.938711339768901, 39.249116111219763 ], [ -119.938780147294167, 39.249033418059582 ], [ -119.938790328114109, 39.248799467928009 ], [ -119.938707579035295, 39.249103575925083 ], [ -119.938391770030194, 39.248906090719366 ], [ -119.938458464206647, 39.248970904242462 ], [ -119.938711339768901, 39.249116111219763 ] ], [ [ -119.938710388896098, 39.248719532376292 ], [ -119.938819738254097, 39.248656107520972 ], [ -119.938692363410951, 39.248701507686341 ], [ -119.938710388896098, 39.248719532376292 ] ], [ [ -119.93831289643721, 39.248588721959422 ], [ -119.938313232116414, 39.248581009320723 ], [ -119.938171676308741, 39.248639056292518 ], [ -119.938198085204178, 39.248655570809838 ], [ -119.938329800402599, 39.248587528858835 ], [ -119.93831289643721, 39.248588721959422 ] ], [ [ -119.938314724022348, 39.248546730926208 ], [ -119.938317595934123, 39.248480745016053 ], [ -119.938230164936797, 39.248452594302059 ], [ -119.938314724022348, 39.248546730926208 ] ], [ [ -119.938178660165519, 39.248436010942832 ], [ -119.938148848061275, 39.248426412112849 ], [ -119.938151292293242, 39.248449180075788 ], [ -119.938178660165519, 39.248436010942832 ] ], [ [ -119.938138702204455, 39.248331903586717 ], [ -119.937864096192541, 39.248252610182824 ], [ -119.93777151649428, 39.248250173774636 ], [ -119.938138702204455, 39.248331903586717 ] ], [ [ -119.935865343620037, 39.249244711072848 ], [ -119.935802718656035, 39.249355419917734 ], [ -119.93588446731961, 39.249260990558305 ], [ -119.935873676373816, 39.249263201020078 ], [ -119.935865343620037, 39.249244711072848 ] ], [ [ -119.935737432060677, 39.248928432364551 ], [ -119.935658687112607, 39.248879187451507 ], [ -119.935810737590316, 39.249123542896271 ], [ -119.935725770603966, 39.24893500438592 ], [ -119.935737432060677, 39.248928432364551 ] ], [ [ -119.935559835066016, 39.249020718134531 ], [ -119.935543132268378, 39.248948211215826 ], [ -119.935539825824904, 39.248948124135339 ], [ -119.935540348471662, 39.248936126729184 ], [ -119.935537912650204, 39.248925552803335 ], [ -119.935497455519851, 39.248856924455744 ], [ -119.93548288116402, 39.248877791143599 ], [ -119.935622870230176, 39.249228570005933 ], [ -119.935580628307662, 39.249075316021681 ], [ -119.935658687112607, 39.248879187451507 ], [ -119.935559835066016, 39.249020718134531 ] ], [ [ -119.935608494594689, 39.248423256717757 ], [ -119.935562560669993, 39.248426236939743 ], [ -119.935502248446028, 39.248480950888307 ], [ -119.935608494594689, 39.248423256717757 ] ], [ [ -119.9354619024611, 39.248502859660256 ], [ -119.935424475068686, 39.24840458343337 ], [ -119.93544787522967, 39.248510476753893 ], [ -119.9354619024611, 39.248502859660256 ] ], [ [ -119.935568048302756, 39.248300264159717 ], [ -119.935449971925266, 39.24835120468245 ], [ -119.935452323852118, 39.248297216353549 ], [ -119.935555878656118, 39.248047709042901 ], [ -119.935530285722848, 39.247954856252754 ], [ -119.93551222244129, 39.248031631119886 ], [ -119.935531949900479, 39.248065095603557 ], [ -119.935508805087025, 39.248064486047362 ], [ -119.935509785028529, 39.248041990908014 ], [ -119.935424475068686, 39.24840458343337 ], [ -119.935568048302756, 39.248300264159717 ] ], [ [ -119.935517297069637, 39.247899513786599 ], [ -119.935451992105911, 39.247893360287904 ], [ -119.935519310464485, 39.247915037249285 ], [ -119.935515860641431, 39.247902521041887 ], [ -119.935517297069637, 39.247899513786599 ] ], [ [ -119.935685713003963, 39.247726826663445 ], [ -119.93563614448847, 39.247642741553761 ], [ -119.935608666084335, 39.247739665796246 ], [ -119.935685713003963, 39.247726826663445 ] ], [ [ -119.935668208506868, 39.247529642140741 ], [ -119.935771342064911, 39.247338820335976 ], [ -119.935699039185849, 39.247420892691174 ], [ -119.935668208506868, 39.247529642140741 ] ], [ [ -119.93598069357725, 39.247338225901821 ], [ -119.935871241378834, 39.247191209608211 ], [ -119.935816008039751, 39.247182548406855 ], [ -119.93586967370409, 39.24722720184851 ], [ -119.935843773883548, 39.24725660137031 ], [ -119.93598069357725, 39.247338225901821 ] ], [ [ -119.938573757458741, 39.24845145147723 ], [ -119.938540912129952, 39.248284197149829 ], [ -119.938498840033105, 39.24857559771646 ], [ -119.938573757458741, 39.24845145147723 ] ], [ [ -119.939391757165112, 39.249355792197989 ], [ -119.939496541295128, 39.249487437533404 ], [ -119.939507483782293, 39.249358836158166 ], [ -119.939391757165112, 39.249355792197989 ] ], [ [ -119.939035032594447, 39.248359827669852 ], [ -119.938780667955015, 39.248527769100704 ], [ -119.938780750577763, 39.248528040501029 ], [ -119.938991933841393, 39.248426419574862 ], [ -119.939035032594447, 39.248359827669852 ] ], [ [ -119.938800786949685, 39.248384281790436 ], [ -119.938758917534784, 39.248456322965531 ], [ -119.938779622425628, 39.248524334731776 ], [ -119.938800786949685, 39.248384281790436 ] ], [ [ -119.939567084583373, 39.249054118716103 ], [ -119.939430562173172, 39.248996477521352 ], [ -119.939568541866493, 39.249078725367717 ], [ -119.939599625016797, 39.248838773348503 ], [ -119.939567084583373, 39.249054118716103 ] ], [ [ -119.939144106339498, 39.248590321474808 ], [ -119.939166914522474, 39.248665240626835 ], [ -119.939348160313401, 39.24876009206465 ], [ -119.939144106339498, 39.248590321474808 ] ], [ [ -119.939127867869999, 39.248442930600632 ], [ -119.939106092798355, 39.248465456214028 ], [ -119.939115596172257, 39.248496672530116 ], [ -119.939127867869999, 39.248442930600632 ] ], [ [ -119.939415340937927, 39.249878898801114 ], [ -119.939461571282678, 39.249898417555841 ], [ -119.939487642399527, 39.249592021154001 ], [ -119.939407165611399, 39.249750131691449 ], [ -119.939415340937927, 39.249878898801114 ] ], [ [ -119.932449005244109, 39.245965984638445 ], [ -119.932406933644003, 39.246016541197378 ], [ -119.932847161762894, 39.245868379906113 ], [ -119.932449005244109, 39.245965984638445 ] ], [ [ -119.932455321518418, 39.246626421451978 ], [ -119.932400826765999, 39.246023879696843 ], [ -119.932389882794197, 39.246037030819473 ], [ -119.932385453805878, 39.246360677775243 ], [ -119.932455321518418, 39.246626421451978 ] ], [ [ -119.932481161074676, 39.24735412217963 ], [ -119.932572165986016, 39.247918333885103 ], [ -119.932494164704352, 39.247055901705217 ], [ -119.932481161074676, 39.24735412217963 ] ], [ [ -119.932579590632685, 39.248501498019152 ], [ -119.932619236317777, 39.248438767055454 ], [ -119.932610585017798, 39.248343114320974 ], [ -119.932579590632685, 39.248501498019152 ] ], [ [ -119.932360949935614, 39.248820370879926 ], [ -119.932395237231034, 39.24879319677823 ], [ -119.932440951521016, 39.248720864225554 ], [ -119.932360949935614, 39.248820370879926 ] ], [ [ -119.930580103403628, 39.249539931818532 ], [ -119.932200659519097, 39.249004267775597 ], [ -119.93253332241953, 39.248814853874379 ], [ -119.932131224371517, 39.249002437070828 ], [ -119.93215522560557, 39.248983415253676 ], [ -119.932114787383824, 39.249007408715819 ], [ -119.932130439528123, 39.249020433122332 ], [ -119.932107294474434, 39.249019822877834 ], [ -119.9321076512242, 39.249011642854605 ], [ -119.932036289581475, 39.249053984216495 ], [ -119.930626385797311, 39.249503252960046 ], [ -119.930580103403628, 39.249539931818532 ] ], [ [ -119.930374550733603, 39.249702831871559 ], [ -119.930415898046689, 39.249711129352207 ], [ -119.930387751800708, 39.24969237008888 ], [ -119.930374550733603, 39.249702831871559 ] ], [ [ -119.930155471631267, 39.249674600462782 ], [ -119.930153403496277, 39.249721989971619 ], [ -119.930208366709465, 39.249684287184891 ], [ -119.930155471631267, 39.249674600462782 ] ], [ [ -119.929861809800428, 39.249501098409397 ], [ -119.92985709716568, 39.249609074478244 ], [ -119.929898382230945, 39.249615133939074 ], [ -119.929861809800428, 39.249501098409397 ] ], [ [ -119.929273886064948, 39.248513308432116 ], [ -119.928783482443748, 39.24819345298372 ], [ -119.928666421102534, 39.248161581210319 ], [ -119.929413467648857, 39.248624464464399 ], [ -119.929256167009612, 39.248512212887036 ], [ -119.929273886064948, 39.248513308432116 ] ], [ [ -119.928417096024859, 39.248093698092816 ], [ -119.927472095231508, 39.247978664660934 ], [ -119.92851532995617, 39.248120444078737 ], [ -119.928417096024859, 39.248093698092816 ] ], [ [ -119.935678326720094, 39.244716994762726 ], [ -119.935720435242061, 39.244656701918828 ], [ -119.935655392143786, 39.244699212009529 ], [ -119.93538393879443, 39.244547928889091 ], [ -119.935678326720094, 39.244716994762726 ] ], [ [ -119.933897077587659, 39.244224461312008 ], [ -119.933914510232754, 39.2442389676254 ], [ -119.933936869505445, 39.244257573545717 ], [ -119.93538393879443, 39.244547928889091 ], [ -119.933897077587659, 39.244224461312008 ] ], [ [ -119.93389136671189, 39.244238357797244 ], [ -119.933892020261908, 39.244223361050601 ], [ -119.93359363834692, 39.244158445249184 ], [ -119.933627465778912, 39.244139182339161 ], [ -119.933127924424625, 39.244045390348219 ], [ -119.933913961254504, 39.244251564892878 ], [ -119.933914510232754, 39.2442389676254 ], [ -119.93389136671189, 39.244238357797244 ] ], [ [ -119.932964057459884, 39.244249953067147 ], [ -119.933018684664418, 39.24402487958919 ], [ -119.932995216285235, 39.244020473172647 ], [ -119.932964057459884, 39.244249953067147 ] ], [ [ -119.932290952862829, 39.244839480102307 ], [ -119.932318532456947, 39.24478942592777 ], [ -119.932311014349693, 39.244773241025463 ], [ -119.932290952862829, 39.244839480102307 ] ], [ [ -119.932159956962806, 39.244801288288436 ], [ -119.932304357162195, 39.244758909496035 ], [ -119.932294068786476, 39.244736760768035 ], [ -119.932159956962806, 39.244801288288436 ] ], [ [ -119.93664978876248, 39.244743411799206 ], [ -119.936650363379911, 39.244730214629172 ], [ -119.936344030771735, 39.244785172990291 ], [ -119.936346569178454, 39.244789479063371 ], [ -119.93664978876248, 39.244743411799206 ] ], [ [ -119.932748043547562, 39.244056209280117 ], [ -119.932944565235076, 39.244010962927327 ], [ -119.932859323257873, 39.243994957831696 ], [ -119.932748043547562, 39.244056209280117 ] ], [ [ -119.93222696890858, 39.244933176038359 ], [ -119.932379299121052, 39.245521533249914 ], [ -119.932379969726, 39.24542366207077 ], [ -119.93223914981013, 39.244933497179915 ], [ -119.93222696890858, 39.244933176038359 ] ], [ [ -119.930519710497151, 39.248761752622961 ], [ -119.930966530567616, 39.248611388119073 ], [ -119.930493966917311, 39.248754317231992 ], [ -119.930519710497151, 39.248761752622961 ] ], [ [ -119.934975414940894, 39.246649889098649 ], [ -119.934878054515053, 39.246693012263378 ], [ -119.934895629107416, 39.246715095321143 ], [ -119.934975414940894, 39.246649889098649 ] ], [ [ -119.934573176497622, 39.246670567390829 ], [ -119.934708906038495, 39.246746210075138 ], [ -119.934726754383433, 39.24673541978521 ], [ -119.934573176497622, 39.246670567390829 ] ], [ [ -119.934076413349288, 39.245677607955074 ], [ -119.934063114674643, 39.245667816537924 ], [ -119.933960429048284, 39.245843669173759 ], [ -119.934076413349288, 39.245677607955074 ] ], [ [ -119.934639404554716, 39.246214171679505 ], [ -119.934639068501411, 39.246221884294826 ], [ -119.934934454660279, 39.246355782855304 ], [ -119.934639404554716, 39.246214171679505 ] ], [ [ -119.935713149039657, 39.247096962581082 ], [ -119.935743401660829, 39.247122134891306 ], [ -119.935767709825484, 39.247009602519803 ], [ -119.935713149039657, 39.247096962581082 ] ], [ [ -119.930845572005211, 39.256826787400676 ], [ -119.931755674094688, 39.256279900813666 ], [ -119.931508462620414, 39.256372876802487 ], [ -119.930845572005211, 39.256826787400676 ] ], [ [ -119.932976569107566, 39.255654882712406 ], [ -119.933279837668195, 39.255608826250835 ], [ -119.933335600491773, 39.255558247651884 ], [ -119.932976569107566, 39.255654882712406 ] ], [ [ -119.933523713809038, 39.255507615470542 ], [ -119.933678833352516, 39.255493224868026 ], [ -119.933586244495501, 39.255490784758699 ], [ -119.933523713809038, 39.255507615470542 ] ], [ [ -119.933540577927189, 39.255262570358518 ], [ -119.933530926804707, 39.255165025630276 ], [ -119.933737681564253, 39.255206507953019 ], [ -119.933517821615851, 39.255148847352508 ], [ -119.933540577927189, 39.255262570358518 ] ], [ [ -119.933398934936619, 39.254694981431157 ], [ -119.933155651793598, 39.253693158385659 ], [ -119.933322996966211, 39.254619043370838 ], [ -119.933398934936619, 39.254694981431157 ] ], [ [ -119.933035703718829, 39.253029498919823 ], [ -119.933088307628324, 39.253010753771761 ], [ -119.933030208913223, 39.252999096517136 ], [ -119.933035703718829, 39.253029498919823 ] ], [ [ -119.932541137759713, 39.251823856013424 ], [ -119.931932707777506, 39.25086169214147 ], [ -119.932039392922761, 39.251107974628844 ], [ -119.932541137759713, 39.251823856013424 ] ], [ [ -119.931884913058724, 39.250751357562102 ], [ -119.932018006462442, 39.250668574413488 ], [ -119.931966433477953, 39.250655632373508 ], [ -119.931868138983887, 39.250712634364703 ], [ -119.931884913058724, 39.250751357562102 ] ], [ [ -119.932072991422473, 39.250682372645457 ], [ -119.932846355312719, 39.251201316099035 ], [ -119.932126882829778, 39.250695896425157 ], [ -119.932072991422473, 39.250682372645457 ] ], [ [ -119.933095574187689, 39.251465918188032 ], [ -119.933141982400741, 39.251515190712915 ], [ -119.933204918498646, 39.251481018498694 ], [ -119.933095574187689, 39.251465918188032 ] ], [ [ -119.933409718744329, 39.251823875948801 ], [ -119.933475016266314, 39.251914154466427 ], [ -119.933481291627018, 39.251893435843215 ], [ -119.933409718744329, 39.251823875948801 ] ], [ [ -119.934429698803925, 39.252089829688799 ], [ -119.934448528833784, 39.252044464990149 ], [ -119.933903225946054, 39.252472326000699 ], [ -119.933743668860401, 39.252285583294722 ], [ -119.933887174854576, 39.252483987432292 ], [ -119.934429698803925, 39.252089829688799 ] ], [ [ -119.934684840450217, 39.252149994495909 ], [ -119.934770163509398, 39.252134295009789 ], [ -119.934429698803925, 39.252089829688799 ], [ -119.934684840450217, 39.252149994495909 ] ], [ [ -119.935632104345956, 39.251617033945905 ], [ -119.935997098789755, 39.251626645980544 ], [ -119.935984324482732, 39.251609210359646 ], [ -119.935632104345956, 39.251617033945905 ] ], [ [ -119.935672498496231, 39.251221729243518 ], [ -119.935781286192096, 39.251024290320196 ], [ -119.935764905020463, 39.251043211955569 ], [ -119.935672498496231, 39.251221729243518 ] ], [ [ -119.935444176216052, 39.25114364894398 ], [ -119.935481059284001, 39.251360821370767 ], [ -119.935466537989811, 39.251162254653941 ], [ -119.935672028096207, 39.251232526906129 ], [ -119.935672498496231, 39.251221729243518 ], [ -119.935444176216052, 39.25114364894398 ] ], [ [ -119.934812559983641, 39.25184651937618 ], [ -119.934812559983669, 39.251846519376187 ], [ -119.935481059284001, 39.251360821370767 ], [ -119.934812559983641, 39.25184651937618 ] ], [ [ -119.935969371033195, 39.250648206692546 ], [ -119.936216197067949, 39.250443309564652 ], [ -119.935976118077008, 39.250635172077494 ], [ -119.935969371033195, 39.250648206692546 ] ], [ [ -119.936446010011323, 39.250390396628418 ], [ -119.936487920308423, 39.250380746996541 ], [ -119.93650469296675, 39.250353892308027 ], [ -119.936446010011323, 39.250390396628418 ] ], [ [ -119.936515392584923, 39.250336761146016 ], [ -119.936522576382416, 39.250325259160036 ], [ -119.936011393130684, 39.249825346998136 ], [ -119.936515392584923, 39.250336761146016 ] ], [ [ -119.935780186404187, 39.249395252488632 ], [ -119.935774824157619, 39.249404731873689 ], [ -119.935669898016727, 39.249317428468196 ], [ -119.936011393130684, 39.249825346998136 ], [ -119.935780186404187, 39.249395252488632 ] ], [ [ -119.93814226486711, 39.248782416484097 ], [ -119.938273024542212, 39.248735810671683 ], [ -119.93823719512514, 39.248730864159405 ], [ -119.938230002279184, 39.248718663714087 ], [ -119.93814226486711, 39.248782416484097 ] ], [ [ -119.938094408030011, 39.248817190691483 ], [ -119.937913163916335, 39.248722337360938 ], [ -119.938205433903022, 39.248928212832261 ], [ -119.938104378208308, 39.248809946066743 ], [ -119.938094408030011, 39.248817190691483 ] ], [ [ -119.938037916648469, 39.250698026887726 ], [ -119.938187522906674, 39.250830311719291 ], [ -119.938166325495132, 39.250783594527242 ], [ -119.938037916648469, 39.250698026887726 ] ], [ [ -119.937855620063928, 39.250576549560122 ], [ -119.937853661502146, 39.250621539917823 ], [ -119.937883082206056, 39.250594849604781 ], [ -119.937855620063928, 39.250576549560122 ] ], [ [ -119.937849874936887, 39.250708521274852 ], [ -119.937933135564904, 39.250739957015732 ], [ -119.937850606136976, 39.250691724875026 ], [ -119.937849874936887, 39.250708521274852 ] ], [ [ -119.937434124826524, 39.250859534421245 ], [ -119.937436515618586, 39.250861409858707 ], [ -119.937594749587248, 39.250713818021381 ], [ -119.937434124826524, 39.250859534421245 ] ], [ [ -119.937353327144663, 39.250995731845158 ], [ -119.937350755387257, 39.250995664152946 ], [ -119.937351147169466, 39.250986666086199 ], [ -119.9373409107707, 39.250944096435269 ], [ -119.937305247331579, 39.250976449550571 ], [ -119.937239727865048, 39.250884641154293 ], [ -119.937142515605075, 39.250882082259949 ], [ -119.937356699937467, 39.251009758113646 ], [ -119.937353327144663, 39.250995731845158 ] ], [ [ -119.937092203227394, 39.250818986128237 ], [ -119.936670905867828, 39.251175951882828 ], [ -119.93707927469957, 39.250844384026962 ], [ -119.937097240858918, 39.250855093755504 ], [ -119.937092203227394, 39.250818986128237 ] ], [ [ -119.937083192839481, 39.250754403379766 ], [ -119.936948236762845, 39.250660766977759 ], [ -119.936882025649837, 39.250674330235796 ], [ -119.937089591519438, 39.250800266491055 ], [ -119.937083192839481, 39.250754403379766 ] ], [ [ -119.936816927246014, 39.250585040743147 ], [ -119.936619494606447, 39.250760212976282 ], [ -119.93676119030863, 39.250699083081827 ], [ -119.936714428666107, 39.25070866205953 ], [ -119.936834859342582, 39.250603732013232 ], [ -119.936816927246014, 39.250585040743147 ] ], [ [ -119.936818766860668, 39.250441157550831 ], [ -119.936776394092277, 39.250349958256329 ], [ -119.936597372060746, 39.250418248106136 ], [ -119.93674619517887, 39.25051131404291 ], [ -119.936818766860668, 39.250441157550831 ] ], [ [ -119.936470418997757, 39.250466675443434 ], [ -119.936442950513211, 39.250557380539171 ], [ -119.936530836661845, 39.250443628632247 ], [ -119.936470418997757, 39.250466675443434 ] ], [ [ -119.939203237885238, 39.251046141699618 ], [ -119.9392871757276, 39.251226784952451 ], [ -119.939270294426606, 39.251082206780488 ], [ -119.939203237885238, 39.251046141699618 ] ], [ [ -119.939132202231136, 39.251060557435139 ], [ -119.939200710256401, 39.25104478226126 ], [ -119.939096170799971, 39.250988557558252 ], [ -119.939132202231136, 39.251060557435139 ] ], [ [ -119.938940161260845, 39.250947404853548 ], [ -119.938927022021957, 39.250983092716616 ], [ -119.938927022022185, 39.250983092716105 ], [ -119.939022642775925, 39.250949011699717 ], [ -119.938968577265641, 39.250919933382775 ], [ -119.938940161260845, 39.250947404853548 ] ], [ [ -119.939132202230326, 39.251060557435331 ], [ -119.938881515279036, 39.251106694564641 ], [ -119.938876853887137, 39.251119355443883 ], [ -119.939132202230326, 39.251060557435331 ] ], [ [ -119.938252305087076, 39.251577910273255 ], [ -119.93820894448325, 39.251420624034964 ], [ -119.938188350566847, 39.251450110055913 ], [ -119.938178035753197, 39.251443082343897 ], [ -119.938210713193712, 39.251468715269709 ], [ -119.938218784897074, 39.251579030088926 ], [ -119.93824276192062, 39.251619698262061 ], [ -119.938260281545681, 39.251572114576931 ], [ -119.938252305087076, 39.251577910273255 ] ], [ [ -119.938222600616314, 39.251631178912064 ], [ -119.93822506826875, 39.251664903899353 ], [ -119.9382258951766, 39.251665508638496 ], [ -119.93823838201034, 39.25163159418274 ], [ -119.938222600616314, 39.251631178912064 ] ], [ [ -119.937794136607081, 39.251380538013649 ], [ -119.938179733529921, 39.251648067658529 ], [ -119.937677213111613, 39.252013194958138 ], [ -119.938202138163533, 39.251649190862096 ], [ -119.937844294685235, 39.251368988932349 ], [ -119.937794136607081, 39.251380538013649 ] ], [ [ -119.937620130997018, 39.251433913847883 ], [ -119.937686296687673, 39.251405368462962 ], [ -119.937644033823304, 39.251415099575567 ], [ -119.937620130997018, 39.251433913847883 ] ], [ [ -119.937630178771713, 39.251217217872387 ], [ -119.937704803900232, 39.251315591586213 ], [ -119.937732482326922, 39.251275962496031 ], [ -119.937630178771713, 39.251217217872387 ] ], [ [ -119.937180114981672, 39.25118935686146 ], [ -119.937370766963895, 39.251068257915435 ], [ -119.9373671997256, 39.251053423037575 ], [ -119.937180114981672, 39.25118935686146 ] ], [ [ -119.937954395176462, 39.251267652875384 ], [ -119.938062008961595, 39.251158517246331 ], [ -119.937943145870065, 39.251227456304832 ], [ -119.937618351371484, 39.251004049019087 ], [ -119.937954395176462, 39.251267652875384 ] ], [ [ -119.937998516102397, 39.250778166854779 ], [ -119.938095338746393, 39.250925176441193 ], [ -119.938031385033725, 39.250797376159852 ], [ -119.937998516102397, 39.250778166854779 ] ], [ [ -119.938228730240681, 39.251054803884486 ], [ -119.938314108869719, 39.251199617905449 ], [ -119.938339759638069, 39.251165826008148 ], [ -119.938246441287816, 39.25096016222011 ], [ -119.938228730240681, 39.251054803884486 ] ], [ [ -119.938955998510806, 39.250317234750561 ], [ -119.93900083671052, 39.250334526874703 ], [ -119.938836703803418, 39.249863677226784 ], [ -119.938955998510806, 39.250317234750561 ] ], [ [ -119.938769616886347, 39.249807861962509 ], [ -119.938710578470364, 39.24983333385557 ], [ -119.938836703803418, 39.249863677226784 ], [ -119.938769616886347, 39.249807861962509 ] ], [ [ -119.938584453254279, 39.249802990351704 ], [ -119.938622022455363, 39.249812028856098 ], [ -119.938578522965571, 39.249743094523474 ], [ -119.938584453254279, 39.249802990351704 ] ], [ [ -119.938351277196645, 39.248866739635154 ], [ -119.938398427547128, 39.248753123379203 ], [ -119.938325075975328, 39.248841277162221 ], [ -119.938351277196645, 39.248866739635154 ] ], [ [ -119.939137798750266, 39.252988498151474 ], [ -119.938823323865989, 39.253386295037629 ], [ -119.939212780338281, 39.252936420341875 ], [ -119.939217479181707, 39.252828443388324 ], [ -119.939188850694777, 39.252953807612634 ], [ -119.939151955578367, 39.252736635928144 ], [ -119.939165704195005, 39.252953198720078 ], [ -119.939156811254207, 39.252964447990301 ], [ -119.939164921039477, 39.252971194877908 ], [ -119.939151751476246, 39.252970848436782 ], [ -119.939139025363801, 39.252986946528289 ], [ -119.939140991372383, 39.25298858213776 ], [ -119.939137798750266, 39.252988498151474 ] ], [ [ -119.939400301603442, 39.252887302791343 ], [ -119.939398148094014, 39.25293679223671 ], [ -119.939470524130485, 39.252871133149569 ], [ -119.939503684053761, 39.25286795159537 ], [ -119.939217479181707, 39.252828443388324 ], [ -119.939400301603442, 39.252887302791343 ] ], [ [ -119.938699764061454, 39.253542591210049 ], [ -119.938578763837739, 39.253695648814571 ], [ -119.93859965273758, 39.253713027265349 ], [ -119.938576506000942, 39.253712418245904 ], [ -119.938577146904564, 39.253697694126764 ], [ -119.938560977567732, 39.25371814724712 ], [ -119.938566138354233, 39.253722440747843 ], [ -119.938786393202236, 39.253681906957283 ], [ -119.938798260724496, 39.25366627332037 ], [ -119.93860043605828, 39.253695031119335 ], [ -119.938743776378629, 39.253532327644876 ], [ -119.938728440574508, 39.253506317118578 ], [ -119.938703267400641, 39.253538159695879 ], [ -119.938722436026723, 39.25355410695952 ], [ -119.938699289339709, 39.253553497966521 ], [ -119.938699764061454, 39.253542591210049 ] ], [ [ -119.93711031415279, 39.251728022161494 ], [ -119.936872386537971, 39.251935323260369 ], [ -119.936892595267395, 39.25193849186558 ], [ -119.93711031415279, 39.251728022161494 ] ], [ [ -119.936837358078321, 39.251929831003189 ], [ -119.936762478939258, 39.251911044074504 ], [ -119.936767056223559, 39.25191880805022 ], [ -119.936837358078321, 39.251929831003189 ] ], [ [ -119.936791186010595, 39.251979062379384 ], [ -119.936580722757327, 39.252182515782771 ], [ -119.936797659608871, 39.251990042858019 ], [ -119.936791186010595, 39.251979062379384 ] ], [ [ -119.93668347099927, 39.252389764053014 ], [ -119.936636786372688, 39.252236404197781 ], [ -119.936606356325257, 39.252266722883718 ], [ -119.93664153974369, 39.252382301250663 ], [ -119.93663791673886, 39.252384113521117 ], [ -119.93668347099927, 39.252389764053014 ] ], [ [ -119.936501559879332, 39.252452320703831 ], [ -119.936333583682185, 39.252536343809794 ], [ -119.93630055528034, 39.252573832396607 ], [ -119.936501559879332, 39.252452320703831 ] ], [ [ -119.935137439735044, 39.252865177588383 ], [ -119.935545041715713, 39.252551611972748 ], [ -119.93579206173915, 39.252732519664548 ], [ -119.935792529532506, 39.252721781990488 ], [ -119.935545825784857, 39.252533615874597 ], [ -119.935477489142741, 39.252531816057022 ], [ -119.9354987491392, 39.252550392745071 ], [ -119.935137439735044, 39.252865177588383 ] ], [ [ -119.934972561225166, 39.253458158833496 ], [ -119.934968473409683, 39.253455279344003 ], [ -119.934949535304298, 39.253454780467962 ], [ -119.934950078244299, 39.253442321639675 ], [ -119.934702766126989, 39.253268112244619 ], [ -119.935522303404966, 39.253073498789412 ], [ -119.934726696932131, 39.253250725946103 ], [ -119.934568593130564, 39.253156476969082 ], [ -119.934608183336664, 39.253136203482349 ], [ -119.934411274132245, 39.253044231715059 ], [ -119.935128434290434, 39.25360362694007 ], [ -119.935259652491354, 39.25366038726586 ], [ -119.935141183906325, 39.253576937660256 ], [ -119.935152365115655, 39.253586240555123 ], [ -119.935129218495433, 39.253585630852186 ], [ -119.935129942376307, 39.253569019078704 ], [ -119.935127898462028, 39.253567579336476 ], [ -119.935106856086037, 39.253567025057052 ], [ -119.93501662233561, 39.253510597924112 ], [ -119.935061042732542, 39.253520485815613 ], [ -119.934995044216478, 39.253473996023523 ], [ -119.935017406566573, 39.253492601837841 ], [ -119.934994259980044, 39.253491992109296 ], [ -119.934995044216194, 39.253473996023338 ], [ -119.934995044216151, 39.253473996023303 ], [ -119.934971897636274, 39.253473386290544 ], [ -119.934972561225166, 39.253458158833496 ] ], [ [ -119.933928150086942, 39.252540637491542 ], [ -119.934011112481443, 39.252655336338741 ], [ -119.934411274132245, 39.253044231715059 ], [ -119.933928150086942, 39.252540637491542 ] ], [ [ -119.93595232588703, 39.250826724258097 ], [ -119.936067985714729, 39.250742688940328 ], [ -119.935992992523339, 39.250779750465504 ], [ -119.93595232588703, 39.250826724258097 ] ], [ [ -119.936066161669132, 39.251657981411327 ], [ -119.936546971189117, 39.251893359112316 ], [ -119.936140532262897, 39.251648439702663 ], [ -119.936066161669132, 39.251657981411327 ] ], [ [ -119.934687739789851, 39.252150678183796 ], [ -119.934773753558602, 39.252170960891966 ], [ -119.935052291559003, 39.252160281561672 ], [ -119.934687739789851, 39.252150678183796 ] ], [ [ -119.935959734335981, 39.253139069060204 ], [ -119.936128031276866, 39.252999366838239 ], [ -119.936150476317309, 39.253016078115003 ], [ -119.936151177726032, 39.252999976335111 ], [ -119.936173540254359, 39.253018581934704 ], [ -119.936195902794481, 39.253037187530381 ], [ -119.936218265346426, 39.253055793122222 ], [ -119.936240627910152, 39.253074398710133 ], [ -119.936262990485716, 39.253093004294158 ], [ -119.936285353073032, 39.253111609874331 ], [ -119.936278545282164, 39.253111430618439 ], [ -119.936554488874563, 39.253316880420428 ], [ -119.936421880435745, 39.253169254941 ], [ -119.935814957211505, 39.252738887977394 ], [ -119.935800227712122, 39.252738500075914 ], [ -119.93610645270472, 39.25296276512433 ], [ -119.935959734335981, 39.253139069060204 ] ], [ [ -119.936153116911029, 39.253018044147304 ], [ -119.936172921368467, 39.253032789387795 ], [ -119.936173540254359, 39.253018581934704 ], [ -119.936153116911029, 39.253018044147304 ] ], [ [ -119.936178202558509, 39.253036721451387 ], [ -119.936195366430269, 39.253049500656601 ], [ -119.936195902794481, 39.253037187530381 ], [ -119.936178202558509, 39.253036721451387 ] ], [ [ -119.936203288219417, 39.253055398750597 ], [ -119.936217811502829, 39.253066211921507 ], [ -119.936218265346426, 39.253055793122222 ], [ -119.936203288219417, 39.253055398750597 ] ], [ [ -119.936228373893627, 39.253074076044797 ], [ -119.936240256586075, 39.25308292318244 ], [ -119.936240627910152, 39.253074398710133 ], [ -119.936228373893627, 39.253074076044797 ] ], [ [ -119.936253459581181, 39.25309275333408 ], [ -119.936262701680008, 39.253099634439423 ], [ -119.936262990485716, 39.253093004294158 ], [ -119.936253459581181, 39.25309275333408 ] ], [ [ -119.93877882521096, 39.25206987715228 ], [ -119.938653268672184, 39.251948795645632 ], [ -119.938255815469375, 39.251687390112842 ], [ -119.93877882521096, 39.25206987715228 ] ], [ [ -119.939075816419049, 39.252356281004957 ], [ -119.939006037558002, 39.25228898993894 ], [ -119.939101644354068, 39.252440492706299 ], [ -119.939084806941182, 39.252341383437425 ], [ -119.939075816419049, 39.252356281004957 ] ], [ [ -119.939110919390643, 39.252495087818623 ], [ -119.939103992203556, 39.252454312723728 ], [ -119.938916141932921, 39.252298030090586 ], [ -119.938798844086747, 39.252330977660577 ], [ -119.938915358731848, 39.252316026246241 ], [ -119.939110919390643, 39.252495087818623 ] ], [ [ -119.938660568778332, 39.252513137497559 ], [ -119.938699209619287, 39.252490507150839 ], [ -119.938798844086747, 39.252330977660577 ], [ -119.938660568778332, 39.252513137497559 ] ], [ [ -119.938332504408308, 39.253994266057688 ], [ -119.938355139518549, 39.253963798294272 ], [ -119.938345703765449, 39.253868496095102 ], [ -119.93833798817127, 39.253868293071633 ], [ -119.938332504408308, 39.253994266057688 ] ], [ [ -119.938330154213659, 39.254048254479258 ], [ -119.938325901307934, 39.254053004234088 ], [ -119.938517679020137, 39.253999138501719 ], [ -119.93823296606547, 39.254470892461093 ], [ -119.938339983266715, 39.254354797935711 ], [ -119.93854082584977, 39.253999747536561 ], [ -119.938519245718652, 39.253963146214126 ], [ -119.938400378122154, 39.254032085542072 ], [ -119.938332504408308, 39.253994266057688 ], [ -119.938330154213659, 39.254048254479258 ] ], [ [ -119.938338771563167, 39.253850296930509 ], [ -119.938344362409794, 39.253854948233368 ], [ -119.938342417444673, 39.25383530383381 ], [ -119.938023760986113, 39.254166309061659 ], [ -119.93833798817127, 39.253868293071633 ], [ -119.938338771563167, 39.253850296930509 ] ], [ [ -119.937996696670211, 39.254255680593573 ], [ -119.93801906008818, 39.254274285869762 ], [ -119.938007486633794, 39.254273981299292 ], [ -119.938013481060324, 39.254284148357662 ], [ -119.938047568932589, 39.254278467874535 ], [ -119.938023760986113, 39.254166309061659 ], [ -119.937996696670211, 39.254255680593573 ] ], [ [ -119.938018286330319, 39.254444137746795 ], [ -119.938169393969588, 39.254227795086585 ], [ -119.938062220008703, 39.254347488680573 ], [ -119.938054894467584, 39.254312978277731 ], [ -119.938018286330319, 39.254444137746795 ] ], [ [ -119.937913152708802, 39.254577783523715 ], [ -119.937913936229052, 39.254559787391884 ], [ -119.937926134492969, 39.254569935734722 ], [ -119.937944885954053, 39.254558600036681 ], [ -119.937937083229926, 39.254560396553941 ], [ -119.937997495224749, 39.254473904501168 ], [ -119.937915324665369, 39.254484447724437 ], [ -119.937874955299151, 39.254718140472512 ], [ -119.937913152708802, 39.254577783523715 ] ], [ [ -119.937686807297865, 39.254986211786807 ], [ -119.937830391439661, 39.254881890218876 ], [ -119.937841186433076, 39.25484222413391 ], [ -119.937686807297865, 39.254986211786807 ] ], [ [ -119.937276435996395, 39.254751680025251 ], [ -119.937279563268774, 39.254759291731375 ], [ -119.937686807297865, 39.254986211786807 ], [ -119.937276435996395, 39.254751680025251 ] ], [ [ -119.937396082197338, 39.254744342016522 ], [ -119.937247678716957, 39.254681685420685 ], [ -119.937272080153789, 39.254741078005978 ], [ -119.937396082197338, 39.254744342016522 ] ], [ [ -119.93713007349254, 39.254467088674019 ], [ -119.937052330467225, 39.254468937658771 ], [ -119.937141655140564, 39.25449472930579 ], [ -119.93713007349254, 39.254467088674019 ] ], [ [ -119.936479607429391, 39.254504014266736 ], [ -119.93693830736224, 39.25447164940875 ], [ -119.9364558956715, 39.254483121103981 ], [ -119.93646999569718, 39.254507036966011 ], [ -119.936479607429391, 39.254504014266736 ] ], [ [ -119.935115911053373, 39.25495455279507 ], [ -119.935138273882757, 39.254973158602162 ], [ -119.935342676649668, 39.255068626343906 ], [ -119.934898684179572, 39.254766117283786 ], [ -119.935060004031499, 39.254908038260403 ], [ -119.935071185429948, 39.254917341169296 ], [ -119.935093548235756, 39.254935946984133 ], [ -119.935115911053373, 39.25495455279507 ] ], [ [ -119.935112783070934, 39.254954470399674 ], [ -119.935115799018178, 39.25495712366417 ], [ -119.935115911053373, 39.25495455279507 ], [ -119.935112783070934, 39.254954470399674 ] ], [ [ -119.935133894706155, 39.254973043249393 ], [ -119.935155475500352, 39.254992028825605 ], [ -119.935138273882757, 39.254973158602162 ], [ -119.935133894706155, 39.254973043249393 ] ], [ [ -119.935070559833846, 39.254917324689991 ], [ -119.935071163022613, 39.254917855343081 ], [ -119.935071185429948, 39.254917341169296 ], [ -119.935070559833846, 39.254917324689991 ] ], [ [ -119.935091671446841, 39.254935897546567 ], [ -119.935093481014192, 39.254937489505529 ], [ -119.935093548235756, 39.254935946984133 ], [ -119.935091671446841, 39.254935897546567 ] ], [ [ -119.933652427936522, 39.253598769678675 ], [ -119.933888327201984, 39.253877239225311 ], [ -119.934698018925829, 39.254589581154129 ], [ -119.933979642520754, 39.253908845051662 ], [ -119.933978560440778, 39.253933667213694 ], [ -119.933889896260496, 39.253841247092993 ], [ -119.933944036160327, 39.253875103892128 ], [ -119.933652427936522, 39.253598769678675 ] ], [ [ -119.933183729837793, 39.253029899752711 ], [ -119.933167826132291, 39.25302670876119 ], [ -119.933337354261127, 39.253226833925623 ], [ -119.933183729837793, 39.253029899752711 ] ], [ [ -119.937109575247476, 39.252151926357442 ], [ -119.9371153269703, 39.252161682283734 ], [ -119.937353166966389, 39.252004666008524 ], [ -119.937109575247476, 39.252151926357442 ] ], [ [ -119.936864884583684, 39.2520874529651 ], [ -119.936882184925295, 39.252144284431218 ], [ -119.936924313342573, 39.252093659052228 ], [ -119.936864884583684, 39.2520874529651 ] ], [ [ -119.937146887415707, 39.251816678695455 ], [ -119.937249451681467, 39.251725679094434 ], [ -119.937153471714282, 39.25180122523814 ], [ -119.937146887415707, 39.251816678695455 ] ], [ [ -119.936718377918254, 39.2521551110679 ], [ -119.936854293879847, 39.252086346984981 ], [ -119.936793740931833, 39.252080023462042 ], [ -119.936718377918254, 39.2521551110679 ] ], [ [ -119.938033093452304, 39.252887365081577 ], [ -119.938036227218149, 39.252815380524979 ], [ -119.937956094373291, 39.252983144003018 ], [ -119.938066288615602, 39.252867924441667 ], [ -119.938033093452304, 39.252887365081577 ] ], [ [ -119.937736455873761, 39.252622915497348 ], [ -119.937760970500705, 39.252675675373837 ], [ -119.937927546276214, 39.252650369640989 ], [ -119.937736455873761, 39.252622915497348 ] ], [ [ -119.937387371980819, 39.252389923780292 ], [ -119.937311214265094, 39.252435963861167 ], [ -119.937328212345037, 39.252400377774165 ], [ -119.937312781493304, 39.252399971604547 ], [ -119.937313565106351, 39.252381975476112 ], [ -119.937330337103759, 39.25239592951305 ], [ -119.937336711378194, 39.252382584729389 ], [ -119.937157810432581, 39.252233741566528 ], [ -119.937265705314331, 39.252416749211001 ], [ -119.93746696969616, 39.252584197591339 ], [ -119.93735593963747, 39.252473174623354 ], [ -119.9374399998852, 39.252367286665269 ], [ -119.93743008005552, 39.252367025566159 ], [ -119.937430210652579, 39.252364026211069 ], [ -119.937396891688351, 39.252384168766397 ], [ -119.93735672324155, 39.252455178494458 ], [ -119.937333576945377, 39.252454569244215 ], [ -119.937387371980819, 39.252389923780292 ] ], [ [ -119.937445094437322, 39.252360869210911 ], [ -119.937454009901245, 39.252349638665173 ], [ -119.937441028494064, 39.252357486418134 ], [ -119.937445094437322, 39.252360869210911 ] ], [ [ -119.937993696971986, 39.253203992169283 ], [ -119.937862449928502, 39.253081058630436 ], [ -119.93787925792526, 39.253063484216568 ], [ -119.93779379390115, 39.253061235008857 ], [ -119.93769415606512, 39.253220763489722 ], [ -119.937642378084149, 39.253345518017774 ], [ -119.937816156903409, 39.253079840310228 ], [ -119.937993696971986, 39.253203992169283 ] ], [ [ -119.937494215640655, 39.253193160341013 ], [ -119.937531346613213, 39.253234495171405 ], [ -119.93769415606512, 39.253220763489722 ], [ -119.937494215640655, 39.253193160341013 ] ], [ [ -119.937481919125602, 39.253305261229897 ], [ -119.937251303436454, 39.253363672044401 ], [ -119.937270465346032, 39.253371762436835 ], [ -119.937267591953187, 39.253437748226816 ], [ -119.93731754217859, 39.253354984855996 ], [ -119.937642378084149, 39.253345518017774 ], [ -119.937481919125602, 39.253305261229897 ] ], [ [ -119.937237902107498, 39.253350886671889 ], [ -119.937202201063883, 39.253342940400067 ], [ -119.937234057721724, 39.253356390688651 ], [ -119.937237902107498, 39.253350886671889 ] ], [ [ -119.936972694563863, 39.253291856969845 ], [ -119.936803065073278, 39.253369641721036 ], [ -119.93704154647601, 39.253307182045155 ], [ -119.936972694563863, 39.253291856969845 ] ], [ [ -119.936910726558395, 39.253650560659125 ], [ -119.936917315397579, 39.253649348210701 ], [ -119.936723663909845, 39.253406051514098 ], [ -119.936712595862517, 39.253411126814001 ], [ -119.936645507510136, 39.253355310286196 ], [ -119.936958680339913, 39.253731897512026 ], [ -119.936910726558395, 39.253650560659125 ] ], [ [ -119.936487978999438, 39.253402960938942 ], [ -119.936431701282089, 39.253475798265185 ], [ -119.936645507510136, 39.253355310286196 ], [ -119.936487978999438, 39.253402960938942 ] ], [ [ -119.937621942233648, 39.252750427268019 ], [ -119.937624292862921, 39.25269643887021 ], [ -119.937662199558503, 39.252690680260699 ], [ -119.937438338242799, 39.252709561269803 ], [ -119.937621942233648, 39.252750427268019 ] ], [ [ -119.93791863662716, 39.253022309864448 ], [ -119.937866964971491, 39.253000493725146 ], [ -119.937896774295979, 39.253045169115566 ], [ -119.93791863662716, 39.253022309864448 ] ], [ [ -119.937362403930905, 39.253189510739659 ], [ -119.937397130881124, 39.253179756992495 ], [ -119.937371671597944, 39.253176242115188 ], [ -119.937362403930905, 39.253189510739659 ] ], [ [ -119.936060199172886, 39.254024535277011 ], [ -119.936078486837459, 39.254013929617059 ], [ -119.936015473585471, 39.253987324012996 ], [ -119.936060199172886, 39.254024535277011 ] ], [ [ -119.937855083856078, 39.254492177123915 ], [ -119.93780070858962, 39.254499153896695 ], [ -119.937758967275002, 39.254526431717771 ], [ -119.937855083856078, 39.254492177123915 ] ], [ [ -119.936340100652416, 39.254286713890551 ], [ -119.936414086084071, 39.254412205365739 ], [ -119.936416437778561, 39.254358217044391 ], [ -119.936340100652416, 39.254286713890551 ] ], [ [ -119.937205153999059, 39.25354120240214 ], [ -119.937155454733229, 39.2536055266037 ], [ -119.937167691134604, 39.253603274887062 ], [ -119.937205153999059, 39.25354120240214 ] ], [ [ -119.936988411737758, 39.253782326352599 ], [ -119.936668286385611, 39.253896412496687 ], [ -119.936997043441551, 39.253796966982542 ], [ -119.936988411737758, 39.253782326352599 ] ], [ [ -119.939813709301859, 39.251907254404394 ], [ -119.939836761213158, 39.251831122605367 ], [ -119.939794477955402, 39.251816664790489 ], [ -119.939813709301859, 39.251907254404394 ] ], [ [ -119.93932773792848, 39.252257381232759 ], [ -119.93939945762213, 39.25219231697902 ], [ -119.939394311180351, 39.252182815547741 ], [ -119.93931276116696, 39.252236396689135 ], [ -119.93932773792848, 39.252257381232759 ] ], [ [ -119.939356489502273, 39.25236431943032 ], [ -119.939514030168766, 39.252403841702247 ], [ -119.939361903698142, 39.252305252216772 ], [ -119.939378284562579, 39.252328204055402 ], [ -119.939356489502273, 39.25236431943032 ] ], [ [ -119.939395953327164, 39.253824059909967 ], [ -119.939578080873289, 39.253594632634602 ], [ -119.939408222731387, 39.253770332371701 ], [ -119.939395953327164, 39.253824059909967 ] ], [ [ -119.93955963258297, 39.253486046835249 ], [ -119.939589055351007, 39.253475560258835 ], [ -119.939499590144337, 39.253413492419341 ], [ -119.939578080873289, 39.253594632634602 ], [ -119.93955963258297, 39.253486046835249 ] ], [ [ -119.939610632042275, 39.25346787009785 ], [ -119.93965378541121, 39.253452489763241 ], [ -119.939662398856271, 39.253254531949068 ], [ -119.939610632042275, 39.25346787009785 ] ], [ [ -119.939526213797549, 39.252656396833373 ], [ -119.9393218116696, 39.252560936465329 ], [ -119.939530158400402, 39.25271852550464 ], [ -119.939526213797549, 39.252656396833373 ] ], [ [ -119.939930322018157, 39.252955293578744 ], [ -119.940086867205466, 39.253085527879144 ], [ -119.939924945473138, 39.252916768640958 ], [ -119.939930322018157, 39.252955293578744 ] ], [ [ -119.939106729844198, 39.256292936567732 ], [ -119.93911261559127, 39.256302918724685 ], [ -119.939460644327241, 39.256485034695054 ], [ -119.93945278107519, 39.256474017806276 ], [ -119.939106729844198, 39.256292936567732 ] ], [ [ -119.938462098988353, 39.256298605006094 ], [ -119.938464483075066, 39.256285866363157 ], [ -119.93848017593632, 39.25628027370162 ], [ -119.938678031723825, 39.256079633086578 ], [ -119.938659847619405, 39.256056789022935 ], [ -119.938540193072441, 39.256143724476587 ], [ -119.938423040871044, 39.255945031464833 ], [ -119.938407575367847, 39.255996100948593 ], [ -119.938473100732608, 39.256087908865709 ], [ -119.938398031521487, 39.256037888902867 ], [ -119.938426805703742, 39.256086690710639 ], [ -119.938329116078421, 39.256094930205634 ], [ -119.938562557209352, 39.25616232967247 ], [ -119.93844211892818, 39.25626726114826 ], [ -119.938439768627632, 39.256321249554247 ], [ -119.938462098988353, 39.256298605006094 ] ], [ [ -119.938434284568416, 39.256447222499176 ], [ -119.938460301753082, 39.256308207983011 ], [ -119.938439768627632, 39.256321249554247 ], [ -119.938434284568416, 39.256447222499176 ] ], [ [ -119.938416104247409, 39.255933266743959 ], [ -119.938398937865117, 39.255904152029231 ], [ -119.938361280402205, 39.255994882769848 ], [ -119.938250258678025, 39.255912766828565 ], [ -119.93826398965183, 39.256100423156163 ], [ -119.938270257416235, 39.255956454090359 ], [ -119.938366200274203, 39.256004713556379 ], [ -119.938416104247409, 39.255933266743959 ] ], [ [ -119.938253621587791, 39.256110445611057 ], [ -119.938256399729696, 39.256112756822155 ], [ -119.938270019876867, 39.256099914551186 ], [ -119.93826398965183, 39.256100423156163 ], [ -119.938253621587791, 39.256110445611057 ] ], [ [ -119.938092912812991, 39.255771619743427 ], [ -119.937923404574747, 39.255406823867602 ], [ -119.937964214412403, 39.25553401511447 ], [ -119.937845343550791, 39.255602953732698 ], [ -119.937820629062827, 39.255638336792913 ], [ -119.937820803190306, 39.255634337653611 ], [ -119.937653402274137, 39.255848420663142 ], [ -119.938002673798508, 39.255715194740063 ], [ -119.938166488874117, 39.255839099633256 ], [ -119.938279658978672, 39.255740500483398 ], [ -119.938333019083601, 39.255792351505228 ], [ -119.938281225895935, 39.255704508214578 ], [ -119.938183935460145, 39.255810048549534 ], [ -119.938092912812991, 39.255771619743427 ] ], [ [ -119.937643967574772, 39.255860486312336 ], [ -119.937624479496691, 39.255885408797916 ], [ -119.937608185416437, 39.255932100662683 ], [ -119.937643967574772, 39.255860486312336 ] ], [ [ -119.937483504546236, 39.256181635424547 ], [ -119.93722000098019, 39.256126996692011 ], [ -119.937011812132766, 39.256322415301547 ], [ -119.937242364745941, 39.256145602127859 ], [ -119.937499384011929, 39.256224688178044 ], [ -119.937471488821913, 39.25620568343939 ], [ -119.937483504546236, 39.256181635424547 ] ], [ [ -119.936828886542472, 39.256494119038379 ], [ -119.936809248888679, 39.256512551920061 ], [ -119.936944215498144, 39.256606188838795 ], [ -119.936828886542472, 39.256494119038379 ] ], [ [ -119.936461410893742, 39.256486436907636 ], [ -119.936485182295414, 39.25650401974216 ], [ -119.936809248888679, 39.256512551920061 ], [ -119.936461410893742, 39.256486436907636 ] ], [ [ -119.936259978206095, 39.256353955993191 ], [ -119.936048514053496, 39.256420454540041 ], [ -119.936283125761122, 39.256354565507152 ], [ -119.936222424690044, 39.25630406455015 ], [ -119.936259978206095, 39.256353955993191 ] ], [ [ -119.936160267260107, 39.256221485587197 ], [ -119.93615129661346, 39.256188943483586 ], [ -119.936143824475323, 39.256199640566059 ], [ -119.936160267260107, 39.256221485587197 ] ], [ [ -119.936517978156886, 39.255456845414862 ], [ -119.936531433495858, 39.255442249619762 ], [ -119.9365150758331, 39.255452292081877 ], [ -119.936517978156886, 39.255456845414862 ] ], [ [ -119.935889208281935, 39.255821706861902 ], [ -119.936048103769181, 39.255897958216401 ], [ -119.935912355653883, 39.255822316442675 ], [ -119.935766920707252, 39.255662778041824 ], [ -119.935889208281935, 39.255821706861902 ] ], [ [ -119.93816336207702, 39.254508297334247 ], [ -119.938194050630358, 39.254513108623819 ], [ -119.938207949005488, 39.25449803142461 ], [ -119.93816336207702, 39.254508297334247 ] ], [ [ -119.937753114414235, 39.255060023921956 ], [ -119.937811801841562, 39.254989501480892 ], [ -119.937802542985821, 39.254989257804439 ], [ -119.937803065359233, 39.254977260385324 ], [ -119.93775624870851, 39.254988039411174 ], [ -119.937753114414235, 39.255060023921956 ] ], [ [ -119.937817303781742, 39.254982890000214 ], [ -119.937826473679621, 39.25497187086512 ], [ -119.937808917439654, 39.254975913005715 ], [ -119.937817303781742, 39.254982890000214 ] ], [ [ -119.936838251108213, 39.255846695907763 ], [ -119.936860614683539, 39.255865301410125 ], [ -119.93685730791114, 39.25586521435428 ], [ -119.936876364724185, 39.255883732798239 ], [ -119.936906125684814, 39.25588451629288 ], [ -119.937017943831464, 39.25597754370682 ], [ -119.936704853764354, 39.255717066702879 ], [ -119.936838251108213, 39.255846695907763 ] ], [ [ -119.936901439493354, 39.255908099167641 ], [ -119.936971648938211, 39.255976324976153 ], [ -119.937017943831464, 39.25597754370682 ], [ -119.936901439493354, 39.255908099167641 ] ], [ [ -119.938328166860856, 39.256624937595525 ], [ -119.938293048358517, 39.256497556301667 ], [ -119.938307902628338, 39.256624785091681 ], [ -119.938310711689951, 39.256624138339895 ], [ -119.938328166860856, 39.256624937595525 ] ], [ [ -119.938100031936344, 39.256672644530177 ], [ -119.938240485135282, 39.256640307113713 ], [ -119.937997434410576, 39.256633911034292 ], [ -119.938100031936344, 39.256672644530177 ] ], [ [ -119.937894837002474, 39.256595177452134 ], [ -119.937943491428783, 39.25661354596577 ], [ -119.937682532316728, 39.256349465038511 ], [ -119.937625383758601, 39.256310530451096 ], [ -119.937894837002474, 39.256595177452134 ] ], [ [ -119.938250742128645, 39.256118091303406 ], [ -119.938245845537821, 39.256117962451526 ], [ -119.938046259679652, 39.256310894486703 ], [ -119.938250742128645, 39.256118091303406 ] ], [ [ -119.93775072375324, 39.256368209437731 ], [ -119.937765354351214, 39.256375568723456 ], [ -119.938046259679652, 39.256310894486703 ], [ -119.93775072375324, 39.256368209437731 ] ], [ [ -119.938858775363741, 39.256278223869728 ], [ -119.939241319196313, 39.25654052226411 ], [ -119.938859558689657, 39.256260227727296 ], [ -119.938630433073612, 39.256200149097914 ], [ -119.938535100931873, 39.256260699368696 ], [ -119.938652797252502, 39.256218754277924 ], [ -119.938789332608707, 39.256276396852833 ], [ -119.938503727468913, 39.2564490497344 ], [ -119.938858775363741, 39.256278223869728 ] ], [ [ -119.938144192496267, 39.258851936362603 ], [ -119.938144893594455, 39.258835834568849 ], [ -119.938167258432031, 39.258854439862994 ], [ -119.938147196469757, 39.258853911914436 ], [ -119.938346961090261, 39.258985285951113 ], [ -119.938095847711651, 39.25879130368363 ], [ -119.938100163954729, 39.258798623968822 ], [ -119.938028399926409, 39.258775785676193 ], [ -119.938144192496267, 39.258851936362603 ] ], [ [ -119.938535795537433, 39.25954517054253 ], [ -119.938549104147697, 39.259535501661297 ], [ -119.938346961090261, 39.258985285951113 ], [ -119.938535795537433, 39.25954517054253 ] ], [ [ -119.937974108685609, 39.261173387761112 ], [ -119.938189033634075, 39.262080009299396 ], [ -119.938211621847358, 39.262103549576757 ], [ -119.937995940220318, 39.261192107564092 ], [ -119.938121620781146, 39.261141768267592 ], [ -119.937974108685609, 39.261173387761112 ] ], [ [ -119.937915099024039, 39.260919728918125 ], [ -119.937910617508209, 39.260905557916537 ], [ -119.937972543000981, 39.261166783131685 ], [ -119.93793746442519, 39.26093833427457 ], [ -119.937966739308166, 39.26092108799439 ], [ -119.937915099024039, 39.260919728918125 ] ], [ [ -119.938150445589656, 39.26081286344867 ], [ -119.938318036798577, 39.260714132009895 ], [ -119.938392968876869, 39.260589986632688 ], [ -119.938150445589656, 39.26081286344867 ] ], [ [ -119.936778136928027, 39.258484325161739 ], [ -119.936929003191466, 39.258551596481219 ], [ -119.937692985632836, 39.258669042154445 ], [ -119.937503682085875, 39.25860879691222 ], [ -119.937505359497919, 39.258620818674494 ], [ -119.936778136928027, 39.258484325161739 ] ], [ [ -119.936733413933922, 39.258464383102037 ], [ -119.936784418699489, 39.258412664453878 ], [ -119.936724588264823, 39.258456131092572 ], [ -119.936542538152565, 39.258379270950194 ], [ -119.936733413933922, 39.258464383102037 ] ], [ [ -119.936892113296011, 39.258334424418557 ], [ -119.936948609671234, 39.25831429167949 ], [ -119.936916045396075, 39.258317037729107 ], [ -119.936892113296011, 39.258334424418557 ] ], [ [ -119.93710135897534, 39.258259858574107 ], [ -119.937174594862796, 39.258233760435246 ], [ -119.937180081524886, 39.258107787677595 ], [ -119.93710135897534, 39.258259858574107 ] ], [ [ -119.936448368799006, 39.257463085385595 ], [ -119.936708865051088, 39.257753064269785 ], [ -119.936731303822711, 39.257769955900081 ], [ -119.936732013075897, 39.257753673712585 ], [ -119.936754377195911, 39.257772279253189 ], [ -119.936776741327705, 39.257790884789891 ], [ -119.936799105471295, 39.257809490322686 ], [ -119.936821469626679, 39.257828095851629 ], [ -119.936843833793858, 39.257846701376664 ], [ -119.936866197972876, 39.257865306897855 ], [ -119.936857669738572, 39.257865082376121 ], [ -119.937180081524886, 39.258107787677595 ], [ -119.936448368799006, 39.257463085385595 ] ], [ [ -119.93673366579938, 39.257771733966251 ], [ -119.936753742605177, 39.257786847526468 ], [ -119.936754377195911, 39.257772279253189 ], [ -119.93673366579938, 39.257771733966251 ] ], [ [ -119.936758466560775, 39.257790403657857 ], [ -119.936776181398429, 39.257803739148898 ], [ -119.936776741327705, 39.257790884789891 ], [ -119.936758466560775, 39.257790403657857 ] ], [ [ -119.936783267335386, 39.257809073344639 ], [ -119.936798620202524, 39.257820630767384 ], [ -119.936799105471295, 39.257809490322686 ], [ -119.936783267335386, 39.257809073344639 ] ], [ [ -119.936808068123256, 39.257827743026624 ], [ -119.936821059017376, 39.257837522381912 ], [ -119.936821469626679, 39.257828095851629 ], [ -119.936808068123256, 39.257827743026624 ] ], [ [ -119.93683286892427, 39.257846412703756 ], [ -119.936843497843043, 39.257854413992483 ], [ -119.936843833793858, 39.257846701376664 ], [ -119.93683286892427, 39.257846412703756 ] ], [ [ -119.936250197693937, 39.25711040159576 ], [ -119.936377324732689, 39.257384000146523 ], [ -119.936414899130412, 39.257425827455428 ], [ -119.936249435985246, 39.257078245634119 ], [ -119.936225414819148, 39.257094566236034 ], [ -119.936250197693937, 39.25711040159576 ] ], [ [ -119.94071786458224, 39.260479521725969 ], [ -119.940719934960725, 39.260487757910184 ], [ -119.940739705589792, 39.260483205818268 ], [ -119.94071786458224, 39.260479521725969 ] ], [ [ -119.940333898096171, 39.260297525088447 ], [ -119.940417896667839, 39.260391018857618 ], [ -119.940477457576762, 39.260406998496542 ], [ -119.940333898096171, 39.260297525088447 ] ], [ [ -119.940195721273014, 39.260104307946818 ], [ -119.940218953037856, 39.260169586160316 ], [ -119.940236252435071, 39.260188841189311 ], [ -119.940195721273014, 39.260104307946818 ] ], [ [ -119.939786083106455, 39.258933062769444 ], [ -119.939672620836888, 39.2589841286864 ], [ -119.939785299942983, 39.258951058919209 ], [ -119.939816117474933, 39.259037654804786 ], [ -119.939628307227409, 39.258298326656067 ], [ -119.939786083106455, 39.258933062769444 ] ], [ [ -119.939407789950522, 39.25804029166779 ], [ -119.939104513765244, 39.258086363842239 ], [ -119.939407006715186, 39.258058287813959 ], [ -119.939628307227409, 39.258298326656067 ], [ -119.939407789950522, 39.25804029166779 ] ], [ [ -119.93914732810272, 39.259092318931209 ], [ -119.939177679985107, 39.259055847369112 ], [ -119.939139709835658, 39.259059258979271 ], [ -119.93914732810272, 39.259092318931209 ] ], [ [ -119.938049359210353, 39.258614347722805 ], [ -119.938035420398634, 39.258688819676721 ], [ -119.938039120025209, 39.258695094208512 ], [ -119.938049359210353, 39.258614347722805 ] ], [ [ -119.938103657426154, 39.258186146615301 ], [ -119.937940668153573, 39.258147720248033 ], [ -119.938102226605437, 39.258197430294125 ], [ -119.938103657426154, 39.258186146615301 ] ], [ [ -119.937790692710692, 39.258112361786772 ], [ -119.937759569186511, 39.258105024024331 ], [ -119.93745237322527, 39.258241072409291 ], [ -119.937453394994947, 39.258248395340253 ], [ -119.937790692710692, 39.258112361786772 ] ], [ [ -119.93728322824758, 39.257335782946534 ], [ -119.937305592394665, 39.257354388382723 ], [ -119.93732795655356, 39.257372993815089 ], [ -119.937239283757435, 39.257280575950453 ], [ -119.937238499988837, 39.25729857206246 ], [ -119.937260864112332, 39.257317177506415 ], [ -119.93728322824758, 39.257335782946534 ] ], [ [ -119.937271654297831, 39.257335478283188 ], [ -119.937282705741737, 39.257347780354927 ], [ -119.93728322824758, 39.257335782946534 ], [ -119.937271654297831, 39.257335478283188 ] ], [ [ -119.937288231465132, 39.257353931390433 ], [ -119.937304808641017, 39.257372384495653 ], [ -119.937305592394665, 39.257354388382723 ], [ -119.937288231465132, 39.257353931390433 ] ], [ [ -119.937255077139042, 39.257317025173847 ], [ -119.937260602857705, 39.257323176210541 ], [ -119.937260864112332, 39.257317177506415 ], [ -119.937255077139042, 39.257317025173847 ] ], [ [ -119.939707042905965, 39.260560806434299 ], [ -119.939736394930762, 39.260607313286286 ], [ -119.93985057369612, 39.260646349920918 ], [ -119.939707042905965, 39.260560806434299 ] ], [ [ -119.939514729970611, 39.260200425040949 ], [ -119.939562951689254, 39.260332499980088 ], [ -119.939655867549348, 39.260479721420978 ], [ -119.939514729970611, 39.260200425040949 ] ], [ [ -119.939503601990211, 39.259033733124305 ], [ -119.939538814268403, 39.259023398887493 ], [ -119.939441872642931, 39.259032109358309 ], [ -119.939503601990211, 39.259033733124305 ] ], [ [ -119.939098837210764, 39.260878809972304 ], [ -119.939307611306859, 39.261406787764201 ], [ -119.939389906276588, 39.261522081001402 ], [ -119.939098837210764, 39.260878809972304 ] ], [ [ -119.9389838751204, 39.260857768732663 ], [ -119.938993448126112, 39.260850813893271 ], [ -119.938922547898571, 39.260874171990828 ], [ -119.939098837210764, 39.260878809972304 ], [ -119.9389838751204, 39.260857768732663 ] ], [ [ -119.939103537556377, 39.26077083317773 ], [ -119.938919128463695, 39.260747964836781 ], [ -119.939073621975041, 39.260792567079221 ], [ -119.939103537556377, 39.26077083317773 ] ], [ [ -119.938554447915251, 39.26096840479746 ], [ -119.938565638380425, 39.260963922563747 ], [ -119.938919128463695, 39.260747964836781 ], [ -119.938554447915251, 39.26096840479746 ] ], [ [ -119.93581636448252, 39.256828725997316 ], [ -119.935809067924552, 39.256828533837229 ], [ -119.935869127636195, 39.256866910289752 ], [ -119.93581636448252, 39.256828725997316 ] ], [ [ -119.935799265081414, 39.256822270091732 ], [ -119.935799515091801, 39.256816532208198 ], [ -119.935687185970309, 39.256735240223705 ], [ -119.935694270865952, 39.256729067967555 ], [ -119.935573800175746, 39.256678203733991 ], [ -119.935799265081414, 39.256822270091732 ] ], [ [ -119.934853495581663, 39.257785276281183 ], [ -119.934853887777692, 39.257776278246055 ], [ -119.934676548220921, 39.257591438910907 ], [ -119.934830347587152, 39.257784666464595 ], [ -119.934831524183593, 39.257757672359695 ], [ -119.934853495581663, 39.257785276281183 ] ], [ [ -119.934876251383599, 39.257794884128494 ], [ -119.934860819384724, 39.257794477587545 ], [ -119.934875466996559, 39.257812880199111 ], [ -119.934892828000059, 39.257813337555532 ], [ -119.934877035769958, 39.257776888057847 ], [ -119.934877349524299, 39.257769689629562 ], [ -119.934853887777692, 39.257776278246055 ], [ -119.934876251383599, 39.257794884128494 ] ], [ [ -119.934852318992512, 39.257812270386538 ], [ -119.934874290414669, 39.25783987430485 ], [ -119.934875466996559, 39.257812880199111 ], [ -119.934852318992512, 39.257812270386538 ] ], [ [ -119.937738555693031, 39.260361477236167 ], [ -119.937691025229157, 39.260211178671909 ], [ -119.937653945217448, 39.260161383164572 ], [ -119.937738555693031, 39.260361477236167 ] ], [ [ -119.935859383444679, 39.258766658234201 ], [ -119.935875568461555, 39.25879410957976 ], [ -119.935897932657184, 39.258812715286375 ], [ -119.935886358479536, 39.258812410475826 ], [ -119.93605605059048, 39.258906962949794 ], [ -119.935859383444679, 39.258766658234201 ] ], [ [ -119.935829794545782, 39.258780892933167 ], [ -119.93587504568869, 39.258806106969352 ], [ -119.935875568461555, 39.25879410957976 ], [ -119.935829794545782, 39.258780892933167 ] ], [ [ -119.935808475945564, 39.258738292436654 ], [ -119.935787228900651, 39.258734961064896 ], [ -119.935785327616927, 39.25873768279758 ], [ -119.935785458313674, 39.258734683450406 ], [ -119.935731750516283, 39.258726262465117 ], [ -119.93581363343138, 39.258771887916289 ], [ -119.935849032564036, 39.258759273766991 ], [ -119.935801319961953, 39.258725234878966 ], [ -119.935808475945564, 39.258738292436654 ] ], [ [ -119.93494020478208, 39.257922686038334 ], [ -119.934895084034181, 39.257818544626474 ], [ -119.934877429190635, 39.257843817721458 ], [ -119.93494020478208, 39.257922686038334 ] ], [ [ -119.934565502033266, 39.256417425488266 ], [ -119.934566286460608, 39.256399429418607 ], [ -119.934561064941832, 39.25640322277475 ], [ -119.934565502033266, 39.256417425488266 ] ], [ [ -119.93506885501661, 39.256034317678292 ], [ -119.934943213365599, 39.256125595838157 ], [ -119.935068070727908, 39.256052313757564 ], [ -119.9351189318199, 39.256098174230942 ], [ -119.93506885501661, 39.256034317678292 ] ], [ [ -119.934667455551306, 39.256660763673622 ], [ -119.934601599645944, 39.256652594096515 ], [ -119.934592632258273, 39.256668444211797 ], [ -119.934667455551306, 39.256660763673622 ] ], [ [ -119.934978638260489, 39.257040878461652 ], [ -119.934785996225514, 39.256675468819921 ], [ -119.934725712713075, 39.256667990576631 ], [ -119.934978638260489, 39.257040878461652 ] ], [ [ -119.935332372333647, 39.257343611754301 ], [ -119.935226989364352, 39.257191554391014 ], [ -119.935068092008038, 39.257115301848494 ], [ -119.935092808411738, 39.257079919456373 ], [ -119.935069660644018, 39.257079309696472 ], [ -119.935070444960971, 39.257061313620298 ], [ -119.935092808411738, 39.257079919456373 ], [ -119.935105166604004, 39.257062228257858 ], [ -119.935093592722808, 39.25706192337983 ], [ -119.935094377033138, 39.257043927303243 ], [ -119.934978638260489, 39.257040878461652 ], [ -119.935332372333647, 39.257343611754301 ] ], [ [ -119.935109285999971, 39.257056331191343 ], [ -119.935117524789788, 39.257044537057787 ], [ -119.935094377033138, 39.257043927303243 ], [ -119.935109285999971, 39.257056331191343 ] ], [ [ -119.934924116130446, 39.257760111596156 ], [ -119.934912542136487, 39.257759806695617 ], [ -119.934887404557301, 39.257766865935281 ], [ -119.934892729225822, 39.257771295906174 ], [ -119.934924116130446, 39.257760111596156 ] ], [ [ -119.934942948268585, 39.257753401005886 ], [ -119.934971196469363, 39.25774333511449 ], [ -119.934939203200074, 39.25775231961709 ], [ -119.934942948268585, 39.257753401005886 ] ], [ [ -119.934475207540942, 39.256128400242758 ], [ -119.934306799676705, 39.25540503112498 ], [ -119.934321464405471, 39.255636276053188 ], [ -119.934475207540942, 39.256128400242758 ] ], [ [ -119.934244242691804, 39.255136324249548 ], [ -119.934230047125851, 39.255075348455016 ], [ -119.934198219877473, 39.255074509833783 ], [ -119.934244242691804, 39.255136324249548 ] ], [ [ -119.935670370194089, 39.258716638452178 ], [ -119.935636629377441, 39.258746378255026 ], [ -119.935704896622994, 39.258722051963382 ], [ -119.935670370194089, 39.258716638452178 ] ], [ [ -119.935507107910794, 39.258860540621654 ], [ -119.935524422062073, 39.258874945092394 ], [ -119.935602888531832, 39.25877611804701 ], [ -119.935507107910794, 39.258860540621654 ] ], [ [ -119.935501273694683, 39.258874335395099 ], [ -119.935491742014193, 39.258874084341933 ], [ -119.935485339555512, 39.258879727558039 ], [ -119.935499173901135, 39.258891237015376 ], [ -119.935524422062073, 39.258874945092394 ], [ -119.935501273694683, 39.258874335395099 ] ], [ [ -119.935501665823111, 39.258865337356184 ], [ -119.935496223734646, 39.258870134090415 ], [ -119.935501273694683, 39.258874335395099 ], [ -119.935501665823111, 39.258865337356184 ] ], [ [ -119.935474455373352, 39.258889321024533 ], [ -119.935477341064725, 39.258891721770624 ], [ -119.935477565140019, 39.258886580034208 ], [ -119.935474455373352, 39.258889321024533 ] ], [ [ -119.935471894388868, 39.258891578310603 ], [ -119.935463571188251, 39.258898914489841 ], [ -119.935473925728616, 39.25890752893234 ], [ -119.935497595890666, 39.258892255260371 ], [ -119.935477341064725, 39.258891721770624 ], [ -119.935471894388868, 39.258891578310603 ] ], [ [ -119.935452687000122, 39.258908507953997 ], [ -119.935453408422944, 39.258909108140664 ], [ -119.935453464442233, 39.258907822706604 ], [ -119.935452687000122, 39.258908507953997 ] ], [ [ -119.935452046753667, 39.258909072275387 ], [ -119.935441802809038, 39.258918101417017 ], [ -119.935448677544485, 39.258923820843322 ], [ -119.935470769706214, 39.25890956542154 ], [ -119.935453408422944, 39.258909108140664 ], [ -119.935452046753667, 39.258909072275387 ] ], [ [ -119.935443943508659, 39.258926875575959 ], [ -119.935432199108519, 39.258926566236354 ], [ -119.935420034417859, 39.258937288339602 ], [ -119.935423429348745, 39.258940112748334 ], [ -119.935443943508659, 39.258926875575959 ] ], [ [ -119.935398796951532, 39.25895600728402 ], [ -119.935417117297987, 39.258944185723657 ], [ -119.935412351453394, 39.258944060193549 ], [ -119.935398796951532, 39.25895600728402 ] ], [ [ -119.935309812324505, 39.259013426246781 ], [ -119.935323579766774, 39.259004542563062 ], [ -119.935022217541444, 39.258699566060933 ], [ -119.935416142961927, 39.259232427794892 ], [ -119.935309812324505, 39.259013426246781 ] ], [ [ -119.93458906687971, 39.258428713885216 ], [ -119.934479210733315, 39.258396992732337 ], [ -119.935022217541444, 39.258699566060933 ], [ -119.93458906687971, 39.258428713885216 ] ], [ [ -119.935506806398479, 39.2592791646778 ], [ -119.935507952633955, 39.259252862719514 ], [ -119.935531101125974, 39.259253472420383 ], [ -119.935416142961927, 39.259232427794892 ], [ -119.935506806398479, 39.2592791646778 ] ], [ [ -119.935511472902206, 39.259281570250842 ], [ -119.935529472276869, 39.259290848888156 ], [ -119.935529532604676, 39.259289464574529 ], [ -119.935534005453476, 39.259293185729746 ], [ -119.935710799581145, 39.259384322422022 ], [ -119.935531101125974, 39.259253472420383 ], [ -119.935511472902206, 39.259281570250842 ] ], [ [ -119.934506562374665, 39.258377122825394 ], [ -119.934495165859317, 39.258385401954136 ], [ -119.934571019008729, 39.258417428345474 ], [ -119.934506562374665, 39.258377122825394 ] ], [ [ -119.9340783570497, 39.257837994647851 ], [ -119.934084512303869, 39.257882124280648 ], [ -119.934252685844413, 39.258064560976536 ], [ -119.9340783570497, 39.257837994647851 ] ], [ [ -119.934073833512898, 39.257557541710753 ], [ -119.934039111659089, 39.257556626756113 ], [ -119.934056767426981, 39.257683209128814 ], [ -119.934073833512898, 39.257557541710753 ] ], [ [ -119.934076271519004, 39.257539589221878 ], [ -119.934048180206332, 39.257546055682823 ], [ -119.934073917582111, 39.257556922659425 ], [ -119.934076271519004, 39.257539589221878 ] ], [ [ -119.933623099454536, 39.263148864971008 ], [ -119.933603296058365, 39.263196564252894 ], [ -119.933934248110802, 39.262922847749493 ], [ -119.933623099454536, 39.263148864971008 ] ], [ [ -119.934832752398833, 39.261451134430672 ], [ -119.934666111514744, 39.261890971210335 ], [ -119.934747614310822, 39.261809225946983 ], [ -119.934832752398833, 39.261451134430672 ] ], [ [ -119.935520930424445, 39.260550409240132 ], [ -119.935361355541048, 39.260955942830769 ], [ -119.935412648167954, 39.260907891748325 ], [ -119.935520930424445, 39.260550409240132 ] ], [ [ -119.930659572469921, 39.262548236685696 ], [ -119.931301474434875, 39.262709302713787 ], [ -119.930661143663613, 39.262512244716035 ], [ -119.930659572469921, 39.262548236685696 ] ], [ [ -119.934412009161846, 39.249837270116835 ], [ -119.934487883235462, 39.249795402236131 ], [ -119.934699948381663, 39.249610638175461 ], [ -119.934388079500479, 39.249854656402185 ], [ -119.934063259914979, 39.249864114773082 ], [ -119.934411224878076, 39.249855266204207 ], [ -119.934986344090845, 39.250482986718964 ], [ -119.934412009161846, 39.249837270116835 ] ], [ [ -119.934706221987142, 39.249466669429339 ], [ -119.934671025582446, 39.249362789343195 ], [ -119.934699948381663, 39.249610638175461 ], [ -119.934706221987142, 39.249466669429339 ] ], [ [ -119.9338008164342, 39.250037366704731 ], [ -119.933922818869021, 39.249896447634548 ], [ -119.933753741129109, 39.250054142924469 ], [ -119.93377610210635, 39.250072748931125 ], [ -119.933758743029813, 39.250072291483249 ], [ -119.933761744171335, 39.250083180618496 ], [ -119.934063259914979, 39.249864114773082 ], [ -119.9338008164342, 39.250037366704731 ] ], [ [ -119.933634876038184, 39.250123077496497 ], [ -119.93378902631359, 39.25015739429152 ], [ -119.933772205715428, 39.250126696496721 ], [ -119.933634876038184, 39.250123077496497 ] ], [ [ -119.933615653060158, 39.250032487170628 ], [ -119.933499141451946, 39.250047433384012 ], [ -119.933614868567403, 39.250050483243996 ], [ -119.933634876038184, 39.250123077496497 ], [ -119.933615653060158, 39.250032487170628 ] ], [ [ -119.933947146204588, 39.250401557626603 ], [ -119.933447752549938, 39.250694681909302 ], [ -119.933982167291163, 39.250391617408766 ], [ -119.93393257913236, 39.250374658561029 ], [ -119.933947146204588, 39.250401557626603 ] ], [ [ -119.931583163934846, 39.250411308191822 ], [ -119.931518984570332, 39.250395202311275 ], [ -119.931688924363442, 39.250536610978848 ], [ -119.931583163934846, 39.250411308191822 ] ], [ [ -119.930372945337893, 39.250001035809603 ], [ -119.930337285990348, 39.249871627899054 ], [ -119.930022623702754, 39.250063860282012 ], [ -119.929881762479141, 39.250636679159257 ], [ -119.929989635793973, 39.250819692752849 ], [ -119.930536492034946, 39.251032304218164 ], [ -119.930058287170368, 39.250839520815809 ], [ -119.930056347919361, 39.250353017828118 ], [ -119.93015992506912, 39.250103516276667 ], [ -119.931172416546204, 39.25030822996365 ], [ -119.930620476773427, 39.25016971638199 ], [ -119.930372945337893, 39.250001035809603 ] ], [ [ -119.930476520781824, 39.24975153389812 ], [ -119.930438992413713, 39.249726521563602 ], [ -119.930460567082292, 39.249763124190899 ], [ -119.930476520781824, 39.24975153389812 ] ], [ [ -119.934657936669225, 39.247915956559623 ], [ -119.934641718344579, 39.24792981285654 ], [ -119.935238949108779, 39.247873285598786 ], [ -119.935031388977066, 39.247853727166813 ], [ -119.934657936669225, 39.247915956559623 ] ], [ [ -119.93418447222902, 39.249386861920584 ], [ -119.934208158183679, 39.249362842402654 ], [ -119.934179371588712, 39.249326671690859 ], [ -119.934103661201348, 39.249468810822407 ], [ -119.934176391134869, 39.249395056813668 ], [ -119.934177018599684, 39.249380659945807 ], [ -119.93418447222902, 39.249386861920584 ] ], [ [ -119.935170288311667, 39.248920374424848 ], [ -119.935143670565736, 39.248951120742795 ], [ -119.93544802940724, 39.248927689735986 ], [ -119.935170288311667, 39.248920374424848 ] ], [ [ -119.935082665347522, 39.249021588105677 ], [ -119.935120077750966, 39.249009135652543 ], [ -119.935111941409986, 39.248987771235669 ], [ -119.935082665347522, 39.249021588105677 ] ], [ [ -119.934463388069389, 39.249190020707886 ], [ -119.934382569531053, 39.249254606936979 ], [ -119.934797618049942, 39.249116463525816 ], [ -119.934463388069389, 39.249190020707886 ] ], [ [ -119.934373358585233, 39.249261967863561 ], [ -119.934349064883236, 39.24928138216211 ], [ -119.934354921310884, 39.249286255133896 ], [ -119.934366886045567, 39.249277561990915 ], [ -119.934656549669299, 39.249320064466723 ], [ -119.934644628341076, 39.249284879273304 ], [ -119.934531255083286, 39.249227842212299 ], [ -119.934413176421131, 39.249278781583889 ], [ -119.934373358585233, 39.249261967863561 ] ], [ [ -119.934326200210322, 39.249299654437884 ], [ -119.934330991832681, 39.24930364141575 ], [ -119.934342956573289, 39.249294948275484 ], [ -119.934342956573232, 39.249294948275484 ], [ -119.934343348716112, 39.249285950231538 ], [ -119.934326200210322, 39.249299654437884 ] ], [ [ -119.934303335525485, 39.249317926708663 ], [ -119.934307062342697, 39.24932102769219 ], [ -119.934319027089188, 39.249312334554631 ], [ -119.93431902708916, 39.249312334554631 ], [ -119.934319340806127, 39.249305136119652 ], [ -119.934303335525485, 39.249317926708663 ] ], [ [ -119.934280470828725, 39.249336198974426 ], [ -119.934283132840889, 39.249338413963194 ], [ -119.934295097593264, 39.249329720828371 ], [ -119.934295097593264, 39.249329720828371 ], [ -119.934295332882968, 39.249324322002245 ], [ -119.934280470828725, 39.249336198974426 ] ], [ [ -119.93425760612007, 39.249354471235186 ], [ -119.934259203327287, 39.24935580022877 ], [ -119.934271168085587, 39.249347107096639 ], [ -119.934271168085559, 39.249347107096639 ], [ -119.934271324946678, 39.249343507879338 ], [ -119.93425760612007, 39.249354471235186 ] ], [ [ -119.934247316997286, 39.249362693750882 ], [ -119.934234741399507, 39.24937274349093 ], [ -119.934235273801889, 39.24937318648891 ], [ -119.934247238566044, 39.249364493359522 ], [ -119.934247316997286, 39.249362693750882 ] ], [ [ -119.934223309034749, 39.249381879616912 ], [ -119.934220278863904, 39.249378072174203 ], [ -119.934219320778396, 39.249384777325979 ], [ -119.934223309034778, 39.249381879616912 ], [ -119.934223309034749, 39.249381879616912 ] ], [ [ -119.93293149145029, 39.249780237492011 ], [ -119.933443042274533, 39.249739670209266 ], [ -119.933462186148574, 39.249725761342951 ], [ -119.93293149145029, 39.249780237492011 ] ], [ [ -119.932639622374708, 39.250096845079696 ], [ -119.932657381267276, 39.250109612089943 ], [ -119.93293149145029, 39.249780237492011 ], [ -119.932639622374708, 39.250096845079696 ] ], [ [ -119.932994019613588, 39.250351622745626 ], [ -119.933112943922083, 39.25043711729429 ], [ -119.933075872017227, 39.250389076988249 ], [ -119.933066831265862, 39.250396374211519 ], [ -119.932994019613588, 39.250351622745626 ] ], [ [ -119.930377657247206, 39.249893059695722 ], [ -119.930391073241367, 39.249904223667642 ], [ -119.930412375202323, 39.249893975593274 ], [ -119.930400802550409, 39.249893670295236 ], [ -119.93040132609039, 39.249881672948838 ], [ -119.930377657247206, 39.249893059695722 ] ], [ [ -119.930419475854563, 39.249890559567582 ], [ -119.930447878456974, 39.249876895460119 ], [ -119.930424733158247, 39.249876284870183 ], [ -119.930424994926099, 39.249870286196831 ], [ -119.930406059858115, 39.249879395598846 ], [ -119.930419475854563, 39.249890559567582 ] ], [ [ -119.930448663754319, 39.249858899439658 ], [ -119.93043446245828, 39.24986573149458 ], [ -119.930447878456974, 39.249876895460119 ], [ -119.930448663754319, 39.249858899439658 ] ], [ [ -119.935202672094519, 39.249301217140527 ], [ -119.935224042508949, 39.249282125385122 ], [ -119.935212700862806, 39.249252344690525 ], [ -119.935202672094519, 39.249301217140527 ] ], [ [ -119.934191536201197, 39.249579226717387 ], [ -119.933931447337528, 39.249698490761467 ], [ -119.934197197921463, 39.249587160909805 ], [ -119.934191536201197, 39.249579226717387 ] ], [ [ -119.934731848674176, 39.251702353429735 ], [ -119.934737717671098, 39.251712836609379 ], [ -119.934740037339949, 39.251711761707043 ], [ -119.934731848674176, 39.251702353429735 ] ], [ [ -119.934001809340373, 39.250398334861785 ], [ -119.93411179082301, 39.250594790337217 ], [ -119.934016582850106, 39.250403387303002 ], [ -119.934001809340373, 39.250398334861785 ] ], [ [ -119.934473196133553, 39.251985037228351 ], [ -119.934481481323445, 39.251965076757067 ], [ -119.934412566002393, 39.25195124991005 ], [ -119.934473196133553, 39.251985037228351 ] ], [ [ -119.933445792291081, 39.251271166078517 ], [ -119.933500940090312, 39.251828564723176 ], [ -119.93354347678617, 39.251688125631013 ], [ -119.933445792291081, 39.251271166078517 ] ], [ [ -119.924722293560279, 39.253635336717728 ], [ -119.924938479377332, 39.253460883340779 ], [ -119.925017529839991, 39.253308226246979 ], [ -119.924722293560279, 39.253635336717728 ] ], [ [ -119.926058364892015, 39.251355750441355 ], [ -119.926415243352807, 39.251086528925832 ], [ -119.926147028783362, 39.251258744580824 ], [ -119.926058364892015, 39.251355750441355 ] ], [ [ -119.926712696732636, 39.250895537800126 ], [ -119.928208643812312, 39.250214169498172 ], [ -119.926766900482875, 39.250860734044259 ], [ -119.926712696732636, 39.250895537800126 ] ] ], [ [ [ -119.937268056188913, 39.252362760828085 ], [ -119.937311997879533, 39.252417967732882 ], [ -119.937265705314331, 39.252416749211001 ], [ -119.937268056188913, 39.252362760828085 ] ] ], [ [ [ -119.938019843572917, 39.25425628973526 ], [ -119.93804220699748, 39.254274895007249 ], [ -119.93801906008818, 39.254274285869762 ], [ -119.938019843572917, 39.25425628973526 ] ] ], [ [ [ -119.937964214412403, 39.25553401511447 ], [ -119.938071332436735, 39.255735018335201 ], [ -119.937980309951456, 39.25569658944675 ], [ -119.93769705623734, 39.255815251997682 ], [ -119.937964214412403, 39.25553401511447 ] ] ], [ [ [ -119.936732013075897, 39.257753673712585 ], [ -119.936708865051088, 39.257753064269785 ], [ -119.936709648967735, 39.257735068168124 ], [ -119.936732013075897, 39.257753673712585 ] ] ], [ [ [ -119.938122528768687, 39.258817229270754 ], [ -119.938099380363965, 39.258816620090613 ], [ -119.938100163954729, 39.258798623968822 ], [ -119.938122528768687, 39.258817229270754 ] ] ], [ [ [ -119.938121745183125, 39.2588352253929 ], [ -119.938122528768687, 39.258817229270754 ], [ -119.938144893594455, 39.258835834568849 ], [ -119.938121745183125, 39.2588352253929 ] ] ], [ [ [ -119.929233807755139, 39.248493606073737 ], [ -119.929256167009612, 39.248512212887036 ], [ -119.9292330221854, 39.24851160207794 ], [ -119.929233807755139, 39.248493606073737 ] ] ], [ [ [ -119.933800031988625, 39.250055362781204 ], [ -119.933776886558519, 39.250054752855128 ], [ -119.933777671009963, 39.250036756779025 ], [ -119.933800031988625, 39.250055362781204 ] ] ], [ [ [ -119.930321942657415, 39.250107790698806 ], [ -119.930253291897642, 39.250087962814739 ], [ -119.930314315189008, 39.250043630059096 ], [ -119.930210927987531, 39.24999676146809 ], [ -119.930331366642974, 39.249891838482924 ], [ -119.930372945337893, 39.250001035809603 ], [ -119.930506320368067, 39.250130671497807 ], [ -119.930324540304568, 39.250048265409539 ], [ -119.930321942657415, 39.250107790698806 ] ] ], [ [ [ -119.936723833246134, 39.250492708572125 ], [ -119.93670538989636, 39.250384122476312 ], [ -119.936818766860668, 39.250441157550831 ], [ -119.936723833246134, 39.250492708572125 ] ] ], [ [ [ -119.936151177726032, 39.252999976335111 ], [ -119.936128031276866, 39.252999366838239 ], [ -119.936128815209472, 39.252981370731668 ], [ -119.936151177726032, 39.252999976335111 ] ] ], [ [ [ -119.935106856086037, 39.253567025057052 ], [ -119.935129218495433, 39.253585630852186 ], [ -119.935106071875865, 39.253585021144652 ], [ -119.935106856086037, 39.253567025057052 ] ] ], [ [ [ -119.935129218495433, 39.253585630852186 ], [ -119.935151580916596, 39.25360423664339 ], [ -119.935128434290434, 39.25360362694007 ], [ -119.935129218495433, 39.253585630852186 ] ] ], [ [ [ -119.935912355653883, 39.255822316442675 ], [ -119.935889208281935, 39.255821706861902 ], [ -119.935889992354277, 39.255803710768049 ], [ -119.935912355653883, 39.255822316442675 ] ] ] ] } }
]
}
