{
"type": "FeatureCollection",
"name": "X02456",
"crs": { "type": "name", "properties": { "name": "urn:ogc:def:crs:OGC:1.3:CRS84" } },
"features": [
{ "type": "Feature", "properties": { "part": "direct", "crossing_id": "X02456", "area_ac": 19.9, "n_upstream": null }, "geometry": { "type": "MultiPolygon", "coordinates": [ [ [ [ -119.945596122052905, 39.244149818339928 ], [ -119.945618484536794, 39.244168422134734 ], [ -119.945595340785772, 39.244167814633137 ], [ -119.945596122052905, 39.244149818339928 ] ] ], [ [ [ -119.945573759580782, 39.244131214541156 ], [ -119.945596122052905, 39.244149818339928 ], [ -119.945572978308462, 39.244149210834124 ], [ -119.945573759580782, 39.244131214541156 ] ] ], [ [ [ -119.945551397120454, 39.244112610738568 ], [ -119.945573759580782, 39.244131214541156 ], [ -119.945550615842919, 39.244130607031153 ], [ -119.945551397120454, 39.244112610738568 ] ] ], [ [ [ -119.946166872591917, 39.2400749833959 ], [ -119.946389706329327, 39.24027901605136 ], [ -119.94659955057277, 39.240248488885086 ], [ -119.946683530811427, 39.240448877421073 ], [ -119.946585494223569, 39.240572422673651 ], [ -119.946516847386803, 39.240552604550551 ], [ -119.946731093881212, 39.240954596169239 ], [ -119.94652955235631, 39.241327660814228 ], [ -119.946629648005498, 39.241690623544102 ], [ -119.946347246504772, 39.241791313896194 ], [ -119.946712848867421, 39.241909008405926 ], [ -119.946694887541625, 39.242322923724053 ], [ -119.946467074129814, 39.242767366009339 ], [ -119.946649096786444, 39.242844209624174 ], [ -119.946637382286298, 39.243114154341519 ], [ -119.946989716837692, 39.243537785631666 ], [ -119.946890895187934, 39.243679327254164 ], [ -119.946590028211261, 39.243671432744058 ], [ -119.946789730267966, 39.243874857716854 ], [ -119.946827427221891, 39.244074031693579 ], [ -119.946941584120552, 39.244113060557559 ], [ -119.946861219615144, 39.244363187230761 ], [ -119.947087972717256, 39.244477237455001 ], [ -119.946987587967129, 39.24465477172749 ], [ -119.947045306101074, 39.244926538143289 ], [ -119.946833885957219, 39.244993058173911 ], [ -119.946700488725739, 39.244863440315228 ], [ -119.94668593579371, 39.244664873613964 ], [ -119.946547072180707, 39.244661229769854 ], [ -119.946369731552423, 39.244476408004807 ], [ -119.946420705677085, 39.244369644866111 ], [ -119.946335941165884, 39.244187252407016 ], [ -119.946083703132146, 39.244126582298193 ], [ -119.946136239644446, 39.24398382668096 ], [ -119.946004407852982, 39.243818215526389 ], [ -119.945723559266199, 39.243882911364146 ], [ -119.945633328380467, 39.243826492544038 ], [ -119.945488216265346, 39.243966817848161 ], [ -119.945552959673378, 39.244076618153152 ], [ -119.945528253389213, 39.244112003224359 ], [ -119.945372497862522, 39.243963780177829 ], [ -119.945208929406448, 39.243995519821176 ], [ -119.94530853616719, 39.243835983496297 ], [ -119.945148874851583, 39.243777741627156 ], [ -119.944906016607817, 39.243501113638388 ], [ -119.944563553004954, 39.243384020969238 ], [ -119.944376842146369, 39.24341515178206 ], [ -119.944429381448501, 39.243272397036577 ], [ -119.944181838167651, 39.243103745342466 ], [ -119.943836251063317, 39.243058635726122 ], [ -119.943472211804064, 39.242904939622925 ], [ -119.94397541719816, 39.242521786763064 ], [ -119.943889879409738, 39.242357389079487 ], [ -119.944199337311375, 39.242167331313297 ], [ -119.944492683936062, 39.241814698423482 ], [ -119.944498154305847, 39.241688724448046 ], [ -119.944762103302224, 39.241479453314682 ], [ -119.944652640523685, 39.241332444796178 ], [ -119.944774605703628, 39.241191512705427 ], [ -119.944756932734634, 39.241064931055107 ], [ -119.945369875014592, 39.24028828318751 ], [ -119.945633034872188, 39.240097006029224 ], [ -119.945931543103541, 39.240158891347235 ], [ -119.946166872591917, 39.2400749833959 ] ] ] ] } },
{ "type": "Feature", "properties": { "part": "upstream", "crossing_id": "X02456", "area_ac": 4779.5, "n_upstream": 446.0 }, "geometry": { "type": "MultiPolygon", "coordinates": [ [ [ [ -119.958551627566123, 39.266577787171215 ], [ -119.958528476167501, 39.266577181952286 ], [ -119.958529254749891, 39.266559185511603 ], [ -119.958551627566123, 39.266577787171215 ] ] ], [ [ [ -119.958574000394194, 39.266596388826962 ], [ -119.958550848988963, 39.266595783612239 ], [ -119.958551627566123, 39.266577787171215 ], [ -119.958574000394194, 39.266596388826962 ] ] ], [ [ [ -119.958573221822235, 39.266614385268277 ], [ -119.958574000394194, 39.266596388826962 ], [ -119.95859637323403, 39.266614990478793 ], [ -119.958573221822235, 39.266614385268277 ] ] ], [ [ [ -119.958595594667301, 39.266632986920413 ], [ -119.95859637323403, 39.266614990478793 ], [ -119.958618746085719, 39.266633592126716 ], [ -119.958595594667301, 39.266632986920413 ] ] ], [ [ [ -119.958663491824481, 39.266670795410953 ], [ -119.958640340392876, 39.26667019021307 ], [ -119.958641118949203, 39.26665219377081 ], [ -119.958663491824481, 39.266670795410953 ] ] ], [ [ [ -119.95866271327337, 39.266688791853575 ], [ -119.958663491824481, 39.266670795410953 ], [ -119.958685864711555, 39.266689397047237 ], [ -119.95866271327337, 39.266688791853575 ] ] ], [ [ [ -119.958730610521201, 39.266726600308068 ], [ -119.958707459069785, 39.266725995122819 ], [ -119.95870823761048, 39.266707998679607 ], [ -119.958730610521201, 39.266726600308068 ] ] ], [ [ [ -119.958752204913438, 39.26676319837653 ], [ -119.95875298344373, 39.266745201932693 ], [ -119.958775356378084, 39.26676380355336 ], [ -119.958752204913438, 39.26676319837653 ] ] ], [ [ [ -119.958819323767472, 39.266819003227909 ], [ -119.958820102282147, 39.266801006783105 ], [ -119.958842475251913, 39.266819608392119 ], [ -119.958819323767472, 39.266819003227909 ] ] ], [ [ [ -119.958842475251913, 39.266819608392119 ], [ -119.958864848233475, 39.26683820999726 ], [ -119.958841696742454, 39.266837604837256 ], [ -119.958842475251913, 39.266819608392119 ] ] ], [ [ [ -119.958887221226831, 39.266856811598466 ], [ -119.958864069729216, 39.266856206442689 ], [ -119.958864848233475, 39.26683820999726 ], [ -119.958887221226831, 39.266856811598466 ] ] ], [ [ [ -119.958931967249029, 39.266894014789273 ], [ -119.958954340277828, 39.266912616378811 ], [ -119.958931188760388, 39.266912011235654 ], [ -119.958931967249029, 39.266894014789273 ] ] ], [ [ [ -119.958976713318464, 39.266931217964498 ], [ -119.958953561794402, 39.266930612825547 ], [ -119.958954340277828, 39.266912616378811 ], [ -119.958976713318464, 39.266931217964498 ] ] ], [ [ [ -119.958976713318464, 39.266931217964498 ], [ -119.958999086370866, 39.266949819546241 ], [ -119.958975934840225, 39.266949214411497 ], [ -119.958976713318464, 39.266931217964498 ] ] ], [ [ [ -119.959043054048536, 39.26700501914609 ], [ -119.959043832511128, 39.266987022698125 ], [ -119.959066205598987, 39.267005624268201 ], [ -119.959043054048536, 39.26700501914609 ] ] ], [ [ [ -119.959065427141581, 39.267023620716515 ], [ -119.959066205598987, 39.267005624268201 ], [ -119.959088578698641, 39.267024225834419 ], [ -119.959065427141581, 39.267023620716515 ] ] ], [ [ [ -119.959110951810089, 39.2670428273967 ], [ -119.959087800246465, 39.267042222283017 ], [ -119.959088578698641, 39.267024225834419 ], [ -119.959110951810089, 39.2670428273967 ] ] ], [ [ [ -119.959110951810089, 39.2670428273967 ], [ -119.959133324933347, 39.267061428955117 ], [ -119.959110173363086, 39.267060823845632 ], [ -119.959110951810089, 39.2670428273967 ] ] ], [ [ [ -119.959155698068457, 39.267080030509653 ], [ -119.959178071215348, 39.267098632060261 ], [ -119.959154919631871, 39.267098026959204 ], [ -119.959155698068457, 39.267080030509653 ] ] ], [ [ [ -119.959178071215348, 39.267098632060261 ], [ -119.959200444374005, 39.26711723360701 ], [ -119.959177292783977, 39.267116628510166 ], [ -119.959178071215348, 39.267098632060261 ] ] ], [ [ [ -119.959245190726833, 39.267154436688791 ], [ -119.95922203912356, 39.267153831600353 ], [ -119.959222817544529, 39.267135835149858 ], [ -119.959245190726833, 39.267154436688791 ] ] ], [ [ [ -119.959289937126911, 39.267191639755005 ], [ -119.959266785510437, 39.267191034674987 ], [ -119.95926756392096, 39.267173038223852 ], [ -119.959289937126911, 39.267191639755005 ] ] ], [ [ [ -119.959311531944508, 39.267228237734074 ], [ -119.959312310344629, 39.267210241282299 ], [ -119.959334683574184, 39.267228842805665 ], [ -119.959311531944508, 39.267228237734074 ] ] ], [ [ [ -119.962452454058877, 39.269634451707525 ], [ -119.962474828889711, 39.269653052682649 ], [ -119.962451676394835, 39.269652448204305 ], [ -119.962452454058877, 39.269634451707525 ] ] ], [ [ [ -119.962474051230856, 39.269671049179713 ], [ -119.962474828889711, 39.269653052682649 ], [ -119.962497203732312, 39.269671653653845 ], [ -119.962474051230856, 39.269671049179713 ] ] ], [ [ [ -119.946618788568358, 39.240339077748793 ], [ -119.946690558758021, 39.240286910511287 ], [ -119.947195009393454, 39.240408246590775 ], [ -119.947052250150037, 39.240494585328399 ], [ -119.947263656309147, 39.240428064315871 ], [ -119.948018775085544, 39.240646056713928 ], [ -119.947951663141694, 39.240706963694414 ], [ -119.94808742249289, 39.240665873970293 ], [ -119.948752316823516, 39.240827444840271 ], [ -119.948654283186073, 39.240950991952509 ], [ -119.948694325606837, 39.241096176492917 ], [ -119.948578611574433, 39.241093142192597 ], [ -119.948668061208593, 39.241167555058929 ], [ -119.948594397259399, 39.241389687100636 ], [ -119.948685741271362, 39.241294136391033 ], [ -119.948937191579574, 39.241372796927024 ], [ -119.949038860481238, 39.241699765356259 ], [ -119.94892002402041, 39.241768716785771 ], [ -119.949004792850474, 39.241951107575247 ], [ -119.948747877636507, 39.241998421579538 ], [ -119.948766338355625, 39.242107006545062 ], [ -119.948697842987585, 39.242137849634467 ], [ -119.948763728113704, 39.242701493008866 ], [ -119.94874372844383, 39.242725536967313 ], [ -119.948786871451304, 39.242702099862022 ], [ -119.948825745761582, 39.242863665068711 ], [ -119.949058348810851, 39.242853352587346 ], [ -119.949218526059653, 39.243434090268586 ], [ -119.949261691993286, 39.243507289236213 ], [ -119.949378970630022, 39.243474330295498 ], [ -119.949351925580956, 39.243563705341707 ], [ -119.949572438635386, 39.243821721670216 ], [ -119.949450477839392, 39.243962658937853 ], [ -119.94934022114127, 39.243833650706257 ], [ -119.949667871508424, 39.244292660573038 ], [ -119.949662409879693, 39.244418635099713 ], [ -119.94955804614105, 39.244331820778918 ], [ -119.949614561544024, 39.244453414412355 ], [ -119.949614561543939, 39.244453414412327 ], [ -119.949636925232923, 39.244472017479161 ], [ -119.949625467708614, 39.244516229254145 ], [ -119.949635364745305, 39.244508010199233 ], [ -119.949745622980316, 39.244637018200997 ], [ -119.949556569702494, 39.244722146363102 ], [ -119.949467114805657, 39.244647734004417 ], [ -119.9495526683408, 39.244812128152255 ], [ -119.949339689962613, 39.244914645557721 ], [ -119.949335007961906, 39.245022623679084 ], [ -119.949191461062085, 39.245126961070724 ], [ -119.94921511852003, 39.245650068826286 ], [ -119.949024500981864, 39.24577118867245 ], [ -119.948857807662861, 39.245874918715657 ], [ -119.949034377926651, 39.246077733388915 ], [ -119.949243458417016, 39.246065198460215 ], [ -119.949283504293447, 39.246210382850457 ], [ -119.948741814682705, 39.246412381372494 ], [ -119.948797199097115, 39.246738136187865 ], [ -119.948256284735336, 39.246922135884233 ], [ -119.948772493378456, 39.246773521961998 ], [ -119.949036961664831, 39.247086742327653 ], [ -119.949317040318817, 39.247040035247544 ], [ -119.949348502441694, 39.247383179432575 ], [ -119.9492767265303, 39.247435348048562 ], [ -119.9492723899494, 39.247434260470349 ], [ -119.949502713080122, 39.247567390402594 ], [ -119.949417670466119, 39.24792549699724 ], [ -119.94948710567401, 39.247927317354616 ], [ -119.949486325296363, 39.247945313701507 ], [ -119.949764066261622, 39.247952594722435 ], [ -119.949736239286096, 39.248059966101266 ], [ -119.949483789064203, 39.248003801828368 ], [ -119.949482423397654, 39.248035295434875 ], [ -119.949843381683266, 39.248260959574012 ], [ -119.949925038564558, 39.248515335327767 ], [ -119.950245951654139, 39.248595814100803 ], [ -119.950216564663293, 39.248739178317123 ], [ -119.950383783501891, 39.249157947580834 ], [ -119.95004882287499, 39.249401403430909 ], [ -119.949971583218797, 39.249579546854264 ], [ -119.949441088826703, 39.24954910006258 ], [ -119.949493842825518, 39.249909342347806 ], [ -119.949607230237902, 39.249966365333833 ], [ -119.949504501663441, 39.250197890600198 ], [ -119.949532843360586, 39.250613020023955 ], [ -119.949324529801302, 39.250607558598809 ], [ -119.949058996534461, 39.250852831654669 ], [ -119.949099044110113, 39.250998016098102 ], [ -119.949237920550999, 39.251001657388514 ], [ -119.949325041322751, 39.25113005916522 ], [ -119.949290967945743, 39.251381400978431 ], [ -119.949441284065159, 39.251655593928831 ], [ -119.949360917972356, 39.25190572206175 ], [ -119.949383283833768, 39.251924325247437 ], [ -119.949428796095916, 39.251943535273668 ], [ -119.949428015591891, 39.251961531607101 ], [ -119.949495113317653, 39.252017341117494 ], [ -119.949581967930158, 39.252686239606369 ], [ -119.949799386549799, 39.253016241655544 ], [ -119.949474625613604, 39.253101338393009 ], [ -119.949496105849988, 39.253125603521283 ], [ -119.949844639023468, 39.25301777727735 ], [ -119.949846460477772, 39.25299945887371 ], [ -119.950127342890397, 39.252934754447409 ], [ -119.950188199358081, 39.253134534347161 ], [ -119.950465180703873, 39.253159810841936 ], [ -119.950549185175589, 39.253360197243602 ], [ -119.950522136975465, 39.253449572340415 ], [ -119.950336961733129, 39.253444719039834 ], [ -119.95035152521352, 39.253643285503564 ], [ -119.950225645844498, 39.253874204480617 ], [ -119.950025906932055, 39.253670784201589 ], [ -119.949700419972402, 39.253356405777104 ], [ -119.950222524424674, 39.25394618984366 ], [ -119.951002245749152, 39.254669279644546 ], [ -119.950836053979302, 39.255295512353001 ], [ -119.950650873827115, 39.255290659361755 ], [ -119.950691706937292, 39.255417847046367 ], [ -119.950599897007692, 39.255397424123984 ], [ -119.950695347494346, 39.255868362266362 ], [ -119.950596252223363, 39.256550403248241 ], [ -119.950655551855334, 39.256786175649566 ], [ -119.950629096989374, 39.256785482320197 ], [ -119.950854260205688, 39.25754808836907 ], [ -119.951063374841823, 39.257535551517229 ], [ -119.951304742686375, 39.257848161623585 ], [ -119.951222354136789, 39.257861899975495 ], [ -119.951415803588532, 39.257959172382563 ], [ -119.951383378699731, 39.25799435637434 ], [ -119.951436611525736, 39.258013767950274 ], [ -119.951458979801458, 39.258032370817823 ], [ -119.951481348088961, 39.25805097368147 ], [ -119.951503716388274, 39.258069576541246 ], [ -119.951754448963186, 39.258166229623683 ], [ -119.952010642379946, 39.258136907689313 ], [ -119.95253603869368, 39.258312821167529 ], [ -119.952599245379886, 39.258458611000343 ], [ -119.952450994830016, 39.258670929508689 ], [ -119.952102204895027, 39.258697826788278 ], [ -119.952657773127513, 39.258712379007392 ], [ -119.953266413876278, 39.25910667099577 ], [ -119.953168264965399, 39.259069633934487 ], [ -119.95331076225672, 39.259152874270313 ], [ -119.95328878298838, 39.259125273540953 ], [ -119.953334300953387, 39.259144482242931 ], [ -119.953333365306904, 39.259166077894903 ], [ -119.953423777593528, 39.259218892352251 ], [ -119.953098669446618, 39.25976889965203 ], [ -119.953076126907149, 39.259754296259409 ], [ -119.953071621454129, 39.259858275287755 ], [ -119.953024327487384, 39.259833536598194 ], [ -119.953048472383955, 39.259857669065667 ], [ -119.9529972613512, 39.259849647564387 ], [ -119.952983203259237, 39.259877274568716 ], [ -119.953415738771312, 39.25993935357085 ], [ -119.953316124761656, 39.260098896288149 ], [ -119.953176450072718, 39.260113255530847 ], [ -119.953218849576501, 39.260204449784425 ], [ -119.953519789073795, 39.260212329930937 ], [ -119.953744264393265, 39.260380358474329 ], [ -119.953715657637318, 39.260505727033042 ], [ -119.953938575155121, 39.26070974801025 ], [ -119.953797603888219, 39.260943408890533 ], [ -119.953902172488654, 39.261015080426731 ], [ -119.954372177420865, 39.260865233402917 ], [ -119.954480909429606, 39.261030230729965 ], [ -119.954666105342923, 39.261035078220608 ], [ -119.954859642761122, 39.261382462819853 ], [ -119.955130424351864, 39.261551700693225 ], [ -119.955316401014173, 39.261538550802072 ], [ -119.955426694718284, 39.261667554549661 ], [ -119.955165400891147, 39.261737931627941 ], [ -119.955214450825153, 39.26175208439119 ], [ -119.95521367152827, 39.261770080791308 ], [ -119.955161292361154, 39.261775466337646 ], [ -119.955189742479604, 39.261787471370077 ], [ -119.955875888938493, 39.261463106502966 ], [ -119.956192751164394, 39.262174051475839 ], [ -119.956013498442971, 39.262184804839414 ], [ -119.95602992278539, 39.262187808372062 ], [ -119.955698781775538, 39.262244660006203 ], [ -119.956239050964726, 39.262175262724845 ], [ -119.956741338676736, 39.262350553068472 ], [ -119.956866553092169, 39.262467772246559 ], [ -119.956944236325086, 39.262481977572691 ], [ -119.956941120821696, 39.262553963279473 ], [ -119.9569156990528, 39.262532824740866 ], [ -119.956835279249702, 39.262857480517198 ], [ -119.956585082380613, 39.263283339246001 ], [ -119.956393647912321, 39.26342246589612 ], [ -119.9565101785048, 39.263407497447901 ], [ -119.957286386104101, 39.263680034584823 ], [ -119.95744921782854, 39.263666276057769 ], [ -119.957553288616722, 39.263939249488111 ], [ -119.957449996606314, 39.263648279626111 ], [ -119.957751730714932, 39.263638152976185 ], [ -119.957816509855874, 39.263747947595697 ], [ -119.957977005746486, 39.263788177648884 ], [ -119.957922918191983, 39.263966931439057 ], [ -119.958128937119014, 39.264026368352269 ], [ -119.958121929562367, 39.264188336326384 ], [ -119.958282426644885, 39.26422856600157 ], [ -119.958262288529227, 39.26469404156596 ], [ -119.958574616394813, 39.264974893271798 ], [ -119.958584532315442, 39.265281438046372 ], [ -119.958351694127757, 39.265520379580934 ], [ -119.958437840774764, 39.265457771232391 ], [ -119.958553595923632, 39.265460797299433 ], [ -119.958706311062485, 39.265680990962245 ], [ -119.959021085424823, 39.265905420370089 ], [ -119.959018594419234, 39.265963009012914 ], [ -119.95918937090903, 39.265765684428672 ], [ -119.95930590500663, 39.265750713312251 ], [ -119.959365239917204, 39.265986482399981 ], [ -119.959813477918047, 39.266340515234404 ], [ -119.960154522923233, 39.266493560905602 ], [ -119.960211526705137, 39.266783319075159 ], [ -119.960462769655521, 39.267193093335372 ], [ -119.960431370200524, 39.267059314810751 ], [ -119.960711523537199, 39.26701258324195 ], [ -119.960824169455037, 39.267087593058939 ], [ -119.961240898648484, 39.267098478199188 ], [ -119.961711709169009, 39.266930606128888 ], [ -119.962222599459551, 39.266907913058269 ], [ -119.962241085186804, 39.267016496556522 ], [ -119.961163478226567, 39.267817128103182 ], [ -119.962264236809816, 39.267017101042995 ], [ -119.962329803565581, 39.267108896988546 ], [ -119.962111328821464, 39.267337411034234 ], [ -119.962495577160183, 39.267563645239797 ], [ -119.962508620246339, 39.267798204233046 ], [ -119.962736251431039, 39.2678942309946 ], [ -119.962729192284812, 39.267904342026441 ], [ -119.962760180890228, 39.267876838886522 ], [ -119.962895982394656, 39.267952451221518 ], [ -119.962974595423873, 39.268278805853079 ], [ -119.963203006256236, 39.26835683526798 ], [ -119.963088628770976, 39.268858320274745 ], [ -119.962893302911425, 39.269087439958973 ], [ -119.962392328722927, 39.269416680293382 ], [ -119.962413425294329, 39.26949309131858 ], [ -119.962483383090913, 39.269455091210205 ], [ -119.962706353876584, 39.269659097213314 ], [ -119.962961031442674, 39.269665745666288 ], [ -119.963200331295297, 39.269491824137965 ], [ -119.963528352692236, 39.269410301727468 ], [ -119.963663380589523, 39.269503909813643 ], [ -119.963655607051138, 39.269683874984558 ], [ -119.96314996680853, 39.270121097591222 ], [ -119.962915329969263, 39.270187039895234 ], [ -119.962433091626437, 39.269564321932698 ], [ -119.962452454058877, 39.269634451707525 ], [ -119.962318205321978, 39.2695228457751 ], [ -119.962914552408321, 39.270205036398046 ], [ -119.961778332880243, 39.270751907572922 ], [ -119.961769906629797, 39.270740600265015 ], [ -119.961713301271018, 39.270781738668617 ], [ -119.961800707860931, 39.27077050868165 ], [ -119.962246654438843, 39.271178523015514 ], [ -119.962613814612112, 39.271800680341968 ], [ -119.9625816591372, 39.271778514829812 ], [ -119.963186251579657, 39.272500262218699 ], [ -119.963105127567673, 39.272768396562689 ], [ -119.963010180613153, 39.272819968452623 ], [ -119.962972252253451, 39.273161297449384 ], [ -119.96181264548737, 39.274248061282186 ], [ -119.961775488086076, 39.274571393088195 ], [ -119.961584031130371, 39.2747105272515 ], [ -119.961449586897444, 39.27513941873633 ], [ -119.961105194792523, 39.275598859658785 ], [ -119.959880724478509, 39.276575807950529 ], [ -119.959755608330084, 39.276788739650492 ], [ -119.959854283250536, 39.276491217964775 ], [ -119.959737124877222, 39.27668015596376 ], [ -119.959645860372675, 39.277182240581475 ], [ -119.959631445516308, 39.277168142751748 ], [ -119.959765325765346, 39.277635782007742 ], [ -119.959822132042689, 39.27846603808436 ], [ -119.959780930821779, 39.278430412938917 ], [ -119.960033443661473, 39.278939996157632 ], [ -119.960042394446191, 39.278947436760525 ], [ -119.960259549306571, 39.279072021749897 ], [ -119.960057177051269, 39.279463102701854 ], [ -119.960033041715775, 39.280020991885237 ], [ -119.960116322535484, 39.280239369329735 ], [ -119.960044317602424, 39.280832041118991 ], [ -119.959610376030625, 39.28121706964216 ], [ -119.959597916560782, 39.28150501224831 ], [ -119.959068017190901, 39.282500100567397 ], [ -119.959042313586323, 39.28309398174278 ], [ -119.959308513141124, 39.283371191413664 ], [ -119.959252852886863, 39.283585937648233 ], [ -119.95935150333392, 39.283984884894835 ], [ -119.958997491577549, 39.285200770594869 ], [ -119.95897323634702, 39.28518726742054 ], [ -119.959229635760508, 39.285729324778053 ], [ -119.959019800387708, 39.287363364008549 ], [ -119.959219655860863, 39.287566772594943 ], [ -119.959518737731614, 39.288691628603729 ], [ -119.959631415583246, 39.288766640646678 ], [ -119.959730073577092, 39.289165587634997 ], [ -119.959702811623444, 39.28979546127178 ], [ -119.959983422360111, 39.290811732759302 ], [ -119.959842129172046, 39.290862090384941 ], [ -119.959475262519703, 39.291302920320796 ], [ -119.959120857165843, 39.291455806921959 ], [ -119.95894783164394, 39.291703518038993 ], [ -119.958569484171804, 39.291873793727461 ], [ -119.957971005476139, 39.292308562672844 ], [ -119.957697538809597, 39.292733812432765 ], [ -119.957709006013658, 39.293004363336834 ], [ -119.95707377864484, 39.292681463600069 ], [ -119.955600123146652, 39.292444720672499 ], [ -119.955079149443705, 39.29216083379891 ], [ -119.954151979729147, 39.292154577001192 ], [ -119.953609159075, 39.292374579761322 ], [ -119.952609900943131, 39.29296097430715 ], [ -119.952507890844316, 39.293174502418836 ], [ -119.952147214308354, 39.293471336775859 ], [ -119.952089179406073, 39.293740066834879 ], [ -119.951734746771706, 39.293892929748282 ], [ -119.951517712103737, 39.294085425881114 ], [ -119.951441200753194, 39.294245571084986 ], [ -119.951378705441627, 39.295685269768157 ], [ -119.951646206488064, 39.296466998670091 ], [ -119.951668312351302, 39.297026095816797 ], [ -119.951849696896659, 39.297120932650415 ], [ -119.952104471361253, 39.297127608725638 ], [ -119.952706913768679, 39.298206378449571 ], [ -119.953082954968508, 39.299693599008151 ], [ -119.953062651478987, 39.300161501405455 ], [ -119.951543541748322, 39.3009684829752 ], [ -119.951112549697726, 39.301281487075414 ], [ -119.951008176959789, 39.301549001577399 ], [ -119.950866074403109, 39.301617343317432 ], [ -119.950855133118495, 39.301869290164191 ], [ -119.951113269567855, 39.302866974705658 ], [ -119.951015146227334, 39.302990519438993 ], [ -119.9510929506732, 39.303334875988931 ], [ -119.950879009692613, 39.303455384648636 ], [ -119.950894357462985, 39.303635953845905 ], [ -119.950745997602468, 39.303848264817191 ], [ -119.950781382195302, 39.304101426035004 ], [ -119.950915674302962, 39.304213046593546 ], [ -119.950822238196594, 39.304228613879296 ], [ -119.950696258815015, 39.304459528141336 ], [ -119.950347239867327, 39.304486411022353 ], [ -119.950204348816996, 39.304572747849932 ], [ -119.950029693689444, 39.304856435072409 ], [ -119.950019529975179, 39.305090385403467 ], [ -119.949804799842255, 39.305228887948907 ], [ -119.949267822301678, 39.305845388666718 ], [ -119.949036664089874, 39.306361809001551 ], [ -119.948913502939931, 39.307061228552797 ], [ -119.948418138323319, 39.307786916518566 ], [ -119.948349597847042, 39.308830084948418 ], [ -119.948275408283934, 39.308936238391134 ], [ -119.948057532879773, 39.309146721573136 ], [ -119.947776420548522, 39.309211411554045 ], [ -119.947579360348769, 39.309476490023904 ], [ -119.946646167367447, 39.310136628592325 ], [ -119.946375688928924, 39.310489860766054 ], [ -119.946074536194573, 39.310481953749765 ], [ -119.944977588766804, 39.311173811902201 ], [ -119.944768313299136, 39.311186331385663 ], [ -119.944656401191537, 39.311093308323272 ], [ -119.944910107791287, 39.311658488903859 ], [ -119.945153967679275, 39.311917127293214 ], [ -119.945230183640177, 39.312297478724794 ], [ -119.94621504335052, 39.313116074248541 ], [ -119.946702001399217, 39.313651341859881 ], [ -119.946680862396121, 39.31413723644485 ], [ -119.946851784548272, 39.315006522591801 ], [ -119.946961356940179, 39.31515353213468 ], [ -119.946948047675917, 39.315459465763091 ], [ -119.946509572120874, 39.316474903451599 ], [ -119.946436612650473, 39.317085553750992 ], [ -119.94579822120447, 39.317897556266978 ], [ -119.945534424003981, 39.318629310499126 ], [ -119.945638515391806, 39.318902293758534 ], [ -119.945446901467619, 39.319041394428609 ], [ -119.945095905519167, 39.319644740798857 ], [ -119.944979725286444, 39.320182187920217 ], [ -119.944626368118236, 39.320839520515165 ], [ -119.94434451967085, 39.321985179592772 ], [ -119.944116400208856, 39.322429601291184 ], [ -119.944277458743372, 39.322992348456722 ], [ -119.944243315743719, 39.323243684039809 ], [ -119.944102729496635, 39.323276023260298 ], [ -119.944094107097854, 39.323473979511235 ], [ -119.942886997419535, 39.324559284653603 ], [ -119.942807292065737, 39.324791405363783 ], [ -119.942477418609428, 39.324908849502073 ], [ -119.942281859723451, 39.325137923881513 ], [ -119.942023063818013, 39.325221202256266 ], [ -119.941701816861965, 39.325140688286702 ], [ -119.94107188007689, 39.324691722290837 ], [ -119.939704056306851, 39.324673753237612 ], [ -119.939545005616608, 39.32459750136848 ], [ -119.939104773749804, 39.324585915418133 ], [ -119.938643330973832, 39.323997238264106 ], [ -119.937580659063727, 39.323897193664088 ], [ -119.937101163706004, 39.323722416889055 ], [ -119.936685679608502, 39.32367544042021 ], [ -119.935711765192536, 39.323667799625163 ], [ -119.935615942190424, 39.323737341128101 ], [ -119.934782618404967, 39.323697363772908 ], [ -119.933947360693537, 39.323170881638625 ], [ -119.93364851666459, 39.323108952801313 ], [ -119.933126631861839, 39.32284295919046 ], [ -119.932300403002444, 39.322641002018543 ], [ -119.931851969510177, 39.322286857334767 ], [ -119.931272740339836, 39.322271574783002 ], [ -119.930898097868251, 39.322351771458912 ], [ -119.929898674080746, 39.322397458635557 ], [ -119.928905551313875, 39.32229917100635 ], [ -119.927957512225134, 39.322760579426607 ], [ -119.927691301897994, 39.322483298557742 ], [ -119.927630462977589, 39.322283509080599 ], [ -119.927138871148131, 39.32185614006314 ], [ -119.927078034248382, 39.321656350361806 ], [ -119.926672818852367, 39.32137539423703 ], [ -119.92648825708747, 39.32135250024907 ], [ -119.925877681885098, 39.320994047746709 ], [ -119.925530941222092, 39.320966865258562 ], [ -119.925099413088844, 39.320757274390324 ], [ -119.924365120202197, 39.320575708549249 ], [ -119.924094198980114, 39.320406394418669 ], [ -119.923681113148987, 39.320305385477873 ], [ -119.923402303997889, 39.320316026688189 ], [ -119.923244071183461, 39.320221757866726 ], [ -119.923205625755173, 39.320040575191292 ], [ -119.922851507148323, 39.319652858440662 ], [ -119.922331781437322, 39.31881034433529 ], [ -119.921419280762962, 39.318461895094657 ], [ -119.921523004511414, 39.318212408938976 ], [ -119.92116495623435, 39.317914665953687 ], [ -119.92091090341188, 39.317889923562682 ], [ -119.920460979645426, 39.317571729436182 ], [ -119.920469666839992, 39.31737377737069 ], [ -119.920381736192709, 39.317263349700703 ], [ -119.920064503059933, 39.317092800049423 ], [ -119.920908519521106, 39.316358453167688 ], [ -119.921135971307791, 39.315932077310357 ], [ -119.921447403196893, 39.315706106124509 ], [ -119.92162693734393, 39.315314493928106 ], [ -119.922181869296836, 39.314824717062571 ], [ -119.922236883672554, 39.31462799071015 ], [ -119.922379828195901, 39.314541690563026 ], [ -119.922604897299877, 39.314169298192361 ], [ -119.922638039049573, 39.313413479202779 ], [ -119.9225274502719, 39.312761956478525 ], [ -119.92265562062299, 39.311954602077385 ], [ -119.922624281137516, 39.311611457955109 ], [ -119.922719309966467, 39.311559922593446 ], [ -119.922674272913937, 39.311000217143558 ], [ -119.922872218074986, 39.310717189140775 ], [ -119.923018810828395, 39.310018420908349 ], [ -119.923987206073562, 39.309089157491719 ], [ -119.924066163059479, 39.308875046633979 ], [ -119.924357542680255, 39.308576470250166 ], [ -119.924291203269547, 39.30850264961478 ], [ -119.924458873828385, 39.308380967333107 ], [ -119.924517029434014, 39.308112256305137 ], [ -119.924981590002275, 39.307566025171404 ], [ -119.925127365021922, 39.306885248617988 ], [ -119.925359486300337, 39.306350887126676 ], [ -119.925550313461997, 39.306229815282109 ], [ -119.925532666632975, 39.306103232647601 ], [ -119.925775336575384, 39.305857414597753 ], [ -119.925784005182209, 39.305659461143847 ], [ -119.925664725781687, 39.305205893453078 ], [ -119.925360141713654, 39.304747427341496 ], [ -119.925327213595992, 39.304440274718822 ], [ -119.925147425683321, 39.304309405740199 ], [ -119.925152154729489, 39.304201431164991 ], [ -119.9247086005944, 39.303739289472951 ], [ -119.924646206472673, 39.303575490371649 ], [ -119.924264263840939, 39.30329514203806 ], [ -119.923982070800989, 39.302855281124636 ], [ -119.923952302818648, 39.302476145308738 ], [ -119.923532717886559, 39.301996616561382 ], [ -119.92355873883173, 39.301402757032029 ], [ -119.923147341227917, 39.301265758880433 ], [ -119.922934939472441, 39.301350223023299 ], [ -119.922311141264061, 39.301297685703041 ], [ -119.921716029000621, 39.301119788066472 ], [ -119.921477027788086, 39.300753130714718 ], [ -119.921293311142179, 39.300712234908659 ], [ -119.92134673623525, 39.300551499648137 ], [ -119.921211710957763, 39.300457842706237 ], [ -119.921199596293576, 39.30020528971631 ], [ -119.921110895119114, 39.30011285883171 ], [ -119.920949552857095, 39.300090571350715 ], [ -119.920558446874921, 39.300548648862623 ], [ -119.920445005897761, 39.300491595669733 ], [ -119.920943752125723, 39.299694052718053 ], [ -119.920322093446302, 39.300650490681733 ], [ -119.920205495163827, 39.300665420020479 ], [ -119.920048888282679, 39.300535157120514 ], [ -119.920216545851304, 39.300413480354266 ], [ -119.920176537143732, 39.300268288268278 ], [ -119.919693300248611, 39.300183425585786 ], [ -119.918996082976946, 39.300219009195338 ], [ -119.918627866350562, 39.300155205341326 ], [ -119.918462576147633, 39.300222892750782 ], [ -119.918188586105671, 39.30012555065565 ], [ -119.917995394642645, 39.300300597637289 ], [ -119.917240542460974, 39.300064394775191 ], [ -119.917119994137224, 39.300169299233239 ], [ -119.917007346912428, 39.300094247178585 ], [ -119.916540165045546, 39.300171946187078 ], [ -119.916054563036312, 39.300141055448542 ], [ -119.915660579659558, 39.299608128042941 ], [ -119.9154526819121, 39.299062117687818 ], [ -119.915204233778283, 39.298911396251761 ], [ -119.914990807064314, 39.298491354506574 ], [ -119.91478868374432, 39.298341860858294 ], [ -119.9146415806254, 39.297995643977167 ], [ -119.914526567395029, 39.297974576546089 ], [ -119.914417089452925, 39.297827539801311 ], [ -119.914446576051475, 39.297684189385649 ], [ -119.914539218795809, 39.297686646905156 ], [ -119.914638186994694, 39.297545139511449 ], [ -119.914938484812993, 39.297571121272014 ], [ -119.914942437811206, 39.297481143219926 ], [ -119.915180368419925, 39.297343320949686 ], [ -119.915189854765956, 39.297127373564031 ], [ -119.915260917333711, 39.297093225011025 ], [ -119.915176971085486, 39.296892816320501 ], [ -119.915215151190111, 39.296551513820361 ], [ -119.915526510983199, 39.296325555203623 ], [ -119.915560736914088, 39.296074230608525 ], [ -119.915656539133778, 39.296004704649285 ], [ -119.915592591385547, 39.29587689286447 ], [ -119.915648396058558, 39.295662173597066 ], [ -119.915246534217317, 39.295309201810376 ], [ -119.915148915677108, 39.29489223146723 ], [ -119.915239737034412, 39.294408192231927 ], [ -119.914843417789484, 39.293929249995642 ], [ -119.914306566807412, 39.293482611726795 ], [ -119.913979736348182, 39.293005509987204 ], [ -119.913380538607242, 39.292395064184042 ], [ -119.913395564719281, 39.292053147774851 ], [ -119.913532145150455, 39.292110821651846 ], [ -119.913975325796571, 39.292050513850327 ], [ -119.914437711729505, 39.292080796741153 ], [ -119.91498166747354, 39.292365473463263 ], [ -119.915603798077242, 39.292454038102058 ], [ -119.915957504525267, 39.292319283800396 ], [ -119.916704121301279, 39.292212960452332 ], [ -119.917005977391, 39.292202944697912 ], [ -119.917188089389413, 39.292279837680546 ], [ -119.917775750687625, 39.292097228157566 ], [ -119.918051288784213, 39.292158578717519 ], [ -119.918195769756167, 39.292036290459656 ], [ -119.918450517762238, 39.292043039450803 ], [ -119.918735530032166, 39.291888440124701 ], [ -119.918810532788726, 39.291764310630498 ], [ -119.919187388949837, 39.291630159544724 ], [ -119.919617935290304, 39.29185776118824 ], [ -119.920267173227515, 39.291856935640432 ], [ -119.92056271586398, 39.291990876336541 ], [ -119.920751143250826, 39.291923798073292 ], [ -119.920911677910766, 39.291964080839939 ], [ -119.921582914920592, 39.2918845571647 ], [ -119.921471436558946, 39.291888813514738 ], [ -119.921634051845302, 39.291352618672164 ], [ -119.921922997879321, 39.29110803239314 ], [ -119.922449543323538, 39.290203116838214 ], [ -119.922505816664696, 39.289447907523652 ], [ -119.92278341879512, 39.288932769416292 ], [ -119.922743409707735, 39.288787578017171 ], [ -119.922922858040423, 39.288395959256988 ], [ -119.922838110008698, 39.288213551162649 ], [ -119.922903344617524, 39.287782877754587 ], [ -119.923669910320783, 39.287749102974452 ], [ -119.923956469902066, 39.287558498019685 ], [ -119.924237512388657, 39.287493862886286 ], [ -119.924456960610826, 39.287247432242353 ], [ -119.924814563829116, 39.287022670135833 ], [ -119.925063467482886, 39.28663288386344 ], [ -119.925278971810442, 39.286476430507484 ], [ -119.925315518772635, 39.286171113641579 ], [ -119.925567566583226, 39.285709342710597 ], [ -119.925975409327833, 39.285395821398566 ], [ -119.926230922509376, 39.28538455658321 ], [ -119.92614616884687, 39.285202150623761 ], [ -119.926258479994715, 39.284754702167263 ], [ -119.926862587226381, 39.284194130249041 ], [ -119.927065155962254, 39.283803115193592 ], [ -119.927228824829584, 39.28377140525329 ], [ -119.927354838188279, 39.283540517301446 ], [ -119.927544023572466, 39.283455430923659 ], [ -119.927526376166938, 39.283328848251053 ], [ -119.927893391929231, 39.282888124898598 ], [ -119.928053572944236, 39.282405905236416 ], [ -119.928168885348512, 39.282373543612302 ], [ -119.927997481228417, 39.282098140824296 ], [ -119.928014369658953, 39.282073978689311 ], [ -119.927975112213133, 39.282079533451316 ], [ -119.927937904871371, 39.28133986789534 ], [ -119.928008158461424, 39.281323706474112 ], [ -119.928105948967243, 39.280677689058464 ], [ -119.928050196923778, 39.280892416757553 ], [ -119.928060424975797, 39.280658470260953 ], [ -119.92818485594033, 39.280463572747969 ], [ -119.928142479024487, 39.280372370437632 ], [ -119.928166421039506, 39.280354985988346 ], [ -119.928578939813136, 39.279933478249326 ], [ -119.928525993524232, 39.279553730381757 ], [ -119.928368628348423, 39.279441475431874 ], [ -119.928423591349841, 39.279244743345451 ], [ -119.928358846515479, 39.279134933848461 ], [ -119.928540595670512, 39.278689315952725 ], [ -119.928451909795911, 39.278596891069405 ], [ -119.928398964732764, 39.278217143136111 ], [ -119.92867018249413, 39.27784595387147 ], [ -119.928666130868521, 39.277755763557842 ], [ -119.928581497435076, 39.277753529110853 ], [ -119.92852540577114, 39.277445764797783 ], [ -119.92828093428956, 39.277205093243808 ], [ -119.928157741733472, 39.276841506977426 ], [ -119.928158528370119, 39.276823511079144 ], [ -119.928166661998887, 39.276830277366059 ], [ -119.928178653170733, 39.276815181821632 ], [ -119.92805849098778, 39.27646053612299 ], [ -119.927810877544104, 39.276291847327926 ], [ -119.927814811087018, 39.27620186785655 ], [ -119.927980821731211, 39.276116168419321 ], [ -119.927938447339486, 39.276024966090347 ], [ -119.928041289074258, 39.275793465064808 ], [ -119.928135477392914, 39.275759918831362 ], [ -119.928174363145459, 39.275400612164994 ], [ -119.928228523616923, 39.275354748487622 ], [ -119.928199089962703, 39.27536523172563 ], [ -119.928256409189601, 39.27511451177832 ], [ -119.928266634454772, 39.27488056500389 ], [ -119.927653291483338, 39.274594118576694 ], [ -119.927025455785227, 39.274109102756263 ], [ -119.927076148099772, 39.27347985821406 ], [ -119.927217426397235, 39.273429539833032 ], [ -119.927326560078257, 39.27305407213516 ], [ -119.927127625927014, 39.272832617662267 ], [ -119.927161793589988, 39.272581286686737 ], [ -119.926939708600571, 39.272359220416305 ], [ -119.926990399391514, 39.27172997572962 ], [ -119.927185846336201, 39.271500921371612 ], [ -119.927317342039572, 39.271144060873588 ], [ -119.927674064703027, 39.270937281738696 ], [ -119.927774539054852, 39.270759768245483 ], [ -119.928325125436913, 39.270359922815402 ], [ -119.928503703029207, 39.26998628720861 ], [ -119.928742298421227, 39.269830435956194 ], [ -119.928803541256414, 39.2694897356224 ], [ -119.929046851456746, 39.269225908030279 ], [ -119.929091229981069, 39.268740628813561 ], [ -119.928922177108433, 39.267835331848225 ], [ -119.929009725623985, 39.267645156807404 ], [ -119.928930038969213, 39.267655372454229 ], [ -119.928885421530808, 39.267204145044197 ], [ -119.928856303268589, 39.267221025403394 ], [ -119.928792353798215, 39.267093220424975 ], [ -119.928892819252781, 39.266915705535531 ], [ -119.928854027489479, 39.266212030441231 ], [ -119.928971352943023, 39.266179094073024 ], [ -119.929220152665849, 39.265789293871293 ], [ -119.929434009245924, 39.265668821344086 ], [ -119.929399498376753, 39.265397660035646 ], [ -119.929639647516368, 39.26520581422605 ], [ -119.92989313733878, 39.265176854946851 ], [ -119.929845282900303, 39.264742806605497 ], [ -119.92961263684316, 39.264232199524784 ], [ -119.929786474856797, 39.263966536511234 ], [ -119.929903796115653, 39.263933599025485 ], [ -119.929909296904952, 39.263807627249761 ], [ -119.929934898484575, 39.263818437213509 ], [ -119.930035261531728, 39.263576733949272 ], [ -119.930294623633742, 39.263475477134094 ], [ -119.930300123633813, 39.263349505302237 ], [ -119.93104248627418, 39.263333056294641 ], [ -119.931616929075076, 39.262915806441114 ], [ -119.931839001532381, 39.263137863490009 ], [ -119.931985343816393, 39.26350205685376 ], [ -119.931974705079242, 39.26364658352793 ], [ -119.931981417381792, 39.263592036873867 ], [ -119.932794802619256, 39.263541416097709 ], [ -119.932813242010155, 39.263650002500746 ], [ -119.932885046828346, 39.263597845310024 ], [ -119.933231509896729, 39.263624995028216 ], [ -119.933364129693032, 39.263772624433585 ], [ -119.933618778985505, 39.263779336220324 ], [ -119.934342314141929, 39.264194771193857 ], [ -119.937563319223443, 39.26420753224798 ], [ -119.938011010130751, 39.26403914819371 ], [ -119.938394734345025, 39.263742961998474 ], [ -119.938663754987402, 39.263715342002897 ], [ -119.938641187699304, 39.26369022377196 ], [ -119.93848811810409, 39.263727402597837 ], [ -119.938371160265191, 39.263219856374903 ], [ -119.93837978031047, 39.263021899130862 ], [ -119.938843987501343, 39.263538582296462 ], [ -119.938869038785029, 39.263536469608773 ], [ -119.938891854489611, 39.263503808236891 ], [ -119.938909120836499, 39.263533089297098 ], [ -119.938997050826558, 39.263525673689436 ], [ -119.93898680483143, 39.263452256174908 ], [ -119.93936347126342, 39.263318031609579 ], [ -119.939389754720196, 39.263246656077946 ], [ -119.940421657806368, 39.262946655410204 ], [ -119.940402429321423, 39.262876922864905 ], [ -119.941013719583424, 39.262676795613039 ], [ -119.941114946889797, 39.262702185853669 ], [ -119.941050202307196, 39.262601997656546 ], [ -119.941016851391709, 39.262604810976953 ], [ -119.940646797578268, 39.262054578631798 ], [ -119.941342402370026, 39.261514348342217 ], [ -119.940622865017858, 39.262071966065889 ], [ -119.940514164944474, 39.261906957021402 ], [ -119.94079822256117, 39.261770292335981 ], [ -119.941232135618293, 39.261385332257582 ], [ -119.941285479874196, 39.261224583925383 ], [ -119.941510991758719, 39.261136511846544 ], [ -119.941475370784744, 39.261121475392315 ], [ -119.941166938911039, 39.260753032032127 ], [ -119.941200100489127, 39.260445981227832 ], [ -119.941154749867977, 39.260500477087014 ], [ -119.941167721771421, 39.260735035864663 ], [ -119.940923259659655, 39.260494390888994 ], [ -119.940830219702178, 39.259969458885664 ], [ -119.941019662118265, 39.259343853471321 ], [ -119.941008147166897, 39.258010310993697 ], [ -119.940887263569891, 39.257592747398697 ], [ -119.940713214830737, 39.257408003603544 ], [ -119.94070990797394, 39.257407916654238 ], [ -119.940710050316554, 39.257404644623328 ], [ -119.94069581000636, 39.257389529211416 ], [ -119.940687542866655, 39.257389311836853 ], [ -119.940687898725514, 39.257381131759658 ], [ -119.940678405190994, 39.257371054816971 ], [ -119.940665177771209, 39.257370707015554 ], [ -119.940665747149097, 39.257357618892307 ], [ -119.940661000384608, 39.257352580420225 ], [ -119.940642812687528, 39.257352102190367 ], [ -119.940643595587233, 39.257334106021219 ], [ -119.940081340338139, 39.256940968780853 ], [ -119.939581486130649, 39.25671162102082 ], [ -119.9396866071028, 39.256426117941317 ], [ -119.940119553257972, 39.256082083157004 ], [ -119.939927480330411, 39.256216252150601 ], [ -119.939848202152959, 39.255907882257915 ], [ -119.93959279672427, 39.255919181365542 ], [ -119.939532751980892, 39.255701400938555 ], [ -119.939215737251857, 39.255530911131757 ], [ -119.939219653314012, 39.255440930377198 ], [ -119.939337739455951, 39.25538998644145 ], [ -119.939209037371228, 39.25515238303867 ], [ -119.939398130963284, 39.255067273433184 ], [ -119.939425193898131, 39.254977901527774 ], [ -119.939247848443799, 39.254793068893449 ], [ -119.939322771922264, 39.254668922494787 ], [ -119.939211735737544, 39.254557901087679 ], [ -119.939246630420101, 39.254288567672994 ], [ -119.939469048931471, 39.253970116684997 ], [ -119.940189290731126, 39.253394506352691 ], [ -119.940274388356372, 39.253036408911477 ], [ -119.940148818424248, 39.252726821808132 ], [ -119.940035776165288, 39.252129295806299 ], [ -119.940375480101963, 39.251777893690644 ], [ -119.940174993505408, 39.251592453963994 ], [ -119.940990135683165, 39.25096528335191 ], [ -119.941000309859177, 39.250731332814496 ], [ -119.94081983942894, 39.250618487498464 ], [ -119.94083549263587, 39.250258563625756 ], [ -119.940906494857984, 39.250224396798707 ], [ -119.940841753840147, 39.250114594068975 ], [ -119.940957481861432, 39.250117636637299 ], [ -119.941056325025741, 39.249976101020188 ], [ -119.941341114451475, 39.249821436623257 ], [ -119.941383822400695, 39.249372139907322 ], [ -119.941205702254749, 39.24920530666607 ], [ -119.941393994692206, 39.249138189219693 ], [ -119.941492835495822, 39.248996653122056 ], [ -119.941546950344502, 39.248817907771439 ], [ -119.941455934492637, 39.248779481843066 ], [ -119.941465323885311, 39.24856352732602 ], [ -119.941662220647885, 39.248298451022109 ], [ -119.941529609881528, 39.248150831209408 ], [ -119.941802883980969, 39.247886612169282 ], [ -119.941116461134996, 39.24752740046582 ], [ -119.94091754899398, 39.247305969891976 ], [ -119.940713159901634, 39.247210512433583 ], [ -119.940556625873114, 39.247080279333751 ], [ -119.940612306514097, 39.246865542002062 ], [ -119.940778231102684, 39.246779820571682 ], [ -119.940624045674312, 39.246595598978246 ], [ -119.940674247517293, 39.24650683499987 ], [ -119.940835475876256, 39.246529090676631 ], [ -119.940931966198093, 39.246441543522579 ], [ -119.940898980386038, 39.246134391064992 ], [ -119.941084134772098, 39.24613925861766 ], [ -119.941091959488475, 39.245959296501624 ], [ -119.941326531575356, 39.245893395626624 ], [ -119.941356717376948, 39.245732038047578 ], [ -119.941592853141586, 39.245630144153886 ], [ -119.941646182276642, 39.245469394778553 ], [ -119.941740323231642, 39.245435835514591 ], [ -119.941701858026605, 39.245254656692438 ], [ -119.941816795890304, 39.245275694319162 ], [ -119.941912500983818, 39.245206142446655 ], [ -119.94191995490938, 39.245212343938789 ], [ -119.941759097938899, 39.245003926107394 ], [ -119.941859496154308, 39.244826396898262 ], [ -119.941770831926007, 39.244733982707714 ], [ -119.941867318523947, 39.244646434611148 ], [ -119.941903760119018, 39.244341106949229 ], [ -119.942216360645972, 39.244079070134468 ], [ -119.942199474050469, 39.243934492065449 ], [ -119.94246500252541, 39.243689234337779 ], [ -119.94252536622632, 39.243366518185752 ], [ -119.942646557324366, 39.24324358492246 ], [ -119.942810124930674, 39.243211848856852 ], [ -119.942922714122872, 39.243286874029145 ], [ -119.943207471682527, 39.243132203678151 ], [ -119.943299263297448, 39.243152631759372 ], [ -119.943304736062245, 39.243026657953351 ], [ -119.94344906851461, 39.242904331711131 ], [ -119.943769947831768, 39.242984827123863 ], [ -119.943835469376808, 39.243076631993205 ], [ -119.943822612893214, 39.24309431112566 ], [ -119.944181838167651, 39.243103745342466 ], [ -119.944450961809409, 39.243308997311743 ], [ -119.944187004709491, 39.24351826737513 ], [ -119.944470197594001, 39.243399586413936 ], [ -119.944768718439846, 39.243461475199233 ], [ -119.944733221721279, 39.243478559986393 ], [ -119.944814223994982, 39.243480686790399 ], [ -119.944751334883506, 39.243570757460205 ], [ -119.944906016607817, 39.243501113638388 ], [ -119.945014701611171, 39.243666118310237 ], [ -119.945241449308568, 39.243780171940763 ], [ -119.945070848701263, 39.243973877982846 ], [ -119.945216742985806, 39.243815556945258 ], [ -119.94530853616719, 39.243835983496297 ], [ -119.945208929406448, 39.243995519821176 ], [ -119.945418003914213, 39.24398299155056 ], [ -119.945709167426045, 39.244281155337163 ], [ -119.945728734660676, 39.244297433640881 ], [ -119.945751097225752, 39.244316037413014 ], [ -119.945773459802638, 39.244334641181304 ], [ -119.945791349872607, 39.244349524193105 ], [ -119.945485091102697, 39.244038803015741 ], [ -119.945633328380467, 39.243826492544038 ], [ -119.945700415606737, 39.243882303887098 ], [ -119.946003626699408, 39.243836211827542 ], [ -119.946136239644446, 39.24398382668096 ], [ -119.946083703132146, 39.244126582298193 ], [ -119.946335941165884, 39.244187252407016 ], [ -119.946420705677085, 39.244369644866111 ], [ -119.946369731552423, 39.244476408004807 ], [ -119.946139074035884, 39.244452337933943 ], [ -119.946076869015855, 39.244497549060668 ], [ -119.946392875421594, 39.244477015356502 ], [ -119.946547072180707, 39.244661229769854 ], [ -119.94668593579371, 39.244664873613964 ], [ -119.946806837001219, 39.2450824324577 ], [ -119.946810741908934, 39.244992450903212 ], [ -119.947045306101074, 39.244926538143289 ], [ -119.946987587967129, 39.24465477172749 ], [ -119.947087972717256, 39.244477237455001 ], [ -119.946861219615144, 39.244363187230761 ], [ -119.946941584120552, 39.244113060557559 ], [ -119.946827427221891, 39.244074031693579 ], [ -119.946789730267966, 39.243874857716854 ], [ -119.946588466210855, 39.243707425366829 ], [ -119.94663787740474, 39.243636654709967 ], [ -119.946890895187934, 39.243679327254164 ], [ -119.946988155048984, 39.243573778268697 ], [ -119.946970477753283, 39.243447196818842 ], [ -119.946791576950559, 39.243298368375264 ], [ -119.946797980615671, 39.243150798581787 ], [ -119.946746070919446, 39.243279157540819 ], [ -119.946637382286298, 39.243114154341519 ], [ -119.946670678212783, 39.242880809529993 ], [ -119.946467074129814, 39.242767366009339 ], [ -119.946694887541625, 39.242322923724053 ], [ -119.946712848867421, 39.241909008405926 ], [ -119.946348027513736, 39.241773317582989 ], [ -119.946629648005498, 39.241690623544102 ], [ -119.94652955235631, 39.241327660814228 ], [ -119.946704827581101, 39.24102597421691 ], [ -119.946705608477458, 39.241007977895322 ], [ -119.946717907491404, 39.241018209855056 ], [ -119.946748624554587, 39.240999975894937 ], [ -119.946648674800983, 39.240718215010418 ], [ -119.946512161784781, 39.240660582468607 ], [ -119.946516847386803, 39.240552604550551 ], [ -119.946681188149967, 39.24050286638974 ], [ -119.946618788568358, 39.240339077748793 ] ], [ [ -119.949228133487722, 39.243898684591578 ], [ -119.949239904569581, 39.24391566570911 ], [ -119.94934022114127, 39.243833650706257 ], [ -119.949228133487722, 39.243898684591578 ] ], [ [ -119.948123850727853, 39.247050202649774 ], [ -119.948134960947797, 39.24706232570113 ], [ -119.948256284735336, 39.246922135884233 ], [ -119.948123850727853, 39.247050202649774 ] ], [ [ -119.951453192692668, 39.258032219188465 ], [ -119.951458719750192, 39.258038369600733 ], [ -119.951458979801458, 39.258032370817823 ], [ -119.951453192692668, 39.258032219188465 ] ], [ [ -119.951469773868112, 39.258050670424545 ], [ -119.951480827989855, 39.258062971247504 ], [ -119.951481348088961, 39.25805097368147 ], [ -119.951469773868112, 39.258050670424545 ] ], [ [ -119.951486355052126, 39.258069121658593 ], [ -119.951492572998347, 39.258076040870819 ], [ -119.951503716388274, 39.258069576541246 ], [ -119.951486355052126, 39.258069121658593 ] ], [ [ -119.957482342648518, 39.264225662984963 ], [ -119.95774918384565, 39.264232640700421 ], [ -119.957518456554652, 39.264208590578676 ], [ -119.957553288616722, 39.263939249488111 ], [ -119.957482342648518, 39.264225662984963 ] ], [ [ -119.959847261608559, 39.278769966429778 ], [ -119.959897624973948, 39.278864379891012 ], [ -119.960033346343948, 39.278942245711086 ], [ -119.960033443661473, 39.278939996157632 ], [ -119.959847261608559, 39.278769966429778 ] ], [ [ -119.928874450983741, 39.28006739669037 ], [ -119.929032535630768, 39.279918428317764 ], [ -119.92818485594033, 39.280463572747969 ], [ -119.928874450983741, 39.28006739669037 ] ], [ [ -119.940783616353755, 39.257056005613251 ], [ -119.940700069011484, 39.257101373111873 ], [ -119.940643595587233, 39.257334106021219 ], [ -119.940783616353755, 39.257056005613251 ] ], [ [ -119.940384979940973, 39.252624931468645 ], [ -119.940385203607903, 39.252619789703111 ], [ -119.940148818424248, 39.252726821808132 ], [ -119.940384979940973, 39.252624931468645 ] ], [ [ -119.945724967065985, 39.244297334748879 ], [ -119.945728578413252, 39.244301032899855 ], [ -119.945728734660676, 39.244297433640881 ], [ -119.945724967065985, 39.244297334748879 ] ], [ [ -119.94574302380623, 39.244315825502909 ], [ -119.945750762412075, 39.244323750111029 ], [ -119.945751097225752, 39.244316037413014 ], [ -119.94574302380623, 39.244315825502909 ] ], [ [ -119.945761080555869, 39.244334316254488 ], [ -119.945772946425009, 39.244346467318437 ], [ -119.945773459802638, 39.244334641181304 ], [ -119.945761080555869, 39.244334316254488 ] ], [ [ -119.94698648656518, 39.245198850304824 ], [ -119.946921776442991, 39.245103465087595 ], [ -119.946806837001219, 39.2450824324577 ], [ -119.94698648656518, 39.245198850304824 ] ], [ [ -119.958704866600343, 39.27749996330494 ], [ -119.95807366491664, 39.277087091576689 ], [ -119.959261251994533, 39.277981061994616 ], [ -119.958704866600343, 39.27749996330494 ] ], [ [ -119.954570730199961, 39.27511098718076 ], [ -119.954656055472057, 39.275177985855024 ], [ -119.955068151954947, 39.275296873072165 ], [ -119.954570730199961, 39.27511098718076 ] ], [ [ -119.953645762256471, 39.274711546989707 ], [ -119.953655995272541, 39.274719400949223 ], [ -119.953710226456977, 39.274732286209009 ], [ -119.953645762256471, 39.274711546989707 ] ], [ [ -119.952993384761996, 39.274417383608572 ], [ -119.953064915065198, 39.27445168720066 ], [ -119.953364355213523, 39.274495562782299 ], [ -119.952993384761996, 39.274417383608572 ] ], [ [ -119.951624621122491, 39.273624610625006 ], [ -119.951662159452553, 39.273658236343643 ], [ -119.951916848879748, 39.273664909515098 ], [ -119.951624621122491, 39.273624610625006 ] ], [ [ -119.951348937977869, 39.27339779422865 ], [ -119.951058872214148, 39.273137958143678 ], [ -119.951303411622945, 39.273378584448608 ], [ -119.951191547463708, 39.273285569182143 ], [ -119.951278696890839, 39.273413970297604 ], [ -119.951353095962304, 39.273401567613142 ], [ -119.951348937977869, 39.27339779422865 ] ], [ [ -119.950797938954892, 39.273275253495818 ], [ -119.950855731352632, 39.273328680881747 ], [ -119.951191547463708, 39.273285569182143 ], [ -119.950797938954892, 39.273275253495818 ] ], [ [ -119.950711750973596, 39.272768525397844 ], [ -119.950704813973232, 39.272750326822205 ], [ -119.950668040735394, 39.272728597902884 ], [ -119.950712520504652, 39.272773049756104 ], [ -119.950711750973596, 39.272768525397844 ] ], [ [ -119.950708952679449, 39.27275207318597 ], [ -119.950706937908308, 39.272740227593403 ], [ -119.950704813973232, 39.272750326822205 ], [ -119.950708952679449, 39.27275207318597 ] ], [ [ -119.950963115307914, 39.271978549632834 ], [ -119.950821629358686, 39.272194869122721 ], [ -119.950774285934386, 39.272419988571137 ], [ -119.950963115307914, 39.271978549632834 ] ], [ [ -119.950990950453672, 39.271913477031006 ], [ -119.950981657176541, 39.27192097850093 ], [ -119.950986506004412, 39.27192386720958 ], [ -119.950990950453672, 39.271913477031006 ] ], [ [ -119.952042692075651, 39.271163876968238 ], [ -119.952025327500053, 39.271163422039798 ], [ -119.952002174733153, 39.271162815464528 ], [ -119.952002339023494, 39.271159026766171 ], [ -119.951609118432955, 39.271414490586359 ], [ -119.951355876121227, 39.271618909595787 ], [ -119.952042692075651, 39.271163876968238 ] ], [ [ -119.952026107872854, 39.271145425722182 ], [ -119.952026190017321, 39.271143531372978 ], [ -119.952012276938845, 39.271152570352974 ], [ -119.952025327500053, 39.271163422039798 ], [ -119.952026107872854, 39.271145425722182 ] ], [ [ -119.952045811999753, 39.271161809917565 ], [ -119.952068851433424, 39.271146545540667 ], [ -119.952049260634524, 39.271146032292471 ], [ -119.952026107872854, 39.271145425722182 ], [ -119.952045811999753, 39.271161809917565 ] ], [ [ -119.952050041000717, 39.271128035974442 ], [ -119.952037452983006, 39.271136214102114 ], [ -119.952049260634524, 39.271146032292471 ], [ -119.952050041000717, 39.271128035974442 ] ], [ [ -119.952070771385792, 39.271145273509035 ], [ -119.952095010778322, 39.271129214106715 ], [ -119.952073193757201, 39.271128642539757 ], [ -119.952073806896948, 39.271114502575223 ], [ -119.952050041000717, 39.271128035974442 ], [ -119.952070771385792, 39.271145273509035 ] ], [ [ -119.952147329429778, 39.271094551219448 ], [ -119.952121059967084, 39.271093863017988 ], [ -119.952121338662295, 39.271087435761061 ], [ -119.952103276595707, 39.27109772115292 ], [ -119.95212027961999, 39.271111859337296 ], [ -119.952097126868068, 39.271111252781573 ], [ -119.952097572784126, 39.27110096917076 ], [ -119.952076658803904, 39.27111287856696 ], [ -119.952095730760135, 39.271128737094664 ], [ -119.952147329429778, 39.271094551219448 ] ], [ [ -119.952173488736278, 39.271077219766177 ], [ -119.952168145795881, 39.271077079794729 ], [ -119.952168870391631, 39.271060368925902 ], [ -119.952133221598004, 39.271080669054243 ], [ -119.95215464103849, 39.271089707025084 ], [ -119.952173488736278, 39.271077219766177 ] ], [ [ -119.952199648030046, 39.271059888306418 ], [ -119.952192078866091, 39.271059690015235 ], [ -119.952192636242771, 39.271046835500456 ], [ -119.952169821025862, 39.271059827588992 ], [ -119.952183088478606, 39.27107085959819 ], [ -119.952199648030046, 39.271059888306418 ] ], [ [ -119.952225807310924, 39.271042556840278 ], [ -119.952216011924463, 39.271042300230363 ], [ -119.952216402084886, 39.271033302069789 ], [ -119.952196438778103, 39.271044670151909 ], [ -119.952208047800525, 39.27105432315745 ], [ -119.952225807310924, 39.271042556840278 ] ], [ [ -119.952251966579055, 39.271025225367666 ], [ -119.952239944971055, 39.271024910440005 ], [ -119.952240167918021, 39.271019768633849 ], [ -119.952223056519074, 39.271029512708246 ], [ -119.952233007110777, 39.271037786710856 ], [ -119.952251966579055, 39.271025225367666 ] ], [ [ -119.952278125834312, 39.271007893888644 ], [ -119.952263878005851, 39.271007520644261 ], [ -119.952263933742117, 39.271006235192679 ], [ -119.952249674248748, 39.271014355257996 ], [ -119.952257966409363, 39.271021250258364 ], [ -119.952278125834312, 39.271007893888644 ] ], [ [ -119.952304285076778, 39.270990562403178 ], [ -119.952292020613484, 39.270990241119087 ], [ -119.952276291967067, 39.270999197801196 ], [ -119.952282925696281, 39.271004713800046 ], [ -119.952304285076778, 39.270990562403178 ] ], [ [ -119.952330444306511, 39.270973230911238 ], [ -119.952322267999449, 39.2709730167239 ], [ -119.952302909674117, 39.270984040337787 ], [ -119.95230788497156, 39.270988177335852 ], [ -119.952330444306511, 39.270973230911238 ] ], [ [ -119.952382762727467, 39.270938567908111 ], [ -119.952329527369869, 39.270968882867798 ], [ -119.952332844235187, 39.270971640865802 ], [ -119.952382762727467, 39.270938567908111 ] ], [ [ -119.951744159163368, 39.269369162092978 ], [ -119.951893431043558, 39.26939432358693 ], [ -119.951705872389809, 39.269443459780938 ], [ -119.952335663365815, 39.269351858725848 ], [ -119.951744159163368, 39.269369162092978 ] ], [ [ -119.95172512256967, 39.269534047981722 ], [ -119.952128816540153, 39.270050119255984 ], [ -119.9521223550462, 39.269994874339993 ], [ -119.951705872389809, 39.269443459780938 ], [ -119.95172512256967, 39.269534047981722 ] ], [ [ -119.951151264610687, 39.268870407408102 ], [ -119.951640317925367, 39.269351658334379 ], [ -119.951670813463636, 39.269356798754835 ], [ -119.951151264610687, 39.268870407408102 ] ], [ [ -119.950446825210946, 39.268545659887586 ], [ -119.950269504634434, 39.268506220864175 ], [ -119.950285542870859, 39.268523415506188 ], [ -119.950423673339515, 39.268545053032106 ], [ -119.95040837693125, 39.268577082253898 ], [ -119.95044604450635, 39.268563656186714 ], [ -119.950557900517708, 39.268656671901503 ], [ -119.950532146817679, 39.268684611729569 ], [ -119.950580271755399, 39.268675275032777 ], [ -119.950736090112315, 39.268823493146016 ], [ -119.950446825210946, 39.268545659887586 ] ], [ [ -119.949840739012132, 39.26755686652519 ], [ -119.949803624000808, 39.26752600203185 ], [ -119.949794212341359, 39.267654288508005 ], [ -119.949840739012132, 39.26755686652519 ] ], [ [ -119.949999167915593, 39.267110600826811 ], [ -119.949857136325662, 39.267178944376354 ], [ -119.949841012295437, 39.267016370780176 ], [ -119.949827250198354, 39.267203960010711 ], [ -119.949999167915593, 39.267110600826811 ] ], [ [ -119.950250980329642, 39.266648766011578 ], [ -119.950262426782388, 39.266598619112578 ], [ -119.949999167915593, 39.267110600826811 ], [ -119.950250980329642, 39.266648766011578 ] ], [ [ -119.950140689222394, 39.266519757514857 ], [ -119.950131591090312, 39.266195217214545 ], [ -119.950059524390994, 39.266787881309881 ], [ -119.950140689222394, 39.266519757514857 ] ], [ [ -119.949388965702042, 39.265148791917198 ], [ -119.949453732710097, 39.265258590713479 ], [ -119.949813994999815, 39.265502254138923 ], [ -119.949388965702042, 39.265148791917198 ] ], [ [ -119.94959888396572, 39.265118262318587 ], [ -119.949376929376768, 39.265128386827897 ], [ -119.949388965702042, 39.265148791917198 ], [ -119.94959888396572, 39.265118262318587 ] ], [ [ -119.949801680433382, 39.264938319783376 ], [ -119.949768746874867, 39.264942548063722 ], [ -119.94959888396572, 39.265118262318587 ], [ -119.949801680433382, 39.264938319783376 ] ], [ [ -119.949873325457972, 39.264946731097218 ], [ -119.949868633261701, 39.264929723799575 ], [ -119.949837607947899, 39.264933707103076 ], [ -119.949873325457972, 39.264946731097218 ] ], [ [ -119.949842883439956, 39.264836391066062 ], [ -119.949685513758169, 39.264724164686243 ], [ -119.949861308861756, 39.264903175822461 ], [ -119.949842883439956, 39.264836391066062 ] ], [ [ -119.949314094078289, 39.263669453734018 ], [ -119.949236834554753, 39.26384759560402 ], [ -119.949245782322393, 39.263855036934416 ], [ -119.949314094078289, 39.263669453734018 ] ], [ [ -119.949211113014556, 39.262837982008229 ], [ -119.949021417046964, 39.262975823617019 ], [ -119.949038148596813, 39.263070829629726 ], [ -119.949211113014556, 39.262837982008229 ] ], [ [ -119.948384452946499, 39.262325217196491 ], [ -119.948375653612217, 39.262329619286803 ], [ -119.948462785465125, 39.262458021985005 ], [ -119.948384452946499, 39.262325217196491 ] ], [ [ -119.948712834383116, 39.262133726521938 ], [ -119.948665165825886, 39.262066960843711 ], [ -119.948679514867294, 39.262151346791448 ], [ -119.948712834383116, 39.262133726521938 ] ], [ [ -119.949330535508281, 39.261688039896811 ], [ -119.94932357537256, 39.261628508025822 ], [ -119.949282674702744, 39.261722818515416 ], [ -119.949217491529481, 39.261629621579196 ], [ -119.949259525101013, 39.261722211516215 ], [ -119.949177048080415, 39.261868043798273 ], [ -119.949330535508281, 39.261688039896811 ] ], [ [ -119.949409353615366, 39.261473905197867 ], [ -119.949455132154895, 39.261487116662039 ], [ -119.949398559629827, 39.261455605409509 ], [ -119.949382004697767, 39.261493778720215 ], [ -119.949409353615366, 39.261473905197867 ] ], [ [ -119.949574014732192, 39.260883668791116 ], [ -119.949587824982416, 39.260852986574015 ], [ -119.949480636669776, 39.260899237348184 ], [ -119.949574014732192, 39.260883668791116 ] ], [ [ -119.949702252276566, 39.260598762402807 ], [ -119.949709570245474, 39.260603336715867 ], [ -119.949701390319589, 39.260584978958761 ], [ -119.949655620570184, 39.260702364748362 ], [ -119.949702252276566, 39.260598762402807 ] ], [ [ -119.949649198927773, 39.26021901915685 ], [ -119.949789654914369, 39.260186667874571 ], [ -119.949807966421105, 39.260170572490054 ], [ -119.949673128714267, 39.260201629747293 ], [ -119.949635808295042, 39.259993458354451 ], [ -119.949618242948276, 39.260398375358356 ], [ -119.949649198927773, 39.26021901915685 ] ], [ [ -119.949606317463008, 39.259828959275019 ], [ -119.949596146020568, 39.259839275887934 ], [ -119.949553246261274, 39.259815962066227 ], [ -119.949620070823357, 39.259905675234165 ], [ -119.949606317463008, 39.259828959275019 ] ], [ [ -119.949012231520896, 39.259409579705213 ], [ -119.949120948586867, 39.259574581497674 ], [ -119.949135267582079, 39.25958191080835 ], [ -119.949012231520896, 39.259409579705213 ] ], [ [ -119.948327419359813, 39.258634915549123 ], [ -119.948341196294237, 39.258851478225253 ], [ -119.948205428512821, 39.258775850093052 ], [ -119.948352428545945, 39.259001320536385 ], [ -119.948327419359813, 39.258634915549123 ] ], [ [ -119.947394240281866, 39.257709597330944 ], [ -119.947559402553409, 39.257641863325738 ], [ -119.947302428529142, 39.257689171731542 ], [ -119.947396039104774, 39.257712647321263 ], [ -119.947394240281866, 39.257709597330944 ] ], [ [ -119.947589494780757, 39.257389634554769 ], [ -119.947546409166037, 39.257407304337363 ], [ -119.947559402553409, 39.257641863325738 ], [ -119.947589494780757, 39.257389634554769 ] ], [ [ -119.947305553350787, 39.257617186610879 ], [ -119.947289083245963, 39.257610676536579 ], [ -119.947302428529142, 39.257689171731542 ], [ -119.947305553350787, 39.257617186610879 ] ], [ [ -119.947307896959686, 39.257563197769691 ], [ -119.947202879223781, 39.257419911528629 ], [ -119.947305553350787, 39.257617186610879 ], [ -119.947307896959686, 39.257563197769691 ] ], [ [ -119.947134970966658, 39.257275935804195 ], [ -119.947107876638867, 39.257237375323619 ], [ -119.947134430109315, 39.257288394766221 ], [ -119.947134970966658, 39.257275935804195 ] ], [ [ -119.946763571092504, 39.256756176952209 ], [ -119.946816898655655, 39.256595425335988 ], [ -119.946756830839988, 39.256377647757972 ], [ -119.946740058588219, 39.256366474230134 ], [ -119.946772946865963, 39.256540221660863 ], [ -119.946740539885781, 39.256539371255606 ], [ -119.946795313405005, 39.256558825362752 ], [ -119.946742167374623, 39.256791648839965 ], [ -119.946877748092604, 39.256795206615045 ], [ -119.946763571092504, 39.256756176952209 ] ], [ [ -119.946550444191629, 39.256257292554807 ], [ -119.946551913568783, 39.256275932620419 ], [ -119.946625699042826, 39.256302139494117 ], [ -119.946550444191629, 39.256257292554807 ] ], [ [ -119.946239319224475, 39.255912734728959 ], [ -119.946461379323253, 39.256243776885981 ], [ -119.946545023151486, 39.256273485302117 ], [ -119.946239319224475, 39.255912734728959 ] ], [ [ -119.94626254489566, 39.255806155881572 ], [ -119.946179213572563, 39.255803968775808 ], [ -119.946172933522675, 39.255788489687454 ], [ -119.94615217701562, 39.255795888664522 ], [ -119.946156065984482, 39.25580336123587 ], [ -119.946131355488873, 39.255838746223645 ], [ -119.946104988437142, 39.255824951062849 ], [ -119.946035639179811, 39.255908301054099 ], [ -119.94601462468502, 39.255909666152213 ], [ -119.946043465233956, 39.255936337260827 ], [ -119.946178432130637, 39.255821965042806 ], [ -119.946187794301508, 39.2558359220616 ], [ -119.94626254489566, 39.255806155881572 ] ], [ [ -119.945977770779194, 39.255677172989202 ], [ -119.945860483331813, 39.255491357301246 ], [ -119.945950082221515, 39.255743904380004 ], [ -119.945977770779194, 39.255677172989202 ] ], [ [ -119.946001847740149, 39.255619145685252 ], [ -119.945959693071515, 39.255557014646115 ], [ -119.945985326851329, 39.255658962293502 ], [ -119.946001847740149, 39.255619145685252 ] ], [ [ -119.945944824142359, 39.255483810017267 ], [ -119.945938657145305, 39.255473352843396 ], [ -119.945941480145819, 39.255484580185012 ], [ -119.945944824142359, 39.255483810017267 ] ], [ [ -119.945919950598167, 39.255441632747498 ], [ -119.945918071744984, 39.255454795733542 ], [ -119.945938657145263, 39.25547335284331 ], [ -119.945919950598167, 39.255441632747498 ] ], [ [ -119.945362614352987, 39.254736702316237 ], [ -119.945368088375886, 39.254737703967905 ], [ -119.945530509724392, 39.254732959521633 ], [ -119.945362614352987, 39.254736702316237 ] ], [ [ -119.945349460567314, 39.254723473320404 ], [ -119.945320754183626, 39.254729042618692 ], [ -119.945346075816801, 39.254733676047969 ], [ -119.945349460567314, 39.254723473320404 ] ], [ [ -119.945120504124105, 39.25456905287902 ], [ -119.945138179562719, 39.254695634381164 ], [ -119.945183161697955, 39.254703865422208 ], [ -119.945120504124105, 39.25456905287902 ] ], [ [ -119.94530724468278, 39.254537922077013 ], [ -119.945115768174574, 39.254565767697933 ], [ -119.945120504124105, 39.25456905287902 ], [ -119.94530724468278, 39.254537922077013 ] ], [ [ -119.945584874124805, 39.254351767200419 ], [ -119.945571242134292, 39.254328651309187 ], [ -119.94530724468278, 39.254537922077013 ], [ -119.945584874124805, 39.254351767200419 ] ], [ [ -119.944957249548693, 39.254272894721353 ], [ -119.944947052668269, 39.254294247117876 ], [ -119.944807649121543, 39.25430259795565 ], [ -119.944964836904063, 39.25432723215377 ], [ -119.944957249548693, 39.254272894721353 ] ], [ [ -119.944562934385843, 39.254067959543811 ], [ -119.944715582049028, 39.254288169257165 ], [ -119.944725446376168, 39.25428971519257 ], [ -119.944562934385843, 39.254067959543811 ] ], [ [ -119.944341069507985, 39.253731948213051 ], [ -119.944321609331283, 39.253755336957823 ], [ -119.944615482688022, 39.253925205237593 ], [ -119.944341069507985, 39.253731948213051 ] ], [ [ -119.944461667076339, 39.253564647631841 ], [ -119.944452750037399, 39.253572084970344 ], [ -119.944454364381599, 39.253572804711979 ], [ -119.944461667076339, 39.253564647631841 ] ], [ [ -119.944363064745218, 39.253498647165188 ], [ -119.944334534443655, 39.253519379454232 ], [ -119.944426690085166, 39.253560466357193 ], [ -119.944363064745218, 39.253498647165188 ] ], [ [ -119.942916866657995, 39.251952793571789 ], [ -119.943010697759462, 39.252459728498323 ], [ -119.94304945720566, 39.252493770502674 ], [ -119.942916866657995, 39.251952793571789 ] ], [ [ -119.943572313352263, 39.248600874760051 ], [ -119.944145470331719, 39.248742046184411 ], [ -119.943618603681614, 39.248602090676854 ], [ -119.943591995835661, 39.248573552578065 ], [ -119.943163205365906, 39.248950463489933 ], [ -119.943572313352263, 39.248600874760051 ] ], [ [ -119.944271821809522, 39.248717531590309 ], [ -119.944225408124609, 39.248698629430294 ], [ -119.944145470331719, 39.248742046184411 ], [ -119.944271821809522, 39.248717531590309 ] ], [ [ -119.944535448991772, 39.245698441353753 ], [ -119.944505894581681, 39.24577874086517 ], [ -119.944561258927848, 39.246104496936084 ], [ -119.944535448991772, 39.245698441353753 ] ], [ [ -119.944592350057704, 39.245625723447063 ], [ -119.944558435704721, 39.245635986170505 ], [ -119.944550106029894, 39.245658618014637 ], [ -119.944592350057704, 39.245625723447063 ] ], [ [ -119.944847355263505, 39.245427155049747 ], [ -119.944845544263984, 39.245427323270448 ], [ -119.945002249499908, 39.245257275229349 ], [ -119.944872595844956, 39.245337949550887 ], [ -119.944793453160969, 39.245469127883759 ], [ -119.944847355263505, 39.245427155049747 ] ], [ [ -119.947302686720292, 39.247186541007672 ], [ -119.947303728760559, 39.247184527046677 ], [ -119.947295592265732, 39.247183805512812 ], [ -119.947302686720292, 39.247186541007672 ] ], [ [ -119.947395245512936, 39.247007651239343 ], [ -119.947383267445232, 39.246957867144751 ], [ -119.9473365023307, 39.24712118519205 ], [ -119.947395245512936, 39.247007651239343 ] ], [ [ -119.947583806919553, 39.246400026576445 ], [ -119.947591756037724, 39.246410175405806 ], [ -119.947634780820039, 39.246293262918165 ], [ -119.947512030820718, 39.246452194098595 ], [ -119.947473550230541, 39.24627101660559 ], [ -119.9475104691371, 39.246488186735128 ], [ -119.947457933172345, 39.246630942956685 ], [ -119.947583806919553, 39.246400026576445 ] ], [ [ -119.947273058871588, 39.246085588848928 ], [ -119.947287065141225, 39.246067939501167 ], [ -119.947211019220845, 39.246065944416358 ], [ -119.947211780311463, 39.246071394105186 ], [ -119.947473550230541, 39.24627101660559 ], [ -119.947273058871588, 39.246085588848928 ] ], [ [ -119.947249698397812, 39.246342900725175 ], [ -119.947257616177524, 39.246399594562803 ], [ -119.947327215064689, 39.246386088541293 ], [ -119.947249698397812, 39.246342900725175 ] ], [ [ -119.946914958896983, 39.246328428732838 ], [ -119.947212713656867, 39.246408308102396 ], [ -119.94723527551578, 39.246403929872912 ], [ -119.946914958896983, 39.246328428732838 ] ], [ [ -119.9469269585273, 39.24551798751795 ], [ -119.947053780694617, 39.245750619759363 ], [ -119.947081158837662, 39.245702201339704 ], [ -119.946904588969488, 39.245467652697869 ], [ -119.946879889105503, 39.245534769306019 ], [ -119.946725210238426, 39.245406094473623 ], [ -119.946722565627127, 39.245422540481613 ], [ -119.946677058279448, 39.245403329572802 ], [ -119.946744147796707, 39.245459140392505 ], [ -119.946744928806126, 39.245441144083962 ], [ -119.946767291996963, 39.245459747682446 ], [ -119.946744147796736, 39.245459140392519 ], [ -119.946811237420164, 39.245514951177242 ], [ -119.946720222581177, 39.245476529406069 ], [ -119.946699129667081, 39.245520707301672 ], [ -119.946855963894762, 39.245552158347643 ], [ -119.946629354718795, 39.245666846462932 ], [ -119.946592785797876, 39.245743437446656 ], [ -119.9469269585273, 39.24551798751795 ] ], [ [ -119.946583700515333, 39.24541889662266 ], [ -119.946470669187107, 39.245423905176452 ], [ -119.946720222581177, 39.245476529406069 ], [ -119.946583700515333, 39.24541889662266 ] ], [ [ -119.946840227344723, 39.245321530747653 ], [ -119.946819047326969, 39.245334988079193 ], [ -119.94681308554857, 39.245329119004261 ], [ -119.946823967756202, 39.245344818540516 ], [ -119.946840227344723, 39.245321530747653 ] ], [ [ -119.947008886262424, 39.245231868257598 ], [ -119.947000590075888, 39.245219639386619 ], [ -119.946974367270769, 39.245236300883555 ], [ -119.947008886262424, 39.245231868257598 ] ], [ [ -119.949422331951112, 39.24942101391143 ], [ -119.949538059759547, 39.249424047908967 ], [ -119.949225613931105, 39.249377248924382 ], [ -119.949422331951112, 39.24942101391143 ] ], [ [ -119.949143804775659, 39.249431728185492 ], [ -119.949146680322272, 39.249365425892698 ], [ -119.949100635730943, 39.24935852909995 ], [ -119.949092788109198, 39.24935090465285 ], [ -119.949143804775659, 39.249431728185492 ] ], [ [ -119.948799743868037, 39.249350639348464 ], [ -119.949051222551461, 39.249429300682841 ], [ -119.949143804775659, 39.249431728185492 ], [ -119.948799743868037, 39.249350639348464 ] ], [ [ -119.948244569147633, 39.249349162206521 ], [ -119.948426104921694, 39.249376655543635 ], [ -119.948428634896388, 39.249358924144481 ], [ -119.948799743868037, 39.249350639348464 ], [ -119.948244569147633, 39.249349162206521 ] ], [ [ -119.947852339664735, 39.249289758572417 ], [ -119.947667831704038, 39.249136280088521 ], [ -119.947667831703981, 39.249136280088521 ], [ -119.947852339664735, 39.249289758572417 ] ], [ [ -119.947617411178356, 39.249130580114922 ], [ -119.947512185764324, 39.249118684448426 ], [ -119.947252900301365, 39.249219982950585 ], [ -119.947617411178356, 39.249130580114922 ] ], [ [ -119.946949952660091, 39.2487255810222 ], [ -119.946705664041261, 39.248649162924941 ], [ -119.946581971725905, 39.248661874853191 ], [ -119.946949952660091, 39.2487255810222 ] ], [ [ -119.946966250016644, 39.24823740635658 ], [ -119.946967764188273, 39.248235090678683 ], [ -119.946905510570517, 39.248147877464035 ], [ -119.946966250016644, 39.24823740635658 ] ], [ [ -119.947496132728972, 39.247352617098436 ], [ -119.947538518106612, 39.247443813002981 ], [ -119.947509565498549, 39.247484418586758 ], [ -119.947658146615353, 39.247356867156128 ], [ -119.947635782606781, 39.247338263701188 ], [ -119.947539298968124, 39.247425816687247 ], [ -119.947499256204111, 39.247280631836816 ], [ -119.947490237309424, 39.247277227451733 ], [ -119.946905510570517, 39.248147877464035 ], [ -119.947496132728972, 39.247352617098436 ] ], [ [ -119.947944793825641, 39.240749214432284 ], [ -119.947930123810579, 39.240726511533559 ], [ -119.947922301629447, 39.240733610484547 ], [ -119.947944793825641, 39.240749214432284 ] ], [ [ -119.948509658644966, 39.2414783279022 ], [ -119.948262925613619, 39.241427183070336 ], [ -119.948506698958028, 39.241481423876422 ], [ -119.948509658644966, 39.2414783279022 ] ], [ [ -119.948554475920062, 39.241772990596736 ], [ -119.948501108144526, 39.241811782467202 ], [ -119.948499459426429, 39.241797677326666 ], [ -119.948309719777313, 39.241950897918279 ], [ -119.948548174671714, 39.241794999900286 ], [ -119.948554475920062, 39.241772990596736 ] ], [ [ -119.948422313253175, 39.242025917930661 ], [ -119.948333097200717, 39.242043232964164 ], [ -119.948561171912957, 39.242029559335606 ], [ -119.94855805010647, 39.242101544733593 ], [ -119.948579224781398, 39.241978827052023 ], [ -119.948445456361384, 39.242026524842963 ], [ -119.948309719777313, 39.241950897918279 ], [ -119.948422313253175, 39.242025917930661 ] ], [ [ -119.948089983711412, 39.242209381652785 ], [ -119.948133672939861, 39.24208193690275 ], [ -119.948095187533312, 39.242089406043483 ], [ -119.948089983711412, 39.242209381652785 ] ], [ [ -119.948002171644717, 39.242453308322503 ], [ -119.948016988160873, 39.242413043609631 ], [ -119.94798778362977, 39.24242890853413 ], [ -119.948002171644717, 39.242453308322503 ] ], [ [ -119.947557618880978, 39.24268288973596 ], [ -119.947646850325796, 39.242664303533296 ], [ -119.947560275522534, 39.242669930318854 ], [ -119.947557618880978, 39.24268288973596 ] ], [ [ -119.947605579204591, 39.242768325693639 ], [ -119.947552771920357, 39.242706533778581 ], [ -119.947544807560774, 39.242745384818093 ], [ -119.947605579204591, 39.242768325693639 ] ], [ [ -119.948619945063868, 39.24174283148529 ], [ -119.948630090558993, 39.241508878909926 ], [ -119.948594800327669, 39.241888558751846 ], [ -119.948619945063868, 39.24174283148529 ] ], [ [ -119.948583804675494, 39.241507665167418 ], [ -119.94857548004957, 39.241699626247488 ], [ -119.948630090558993, 39.241508878909926 ], [ -119.948583804675494, 39.241507665167418 ] ], [ [ -119.94857467910802, 39.242786619756821 ], [ -119.94857514693652, 39.242680144586608 ], [ -119.948485227628993, 39.242712206759229 ], [ -119.94855465763635, 39.242714027471344 ], [ -119.948590017815675, 39.242967190124141 ], [ -119.94857467910802, 39.242786619756821 ] ], [ [ -119.948364047320439, 39.242835146555713 ], [ -119.948480544684941, 39.242820184835431 ], [ -119.947901960650228, 39.242805010569725 ], [ -119.948364047320439, 39.242835146555713 ] ], [ [ -119.947681920501537, 39.24279714394067 ], [ -119.947739176516976, 39.242818757594591 ], [ -119.94784557713696, 39.24272601748136 ], [ -119.94783643387612, 39.242713207789137 ], [ -119.947681920501537, 39.24279714394067 ] ], [ [ -119.94795490196347, 39.247071468752175 ], [ -119.948056453984094, 39.246997659780078 ], [ -119.947993631037235, 39.246923254503152 ], [ -119.948044859469434, 39.246988657906108 ], [ -119.94794915757295, 39.247058214951338 ], [ -119.947937509218491, 39.247050454192696 ], [ -119.94795490196347, 39.247071468752175 ] ], [ [ -119.947534674918984, 39.245930300838126 ], [ -119.94743741235817, 39.246035850147997 ], [ -119.947421326842431, 39.246025132849411 ], [ -119.94744040241612, 39.246049094713214 ], [ -119.947534674918984, 39.245930300838126 ] ], [ [ -119.948248104554366, 39.243612998941074 ], [ -119.948072001244114, 39.24369229419591 ], [ -119.948236348533698, 39.243642554105634 ], [ -119.948248104554366, 39.243612998941074 ] ], [ [ -119.948437819698228, 39.243142124500324 ], [ -119.948397055428742, 39.243249369352029 ], [ -119.948416614067767, 39.243245573490363 ], [ -119.948437819698228, 39.243142124500324 ] ], [ [ -119.948354680994669, 39.243051102676674 ], [ -119.948441647963662, 39.243123448752627 ], [ -119.948444913247016, 39.243107519438212 ], [ -119.948354680994669, 39.243051102676674 ] ], [ [ -119.948778911220515, 39.242885662642053 ], [ -119.948708076243449, 39.242916235485943 ], [ -119.948694979189852, 39.242784144098998 ], [ -119.948690395922398, 39.242789654169975 ], [ -119.948697455673269, 39.242956661645366 ], [ -119.948778911220515, 39.242885662642053 ] ], [ [ -119.948622256317947, 39.243292338154362 ], [ -119.948644657842777, 39.243286042758399 ], [ -119.948614118614415, 39.243001959241028 ], [ -119.948587676405893, 39.243021179165503 ], [ -119.948624597723807, 39.243238349113767 ], [ -119.948576350323179, 39.243241241642998 ], [ -119.948622256317947, 39.243292338154362 ] ], [ [ -119.948812087089422, 39.243189215036409 ], [ -119.948811046531063, 39.243213210169998 ], [ -119.948823347611622, 39.243208310454712 ], [ -119.948812087089422, 39.243189215036409 ] ], [ [ -119.948789283076792, 39.243221878893728 ], [ -119.948772799199958, 39.243204700263526 ], [ -119.948786268075551, 39.243223079815309 ], [ -119.948789283076792, 39.243221878893728 ] ], [ [ -119.948680895595558, 39.243275859020144 ], [ -119.948739534847334, 39.243259379855239 ], [ -119.948829767684416, 39.243315796339019 ], [ -119.948744787901248, 39.243245104149501 ], [ -119.948680895595558, 39.243275859020144 ] ], [ [ -119.948620714174396, 39.242997165154534 ], [ -119.948716085504174, 39.243127308956694 ], [ -119.948701832722691, 39.243060206278535 ], [ -119.948635524201251, 39.242986400249706 ], [ -119.948620714174396, 39.242997165154534 ] ], [ [ -119.949091102790021, 39.243701001646691 ], [ -119.949097739372419, 39.243710575727526 ], [ -119.949091883150871, 39.243683005293335 ], [ -119.949140735308745, 39.243661920435876 ], [ -119.948962385862572, 39.24346340817533 ], [ -119.949091102790021, 39.243701001646691 ] ], [ [ -119.94904904607985, 39.243335058474287 ], [ -119.949019598239133, 39.243212672873206 ], [ -119.948971816264987, 39.243192502389078 ], [ -119.94904904607985, 39.243335058474287 ] ], [ [ -119.948919004642207, 39.2431702086744 ], [ -119.948883078388008, 39.243155042869112 ], [ -119.948854573424072, 39.243195872709698 ], [ -119.948919004642207, 39.2431702086744 ] ], [ [ -119.949221960987543, 39.243930335666988 ], [ -119.948960556885766, 39.244039898237602 ], [ -119.948920512628263, 39.243894713764391 ], [ -119.948932730633047, 39.244147269498846 ], [ -119.948994076500284, 39.244189825297326 ], [ -119.948936632694597, 39.244057287751431 ], [ -119.949148828580221, 39.243972767345717 ], [ -119.949157561756792, 39.243982985836574 ], [ -119.949221960987543, 39.243930335666988 ] ], [ [ -119.949028671657572, 39.245140709694567 ], [ -119.948873686760066, 39.244974494633837 ], [ -119.949094202088574, 39.245232511920598 ], [ -119.949044063736238, 39.245132348335602 ], [ -119.949028671657572, 39.245140709694567 ] ], [ [ -119.948678377347377, 39.244952416249788 ], [ -119.948688534089683, 39.244969639584248 ], [ -119.948873686760066, 39.244974494633837 ], [ -119.948678377347377, 39.244952416249788 ] ], [ [ -119.949196602988351, 39.245049485005829 ], [ -119.949076130555255, 39.245114928830738 ], [ -119.949122028634591, 39.245125140645115 ], [ -119.949196602988351, 39.245049485005829 ] ], [ [ -119.949233788285866, 39.244963036823947 ], [ -119.949221178592012, 39.245024553021757 ], [ -119.949243211876833, 39.245002200203373 ], [ -119.949233788285866, 39.244963036823947 ] ], [ [ -119.949189643396537, 39.244486741602017 ], [ -119.949125618747729, 39.244492148999917 ], [ -119.949126198020593, 39.244494661567614 ], [ -119.949050523062752, 39.244636811927883 ], [ -119.949203206129056, 39.244835940569772 ], [ -119.949125417646016, 39.244512657919088 ], [ -119.949189643396537, 39.244486741602017 ] ], [ [ -119.949259085116907, 39.244101775750899 ], [ -119.949008368075667, 39.244199739391149 ], [ -119.949055281416946, 39.244232283236762 ], [ -119.949046888951258, 39.244186296346108 ], [ -119.949282228925341, 39.244102382523629 ], [ -119.949282228925441, 39.2441023825237 ], [ -119.94920395679901, 39.244037271559634 ], [ -119.949259085116907, 39.244101775750899 ] ], [ [ -119.949455870613008, 39.244379313239406 ], [ -119.949410167688583, 39.244357972063725 ], [ -119.949320586272307, 39.24443390347755 ], [ -119.949455870613008, 39.244379313239406 ] ], [ [ -119.948867470264133, 39.243514969886334 ], [ -119.948878016448489, 39.243509240811456 ], [ -119.948777237149713, 39.243458553422229 ], [ -119.948869991402688, 39.243567084564297 ], [ -119.948867470264133, 39.243514969886334 ] ], [ [ -119.948879688100774, 39.243767525630453 ], [ -119.948737704157594, 39.243835869859659 ], [ -119.948949899573137, 39.243751349797336 ], [ -119.949040133195354, 39.243807766145224 ], [ -119.948961001487675, 39.243741939530288 ], [ -119.948879688100774, 39.243767525630453 ] ], [ [ -119.948633863751695, 39.244761012660156 ], [ -119.948645367967842, 39.244896440407807 ], [ -119.948661555253437, 39.244923890100488 ], [ -119.948633863751695, 39.244761012660156 ] ], [ [ -119.948698951085731, 39.244195189900694 ], [ -119.94861469011903, 39.24453529974258 ], [ -119.948618950919695, 39.244585458169169 ], [ -119.948698951085731, 39.244195189900694 ] ], [ [ -119.947722950479317, 39.248355496659187 ], [ -119.947753290155347, 39.24836830371261 ], [ -119.947629755618181, 39.248545231151247 ], [ -119.947728583299295, 39.248403689213184 ], [ -119.947776803419416, 39.248373244526498 ], [ -119.947722950479317, 39.248355496659187 ] ], [ [ -119.947525742861089, 39.248272250627956 ], [ -119.947531209061069, 39.248146276435762 ], [ -119.94748023347934, 39.24825303996036 ], [ -119.947525742861089, 39.248272250627956 ] ], [ [ -119.947456175618257, 39.24806808312708 ], [ -119.947467924338326, 39.248051256483365 ], [ -119.947442533191804, 39.248053866157292 ], [ -119.947456175618257, 39.24806808312708 ] ], [ [ -119.947685696491732, 39.247789993047299 ], [ -119.947524302427084, 39.247924010631543 ], [ -119.947551290632859, 39.247943262106148 ], [ -119.947541360484337, 39.247912324355681 ], [ -119.947685696491732, 39.247789993047299 ] ], [ [ -119.947992496599866, 39.247697146482437 ], [ -119.948014410864005, 39.247690514552701 ], [ -119.94811245575994, 39.247566968517063 ], [ -119.947992496599866, 39.247697146482437 ] ], [ [ -119.948081252613207, 39.247453837583045 ], [ -119.948093519506116, 39.24744919267193 ], [ -119.948079085731322, 39.247445981267958 ], [ -119.948081252613207, 39.247453837583045 ] ], [ [ -119.948221033765748, 39.247400908740332 ], [ -119.948453135047018, 39.247313021852932 ], [ -119.948425049358448, 39.247304914788387 ], [ -119.948469500263215, 39.247190891120766 ], [ -119.948354834183547, 39.247321090151651 ], [ -119.948347170541766, 39.247309231233537 ], [ -119.948221033765748, 39.247400908740332 ] ], [ [ -119.948515967512591, 39.247071694755633 ], [ -119.948529337774659, 39.2470373976833 ], [ -119.948509519984668, 39.247033771626022 ], [ -119.948515967512591, 39.247071694755633 ] ], [ [ -119.948480076415109, 39.247028384334854 ], [ -119.948414394624066, 39.247016366505207 ], [ -119.948281036875343, 39.247099349724323 ], [ -119.948480076415109, 39.247028384334854 ] ], [ [ -119.94820335006618, 39.247136949206663 ], [ -119.948313525314603, 39.247257167685611 ], [ -119.948224552611606, 39.247119488485993 ], [ -119.948237389946996, 39.247114911497221 ], [ -119.948191006474815, 39.247091583460154 ], [ -119.948201407834361, 39.247118881464282 ], [ -119.948223771933684, 39.247137484814161 ], [ -119.94820335006618, 39.247136949206663 ] ], [ [ -119.948168042395167, 39.247098422894076 ], [ -119.948173752727527, 39.247082905876709 ], [ -119.948136780426552, 39.247064311046955 ], [ -119.948168042395167, 39.247098422894076 ] ], [ [ -119.949174619801241, 39.247409740483882 ], [ -119.949116273134692, 39.247395107550794 ], [ -119.948867754882002, 39.247455510838023 ], [ -119.948738149473982, 39.247565360789054 ], [ -119.949174619801241, 39.247409740483882 ] ], [ [ -119.948670275822792, 39.247527547330392 ], [ -119.948575354344328, 39.247579108547704 ], [ -119.948510603236343, 39.247469309669746 ], [ -119.948550648693981, 39.24759406757336 ], [ -119.948840508967436, 39.247462133019852 ], [ -119.948657876638549, 39.247506522024864 ], [ -119.948670275822792, 39.247527547330392 ] ], [ [ -119.948493703276029, 39.247324732045755 ], [ -119.948596578888143, 39.247410307187671 ], [ -119.948562357234536, 39.247344549264021 ], [ -119.948493703276029, 39.247324732045755 ] ], [ [ -119.948341563035115, 39.247627027748109 ], [ -119.948433362189888, 39.247647452052256 ], [ -119.948542434557638, 39.247597806351081 ], [ -119.948341563035115, 39.247627027748109 ] ], [ [ -119.948760554425135, 39.247741041186757 ], [ -119.948759336287608, 39.247740624762564 ], [ -119.948772731064153, 39.247836519661881 ], [ -119.948760554425135, 39.247741041186757 ] ], [ [ -119.948716649454084, 39.24772603212174 ], [ -119.948662470038244, 39.247707510671376 ], [ -119.948403368268302, 39.247816100056333 ], [ -119.948471845797144, 39.247828629317752 ], [ -119.948716649454084, 39.24772603212174 ] ], [ [ -119.949193486959857, 39.248820459555915 ], [ -119.948970348569546, 39.249156928097989 ], [ -119.948989923499354, 39.249187940030922 ], [ -119.949193486959857, 39.248820459555915 ] ], [ [ -119.947791996360934, 39.247054566724351 ], [ -119.947862251008601, 39.247000313068263 ], [ -119.947836556921544, 39.246983194239192 ], [ -119.947791996360934, 39.247054566724351 ] ], [ [ -119.947510063164444, 39.247913853343462 ], [ -119.947453856216953, 39.247792919623073 ], [ -119.947427978083837, 39.247855299533967 ], [ -119.947510063164444, 39.247913853343462 ] ], [ [ -119.947520299847085, 39.24763275494972 ], [ -119.947552757686125, 39.247590322815654 ], [ -119.947531490321339, 39.247605779841528 ], [ -119.947520299847085, 39.24763275494972 ] ], [ [ -119.947667847449154, 39.247439865452783 ], [ -119.947702874667868, 39.247394074054355 ], [ -119.947658146615353, 39.247356867156128 ], [ -119.947667847449154, 39.247439865452783 ] ], [ [ -119.947355723221534, 39.245981423061394 ], [ -119.947324813851722, 39.245960829014869 ], [ -119.947301895301266, 39.246049251954233 ], [ -119.947355723221534, 39.245981423061394 ] ], [ [ -119.944308094915598, 39.248732303939185 ], [ -119.944306705184133, 39.248764297285661 ], [ -119.944581321416777, 39.248843575832232 ], [ -119.944308094915598, 39.248732303939185 ] ], [ [ -119.946088714501201, 39.249135383388172 ], [ -119.94607482726488, 39.24913501890547 ], [ -119.946075608547488, 39.249117022619536 ], [ -119.946085193165203, 39.249124995658363 ], [ -119.946076993979702, 39.249100808542138 ], [ -119.946043603830162, 39.24911131321857 ], [ -119.946099498598528, 39.249167195810131 ], [ -119.946088714501201, 39.249135383388172 ] ], [ [ -119.946899470070733, 39.24935484423569 ], [ -119.946491444463902, 39.249145952667575 ], [ -119.946603265758725, 39.249238971032753 ], [ -119.946240751237127, 39.249049289657016 ], [ -119.946216043378911, 39.249084674793224 ], [ -119.946217258648787, 39.249056680566703 ], [ -119.946086981482878, 39.249097666430607 ], [ -119.946192897999111, 39.249084067347077 ], [ -119.946238483123381, 39.249101536947201 ], [ -119.946239188759421, 39.249085282234766 ], [ -119.946261552906577, 39.249103885960864 ], [ -119.946276023831672, 39.24911592366395 ], [ -119.946305949150357, 39.249127391924077 ], [ -119.946375717441441, 39.249142915660663 ], [ -119.946344305824041, 39.249142091310418 ], [ -119.946899470070733, 39.24935484423569 ] ], [ [ -119.946243367245188, 39.249103408689052 ], [ -119.94626127569434, 39.249110271740875 ], [ -119.946261552906577, 39.249103885960864 ], [ -119.946243367245188, 39.249103408689052 ] ], [ [ -119.948342711667152, 39.249536838698162 ], [ -119.948397682409038, 39.249538280374409 ], [ -119.948402517604734, 39.249541967387842 ], [ -119.948425412850938, 39.249381505939255 ], [ -119.948342711667152, 39.249536838698162 ] ], [ [ -119.949271454644858, 39.251831309280149 ], [ -119.949360917972356, 39.251905722061728 ], [ -119.949061847708805, 39.251321343138322 ], [ -119.949271454644858, 39.251831309280149 ] ], [ [ -119.948584714925303, 39.249991762673986 ], [ -119.948586476222133, 39.249993651490129 ], [ -119.948584641711022, 39.250007827168844 ], [ -119.948772422702973, 39.249980510890374 ], [ -119.948584714925303, 39.249991762673986 ] ], [ [ -119.948276489409125, 39.249661219486697 ], [ -119.948547727712821, 39.249952097529487 ], [ -119.94850091947481, 39.249829256598026 ], [ -119.948276489409125, 39.249661219486697 ] ], [ [ -119.948115471300213, 39.25741579760043 ], [ -119.9479596688154, 39.2580307158523 ], [ -119.948124332026381, 39.257440481359964 ], [ -119.948115471300213, 39.25741579760043 ] ], [ [ -119.947933181311072, 39.257039098203961 ], [ -119.947976353309144, 39.257112297777695 ], [ -119.948053446376861, 39.257243011269175 ], [ -119.948000282379283, 39.257094908679107 ], [ -119.947933181311072, 39.257039098203961 ] ], [ [ -119.947889126514923, 39.256757395570979 ], [ -119.947965362906473, 39.256769340819901 ], [ -119.947968159254728, 39.256745900725619 ], [ -119.947889126514923, 39.256757395570979 ] ], [ [ -119.94780231666924, 39.256743793534426 ], [ -119.947821814064483, 39.256746848542825 ], [ -119.947787547391187, 39.256656925553479 ], [ -119.94780231666924, 39.256743793534426 ] ], [ [ -119.947864020404737, 39.256496780584186 ], [ -119.947663500556146, 39.256311352592824 ], [ -119.947850740490097, 39.256530410182286 ], [ -119.947965202850298, 39.256301250148404 ], [ -119.947864020404737, 39.256496780584186 ] ], [ [ -119.947819482154856, 39.256027896608281 ], [ -119.947824571646294, 39.256037443885177 ], [ -119.947909817665689, 39.255975495252187 ], [ -119.947819482154856, 39.256027896608281 ] ], [ [ -119.947931790578224, 39.255838866901321 ], [ -119.947914503676643, 39.255867517477796 ], [ -119.947909817665689, 39.255975495252187 ], [ -119.947931790578224, 39.255838866901321 ] ], [ [ -119.947621395056117, 39.255679660660782 ], [ -119.9476139800082, 39.255664642200927 ], [ -119.94760974716057, 39.255692671843292 ], [ -119.947691618846889, 39.255663486095557 ], [ -119.947621395056117, 39.255679660660782 ] ], [ [ -119.947467954197876, 39.255477450620418 ], [ -119.947550696531508, 39.255536467398812 ], [ -119.947387080988847, 39.255205077145163 ], [ -119.947467954197876, 39.255477450620418 ] ], [ [ -119.947556142574797, 39.255047361432354 ], [ -119.947375240007375, 39.255195228191049 ], [ -119.947387080988847, 39.255205077145163 ], [ -119.947556142574797, 39.255047361432354 ] ], [ [ -119.947319982137529, 39.255149266390667 ], [ -119.947342348409506, 39.255167869979402 ], [ -119.947360521014161, 39.255182985392345 ], [ -119.947353923407931, 39.2551414487682 ], [ -119.947319982137529, 39.255149266390667 ] ], [ [ -119.947568639582272, 39.254759420744215 ], [ -119.947564750220977, 39.2547536884652 ], [ -119.947309332853109, 39.254860718472315 ], [ -119.947568639582215, 39.254759420744165 ], [ -119.947568639582272, 39.254759420744215 ] ], [ [ -119.947483080188135, 39.254595025084221 ], [ -119.947439129007563, 39.254539821673283 ], [ -119.947496838228076, 39.254615874135808 ], [ -119.947747852708559, 39.25436775283336 ], [ -119.947483080188135, 39.254595025084221 ] ], [ [ -119.947043283151231, 39.254583486259335 ], [ -119.947035728461273, 39.254570676286882 ], [ -119.946973596065803, 39.254609333010599 ], [ -119.947439129007563, 39.254539821673283 ], [ -119.947043283151231, 39.254583486259335 ] ], [ [ -119.947855534487644, 39.253272784501149 ], [ -119.947979885881054, 39.253292832168952 ], [ -119.948015191761144, 39.253280245655752 ], [ -119.947855534487644, 39.253272784501149 ] ], [ [ -119.948674290246316, 39.25331104452583 ], [ -119.948190054544696, 39.253288417146493 ], [ -119.948233719894944, 39.253317506822263 ], [ -119.948674290246316, 39.25331104452583 ] ], [ [ -119.950478028940097, 39.256587406636058 ], [ -119.950522126321303, 39.256656561244405 ], [ -119.950477497499278, 39.256660707987798 ], [ -119.950591570212282, 39.256658381279991 ], [ -119.950478028940097, 39.256587406636058 ] ], [ [ -119.950197274475471, 39.256666063530155 ], [ -119.950172775481477, 39.256666922763465 ], [ -119.950216115058936, 39.256666038905891 ], [ -119.950181930924174, 39.256485493460417 ], [ -119.950197274475471, 39.256666063530155 ] ], [ [ -119.949325494901103, 39.256696635549687 ], [ -119.949337521717496, 39.256719195164841 ], [ -119.949338458508507, 39.256697599584157 ], [ -119.949349232253766, 39.25669580320298 ], [ -119.949325494901103, 39.256696635549687 ] ], [ [ -119.948039050411737, 39.256735589976024 ], [ -119.948270529796616, 39.25674166154613 ], [ -119.94826326437628, 39.256757803478806 ], [ -119.949305558372302, 39.256679784806373 ], [ -119.949305433664065, 39.256679564757079 ], [ -119.94841019835836, 39.256727307966145 ], [ -119.948472892672726, 39.256350599804151 ], [ -119.948387831320872, 39.256708704556516 ], [ -119.948039050411737, 39.256735589976024 ] ], [ [ -119.949057854375056, 39.256242705081668 ], [ -119.94903546703091, 39.256203201791763 ], [ -119.948899703380832, 39.256127574612456 ], [ -119.949057854375056, 39.256242705081668 ] ], [ [ -119.948526996860537, 39.256171850923181 ], [ -119.948508970988613, 39.256145284899951 ], [ -119.94838654853686, 39.256204200991867 ], [ -119.948899703380832, 39.256127574612456 ], [ -119.948526996860537, 39.256171850923181 ] ], [ [ -119.94842244698647, 39.256017767955456 ], [ -119.948317897555086, 39.255863684908313 ], [ -119.948395919147288, 39.255988245353031 ], [ -119.94842244698647, 39.256017767955456 ] ], [ [ -119.948192835842008, 39.255679370272873 ], [ -119.947989413477359, 39.255743364956416 ], [ -119.947976716920365, 39.255764407760964 ], [ -119.948193163416519, 39.255679853050118 ], [ -119.948192835842008, 39.255679370272873 ] ], [ [ -119.948081495318078, 39.255515276900397 ], [ -119.947833628366084, 39.255595144243145 ], [ -119.9480682277662, 39.255529230877123 ], [ -119.948161074237987, 39.255632560188722 ], [ -119.948081495318078, 39.255515276900397 ] ], [ [ -119.94795608627247, 39.255330448383617 ], [ -119.947952888271558, 39.255325735139138 ], [ -119.947653915347331, 39.255464312399063 ], [ -119.94795608627247, 39.255330448383617 ] ], [ [ -119.947755886927638, 39.25503539134489 ], [ -119.947753606342459, 39.255032030165999 ], [ -119.947743618148593, 39.255036126586511 ], [ -119.947755886927638, 39.25503539134489 ] ], [ [ -119.949713285051615, 39.259720464758651 ], [ -119.94967010440584, 39.25976426184868 ], [ -119.949880178794245, 39.259702587947594 ], [ -119.949716574866656, 39.259734332498418 ], [ -119.949713285051615, 39.259720464758651 ] ], [ [ -119.949954434637448, 39.259491764942688 ], [ -119.950054710372768, 39.259418894675228 ], [ -119.949951823534306, 39.259463290969805 ], [ -119.949954434637448, 39.259491764942688 ] ], [ [ -119.949936941514792, 39.259301002867367 ], [ -119.949937673369448, 39.258911356763321 ], [ -119.94989646494713, 39.258859604298344 ], [ -119.949936941514792, 39.259301002867367 ] ], [ [ -119.949881883519552, 39.25884129188465 ], [ -119.94986713991986, 39.258822775792339 ], [ -119.949566513733117, 39.258919643200443 ], [ -119.949881883519552, 39.25884129188465 ] ], [ [ -119.949997411022991, 39.258780799663555 ], [ -119.949900111776302, 39.258812151575633 ], [ -119.950217018708742, 39.258882645749111 ], [ -119.949965505415264, 39.258803985665203 ], [ -119.949997411022991, 39.258780799663555 ] ], [ [ -119.950294577878267, 39.258798490309431 ], [ -119.950244850317802, 39.258775274566453 ], [ -119.950217018708742, 39.258882645749111 ], [ -119.950294577878267, 39.258798490309431 ] ], [ [ -119.95006774831144, 39.258729685034872 ], [ -119.950085151336154, 39.258717038109189 ], [ -119.950045707318921, 39.258697204028316 ], [ -119.95006774831144, 39.258729685034872 ] ], [ [ -119.949954255705904, 39.258562434775186 ], [ -119.949897108453271, 39.258243672389277 ], [ -119.949909329115187, 39.258496227721736 ], [ -119.949954255705904, 39.258562434775186 ] ], [ [ -119.951157961776929, 39.258783585565546 ], [ -119.951168456263076, 39.258853530626517 ], [ -119.951137172754912, 39.258837800429504 ], [ -119.951287842869249, 39.259307078623777 ], [ -119.951157961776929, 39.258783585565546 ] ], [ [ -119.950835010494771, 39.259060994009396 ], [ -119.951101027638302, 39.258819625665019 ], [ -119.951055053614098, 39.258796508624762 ], [ -119.950835010494771, 39.259060994009396 ] ], [ [ -119.950752298906707, 39.25913604116932 ], [ -119.95073135281207, 39.259106704048925 ], [ -119.950731255075794, 39.259189009163904 ], [ -119.950738513624728, 39.259148549022839 ], [ -119.950752298906707, 39.25913604116932 ] ], [ [ -119.950405163189643, 39.258850117892969 ], [ -119.950315616471713, 39.258808312348492 ], [ -119.950321500287572, 39.258947442190184 ], [ -119.950333542622815, 39.258867683237888 ], [ -119.950405163189643, 39.258850117892969 ] ], [ [ -119.950762400176458, 39.265545131125918 ], [ -119.950816116949142, 39.265375379629262 ], [ -119.950692721256587, 39.265556748202307 ], [ -119.950762400176458, 39.265545131125918 ] ], [ [ -119.950986367829373, 39.265190665348094 ], [ -119.950989402997337, 39.265120679664072 ], [ -119.95093752108329, 39.265196937171915 ], [ -119.950986367829373, 39.265190665348094 ] ], [ [ -119.951034073805374, 39.265065321927494 ], [ -119.951033434491009, 39.265055960769899 ], [ -119.951018526575311, 39.26507787291613 ], [ -119.951034073805374, 39.265065321927494 ] ], [ [ -119.951206431095159, 39.264926180648082 ], [ -119.951408024149842, 39.264553110880463 ], [ -119.951094161610115, 39.265016814100235 ], [ -119.951206431095159, 39.264926180648082 ] ], [ [ -119.951027738144163, 39.262633367445488 ], [ -119.950970757145129, 39.262616924108983 ], [ -119.95097597542636, 39.262758128396392 ], [ -119.950985527764217, 39.262772823212188 ], [ -119.951027738144163, 39.262633367445488 ] ], [ [ -119.950644911825606, 39.262531206219542 ], [ -119.950469017665426, 39.262690791512298 ], [ -119.950659680660863, 39.262569671306387 ], [ -119.95097597542636, 39.262758128396392 ], [ -119.950644911825606, 39.262531206219542 ] ], [ [ -119.950898556717917, 39.26215412717265 ], [ -119.950885199190509, 39.26217921256611 ], [ -119.950914294281375, 39.262195418007792 ], [ -119.950898556717917, 39.26215412717265 ] ], [ [ -119.951084848553236, 39.261910189165164 ], [ -119.950983261068671, 39.262055664970006 ], [ -119.950958580495922, 39.262041402453612 ], [ -119.950923968571601, 39.262106403735658 ], [ -119.951053490685382, 39.262039488609304 ], [ -119.951084848553236, 39.261910189165164 ] ], [ [ -119.951097391663893, 39.261858469383171 ], [ -119.951089841265642, 39.261869281778978 ], [ -119.951094182963161, 39.261871700025296 ], [ -119.951097391663893, 39.261858469383171 ] ], [ [ -119.951402140653556, 39.261497633793219 ], [ -119.951306056265835, 39.261559653843328 ], [ -119.951200155287154, 39.261711308403832 ], [ -119.951402140653556, 39.261497633793219 ] ], [ [ -119.95180077964396, 39.261374431494211 ], [ -119.95152064450015, 39.26142114227892 ], [ -119.951451048407762, 39.261466064995872 ], [ -119.95180077964396, 39.261374431494211 ] ], [ [ -119.95244141737949, 39.261030877996383 ], [ -119.952418267937247, 39.261030271633956 ], [ -119.952317869988875, 39.261207809674573 ], [ -119.95244141737949, 39.261030877996383 ] ], [ [ -119.952410634895813, 39.260849903833815 ], [ -119.952406352125692, 39.260824724819372 ], [ -119.952287171532788, 39.260846669827572 ], [ -119.952410634895813, 39.260849903833815 ] ], [ [ -119.952610222986053, 39.260879153960921 ], [ -119.952610482965426, 39.260873155174529 ], [ -119.952544154602748, 39.260799350747561 ], [ -119.952427099525693, 39.260820904536814 ], [ -119.952610222986053, 39.260879153960921 ] ], [ [ -119.952622325620467, 39.260883003653596 ], [ -119.952631028639303, 39.260885771971175 ], [ -119.952571983641377, 39.260691978928442 ], [ -119.952568863864428, 39.260763964364401 ], [ -119.952509732114095, 39.260702359604672 ], [ -119.952610482965426, 39.260873155174529 ], [ -119.952622325620467, 39.260883003653596 ] ], [ [ -119.952822726958928, 39.260788630094559 ], [ -119.952595132975688, 39.260692585255953 ], [ -119.952480946242602, 39.260653560857094 ], [ -119.952493283040013, 39.260674474606795 ], [ -119.952571983641377, 39.260691978928442 ], [ -119.952822726958928, 39.260788630094559 ] ], [ [ -119.953147598022028, 39.260779121212892 ], [ -119.953519547517843, 39.260752827339665 ], [ -119.952822726958928, 39.260788630094559 ], [ -119.953147598022028, 39.260779121212892 ] ], [ [ -119.952764528589796, 39.2603070114452 ], [ -119.952749626886998, 39.260336295874076 ], [ -119.952703328446773, 39.260335083285007 ], [ -119.952660149648409, 39.260261885230364 ], [ -119.952724917878214, 39.260371682307373 ], [ -119.952595132975688, 39.260692585255953 ], [ -119.952764528589796, 39.2603070114452 ] ], [ [ -119.952839350932422, 39.2598702092263 ], [ -119.952786095729721, 39.259895839663763 ], [ -119.952825014907788, 39.25990154332051 ], [ -119.952839350932422, 39.2598702092263 ] ], [ [ -119.952968511303482, 39.259845144255721 ], [ -119.952910357810495, 39.259836035269188 ], [ -119.952839350932422, 39.2598702092263 ], [ -119.952968511303482, 39.259845144255721 ] ], [ [ -119.952586531014333, 39.259821548509748 ], [ -119.952561562149398, 39.259862933702131 ], [ -119.952584591223626, 39.259866308692146 ], [ -119.952586531014333, 39.259821548509748 ] ], [ [ -119.952709035244126, 39.259668611540455 ], [ -119.952737643342303, 39.259543243271004 ], [ -119.95263646865223, 39.25973877810469 ], [ -119.952631635982939, 39.259746788145108 ], [ -119.952735246228485, 39.259682322208306 ], [ -119.952709035244126, 39.259668611540455 ] ], [ [ -119.952620338754798, 39.259576204529836 ], [ -119.952612887670924, 39.259567139570265 ], [ -119.952523843263847, 39.259663761078002 ], [ -119.952556806767078, 39.259685717291333 ], [ -119.952714494382917, 39.259542636986573 ], [ -119.952620338754798, 39.259576204529836 ] ], [ [ -119.952378179490566, 39.259281593132023 ], [ -119.95246527518411, 39.259258136170175 ], [ -119.952238506318622, 39.259295951305901 ], [ -119.952407155708329, 39.25931684580096 ], [ -119.952378179490566, 39.259281593132023 ] ], [ [ -119.952326494681273, 39.258853816057481 ], [ -119.952326494681245, 39.258853816057481 ], [ -119.95230348758048, 39.258996922808748 ], [ -119.952326494681273, 39.258853816057481 ] ], [ [ -119.954760029691073, 39.261542006788602 ], [ -119.955030811616822, 39.261711244904738 ], [ -119.955005765224371, 39.261709838710203 ], [ -119.955075942065989, 39.261739451200647 ], [ -119.955076623980872, 39.261723704352498 ], [ -119.954760029691073, 39.261542006788602 ] ], [ [ -119.954452493026935, 39.261517964662104 ], [ -119.954550903312537, 39.261554549840135 ], [ -119.954529736049494, 39.261591982992535 ], [ -119.954760029691073, 39.261542006788602 ], [ -119.954452493026935, 39.261517964662104 ] ], [ [ -119.954315509136535, 39.261638472063133 ], [ -119.954360523927136, 39.26162870350732 ], [ -119.954328895837605, 39.26162540573015 ], [ -119.95417427237274, 39.261688825157144 ], [ -119.954290800394276, 39.261673858835401 ], [ -119.954240798173899, 39.261758129648037 ], [ -119.954315509136535, 39.261638472063133 ] ], [ [ -119.953901311080415, 39.261436200358084 ], [ -119.954185809027649, 39.261556253336515 ], [ -119.954045508898474, 39.261451235976374 ], [ -119.953901311080415, 39.261436200358084 ] ], [ [ -119.953785141733931, 39.26146964289358 ], [ -119.953873698740551, 39.261433321176987 ], [ -119.953814792424595, 39.261427178902395 ], [ -119.953785141733931, 39.26146964289358 ] ], [ [ -119.953714157572762, 39.261472201398057 ], [ -119.953682986461502, 39.261527324484092 ], [ -119.95371044917708, 39.261517533734832 ], [ -119.953719075338071, 39.261496740000844 ], [ -119.953743245976426, 39.261486826429618 ], [ -119.953714157572762, 39.261472201398057 ] ], [ [ -119.954027578210145, 39.261865152732192 ], [ -119.953931081068205, 39.261952710364191 ], [ -119.953958604076973, 39.26196803913826 ], [ -119.954041934131723, 39.261860156587652 ], [ -119.95366731829003, 39.261621502391343 ], [ -119.954027578210145, 39.261865152732192 ] ], [ [ -119.954066861363401, 39.262028332257273 ], [ -119.954016663697288, 39.262117102043973 ], [ -119.954083074160721, 39.262010739909151 ], [ -119.954032916261738, 39.262009426797889 ], [ -119.954066861363401, 39.262028332257273 ] ], [ [ -119.954795033065125, 39.26246968914419 ], [ -119.954617836522374, 39.262389423101133 ], [ -119.954742649555129, 39.26247842506389 ], [ -119.954795033065125, 39.26246968914419 ] ], [ [ -119.954908401115105, 39.262544704626016 ], [ -119.954966961946511, 39.262329351533232 ], [ -119.954956454970883, 39.262357903413388 ], [ -119.954903140557334, 39.26251865918541 ], [ -119.954873501344935, 39.262505233365914 ], [ -119.954908401115105, 39.262544704626016 ] ], [ [ -119.955258733525341, 39.262870284398559 ], [ -119.955022824009916, 39.262674115305018 ], [ -119.955266631448879, 39.262949856189067 ], [ -119.955258733525341, 39.262870284398559 ] ], [ [ -119.956272442835939, 39.263545412700537 ], [ -119.955520949828951, 39.26323748197921 ], [ -119.956274582277729, 39.263555477999638 ], [ -119.956272442835939, 39.263545412700537 ] ], [ [ -119.956300675634409, 39.263678237596451 ], [ -119.956291697830906, 39.263636000391649 ], [ -119.956288408404163, 39.263711985243091 ], [ -119.956300675634409, 39.263678237596451 ] ], [ [ -119.956210560243122, 39.263904129646342 ], [ -119.956187937255763, 39.263844787385707 ], [ -119.956165933369689, 39.264048916987697 ], [ -119.95622725528581, 39.263880219393187 ], [ -119.956210560243122, 39.263904129646342 ] ], [ [ -119.955576374074155, 39.263563234509014 ], [ -119.95617321902526, 39.263806180007265 ], [ -119.956168933973601, 39.263794939884136 ], [ -119.955576374074155, 39.263563234509014 ] ], [ [ -119.953409926292551, 39.262443147610192 ], [ -119.953541971116096, 39.262374925466844 ], [ -119.953401512122852, 39.262407281168073 ], [ -119.953409926292551, 39.262443147610192 ] ], [ [ -119.95366404147039, 39.263940351371453 ], [ -119.95375661445415, 39.263839905173782 ], [ -119.953646623746735, 39.263935755037153 ], [ -119.95366404147039, 39.263940351371453 ] ], [ [ -119.953133113816449, 39.263787545143096 ], [ -119.952839710234443, 39.264140196788723 ], [ -119.953155484301433, 39.263806147758118 ], [ -119.953393322202075, 39.263868911353569 ], [ -119.953133113816449, 39.263787545143096 ] ], [ [ -119.952275303599365, 39.264863200425111 ], [ -119.952730728323772, 39.26451569483276 ], [ -119.952276044726759, 39.264846103900872 ], [ -119.952275303599365, 39.264863200425111 ] ], [ [ -119.953412568574123, 39.266965816377557 ], [ -119.953656316406025, 39.267224433781479 ], [ -119.953661909321369, 39.267229084420222 ], [ -119.953412568574123, 39.266965816377557 ] ], [ [ -119.953769696874573, 39.267267039385196 ], [ -119.953751565548515, 39.267303635534404 ], [ -119.953759785457819, 39.267310470557796 ], [ -119.953769696874573, 39.267267039385196 ] ], [ [ -119.953648504361482, 39.268387358720886 ], [ -119.953760337904555, 39.267926208343525 ], [ -119.95366050731657, 39.268197449392609 ], [ -119.95362746159941, 39.267890298946618 ], [ -119.953648504361482, 39.268387358720886 ] ], [ [ -119.953624877344481, 39.268484784831799 ], [ -119.95363513959326, 39.268442468441272 ], [ -119.953578573505297, 39.268483572381477 ], [ -119.953543886522837, 39.268392580235108 ], [ -119.953553848265045, 39.268492967087887 ], [ -119.954028395067269, 39.26861192915684 ], [ -119.953624877344481, 39.268484784831799 ] ], [ [ -119.95344576556748, 39.268283774046502 ], [ -119.953518805217911, 39.268326785908883 ], [ -119.953516136996541, 39.268319786512251 ], [ -119.95344576556748, 39.268283774046502 ] ], [ [ -119.9528494137368, 39.268194225575968 ], [ -119.953125500989657, 39.268119878182084 ], [ -119.953107983733162, 39.26811091365412 ], [ -119.9528494137368, 39.268194225575968 ] ], [ [ -119.951711075954506, 39.268607454387009 ], [ -119.952656397988221, 39.268369337832141 ], [ -119.951766483038014, 39.268580243054195 ], [ -119.951711075954506, 39.268607454387009 ] ], [ [ -119.953624137760585, 39.261548304638211 ], [ -119.953653109432921, 39.261537975950873 ], [ -119.953527090655143, 39.261454041759372 ], [ -119.953624137760585, 39.261548304638211 ] ], [ [ -119.953374170343821, 39.261433658691502 ], [ -119.95347671473364, 39.261420489031117 ], [ -119.953445178612341, 39.261399484467447 ], [ -119.953523605245294, 39.261356887716595 ], [ -119.9534938169637, 39.261346707671542 ], [ -119.953374170343821, 39.261433658691502 ] ], [ [ -119.953198331220307, 39.261212852694122 ], [ -119.953377982487098, 39.261345676435965 ], [ -119.953378069126529, 39.261343676839211 ], [ -119.953198331220307, 39.261212852694122 ] ], [ [ -119.952968395778257, 39.261170797615939 ], [ -119.952986548565292, 39.261174117769841 ], [ -119.952977804778712, 39.261142429127524 ], [ -119.952968395778257, 39.261170797615939 ] ], [ [ -119.9530131825463, 39.261035763600482 ], [ -119.95303416216224, 39.260995706907352 ], [ -119.952987101937794, 39.260999033542205 ], [ -119.953021713337932, 39.261010042832702 ], [ -119.9530131825463, 39.261035763600482 ] ], [ [ -119.954029375592228, 39.261288662494771 ], [ -119.954185965705818, 39.261418879405895 ], [ -119.954360935608278, 39.261483927010786 ], [ -119.954029375592228, 39.261288662494771 ] ], [ [ -119.953608005425451, 39.261385731137871 ], [ -119.953591692779867, 39.261380156363522 ], [ -119.95360781050114, 39.26139023023147 ], [ -119.953608005425451, 39.261385731137871 ] ], [ [ -119.953630375318653, 39.261404333643078 ], [ -119.953640404129402, 39.261410601824714 ], [ -119.953568723610374, 39.261222551498129 ], [ -119.953608005425451, 39.261385731137871 ], [ -119.953630375318653, 39.261404333643078 ] ], [ [ -119.952179395442954, 39.2636004143896 ], [ -119.952167820301938, 39.263600111166419 ], [ -119.952168340386365, 39.263588113604172 ], [ -119.952121519739663, 39.263598898262217 ], [ -119.952167040174743, 39.263618107509764 ], [ -119.952179395442954, 39.2636004143896 ] ], [ [ -119.952174192966254, 39.263586765520564 ], [ -119.952183513864256, 39.263594516682524 ], [ -119.952191750704728, 39.263582721267866 ], [ -119.952174192966254, 39.263586765520564 ] ], [ [ -119.952787560832746, 39.261822923633325 ], [ -119.952819892531551, 39.261923613431442 ], [ -119.952802202206954, 39.261797032617444 ], [ -119.952787560832746, 39.261822923633325 ] ], [ [ -119.958945404195319, 39.266047576601814 ], [ -119.958973994147968, 39.266014542393791 ], [ -119.958857688825702, 39.266066072458251 ], [ -119.958945404195319, 39.266047576601814 ] ], [ [ -119.958641324066988, 39.266111695279875 ], [ -119.958666754275043, 39.266106333073019 ], [ -119.957737858966496, 39.265565587433557 ], [ -119.958641324066988, 39.266111695279875 ] ], [ [ -119.956960749603724, 39.265313371038786 ], [ -119.956957854152051, 39.265380265913478 ], [ -119.956988417270978, 39.265334891984658 ], [ -119.956960749603724, 39.265313371038786 ] ], [ [ -119.95583078490175, 39.264729722237433 ], [ -119.956310508895172, 39.264807583987185 ], [ -119.955920062733995, 39.264725301841921 ], [ -119.955851488874586, 39.264673461016869 ], [ -119.95583078490175, 39.264729722237433 ] ], [ [ -119.954615283134558, 39.264348837317662 ], [ -119.954607341613041, 39.264343330391917 ], [ -119.95456664337037, 39.264401614510859 ], [ -119.954853405868221, 39.264321038269962 ], [ -119.954802826224451, 39.264299695779634 ], [ -119.954615283134558, 39.264348837317662 ] ], [ [ -119.954102581575654, 39.264146239892369 ], [ -119.954210267133078, 39.264067983468493 ], [ -119.953812371034957, 39.26397949368689 ], [ -119.954140815696888, 39.26406616530533 ], [ -119.954102581575654, 39.264146239892369 ] ], [ [ -119.954061228719667, 39.264298299954703 ], [ -119.954053018688626, 39.264250040257728 ], [ -119.953860429998613, 39.264653378550094 ], [ -119.954061228719667, 39.264298299954703 ] ], [ [ -119.954751456172659, 39.261739967109285 ], [ -119.954632589771165, 39.261808923063079 ], [ -119.954855942286784, 39.261701426998265 ], [ -119.954429698570664, 39.261677494757258 ], [ -119.954751456172659, 39.261739967109285 ] ], [ [ -119.954350895274786, 39.261891633444748 ], [ -119.954383269229581, 39.261861430679353 ], [ -119.95428222551584, 39.261871819065156 ], [ -119.954631985746829, 39.262090419621266 ], [ -119.954350895274786, 39.261891633444748 ] ], [ [ -119.954733178708224, 39.26216198249243 ], [ -119.954728852855567, 39.262261862460313 ], [ -119.954754512863261, 39.262177069811088 ], [ -119.954733178708224, 39.26216198249243 ] ], [ [ -119.954859410923788, 39.261922960542009 ], [ -119.95480056219651, 39.261943941291143 ], [ -119.954893529799676, 39.26193438281215 ], [ -119.954859410923788, 39.261922960542009 ] ], [ [ -119.954671094878094, 39.261990098829344 ], [ -119.954679309976214, 39.261999531746618 ], [ -119.954684546035637, 39.26198530324799 ], [ -119.954671094878094, 39.261990098829344 ] ], [ [ -119.954817760496965, 39.262203587543624 ], [ -119.954838380712133, 39.262213954576495 ], [ -119.954826320345632, 39.262200535800275 ], [ -119.954817760496965, 39.262203587543624 ] ], [ [ -119.955234554808754, 39.26232435861597 ], [ -119.955350783216815, 39.262350206261644 ], [ -119.955515214270804, 39.262276175170371 ], [ -119.955234554808754, 39.26232435861597 ] ], [ [ -119.957463588659692, 39.264405340515594 ], [ -119.957451694832102, 39.264349389379511 ], [ -119.957390407529161, 39.264596807025086 ], [ -119.957463588659692, 39.264405340515594 ] ], [ [ -119.957604616701516, 39.264895481884764 ], [ -119.957306771425124, 39.264815625811082 ], [ -119.957190238595444, 39.264830594969759 ], [ -119.957604616701516, 39.264895481884764 ] ], [ [ -119.957822886759217, 39.265207474860972 ], [ -119.958270333264949, 39.265579509623272 ], [ -119.958282006280925, 39.265571026120334 ], [ -119.957822886759217, 39.265207474860972 ] ], [ [ -119.960839187078548, 39.267965660888365 ], [ -119.960798400135687, 39.267951726292885 ], [ -119.96083234995379, 39.267970629943967 ], [ -119.960839187078548, 39.267965660888365 ] ], [ [ -119.960639784407661, 39.267897536069086 ], [ -119.96062709516049, 39.267893200842231 ], [ -119.960441102041486, 39.267906358596804 ], [ -119.960639784407661, 39.267897536069086 ] ], [ [ -119.960057442180343, 39.26820262013085 ], [ -119.959696494922966, 39.268208764183107 ], [ -119.959731758085056, 39.268230143458815 ], [ -119.960057442180343, 39.26820262013085 ] ], [ [ -119.959531790441389, 39.268108907190658 ], [ -119.959731955602507, 39.267689644763834 ], [ -119.959528839001123, 39.268098723076982 ], [ -119.959507808026643, 39.268094367096104 ], [ -119.959531790441389, 39.268108907190658 ] ], [ [ -119.95926756392096, 39.267173038223852 ], [ -119.959244412311108, 39.267172433139635 ], [ -119.959289158721575, 39.267209636206495 ], [ -119.959289937126911, 39.267191639755005 ], [ -119.959312310344629, 39.267210241282299 ], [ -119.959289158721589, 39.267209636206502 ], [ -119.959311531944508, 39.267228237734074 ], [ -119.95962942825858, 39.267380679973172 ], [ -119.959357056815563, 39.267247444325122 ], [ -119.958262339163554, 39.266299972418452 ], [ -119.958507660532291, 39.266522587407628 ], [ -119.95846135777397, 39.266521376949107 ], [ -119.958506103357863, 39.266558580288468 ], [ -119.958506881945439, 39.266540583848112 ], [ -119.958529254749891, 39.266559185511603 ], [ -119.958506103357863, 39.266558580288468 ], [ -119.958550848988963, 39.266595783612239 ], [ -119.958617967524177, 39.266651588568699 ], [ -119.958618746085719, 39.266633592126716 ], [ -119.958641118949203, 39.26665219377081 ], [ -119.958617967524191, 39.26665158856872 ], [ -119.95866271327337, 39.266688791853575 ], [ -119.958685086165659, 39.26670739349013 ], [ -119.958685864711555, 39.266689397047237 ], [ -119.95870823761048, 39.266707998679607 ], [ -119.958685086165659, 39.266707393490151 ], [ -119.958729831985707, 39.266744596751643 ], [ -119.958730610521201, 39.266726600308068 ], [ -119.95875298344373, 39.266745201932693 ], [ -119.958729831985707, 39.266744596751643 ], [ -119.958774577852978, 39.26678179999756 ], [ -119.958775356378084, 39.26676380355336 ], [ -119.958797729324218, 39.266782405170204 ], [ -119.958820102282147, 39.266801006783105 ], [ -119.958796950804313, 39.266800401614688 ], [ -119.958886442727788, 39.266874808044236 ], [ -119.958887221226831, 39.266856811598466 ], [ -119.95890959423204, 39.266875413195841 ], [ -119.958931967249029, 39.266894014789273 ], [ -119.958908815738184, 39.266893409641909 ], [ -119.958998307897843, 39.26696781599361 ], [ -119.958999086370866, 39.266949819546241 ], [ -119.959021459435078, 39.266968421124162 ], [ -119.959043832511128, 39.266987022698125 ], [ -119.959020680967271, 39.266986417571808 ], [ -119.959132546491574, 39.267079425404383 ], [ -119.959133324933347, 39.267061428955117 ], [ -119.959155698068457, 39.267080030509653 ], [ -119.959132546491574, 39.267079425404383 ], [ -119.95919966594785, 39.267135230057207 ], [ -119.959200444374005, 39.26711723360701 ], [ -119.959222817544529, 39.267135835149858 ], [ -119.95919966594785, 39.267135230057214 ], [ -119.959244412311108, 39.267172433139635 ], [ -119.959245190726833, 39.267154436688791 ], [ -119.95926756392096, 39.267173038223852 ] ], [ [ -119.958774577853006, 39.266781799997581 ], [ -119.958796950804313, 39.266800401614674 ], [ -119.958797729324218, 39.266782405170204 ], [ -119.958774577853006, 39.266781799997581 ] ], [ [ -119.958886442727831, 39.266874808044264 ], [ -119.958908815738184, 39.266893409641909 ], [ -119.95890959423204, 39.266875413195841 ], [ -119.958886442727831, 39.266874808044264 ] ], [ [ -119.958998307897872, 39.266967815993624 ], [ -119.959020680967271, 39.266986417571808 ], [ -119.959021459435078, 39.266968421124162 ], [ -119.958998307897872, 39.266967815993624 ] ], [ [ -119.958035498385428, 39.266185940882373 ], [ -119.957626563845039, 39.26599508021183 ], [ -119.957921299553021, 39.266146921390323 ], [ -119.957225983654183, 39.266146755650361 ], [ -119.958035498385428, 39.266185940882373 ] ], [ [ -119.957161942455286, 39.266267040574618 ], [ -119.957198158954512, 39.266254128691074 ], [ -119.957163813541513, 39.266314866828807 ], [ -119.957219752400604, 39.266290727009768 ], [ -119.957225983654183, 39.266146755650361 ], [ -119.957161942455286, 39.266267040574618 ] ], [ [ -119.95712509967322, 39.266383330212939 ], [ -119.9570977644957, 39.266431670903259 ], [ -119.957173838770117, 39.266469913835671 ], [ -119.95712509967322, 39.266383330212939 ] ], [ [ -119.957338409106839, 39.266762266741281 ], [ -119.956856598170589, 39.267070134165685 ], [ -119.956861358277322, 39.267074092031777 ], [ -119.95685083485661, 39.267073816777199 ], [ -119.956768679066656, 39.267126312168394 ], [ -119.956440215413608, 39.267375870365875 ], [ -119.957338409106839, 39.266762266741281 ] ], [ [ -119.956217566758028, 39.267489653862896 ], [ -119.956217722597827, 39.267486054583067 ], [ -119.956194415109664, 39.267489048168251 ], [ -119.956037029055452, 39.267376829799389 ], [ -119.95621678755866, 39.26750765026204 ], [ -119.955738168110017, 39.267855463302247 ], [ -119.956293095995576, 39.267476373682314 ], [ -119.956233260922303, 39.267484058856965 ], [ -119.956240718407116, 39.267490259552943 ], [ -119.956217566758028, 39.267489653862896 ] ], [ [ -119.95493674236937, 39.268699295682531 ], [ -119.954570208416655, 39.268599617854441 ], [ -119.954519313533098, 39.268622960751685 ], [ -119.95493674236937, 39.268699295682531 ] ], [ [ -119.954433298128905, 39.268662411559198 ], [ -119.954319595623645, 39.268714560834937 ], [ -119.954333230678884, 39.268719531831977 ], [ -119.954283028011659, 39.268808301471545 ], [ -119.954256349952061, 39.26879801967651 ], [ -119.954239091628466, 39.268831370530414 ], [ -119.95436146387307, 39.268781184788594 ], [ -119.954330891530617, 39.268773520923055 ], [ -119.954433298128905, 39.268662411559198 ] ], [ [ -119.954173505872362, 39.26866130005655 ], [ -119.95431305489862, 39.268712176250851 ], [ -119.954592818005167, 39.268077723149482 ], [ -119.954577262760608, 39.268021357981326 ], [ -119.954310858387018, 39.268700929383492 ], [ -119.954142302633585, 39.26864781993978 ], [ -119.954032254571473, 39.268711652367926 ], [ -119.954173505872362, 39.26866130005655 ] ], [ [ -119.955137986728843, 39.265530005772916 ], [ -119.955002142832427, 39.265584104248752 ], [ -119.955095526253515, 39.265568531463828 ], [ -119.955137986728843, 39.265530005772916 ] ], [ [ -119.955698783378537, 39.266088787921511 ], [ -119.95553180102759, 39.266214808031656 ], [ -119.955777144338526, 39.266064875246592 ], [ -119.955747423573285, 39.266036010280281 ], [ -119.955749761407063, 39.265982021092611 ], [ -119.955699562671043, 39.26607079152668 ], [ -119.955150299503444, 39.26559574050259 ], [ -119.955140269396665, 39.265605736010222 ], [ -119.955095526253515, 39.265568531463828 ], [ -119.955698783378537, 39.266088787921511 ] ], [ [ -119.954972756111218, 39.265727469409313 ], [ -119.954479782066713, 39.266172076103267 ], [ -119.954537327469325, 39.266148475179179 ], [ -119.954972756111218, 39.265727469409313 ] ], [ [ -119.954247038776401, 39.266429144658161 ], [ -119.954305992161196, 39.266328812978017 ], [ -119.954176805315853, 39.26644532279424 ], [ -119.954383607415409, 39.266486770113332 ], [ -119.954247038776401, 39.266429144658161 ] ], [ [ -119.954044674712904, 39.266820215990386 ], [ -119.953984165511883, 39.26683415395857 ], [ -119.953976594955421, 39.266849434542742 ], [ -119.954043894976365, 39.266838212355211 ], [ -119.954044674712904, 39.266820215990386 ] ], [ [ -119.953947390620485, 39.2669257696692 ], [ -119.953938886019372, 39.266925547006515 ], [ -119.953923152572358, 39.266957303651445 ], [ -119.954114908579129, 39.266804037950898 ], [ -119.954079791649747, 39.266812126976106 ], [ -119.95409097747762, 39.266821428212658 ], [ -119.954067826094899, 39.266820822103817 ], [ -119.954068086004966, 39.266814823315421 ], [ -119.954044674712932, 39.266820215990386 ], [ -119.954067046364287, 39.266838818469033 ], [ -119.954043894976365, 39.266838212355211 ], [ -119.953947390620485, 39.2669257696692 ] ], [ [ -119.953898375013821, 39.267046600078565 ], [ -119.953877589166012, 39.267049269383698 ], [ -119.953848785911745, 39.267107406078111 ], [ -119.95385993562958, 39.267101645855163 ], [ -119.953898375013821, 39.267046600078565 ] ], [ [ -119.953953145392646, 39.267862792750172 ], [ -119.954561363922664, 39.267963747701643 ], [ -119.954552751511102, 39.267932540137423 ], [ -119.953953145392646, 39.267862792750172 ] ], [ [ -119.953812603447915, 39.267784201206162 ], [ -119.953910740941467, 39.26777159864892 ], [ -119.953818134179897, 39.267769173993841 ], [ -119.953812603447915, 39.267784201206162 ] ], [ [ -119.953971086153203, 39.267037262529961 ], [ -119.953958840565591, 39.267050549002008 ], [ -119.953989014924758, 39.267034960113619 ], [ -119.953971086153203, 39.267037262529961 ] ], [ [ -119.954804812606667, 39.266561417236723 ], [ -119.954758193028709, 39.266561843589756 ], [ -119.954797212413624, 39.266569663675881 ], [ -119.954804812606667, 39.266561417236723 ] ], [ [ -119.955251937804334, 39.266426016734151 ], [ -119.955075807714749, 39.2665589385172 ], [ -119.955206012835617, 39.266474893870999 ], [ -119.955251937804334, 39.266426016734151 ] ], [ [ -119.955801958087477, 39.26480805639212 ], [ -119.955721609615253, 39.265026394750784 ], [ -119.955820446780862, 39.264884846548981 ], [ -119.955801958087477, 39.26480805639212 ] ], [ [ -119.955226723212846, 39.267355626547278 ], [ -119.95537541254636, 39.267288688386429 ], [ -119.955323226668341, 39.267268068137462 ], [ -119.955372647416425, 39.267197294319793 ], [ -119.955324785510143, 39.267232075367581 ], [ -119.955311508092819, 39.267221771259464 ], [ -119.955322447246388, 39.267286064522281 ], [ -119.955226723212846, 39.267355626547278 ] ], [ [ -119.954799316141404, 39.267056171833971 ], [ -119.954857312084059, 39.266787438091633 ], [ -119.95478640948501, 39.266963842450039 ], [ -119.954799316141404, 39.267056171833971 ] ], [ [ -119.954936445379175, 39.266999931674263 ], [ -119.954895040148031, 39.266986610158419 ], [ -119.954799316141404, 39.267056171833971 ], [ -119.954936445379175, 39.266999931674263 ] ], [ [ -119.954932084896242, 39.266766428689493 ], [ -119.955127413500236, 39.266558545552776 ], [ -119.954857312084059, 39.266787438091633 ], [ -119.954932084896242, 39.266766428689493 ] ], [ [ -119.957103996030071, 39.266287699563684 ], [ -119.957130899731567, 39.266278107893946 ], [ -119.957014506791154, 39.266213291858818 ], [ -119.957103996030071, 39.266287699563684 ] ], [ [ -119.956051505519952, 39.265971899261459 ], [ -119.956866555418443, 39.265642080122831 ], [ -119.956783992560702, 39.265648742076209 ], [ -119.956051505519952, 39.265971899261459 ] ], [ [ -119.955061151754833, 39.267027478223902 ], [ -119.955077913376797, 39.267045446746614 ], [ -119.955100285382471, 39.267064049039313 ], [ -119.955128575183963, 39.267079803407192 ], [ -119.955061151754833, 39.267027478223902 ] ], [ [ -119.955051788610106, 39.267037041536639 ], [ -119.955077653550703, 39.267051445540432 ], [ -119.955077913376797, 39.267045446746614 ], [ -119.955051788610106, 39.267037041536639 ] ], [ [ -119.954978684697295, 39.266939073060911 ], [ -119.954944535416942, 39.266827011550561 ], [ -119.954922868694993, 39.266879237829961 ], [ -119.954978684697295, 39.266939073060911 ] ], [ [ -119.956176163164841, 39.266839966392403 ], [ -119.956122935492786, 39.266903944465696 ], [ -119.956314292625351, 39.266861596865951 ], [ -119.956176163164841, 39.266839966392403 ] ], [ [ -119.955382000250225, 39.266981337683774 ], [ -119.955659038534179, 39.267006603967573 ], [ -119.955731844666957, 39.266990492255182 ], [ -119.955382000250225, 39.266981337683774 ] ], [ [ -119.955756504680323, 39.266758662870686 ], [ -119.955857498058833, 39.26670551148348 ], [ -119.955859835863819, 39.266651522296442 ], [ -119.955828340931703, 39.266672318373097 ], [ -119.955756504680323, 39.266758662870686 ] ], [ [ -119.955596598191406, 39.266842819041223 ], [ -119.955728606858045, 39.266738172554298 ], [ -119.955597377530964, 39.266824822650399 ], [ -119.955596598191406, 39.266842819041223 ] ], [ [ -119.953417043539289, 39.269001829028802 ], [ -119.953570774455187, 39.268663535896899 ], [ -119.953367038587743, 39.269066270814896 ], [ -119.953417043539289, 39.269001829028802 ] ], [ [ -119.953666547084808, 39.270197469252587 ], [ -119.953113227853649, 39.270128929290017 ], [ -119.952993565123833, 39.270215879200045 ], [ -119.953092415616851, 39.2700743339282 ], [ -119.953831977900137, 39.269589230623161 ], [ -119.953116348112772, 39.270056943933511 ], [ -119.953108950664017, 39.270049358705812 ], [ -119.952975384286049, 39.270219406764717 ], [ -119.952992785024293, 39.270233875536732 ], [ -119.952969632542434, 39.27023326916575 ], [ -119.952969932583059, 39.270226347497918 ], [ -119.952945077107344, 39.270257991758015 ], [ -119.95309892138242, 39.270191613303105 ], [ -119.953158752700872, 39.270148138307363 ], [ -119.953666547084808, 39.270197469252587 ] ], [ [ -119.95289627447471, 39.27032143169987 ], [ -119.952907460667177, 39.270330733061265 ], [ -119.95291942698428, 39.270322038086391 ], [ -119.95291942698401, 39.270322038086569 ], [ -119.952920867206387, 39.270288814083088 ], [ -119.95280849132827, 39.270431882621359 ], [ -119.952871561698927, 39.270356817977188 ], [ -119.952895494347416, 39.270339428034575 ], [ -119.952895494347374, 39.270339428034575 ], [ -119.95289627447471, 39.27032143169987 ] ], [ [ -119.954480480859004, 39.269065705249758 ], [ -119.95415947018212, 39.268985234548836 ], [ -119.954273671197228, 39.269024257818792 ], [ -119.954242582862719, 39.269044006577019 ], [ -119.954480480859004, 39.269065705249758 ] ], [ [ -119.954082995806431, 39.269145383393443 ], [ -119.954056724466625, 39.269216762684188 ], [ -119.954153244710284, 39.269100758221398 ], [ -119.954082995806431, 39.269145383393443 ] ], [ [ -119.954147773600724, 39.269255179942071 ], [ -119.954122621842615, 39.269281785784877 ], [ -119.954206197407117, 39.269259888899093 ], [ -119.954056724466625, 39.269216762684188 ], [ -119.954147773600724, 39.269255179942071 ] ], [ [ -119.957966111495153, 39.275823105323987 ], [ -119.957933045443198, 39.275515955570221 ], [ -119.957947630985203, 39.275714521455477 ], [ -119.957966111495153, 39.275823105323987 ] ], [ [ -119.957609596963991, 39.27522733930482 ], [ -119.957598974725087, 39.275200934477382 ], [ -119.957061974362873, 39.274754487396493 ], [ -119.957609596963991, 39.27522733930482 ] ], [ [ -119.956875515511939, 39.272101144524555 ], [ -119.95647534488927, 39.27149065715664 ], [ -119.956590108792042, 39.271733343235965 ], [ -119.956875515511939, 39.272101144524555 ] ], [ [ -119.956271872622537, 39.270517893862085 ], [ -119.955957425483163, 39.269890046376354 ], [ -119.955968777883911, 39.270023510898241 ], [ -119.956271872622537, 39.270517893862085 ] ], [ [ -119.955731247260829, 39.269620926662164 ], [ -119.955729025552856, 39.269618706514379 ], [ -119.955813478966832, 39.269856610114118 ], [ -119.955813591572792, 39.269856599115194 ], [ -119.955738261674682, 39.269458959199554 ], [ -119.955731247260829, 39.269620926662164 ] ], [ [ -119.954812406753973, 39.268894225900873 ], [ -119.954381577260179, 39.268786226801154 ], [ -119.954398008523867, 39.268829328248074 ], [ -119.954812406753973, 39.268894225900873 ] ], [ [ -119.95667270232974, 39.269825725269961 ], [ -119.956046807742752, 39.26982736792489 ], [ -119.957182055896922, 39.269839048057932 ], [ -119.957281483453826, 39.269812995254313 ], [ -119.95667270232974, 39.269825725269961 ] ], [ [ -119.957733225878854, 39.275312545897165 ], [ -119.957633726876693, 39.274143143378211 ], [ -119.957617109984994, 39.27424651976655 ], [ -119.957733225878854, 39.275312545897165 ] ], [ [ -119.95766363713399, 39.273957065864316 ], [ -119.957988000162899, 39.273175211778501 ], [ -119.957680555983302, 39.273851809888484 ], [ -119.95766363713399, 39.273957065864316 ] ], [ [ -119.957519657366589, 39.269750586589559 ], [ -119.957557168592047, 39.26974075747485 ], [ -119.957566273776123, 39.269744598939376 ], [ -119.957605810147697, 39.269687979128918 ], [ -119.957519657366589, 39.269750586589559 ] ], [ [ -119.957986645200165, 39.26964871306113 ], [ -119.957978585096299, 39.269643676387695 ], [ -119.957743945702234, 39.269709608131308 ], [ -119.957856000437019, 39.269506164134498 ], [ -119.957821191430568, 39.269531460169311 ], [ -119.957726759567024, 39.269713963202022 ], [ -119.957736586377237, 39.269722133420849 ], [ -119.957986645200165, 39.26964871306113 ] ], [ [ -119.958967857163458, 39.268751935071528 ], [ -119.958920457074413, 39.268767460381255 ], [ -119.958411110441247, 39.268754145499173 ], [ -119.958976395905765, 39.268785863709397 ], [ -119.958967857163458, 39.268751935071528 ] ], [ [ -119.958951375884098, 39.268192514573428 ], [ -119.958968522035335, 39.2681921794087 ], [ -119.958893616475919, 39.268316339016124 ], [ -119.959021976276816, 39.268162047217658 ], [ -119.958951375884098, 39.268192514573428 ] ], [ [ -119.958574160555756, 39.268199887555674 ], [ -119.95837028027357, 39.267983597345136 ], [ -119.958395174396074, 39.268051074076375 ], [ -119.958574160555756, 39.268199887555674 ] ], [ [ -119.95815623658865, 39.267422914292069 ], [ -119.958191688975489, 39.267397149655359 ], [ -119.958125541376006, 39.26739542021177 ], [ -119.95815623658865, 39.267422914292069 ] ], [ [ -119.957542877832935, 39.266857697814288 ], [ -119.9575830212802, 39.266822713994458 ], [ -119.957567586974534, 39.266822310385216 ], [ -119.957528675412959, 39.266864533130203 ], [ -119.957542098990046, 39.266875694237541 ], [ -119.957518947515155, 39.266875088814082 ], [ -119.957732091654506, 39.266911006541932 ], [ -119.957704938135436, 39.26686193564705 ], [ -119.957542877832935, 39.266857697814288 ] ], [ [ -119.957567976392085, 39.266813312173291 ], [ -119.957521284059467, 39.266821099545233 ], [ -119.957532911892329, 39.266804446640293 ], [ -119.957431707420483, 39.266825191595359 ], [ -119.957461306679946, 39.26682982639371 ], [ -119.957567586974534, 39.266822310385216 ], [ -119.957567976392085, 39.266813312173291 ] ], [ [ -119.957586670682488, 39.266819533646427 ], [ -119.95759992377225, 39.266807983960398 ], [ -119.957577314857488, 39.266811754696604 ], [ -119.957586670682488, 39.266819533646427 ] ], [ [ -119.95757852370096, 39.266795097070393 ], [ -119.957605711036905, 39.266802940524201 ], [ -119.957625840912897, 39.266785397902808 ], [ -119.95757852370096, 39.266795097070393 ] ], [ [ -119.957943673890668, 39.266683974429988 ], [ -119.958061554828973, 39.266655058772713 ], [ -119.958229844024274, 39.266515324380826 ], [ -119.957943673890668, 39.266683974429988 ] ], [ [ -119.959088205289177, 39.26813346625147 ], [ -119.959210698113182, 39.268116740727159 ], [ -119.959110547594761, 39.268123824470756 ], [ -119.959088205289177, 39.26813346625147 ] ], [ [ -119.959086973174536, 39.269840300072623 ], [ -119.959573333546558, 39.270285322730828 ], [ -119.959573567071971, 39.270279923796814 ], [ -119.959173947045102, 39.269873110265202 ], [ -119.959086973174536, 39.269840300072623 ] ], [ [ -119.959515916778074, 39.269867726761838 ], [ -119.959502752610916, 39.269773603025627 ], [ -119.959372983325707, 39.26966571416996 ], [ -119.959515916778074, 39.269867726761838 ] ], [ [ -119.959084654473159, 39.269258205555154 ], [ -119.959096332115053, 39.268988258922427 ], [ -119.959042903954298, 39.268986862435042 ], [ -119.959084654473159, 39.269258205555154 ] ], [ [ -119.960759003980471, 39.268058797947887 ], [ -119.960830911673071, 39.26811112340264 ], [ -119.960774445253662, 39.268040236267389 ], [ -119.960759003980471, 39.268058797947887 ] ], [ [ -119.960913406517491, 39.268225943379427 ], [ -119.961723607724622, 39.268264160251114 ], [ -119.960936796773254, 39.268192442563617 ], [ -119.960913406517491, 39.268225943379427 ] ], [ [ -119.960864649290571, 39.26829577604741 ], [ -119.960960959069908, 39.268748711770876 ], [ -119.960877320097211, 39.268277628267072 ], [ -119.960864649290571, 39.26829577604741 ] ], [ [ -119.961033929336352, 39.269741541646667 ], [ -119.96106700792329, 39.270048691204913 ], [ -119.961102417944957, 39.27006362919542 ], [ -119.961033929336352, 39.269741541646667 ] ], [ [ -119.95995607727022, 39.268938660100119 ], [ -119.959875727461053, 39.268928711629826 ], [ -119.960202191137881, 39.269143275538347 ], [ -119.95995607727022, 39.268938660100119 ] ], [ [ -119.959346536671376, 39.268562395347928 ], [ -119.959232292915388, 39.268631476676454 ], [ -119.959345758242577, 39.2685803917961 ], [ -119.959452811597444, 39.268650752582069 ], [ -119.959346536671376, 39.268562395347928 ] ], [ [ -119.96008408941951, 39.271338238263048 ], [ -119.960265294313771, 39.271557043341495 ], [ -119.960261530699981, 39.27152304244639 ], [ -119.960081516052938, 39.271305674483138 ], [ -119.96008408941951, 39.271338238263048 ] ], [ [ -119.961662706229063, 39.270596746135226 ], [ -119.961644861141906, 39.270622304358632 ], [ -119.961464306450111, 39.270509488119622 ], [ -119.961748841015208, 39.270712331992947 ], [ -119.961662706229063, 39.270596746135226 ] ], [ [ -119.961359434196424, 39.270254513956701 ], [ -119.961304165080804, 39.270223740748129 ], [ -119.961464306450111, 39.270509488119622 ], [ -119.961359434196424, 39.270254513956701 ] ], [ [ -119.962578572901336, 39.268038019945863 ], [ -119.962515411949298, 39.268066459175955 ], [ -119.962543260139455, 39.268069360670189 ], [ -119.962578572901336, 39.268038019945863 ] ], [ [ -119.961677226012512, 39.270767283952971 ], [ -119.961684165735761, 39.27078548198277 ], [ -119.96170256712675, 39.270783117785228 ], [ -119.961677226012512, 39.270767283952971 ] ], [ [ -119.962548706440401, 39.271755799751091 ], [ -119.961826011354972, 39.271257622941626 ], [ -119.962363795871212, 39.271686051896488 ], [ -119.962548706440401, 39.271755799751091 ] ], [ [ -119.961635526320734, 39.270838262116676 ], [ -119.961657164305251, 39.270754748832111 ], [ -119.961617040912472, 39.270729678580828 ], [ -119.961635526320734, 39.270838262116676 ] ], [ [ -119.958539536028866, 39.267928730538436 ], [ -119.95823799229845, 39.26739836024354 ], [ -119.958226416467426, 39.267398057598228 ], [ -119.958539536028866, 39.267928730538436 ] ], [ [ -119.954552038218793, 39.269554031321448 ], [ -119.955509077148292, 39.26939891169696 ], [ -119.954809052322872, 39.269506708485309 ], [ -119.954552038218793, 39.269554031321448 ] ], [ [ -119.954400108538351, 39.26931583614504 ], [ -119.954285647067024, 39.269282811766679 ], [ -119.954408643887362, 39.269329217900925 ], [ -119.954400108538351, 39.26931583614504 ] ], [ [ -119.951404612061239, 39.273183052086033 ], [ -119.951398936156551, 39.273168162370006 ], [ -119.951334371202876, 39.273199228198031 ], [ -119.951450695877838, 39.273189407321979 ], [ -119.951404612061239, 39.273183052086033 ] ], [ [ -119.951553498272062, 39.273203584322083 ], [ -119.951952210617307, 39.273331866839222 ], [ -119.951727198976727, 39.273227538360736 ], [ -119.951553498272062, 39.273203584322083 ] ], [ [ -119.952662445733296, 39.273576341292198 ], [ -119.95404805299961, 39.274765699970793 ], [ -119.954133817251076, 39.274784770985974 ], [ -119.952662445733296, 39.273576341292198 ] ], [ [ -119.951225629795047, 39.27303422777571 ], [ -119.951394818344738, 39.273157360026865 ], [ -119.951362988811795, 39.273073860830195 ], [ -119.951225629795047, 39.27303422777571 ] ], [ [ -119.952386021502733, 39.258857585020557 ], [ -119.952779399238935, 39.258922892019619 ], [ -119.952650754305225, 39.258874346304907 ], [ -119.952386021502733, 39.258857585020557 ] ], [ [ -119.952683014180451, 39.25919949346958 ], [ -119.952619026865378, 39.259071700030312 ], [ -119.952635471199315, 39.259212298058607 ], [ -119.952683014180451, 39.25919949346958 ] ], [ [ -119.95246405504956, 39.259059004849682 ], [ -119.952415019106354, 39.259090658318804 ], [ -119.952619026865378, 39.259071700030312 ], [ -119.95246405504956, 39.259059004849682 ] ], [ [ -119.952518872507184, 39.259243701083044 ], [ -119.952606805570326, 39.259220018462877 ], [ -119.95251941244905, 39.25923124206269 ], [ -119.952518872507184, 39.259243701083044 ] ], [ [ -119.952305234523209, 39.259161525801929 ], [ -119.952523312019153, 39.259141260247944 ], [ -119.952317512030746, 39.25915360051183 ], [ -119.952305234523209, 39.259161525801929 ] ], [ [ -119.951254544937555, 39.257936930252782 ], [ -119.951244899771183, 39.257936677520597 ], [ -119.951384853458208, 39.258138529330537 ], [ -119.951276913139637, 39.257955533152689 ], [ -119.951295701170764, 39.25796238431623 ], [ -119.95123217674724, 39.257918327348918 ], [ -119.951254544937555, 39.257936930252782 ] ], [ [ -119.95114291632639, 39.259977108796349 ], [ -119.951186405463531, 39.26004310881352 ], [ -119.951194208219803, 39.259863145430948 ], [ -119.95132868065761, 39.25985623827421 ], [ -119.951241286544459, 39.259846362268405 ], [ -119.951147910157886, 39.25986193223568 ], [ -119.95114291632639, 39.259977108796349 ] ], [ [ -119.95102263959636, 39.259977462937648 ], [ -119.951077682768329, 39.259878108744942 ], [ -119.95111845372135, 39.259939983780683 ], [ -119.951078463070303, 39.259860112408326 ], [ -119.951005894706014, 39.259930277881097 ], [ -119.95073044733617, 39.25986900898225 ], [ -119.95041286400884, 39.259817445106357 ], [ -119.950867780777841, 39.259908641677477 ], [ -119.950863862516201, 39.259930482511265 ], [ -119.951027483122147, 39.259966877181249 ], [ -119.95102263959636, 39.259977462937648 ] ], [ [ -119.95074527463656, 39.259527078684542 ], [ -119.950730863089603, 39.259519051407011 ], [ -119.95073044733617, 39.25986900898225 ], [ -119.95074527463656, 39.259527078684542 ] ], [ [ -119.949844589408656, 39.260138381711762 ], [ -119.950241386726319, 39.259789603101211 ], [ -119.950201142079877, 39.259783068717155 ], [ -119.949844589408656, 39.260138381711762 ] ], [ [ -119.950229793712793, 39.25908904756799 ], [ -119.950301028241583, 39.259083032401605 ], [ -119.950305021248781, 39.259056586014395 ], [ -119.950229793712793, 39.25908904756799 ] ], [ [ -119.950089567334203, 39.259149556660276 ], [ -119.950088695914232, 39.259156290111065 ], [ -119.950096947675775, 39.259146371975667 ], [ -119.950089567334203, 39.259149556660276 ] ], [ [ -119.951256650792828, 39.261315662609242 ], [ -119.951268178493564, 39.261340458077896 ], [ -119.951364059554734, 39.261290921971678 ], [ -119.951376016697068, 39.261216557022728 ], [ -119.951256650792828, 39.261315662609242 ] ], [ [ -119.95139037420121, 39.261127263271362 ], [ -119.951427524040142, 39.260896215669447 ], [ -119.951351833820794, 39.261038366671997 ], [ -119.95139037420121, 39.261127263271362 ] ], [ [ -119.951732117482763, 39.26064090373287 ], [ -119.951740168380653, 39.260634155387599 ], [ -119.951710674963863, 39.260607731662567 ], [ -119.951732117482763, 39.26064090373287 ] ], [ [ -119.951449143794889, 39.259984477707881 ], [ -119.951448847610138, 39.259869817676474 ], [ -119.95142926637061, 39.259867604917716 ], [ -119.951449143794889, 39.259984477707881 ] ], [ [ -119.950496035334311, 39.261278674067604 ], [ -119.950290597087715, 39.261460974048418 ], [ -119.95050674786431, 39.261286471777872 ], [ -119.950496035334311, 39.261278674067604 ] ], [ [ -119.950328918763361, 39.261136413341653 ], [ -119.950332986539223, 39.261139421022115 ], [ -119.950337609097375, 39.261126861755116 ], [ -119.950328918763361, 39.261136413341653 ] ], [ [ -119.950616515844146, 39.260892979583744 ], [ -119.950933559480148, 39.260482546850767 ], [ -119.950930487125973, 39.2604752187275 ], [ -119.950421395492512, 39.2610347715638 ], [ -119.950616515844146, 39.260892979583744 ] ], [ [ -119.950858227887224, 39.260336790390561 ], [ -119.950907401606983, 39.260420155520066 ], [ -119.950865649814219, 39.260320569604474 ], [ -119.950858227887224, 39.260336790390561 ] ], [ [ -119.950806655569366, 39.260249358650888 ], [ -119.950847869800853, 39.260319230106113 ], [ -119.950844972945873, 39.260035774884976 ], [ -119.950806655569366, 39.260249358650888 ] ], [ [ -119.951168686383738, 39.260384963395879 ], [ -119.951305013447495, 39.260514653135012 ], [ -119.951171580034114, 39.260385039221433 ], [ -119.951168686383738, 39.260384963395879 ] ], [ [ -119.951032684829869, 39.260381399513285 ], [ -119.951006743816251, 39.260409546570877 ], [ -119.951094416028681, 39.260383017181773 ], [ -119.951032684829869, 39.260381399513285 ] ], [ [ -119.950295867451416, 39.261126734447231 ], [ -119.950236447422043, 39.261106425815086 ], [ -119.950233386539608, 39.261176997092818 ], [ -119.950295867451416, 39.261126734447231 ] ], [ [ -119.950055938131072, 39.260833244113535 ], [ -119.950033069891106, 39.260860729626344 ], [ -119.9500624926347, 39.26084242432119 ], [ -119.950199095798993, 39.260927811037121 ], [ -119.950198266404527, 39.260918050497047 ], [ -119.950055938131072, 39.260833244113535 ] ], [ [ -119.949512355354827, 39.261503630967781 ], [ -119.949546689288468, 39.261513539538186 ], [ -119.949561013571753, 39.261468272597583 ], [ -119.949512355354827, 39.261503630967781 ] ], [ [ -119.949771158562768, 39.26168157551065 ], [ -119.949633041702668, 39.261659937725476 ], [ -119.949622297221381, 39.261661041936364 ], [ -119.949771158562768, 39.26168157551065 ] ], [ [ -119.94953456711238, 39.261699165838046 ], [ -119.949602883896574, 39.261663037042119 ], [ -119.949512126181133, 39.261672364160077 ], [ -119.94953456711238, 39.261699165838046 ] ], [ [ -119.950101173467075, 39.262128362093165 ], [ -119.949949042329237, 39.261982228741417 ], [ -119.949605207738983, 39.261767308634248 ], [ -119.949341973120383, 39.261958591404856 ], [ -119.94960442700733, 39.261785304940254 ], [ -119.950101173467075, 39.262128362093165 ] ], [ [ -119.949913840246069, 39.26474416370008 ], [ -119.950092345697257, 39.264428545072597 ], [ -119.949894649908316, 39.264711630797173 ], [ -119.949913840246069, 39.26474416370008 ] ], [ [ -119.950166844956826, 39.264871517193917 ], [ -119.950019867168635, 39.264923907941409 ], [ -119.950024185018094, 39.26493122784094 ], [ -119.949975541498006, 39.264984002957505 ], [ -119.950166844956826, 39.264871517193917 ] ], [ [ -119.951103164552165, 39.2646352061643 ], [ -119.951052640600764, 39.264441499648875 ], [ -119.95105842423267, 39.264598000167041 ], [ -119.950993105673874, 39.264560254873139 ], [ -119.951103164552165, 39.2646352061643 ] ], [ [ -119.950767948231928, 39.264425886662053 ], [ -119.951003020571278, 39.264272246323486 ], [ -119.951010011207629, 39.264278059763754 ], [ -119.951003801014309, 39.26425425000167 ], [ -119.950765271786508, 39.264410149757651 ], [ -119.950767948231928, 39.264425886662053 ] ], [ [ -119.950768751165725, 39.264430607733374 ], [ -119.950782200320191, 39.264509685677275 ], [ -119.950843361113257, 39.264473722482897 ], [ -119.950768751165725, 39.264430607733374 ] ], [ [ -119.948753414417013, 39.250952919498431 ], [ -119.948740660262004, 39.250945987342824 ], [ -119.948753294317186, 39.250955688163863 ], [ -119.948753414417013, 39.250952919498431 ] ], [ [ -119.94830064348416, 39.250706827174206 ], [ -119.948252390932851, 39.250709719363591 ], [ -119.948343090621904, 39.250729898399563 ], [ -119.94830064348416, 39.250706827174206 ] ], [ [ -119.94733142469066, 39.249546345386065 ], [ -119.947496567321892, 39.249478610636174 ], [ -119.947704096309565, 39.249502071512268 ], [ -119.947398318539044, 39.249465935835076 ], [ -119.94733142469066, 39.249546345386065 ] ], [ [ -119.947884575738129, 39.249614906483266 ], [ -119.947795116805494, 39.249540492716719 ], [ -119.947701824331162, 39.249498218904087 ], [ -119.947704096309565, 39.249502071512268 ], [ -119.947884575738129, 39.249614906483266 ] ], [ [ -119.947840347223121, 39.250100199825802 ], [ -119.947862377468084, 39.250126515976035 ], [ -119.947884575738129, 39.249614906483266 ], [ -119.947840347223121, 39.250100199825802 ] ], [ [ -119.94749969103276, 39.249406625400823 ], [ -119.947268724724552, 39.24943036307296 ], [ -119.947347562721845, 39.249446486609187 ], [ -119.94749969103276, 39.249406625400823 ] ], [ [ -119.94799455927658, 39.250284412801186 ], [ -119.948131872587808, 39.250324047987164 ], [ -119.947883526518453, 39.250151779476859 ], [ -119.94799455927658, 39.250284412801186 ] ], [ [ -119.946128153528988, 39.249251725956235 ], [ -119.94611663864444, 39.249289768912526 ], [ -119.946138013304505, 39.249280811596648 ], [ -119.946128153528988, 39.249251725956235 ] ], [ [ -119.945838095021813, 39.24956740163919 ], [ -119.945828527740161, 39.249470873296247 ], [ -119.945813681864337, 39.249812802617335 ], [ -119.945838095021813, 39.24956740163919 ] ], [ [ -119.945665625138105, 39.249320210880839 ], [ -119.94562803232823, 39.24928544260213 ], [ -119.945646489376841, 39.249394027831713 ], [ -119.945665625138105, 39.249320210880839 ] ], [ [ -119.944907095573285, 39.24987908665198 ], [ -119.944900264407096, 39.249936335796285 ], [ -119.945646489376841, 39.249394027831713 ], [ -119.944907095573285, 39.24987908665198 ] ], [ [ -119.94485738829961, 39.250185779357423 ], [ -119.944884365742567, 39.250245041349871 ], [ -119.944874866357509, 39.250149185167352 ], [ -119.944870662523556, 39.250184415406324 ], [ -119.94485738829961, 39.250185779357423 ] ], [ [ -119.943908818280008, 39.251522426473962 ], [ -119.943845845010813, 39.251905130396615 ], [ -119.943865551911585, 39.252518218431462 ], [ -119.943908818280008, 39.251522426473962 ] ], [ [ -119.947500712331916, 39.253120883046208 ], [ -119.947777031429354, 39.2531613935435 ], [ -119.946817367605178, 39.252847947096669 ], [ -119.947501613519009, 39.253100118087517 ], [ -119.947500712331916, 39.253120883046208 ] ], [ [ -119.946070956545768, 39.252166152409842 ], [ -119.946147191247263, 39.252271839280823 ], [ -119.946817367605178, 39.252847947096669 ], [ -119.946070956545768, 39.252166152409842 ] ], [ [ -119.945764939151402, 39.251469067597512 ], [ -119.945710050974981, 39.251665811455297 ], [ -119.94578797492899, 39.251442418444832 ], [ -119.945507205523839, 39.251534369189883 ], [ -119.945764939151402, 39.251469067597512 ] ], [ [ -119.945088390233337, 39.250693223621042 ], [ -119.94550407953939, 39.251606354265043 ], [ -119.945507205523839, 39.251534369189883 ], [ -119.945088390233337, 39.250693223621042 ] ], [ [ -119.946015049966093, 39.252646723500114 ], [ -119.946106977271342, 39.252530901144745 ], [ -119.946066812732113, 39.252521964625004 ], [ -119.946015049966093, 39.252646723500114 ] ], [ [ -119.944875875627247, 39.253265421938167 ], [ -119.94475539830276, 39.253319657084212 ], [ -119.944694853787041, 39.253370155274084 ], [ -119.944875093922676, 39.253283418191138 ], [ -119.94536556418123, 39.253728698150276 ], [ -119.945150989030395, 39.253867198958389 ], [ -119.945386251237807, 39.253743389388738 ], [ -119.944875875627247, 39.253265421938167 ] ], [ [ -119.945002671936379, 39.254177779485858 ], [ -119.945094533502441, 39.254099934823479 ], [ -119.945150989030395, 39.253867198958389 ], [ -119.945002671936379, 39.254177779485858 ] ], [ [ -119.947179535427381, 39.255181615064615 ], [ -119.946769084301081, 39.254785882245727 ], [ -119.946755360323991, 39.254810149368836 ], [ -119.947179535427381, 39.255181615064615 ] ], [ [ -119.947312534330621, 39.253185241491892 ], [ -119.947718748045929, 39.253250731916019 ], [ -119.947497485216203, 39.253195241373739 ], [ -119.947496927335948, 39.253208095871713 ], [ -119.947125869843461, 39.253081251685074 ], [ -119.947312534330621, 39.253185241491892 ] ], [ [ -119.946866084482977, 39.253143085411949 ], [ -119.947103152083372, 39.253073485677639 ], [ -119.947054262418561, 39.25305677285187 ], [ -119.946866084482977, 39.253143085411949 ] ], [ [ -119.946142208774646, 39.252920312732563 ], [ -119.94661061045818, 39.252806487988821 ], [ -119.946329725881156, 39.252871183813191 ], [ -119.946358751936941, 39.252843118727256 ], [ -119.946142208774646, 39.252920312732563 ] ], [ [ -119.946768641756492, 39.254504212603116 ], [ -119.946706554070744, 39.254450314881439 ], [ -119.946740807006321, 39.254611582878994 ], [ -119.946768641756492, 39.254504212603116 ] ], [ [ -119.94685419934838, 39.254668608720863 ], [ -119.94673158494453, 39.254747753653085 ], [ -119.946805561139314, 39.25472138277685 ], [ -119.946796702181558, 39.254737047471544 ], [ -119.94687188499114, 39.254666910781225 ], [ -119.946740807006321, 39.254611582878994 ], [ -119.94685419934838, 39.254668608720863 ] ], [ [ -119.946570182153337, 39.2548052899391 ], [ -119.946595859887026, 39.254796136454772 ], [ -119.946486797096938, 39.254768783982598 ], [ -119.946523887617687, 39.254804075035743 ], [ -119.946570182153337, 39.2548052899391 ] ], [ [ -119.946212328389521, 39.254507629861536 ], [ -119.94647487812847, 39.254757443259919 ], [ -119.946431567186082, 39.254662022177655 ], [ -119.946212328389521, 39.254507629861536 ] ], [ [ -119.946025588218475, 39.254538762136328 ], [ -119.946007129746718, 39.25443017697323 ], [ -119.94597626690333, 39.254429366896936 ], [ -119.946006348298965, 39.254448173241542 ], [ -119.946024806772428, 39.254556758404604 ], [ -119.945766280324165, 39.254640056370825 ], [ -119.946212328389521, 39.254507629861536 ], [ -119.946025588218475, 39.254538762136328 ] ], [ [ -119.94639359895713, 39.25460247120207 ], [ -119.94641362398842, 39.254622490306758 ], [ -119.946288802267659, 39.254347485926708 ], [ -119.94639359895713, 39.25460247120207 ] ], [ [ -119.946063228411603, 39.254410860817025 ], [ -119.946061647057576, 39.254414172309914 ], [ -119.946288802267659, 39.254347485926708 ], [ -119.946063228411603, 39.254410860817025 ] ], [ [ -119.945676334929729, 39.254043141615249 ], [ -119.945953317512831, 39.254068428932335 ], [ -119.945633487712925, 39.254024297875333 ], [ -119.945674771885905, 39.254079134143083 ], [ -119.945676334929729, 39.254043141615249 ] ], [ [ -119.945538056327507, 39.253897539465285 ], [ -119.945628375126205, 39.2540175070054 ], [ -119.945594418321974, 39.253928386384665 ], [ -119.945587654656109, 39.253950729805652 ], [ -119.945538056327507, 39.253897539465285 ] ], [ [ -119.945443317611989, 39.253771700600332 ], [ -119.945506008636571, 39.253696351579194 ], [ -119.945428820071854, 39.253752443866716 ], [ -119.945443317611989, 39.253771700600332 ] ], [ [ -119.946445829963565, 39.252758923419862 ], [ -119.946474855925558, 39.252730858300858 ], [ -119.946404580551231, 39.252688976733268 ], [ -119.946445829963565, 39.252758923419862 ] ], [ [ -119.947346971374614, 39.255632078714825 ], [ -119.94734596757911, 39.25561838447603 ], [ -119.947234916817962, 39.255507370189179 ], [ -119.947346971374614, 39.255632078714825 ] ], [ [ -119.946631122507867, 39.253401580150566 ], [ -119.946819229378818, 39.253164576605776 ], [ -119.946803305958142, 39.253171880249113 ], [ -119.946631122507867, 39.253401580150566 ] ], [ [ -119.946978528751188, 39.254473686482079 ], [ -119.946908306031077, 39.254489860659803 ], [ -119.947027094533098, 39.254556036317844 ], [ -119.946978528751188, 39.254473686482079 ] ], [ [ -119.945733271783027, 39.25433290467312 ], [ -119.945635994165684, 39.254438451780807 ], [ -119.945398270088901, 39.254576345334421 ], [ -119.945786268616217, 39.254357650902634 ], [ -119.945733271783027, 39.25433290467312 ] ], [ [ -119.946436498322356, 39.254832232531733 ], [ -119.946265360759824, 39.254887374096143 ], [ -119.945982123071516, 39.255006057525463 ], [ -119.946428954503716, 39.254855633996577 ], [ -119.946449757746493, 39.254910230293333 ], [ -119.946436498322356, 39.254832232531733 ] ], [ [ -119.946142070529831, 39.25505830042885 ], [ -119.94630027502572, 39.255021863101483 ], [ -119.946283038314618, 39.255013955502527 ], [ -119.946449757746493, 39.254910230293333 ], [ -119.946142070529831, 39.25505830042885 ] ], [ [ -119.946363661674951, 39.255050942638221 ], [ -119.946418015515661, 39.255107581827595 ], [ -119.946456904452631, 39.255093718998893 ], [ -119.946363661674951, 39.255050942638221 ] ], [ [ -119.94613555858578, 39.255208269332179 ], [ -119.946082596003706, 39.255367919612631 ], [ -119.946085842770486, 39.255381855350876 ], [ -119.94613555858578, 39.255208269332179 ] ], [ [ -119.946081604972974, 39.255363665920044 ], [ -119.946051038566566, 39.255102107994801 ], [ -119.946023728956035, 39.255115250249752 ], [ -119.946081604972974, 39.255363665920044 ] ], [ [ -119.947691831465562, 39.256726481759664 ], [ -119.947726358085205, 39.25673189170034 ], [ -119.947669464627481, 39.256707878219288 ], [ -119.947613795572551, 39.25692261916042 ], [ -119.94757736858368, 39.257227948764353 ], [ -119.947691831465562, 39.256726481759664 ] ], [ [ -119.9474560090094, 39.256669638051456 ], [ -119.947437653306281, 39.256640208004981 ], [ -119.947365869279878, 39.25671301653751 ], [ -119.9474560090094, 39.256669638051456 ] ], [ [ -119.947285916362944, 39.256396924290797 ], [ -119.947276900835746, 39.256382469409822 ], [ -119.947189608160571, 39.256551154640832 ], [ -119.947285916362944, 39.256396924290797 ] ], [ [ -119.9473034042704, 39.256761183978803 ], [ -119.947320683587847, 39.256734761473119 ], [ -119.947336821338112, 39.256726995426831 ], [ -119.947189608160571, 39.256551154640832 ], [ -119.9473034042704, 39.256761183978803 ] ], [ [ -119.947158058034844, 39.256191924385909 ], [ -119.94698547341369, 39.255915211182163 ], [ -119.946900722241026, 39.255874551541041 ], [ -119.947158058034844, 39.256191924385909 ] ], [ [ -119.946615111223764, 39.255905492532989 ], [ -119.946844221515107, 39.255847445081315 ], [ -119.946826565047417, 39.255838974307359 ], [ -119.946862607197104, 39.255775244455073 ], [ -119.946615111223764, 39.255905492532989 ] ], [ [ -119.946853619008806, 39.255749600322879 ], [ -119.946869594952886, 39.25576288866575 ], [ -119.946876766594315, 39.255750207723494 ], [ -119.946739033745757, 39.255569762147523 ], [ -119.946831252697194, 39.255730996639556 ], [ -119.946853619008806, 39.255749600322879 ] ], [ [ -119.946836258320175, 39.25574914476941 ], [ -119.946853284179724, 39.255757313013632 ], [ -119.946853619008806, 39.255749600322879 ], [ -119.946836258320175, 39.25574914476941 ] ], [ [ -119.946558169854285, 39.255615729781063 ], [ -119.946830583034483, 39.255746422020792 ], [ -119.946831252697194, 39.255730996639556 ], [ -119.946558169854285, 39.255615729781063 ] ], [ [ -119.946376892071257, 39.255760621936354 ], [ -119.94638988605945, 39.255755447616899 ], [ -119.94640589366, 39.255773263235831 ], [ -119.946558169854285, 39.255615729781063 ], [ -119.946376892071257, 39.255760621936354 ] ], [ [ -119.946529707797779, 39.25520377636412 ], [ -119.9465329710156, 39.25512861545139 ], [ -119.946470266972995, 39.255099849222134 ], [ -119.946529707797779, 39.25520377636412 ] ], [ [ -119.943391843779651, 39.24848803345359 ], [ -119.943463624947626, 39.24843586869293 ], [ -119.943296556226642, 39.248474347482201 ], [ -119.943391843779651, 39.24848803345359 ] ], [ [ -119.942978359901232, 39.248405103812637 ], [ -119.942923862872064, 39.2484176552029 ], [ -119.942931287662802, 39.248421883881704 ], [ -119.943170776721033, 39.248456281882575 ], [ -119.942957496360094, 39.248383359459318 ], [ -119.942978359901232, 39.248405103812637 ] ], [ [ -119.942889689939221, 39.248312690288245 ], [ -119.942913525927963, 39.248337532639376 ], [ -119.942920576422708, 39.248268459814625 ], [ -119.942889689939221, 39.248312690288245 ] ], [ [ -119.943072753072812, 39.247087466481887 ], [ -119.942935049062669, 39.247268908548165 ], [ -119.943080955304623, 39.247110590726621 ], [ -119.943072753072812, 39.247087466481887 ] ], [ [ -119.943181667704181, 39.246392565055181 ], [ -119.943172284300076, 39.246608519999285 ], [ -119.943222729729001, 39.246387536375785 ], [ -119.943181667704181, 39.246392565055181 ] ], [ [ -119.943749478076768, 39.246323026540907 ], [ -119.94348450002083, 39.246355478198225 ], [ -119.943739479628945, 39.2463531672595 ], [ -119.943749478076768, 39.246323026540907 ] ], [ [ -119.944229860713392, 39.244131963913013 ], [ -119.944478189132283, 39.24428261935244 ], [ -119.944311493202378, 39.244386342775478 ], [ -119.944497852476815, 39.244281287809912 ], [ -119.944229860713392, 39.244131963913013 ] ], [ [ -119.944726183355471, 39.243582081638216 ], [ -119.944691181208256, 39.243570113968573 ], [ -119.944716961126574, 39.243586233835366 ], [ -119.944726183355471, 39.243582081638216 ] ], [ [ -119.944421262934469, 39.243992855774216 ], [ -119.944500401847463, 39.244279850667255 ], [ -119.944525258206227, 39.244265838523098 ], [ -119.944421262934469, 39.243992855774216 ] ], [ [ -119.944626731464794, 39.243529814278482 ], [ -119.944637559016456, 39.243536584628721 ], [ -119.944662228233767, 39.243512729526024 ], [ -119.944626731464794, 39.243529814278482 ] ], [ [ -119.945032375395542, 39.243792699916781 ], [ -119.945067112114614, 39.243755004458713 ], [ -119.94505708179976, 39.243757314954699 ], [ -119.945032375395542, 39.243792699916781 ] ], [ [ -119.945085166679817, 39.243750845563696 ], [ -119.94508932656916, 39.243761764855151 ], [ -119.94512729399095, 39.243741141464078 ], [ -119.945085166679817, 39.243750845563696 ] ], [ [ -119.9458179811962, 39.244376543392171 ], [ -119.945813225601256, 39.244371718535625 ], [ -119.945797194083241, 39.244371297750199 ], [ -119.945994787331685, 39.244573639186633 ], [ -119.945995523869371, 39.244556671247835 ], [ -119.945831455385488, 39.244390213818214 ], [ -119.945817403775195, 39.244389845002466 ], [ -119.9458179811962, 39.244376543392171 ] ], [ [ -119.945779137314844, 39.244352807003551 ], [ -119.945795130452055, 39.244369184522107 ], [ -119.945795788425144, 39.244354027393342 ], [ -119.945794995826432, 39.244353223250442 ], [ -119.945779137314844, 39.244352807003551 ] ], [ [ -119.945886542980517, 39.244932163719227 ], [ -119.945895982075996, 39.244957954269971 ], [ -119.9459661305049, 39.244700034200726 ], [ -119.945886542980517, 39.244932163719227 ] ], [ [ -119.946171301392354, 39.244777486152856 ], [ -119.946159017154841, 39.244765980918665 ], [ -119.946127293874298, 39.244755134960911 ], [ -119.946148157429221, 39.244776878753271 ], [ -119.946140091285585, 39.244790248957429 ], [ -119.946191727319189, 39.244777164272463 ], [ -119.946184067396914, 39.244774545405022 ], [ -119.946171301392354, 39.244777486152856 ] ], [ [ -119.94618971090469, 39.244773245378838 ], [ -119.946193178716612, 39.244776796484729 ], [ -119.946381940341411, 39.244728963628802 ], [ -119.94618971090469, 39.244773245378838 ] ], [ [ -119.946386338264659, 39.245161482283216 ], [ -119.946232140928728, 39.244977267643627 ], [ -119.94607325740111, 39.244901030621428 ], [ -119.946386338264659, 39.245161482283216 ] ], [ [ -119.9450346711766, 39.24522209284536 ], [ -119.945040074786164, 39.24521622911368 ], [ -119.944935294862091, 39.244961243009165 ], [ -119.9450346711766, 39.24522209284536 ] ], [ [ -119.944787814687515, 39.244266726936729 ], [ -119.944810016601537, 39.244111164287041 ], [ -119.944780621084504, 39.244254526861781 ], [ -119.944787814687515, 39.244266726936729 ] ], [ [ -119.942880530166647, 39.261928070683801 ], [ -119.942860929640219, 39.261835770679426 ], [ -119.942810050815709, 39.261838022559267 ], [ -119.942841377102809, 39.261878046703082 ], [ -119.94285617761183, 39.261878435602043 ], [ -119.942849341703408, 39.261888222695568 ], [ -119.942880530166647, 39.261928070683801 ] ], [ [ -119.94480403658099, 39.264253762732636 ], [ -119.9449297994571, 39.264293098661447 ], [ -119.944683748250128, 39.264088453161165 ], [ -119.944770875147483, 39.26421685841337 ], [ -119.944678273853086, 39.264214426673071 ], [ -119.944792603599566, 39.26425018673261 ], [ -119.944793243442831, 39.264235462554581 ], [ -119.944815611750002, 39.264254066691947 ], [ -119.94480403658099, 39.264253762732636 ] ], [ [ -119.944799027973701, 39.263568994546262 ], [ -119.944728051443676, 39.263593481207522 ], [ -119.944683748250128, 39.264088453161165 ], [ -119.944799027973701, 39.263568994546262 ] ], [ [ -119.942841517964453, 39.248887961660166 ], [ -119.942822421037746, 39.24876363757447 ], [ -119.942743462100225, 39.249011502789408 ], [ -119.942751385488322, 39.249032301579227 ], [ -119.942841517964453, 39.248887961660166 ] ], [ [ -119.942805858898581, 39.24917529324793 ], [ -119.942708584687594, 39.249280838094734 ], [ -119.942718786901935, 39.249299980878604 ], [ -119.942805858898581, 39.24917529324793 ] ], [ [ -119.942442763842735, 39.250453133346646 ], [ -119.942419229559789, 39.250481418842178 ], [ -119.942448649639701, 39.250463115342754 ], [ -119.942442763842735, 39.250453133346646 ] ], [ [ -119.941694684435035, 39.250749585795624 ], [ -119.941476981939743, 39.250960064775541 ], [ -119.941478161691776, 39.25098450560624 ], [ -119.941694684435035, 39.250749585795624 ] ], [ [ -119.941501363536076, 39.251465175263121 ], [ -119.941404084044066, 39.251570718780705 ], [ -119.941427171886787, 39.251666708580615 ], [ -119.941501363536076, 39.251465175263121 ] ], [ [ -119.941270939890046, 39.252091091010328 ], [ -119.941241729783457, 39.252106953999188 ], [ -119.941255416453302, 39.252133257941615 ], [ -119.941270939890046, 39.252091091010328 ] ], [ [ -119.941463019375377, 39.252346989068215 ], [ -119.941580316175134, 39.25231403876225 ], [ -119.941371999129515, 39.252308562915772 ], [ -119.941320691473734, 39.252258707495237 ], [ -119.941327271629163, 39.252271353617928 ], [ -119.941293610948364, 39.25228906671591 ], [ -119.941463019375377, 39.252346989068215 ] ], [ [ -119.941493661151057, 39.252708129890017 ], [ -119.941598085062722, 39.252818975343835 ], [ -119.941560752952057, 39.252763943753038 ], [ -119.941691352935052, 39.252425057951797 ], [ -119.94156153548937, 39.252745947554239 ], [ -119.941470468021151, 39.252611703783771 ], [ -119.941493661151057, 39.252708129890017 ] ], [ [ -119.941721215933057, 39.25300048297504 ], [ -119.94170790120549, 39.253028361709617 ], [ -119.941734969951384, 39.253020757756808 ], [ -119.941721215933057, 39.25300048297504 ] ], [ [ -119.941265777577712, 39.253152558679488 ], [ -119.941289237235637, 39.253145968680037 ], [ -119.941236603955019, 39.253127972981495 ], [ -119.941241421464809, 39.253147138443005 ], [ -119.941265777577712, 39.253152558679488 ] ], [ [ -119.940753426196466, 39.254214497176626 ], [ -119.94068845009275, 39.254704838761342 ], [ -119.940755879733331, 39.254220159127392 ], [ -119.940753426196466, 39.254214497176626 ] ], [ [ -119.940707683148688, 39.254795428265354 ], [ -119.940674359314684, 39.255028769955715 ], [ -119.940696567143348, 39.255050973987821 ], [ -119.940707683148688, 39.254795428265354 ] ], [ [ -119.940721947535991, 39.255076350019955 ], [ -119.940785398596574, 39.255139790078637 ], [ -119.941014522933813, 39.255199864406798 ], [ -119.940721947535991, 39.255076350019955 ] ], [ [ -119.941150126633218, 39.255405538248844 ], [ -119.941144796766054, 39.255401473686241 ], [ -119.94131074158588, 39.255315752372788 ], [ -119.941488093900489, 39.255500582111985 ], [ -119.941308347553033, 39.255300509358193 ], [ -119.941140965258597, 39.255358701681736 ], [ -119.941146362199504, 39.25536548131889 ], [ -119.941120448245798, 39.255411294917302 ], [ -119.941150126633218, 39.255405538248844 ] ], [ [ -119.941413955828438, 39.255606733819171 ], [ -119.941419237176788, 39.25562231558952 ], [ -119.941488093900489, 39.255500582111985 ], [ -119.941413955828438, 39.255606733819171 ] ], [ [ -119.941506126919222, 39.256151661401447 ], [ -119.941506996525376, 39.256131665637668 ], [ -119.941506996525362, 39.256131665637639 ], [ -119.941483848930503, 39.256131057164843 ], [ -119.941484631581233, 39.256113060977775 ], [ -119.941178983975291, 39.255909415562321 ], [ -119.941189974782702, 39.255961180959588 ], [ -119.941506126919222, 39.256151661401447 ] ], [ [ -119.941551726449063, 39.256168874945772 ], [ -119.941533920596669, 39.256168406896656 ], [ -119.941596456420001, 39.256206084238343 ], [ -119.941551726449063, 39.256168874945772 ] ], [ [ -119.941690527092931, 39.256381718012221 ], [ -119.941633360263509, 39.256423255405458 ], [ -119.941495256769215, 39.256401608441507 ], [ -119.941712729595253, 39.256475960159932 ], [ -119.9416804382614, 39.256406476105063 ], [ -119.941690527092931, 39.256381718012221 ] ], [ [ -119.941718359340484, 39.256488074155584 ], [ -119.941703676389267, 39.256511584129925 ], [ -119.941722820649346, 39.256497673925573 ], [ -119.941718359340484, 39.256488074155584 ] ], [ [ -119.94164100033116, 39.256611939256842 ], [ -119.94162396876149, 39.256639209664449 ], [ -119.941728751126519, 39.256894198526133 ], [ -119.94164100033116, 39.256611939256842 ] ], [ [ -119.942224629503229, 39.259879996573417 ], [ -119.942130468954559, 39.259913555404573 ], [ -119.942144017049173, 39.25996744697126 ], [ -119.942224629503229, 39.259879996573417 ] ], [ [ -119.942149436292127, 39.259989003597617 ], [ -119.942163719646061, 39.260045819765821 ], [ -119.942192077968357, 39.259995686959613 ], [ -119.942149436292127, 39.259989003597617 ] ], [ [ -119.942146574512989, 39.260076129474314 ], [ -119.942146574512989, 39.260076129474292 ], [ -119.942103407109187, 39.260002927935268 ], [ -119.942285632430185, 39.260743094762944 ], [ -119.942146574512989, 39.260076129474314 ] ], [ [ -119.941941364957799, 39.259998669009761 ], [ -119.941910259194202, 39.26001449191002 ], [ -119.942103407109187, 39.260002927935268 ], [ -119.941941364957799, 39.259998669009761 ] ], [ [ -119.94256061672624, 39.261213750575124 ], [ -119.942561038081536, 39.261204060319287 ], [ -119.94253405778268, 39.261158309435061 ], [ -119.942538671318076, 39.261185455801488 ], [ -119.942422954924041, 39.261167319762642 ], [ -119.942406088294831, 39.26123235746266 ], [ -119.942438248713941, 39.261362984315014 ], [ -119.942469223482505, 39.261183630789112 ], [ -119.94256061672624, 39.261213750575124 ] ], [ [ -119.942606554149947, 39.261223273153014 ], [ -119.942588034715371, 39.261222786497491 ], [ -119.942766251825134, 39.261281519841774 ], [ -119.942561038081536, 39.261204060319287 ], [ -119.942606554149947, 39.261223273153014 ] ], [ [ -119.942744830881495, 39.261431525548069 ], [ -119.942764371189952, 39.261447778915013 ], [ -119.942776385584608, 39.261368266538078 ], [ -119.942766251825134, 39.261281519841774 ], [ -119.942744830881495, 39.261431525548069 ] ], [ [ -119.943303720085666, 39.262497002794255 ], [ -119.94314741040921, 39.262642791266728 ], [ -119.94331158750046, 39.262506507690638 ], [ -119.943303720085666, 39.262497002794255 ] ], [ [ -119.943353665097007, 39.262557343042346 ], [ -119.943508931236636, 39.262779369160924 ], [ -119.943491527790457, 39.262723898977185 ], [ -119.943353665097007, 39.262557343042346 ] ], [ [ -119.943635946573721, 39.263155050235632 ], [ -119.943673996572883, 39.263281827422212 ], [ -119.943682202163259, 39.262602790691751 ], [ -119.943635946573721, 39.263155050235632 ] ], [ [ -119.943673278555849, 39.263341243132594 ], [ -119.943673908480264, 39.263289117080824 ], [ -119.943598232601843, 39.26337121049631 ], [ -119.943999725434281, 39.263295767920326 ], [ -119.943673278555849, 39.263341243132594 ] ], [ [ -119.944111564572793, 39.263388789244239 ], [ -119.944140921142804, 39.26337990847211 ], [ -119.943999725434281, 39.263295767920326 ], [ -119.944111564572793, 39.263388789244239 ] ], [ [ -119.944478054833851, 39.263488498470771 ], [ -119.944533167894619, 39.263565698116487 ], [ -119.944544376778708, 39.263562307236874 ], [ -119.944478054833851, 39.263488498470771 ] ], [ [ -119.943995577098946, 39.263791119648964 ], [ -119.943988275053314, 39.263801574111795 ], [ -119.944009607824242, 39.263814909963976 ], [ -119.943995577098946, 39.263791119648964 ] ], [ [ -119.944468669701209, 39.263704453041349 ], [ -119.944657852266147, 39.263617699624163 ], [ -119.944036850157104, 39.263831940074787 ], [ -119.944045709455196, 39.263837478320944 ], [ -119.944475297272476, 39.26370996539471 ], [ -119.944468669701209, 39.263704453041349 ] ], [ [ -119.944492758378701, 39.263724488324023 ], [ -119.94450402071881, 39.263957615988147 ], [ -119.944535773908299, 39.263760265603317 ], [ -119.944492758378701, 39.263724488324023 ] ], [ [ -119.945088891549588, 39.264425417718115 ], [ -119.945119930913663, 39.264451233498463 ], [ -119.945119930913663, 39.264451233498455 ], [ -119.945088891549588, 39.264425417718115 ] ], [ [ -119.945132589451575, 39.264470446443781 ], [ -119.945181762145097, 39.264801004257535 ], [ -119.94517428821166, 39.264533736137544 ], [ -119.945132589451575, 39.264470446443781 ] ], [ [ -119.94518232054206, 39.264820972565026 ], [ -119.945154908148126, 39.264807187921221 ], [ -119.945182969114839, 39.26484416556805 ], [ -119.94518232054206, 39.264820972565026 ] ], [ [ -119.945192289322705, 39.264856447364572 ], [ -119.945207397522339, 39.26487635633454 ], [ -119.945417214848803, 39.264810365609492 ], [ -119.945192289322705, 39.264856447364572 ] ], [ [ -119.945564413415511, 39.265156548471261 ], [ -119.945733511723461, 39.265443250215377 ], [ -119.94571943160642, 39.265322768891352 ], [ -119.945564413415511, 39.265156548471261 ] ], [ [ -119.945734385662917, 39.265450728366453 ], [ -119.945500128906161, 39.265569246103055 ], [ -119.94573632775105, 39.26546734647993 ], [ -119.945734385662917, 39.265450728366453 ] ], [ [ -119.947757967468561, 39.271026447636316 ], [ -119.947707202740048, 39.271320463650632 ], [ -119.947787601352275, 39.271070338482865 ], [ -119.947757967468561, 39.271026447636316 ] ], [ [ -119.947211056421978, 39.271647982015075 ], [ -119.947182210564648, 39.27166702370922 ], [ -119.947075529450629, 39.271988525689167 ], [ -119.947211056421978, 39.271647982015075 ] ], [ [ -119.947080963710107, 39.272350295200624 ], [ -119.947081474236867, 39.272351485111969 ], [ -119.947075529450629, 39.271988525689167 ], [ -119.947080963710107, 39.272350295200624 ] ], [ [ -119.947084150710523, 39.272514898638121 ], [ -119.94701172883164, 39.272923722067212 ], [ -119.947088223702409, 39.27276357875877 ], [ -119.947084150710523, 39.272514898638121 ] ], [ [ -119.947071334793392, 39.273856584578866 ], [ -119.94708318737321, 39.273931195070311 ], [ -119.947126900466998, 39.274007748819059 ], [ -119.947071334793392, 39.273856584578866 ] ], [ [ -119.947045443264855, 39.274307110104132 ], [ -119.947092802846086, 39.274259088392981 ], [ -119.947126900466998, 39.274007748819059 ], [ -119.947045443264855, 39.274307110104132 ] ], [ [ -119.947037693508918, 39.274314968200237 ], [ -119.946996800567348, 39.274334641617429 ], [ -119.947001167503927, 39.274352004800107 ], [ -119.947037693508918, 39.274314968200237 ] ], [ [ -119.947024203647999, 39.274443597663527 ], [ -119.947072199069666, 39.274634429182576 ], [ -119.947081858685138, 39.27451103553912 ], [ -119.947024203647999, 39.274443597663527 ] ], [ [ -119.946598632403564, 39.276029776234182 ], [ -119.946389376669856, 39.276198658010244 ], [ -119.946415570476063, 39.276228335251453 ], [ -119.946598632403564, 39.276029776234182 ] ], [ [ -119.946570180349326, 39.277218133776167 ], [ -119.946512923716355, 39.277468865180239 ], [ -119.946537367733384, 39.277503097281688 ], [ -119.946570180349326, 39.277218133776167 ] ], [ [ -119.946490299967792, 39.278450358338866 ], [ -119.946543289977498, 39.278370498658354 ], [ -119.946632303775857, 39.277922416772824 ], [ -119.947012945811409, 39.277698189133361 ], [ -119.946609148900762, 39.27792180903834 ], [ -119.946634496823293, 39.277701673562227 ], [ -119.946494633970957, 39.278423271744998 ], [ -119.946480617008092, 39.278419226948202 ], [ -119.946490299967792, 39.278450358338866 ] ], [ [ -119.946463556718768, 39.278490662217763 ], [ -119.946079881749284, 39.278898836317289 ], [ -119.946320036140619, 39.278706956454549 ], [ -119.946463556718768, 39.278490662217763 ] ], [ [ -119.945997882785761, 39.279271678864902 ], [ -119.945981767278667, 39.279268448237978 ], [ -119.945995093436537, 39.279284361724969 ], [ -119.945997882785761, 39.279271678864902 ] ], [ [ -119.946140430629441, 39.279526097504402 ], [ -119.946157681177354, 39.279627553192753 ], [ -119.946166720262198, 39.279567734729014 ], [ -119.946140430629441, 39.279526097504402 ] ], [ [ -119.946116101146529, 39.279902718102228 ], [ -119.946055980613068, 39.280028562469035 ], [ -119.946101638434513, 39.279998427626794 ], [ -119.946116101146529, 39.279902718102228 ] ], [ [ -119.945717323412424, 39.280378862807176 ], [ -119.945704091408714, 39.2803900712832 ], [ -119.945713940567899, 39.280384617252203 ], [ -119.945717323412424, 39.280378862807176 ] ], [ [ -119.945297402888386, 39.280619408437829 ], [ -119.945286185717308, 39.28062561992968 ], [ -119.944852168145999, 39.281010590244605 ], [ -119.945297402888386, 39.280619408437829 ] ], [ [ -119.943727053325176, 39.281827822150994 ], [ -119.944541751353157, 39.281218638153923 ], [ -119.943705157169035, 39.281826298642194 ], [ -119.943750271327303, 39.281853655530476 ], [ -119.943727053325176, 39.281827822150994 ] ], [ [ -119.943846202751004, 39.281960392848589 ], [ -119.943680412958358, 39.282367098102618 ], [ -119.943859727848888, 39.281975441407496 ], [ -119.943846202751004, 39.281960392848589 ] ], [ [ -119.943248724406047, 39.282698073150456 ], [ -119.942621370849679, 39.282971976718265 ], [ -119.942634129330344, 39.282970189449181 ], [ -119.943248724406047, 39.282698073150456 ] ], [ [ -119.938399692617409, 39.283849741766232 ], [ -119.938382809690552, 39.283705163924537 ], [ -119.938375424992742, 39.283874626720852 ], [ -119.938399692617409, 39.283849741766232 ] ], [ [ -119.938132983396301, 39.284123234345174 ], [ -119.937713246685533, 39.284173990619195 ], [ -119.938108479969941, 39.284148360836483 ], [ -119.938132983396301, 39.284123234345174 ] ], [ [ -119.932295644511683, 39.286661682435629 ], [ -119.931974248332438, 39.286366065763232 ], [ -119.931981657488549, 39.28641918511623 ], [ -119.932295644511683, 39.286661682435629 ] ], [ [ -119.931887895921292, 39.286286639208612 ], [ -119.931872158342969, 39.286272163830368 ], [ -119.931748886947631, 39.286275746381236 ], [ -119.931887895921292, 39.286286639208612 ] ], [ [ -119.931593267733533, 39.286280268846703 ], [ -119.931547170110122, 39.286281608454132 ], [ -119.931414526656411, 39.286389937071093 ], [ -119.931593267733533, 39.286280268846703 ] ], [ [ -119.931007459739106, 39.286421991373331 ], [ -119.930942966592937, 39.286443745388084 ], [ -119.930958803579173, 39.28648228701357 ], [ -119.930707598481987, 39.286571748044672 ], [ -119.931307736173295, 39.286455459045683 ], [ -119.931327716343148, 39.286443200103719 ], [ -119.930981174749547, 39.28650089388686 ], [ -119.930960375957412, 39.286446295181996 ], [ -119.931007459739106, 39.286421991373331 ] ], [ [ -119.930512168947644, 39.286092152821972 ], [ -119.930473717532053, 39.285910971636632 ], [ -119.930396319946865, 39.285878301001169 ], [ -119.930512168947644, 39.286092152821972 ] ], [ [ -119.930383447877091, 39.285854539681935 ], [ -119.930392029256026, 39.285870380561548 ], [ -119.93066369229085, 39.285807884402544 ], [ -119.930243718724256, 39.285868869109848 ], [ -119.930383447877091, 39.285854539681935 ] ], [ [ -119.929963173313183, 39.286128712513047 ], [ -119.929949624033526, 39.286125453084651 ], [ -119.929800150260846, 39.286469729187374 ], [ -119.929963173313183, 39.286128712513047 ] ], [ [ -119.929070917526758, 39.285733360800911 ], [ -119.928927696529627, 39.285744049877273 ], [ -119.928838530196799, 39.285802279291445 ], [ -119.929070917526758, 39.285733360800911 ] ], [ [ -119.928661508366446, 39.285917881583266 ], [ -119.928211739190644, 39.28621159571081 ], [ -119.92863958383812, 39.285970659721016 ], [ -119.928661508366446, 39.285917881583266 ] ], [ [ -119.927053749948385, 39.287243993418478 ], [ -119.92722217877764, 39.28733080443407 ], [ -119.927054537158568, 39.287225997571028 ], [ -119.927004955843046, 39.287243652671712 ], [ -119.926862978987103, 39.28736507021155 ], [ -119.926551695345182, 39.287591062508973 ], [ -119.927053749948385, 39.287243993418478 ] ], [ [ -119.926437481991059, 39.287552011527787 ], [ -119.926430023913326, 39.287555932558675 ], [ -119.926551695345182, 39.287591062508973 ], [ -119.926437481991059, 39.287552011527787 ] ], [ [ -119.925806245301828, 39.288201946797933 ], [ -119.925274718180688, 39.288692364328099 ], [ -119.92532357518823, 39.288708093709374 ], [ -119.925806245301828, 39.288201946797933 ] ], [ [ -119.924133297478605, 39.291553546288291 ], [ -119.924105766597634, 39.291611119932838 ], [ -119.924128108860955, 39.291580744653928 ], [ -119.924133297478605, 39.291553546288291 ] ], [ [ -119.923389199067117, 39.292570134231063 ], [ -119.92338998736443, 39.292552138462042 ], [ -119.923402770733162, 39.292562771782841 ], [ -119.923413146553685, 39.292552751003221 ], [ -119.923645420809066, 39.292236972874441 ], [ -119.923267884794043, 39.292693041821401 ], [ -119.923394988865809, 39.292570287366878 ], [ -119.923389199067117, 39.292570134231063 ] ], [ [ -119.92276988797245, 39.292549248097728 ], [ -119.922613493068894, 39.292488938130965 ], [ -119.922649682167005, 39.292514538959871 ], [ -119.92276988797245, 39.292549248097728 ] ], [ [ -119.921750132451109, 39.291878172438146 ], [ -119.921664614811846, 39.291881437716647 ], [ -119.921675922969214, 39.291890519659077 ], [ -119.921750132451109, 39.291878172438146 ] ], [ [ -119.945489182424112, 39.265821193251334 ], [ -119.945332599910486, 39.265690964959077 ], [ -119.945352623019346, 39.265763557679634 ], [ -119.945488847325578, 39.265828905918923 ], [ -119.945489182424112, 39.265821193251334 ] ], [ [ -119.942873888342646, 39.248389192930063 ], [ -119.942730020918148, 39.248254444814343 ], [ -119.942430969227289, 39.248128190981987 ], [ -119.942433828690341, 39.248138561424042 ], [ -119.942873888342646, 39.248389192930063 ] ], [ [ -119.943281751073528, 39.244089045034677 ], [ -119.943647982889857, 39.243334446235465 ], [ -119.943539768567931, 39.243483251604438 ], [ -119.943281751073528, 39.244089045034677 ] ], [ [ -119.943154304339672, 39.244355948945987 ], [ -119.943138979569198, 39.244175378436772 ], [ -119.943050846825756, 39.244572611982527 ], [ -119.943154304339672, 39.244355948945987 ] ], [ [ -119.942046671845048, 39.245317769239676 ], [ -119.942063680226255, 39.245298769527274 ], [ -119.94203389364948, 39.245307138122556 ], [ -119.942046671845048, 39.245317769239676 ] ], [ [ -119.941146259405116, 39.252366606582925 ], [ -119.941151709388819, 39.25237345311303 ], [ -119.941164952192949, 39.252356770016249 ], [ -119.941146259405116, 39.252366606582925 ] ], [ [ -119.941078858857523, 39.252427768992703 ], [ -119.941116892101419, 39.25238206030869 ], [ -119.941066400918189, 39.252408629853662 ], [ -119.941062477549437, 39.252406176696404 ], [ -119.941078858857523, 39.252427768992703 ] ], [ [ -119.94097616350777, 39.252352207206322 ], [ -119.940792309785081, 39.252435455436228 ], [ -119.940994210978133, 39.252363491740972 ], [ -119.94097616350777, 39.252352207206322 ] ], [ [ -119.940414500083932, 39.252612195140479 ], [ -119.940621140794619, 39.252523040620943 ], [ -119.940619631227918, 39.252531108473605 ], [ -119.940634133618033, 39.252507076571185 ], [ -119.940410086218165, 39.252608523136026 ], [ -119.940414500083932, 39.252612195140479 ] ], [ [ -119.941124100380151, 39.252680398246227 ], [ -119.941191326512609, 39.252947845632498 ], [ -119.94117587171489, 39.252555641892357 ], [ -119.941124100380151, 39.252680398246227 ] ], [ [ -119.941180222088718, 39.252409272105069 ], [ -119.941226077624322, 39.252466877894157 ], [ -119.941416355626615, 39.252531935717705 ], [ -119.941387319756487, 39.252489133332013 ], [ -119.941180222088718, 39.252409272105069 ] ], [ [ -119.941226937506102, 39.253143915163932 ], [ -119.94088190972036, 39.252967260380956 ], [ -119.94108217005747, 39.253111698313056 ], [ -119.941226937506102, 39.253143915163932 ] ], [ [ -119.940816099058395, 39.252919794188159 ], [ -119.940598137829454, 39.252645979323262 ], [ -119.940590949383505, 39.252684397665696 ], [ -119.940745147038285, 39.252868619660731 ], [ -119.940816099058395, 39.252919794188159 ] ], [ [ -119.94130147220568, 39.260324166878732 ], [ -119.941275470833617, 39.260355411741756 ], [ -119.941718147214132, 39.260112215206412 ], [ -119.94130147220568, 39.260324166878732 ] ], [ [ -119.940789579945175, 39.257044161047851 ], [ -119.94079579201734, 39.257031822958453 ], [ -119.940631106104874, 39.256860194334791 ], [ -119.940617655097995, 39.256864988294687 ], [ -119.940789579945175, 39.257044161047851 ] ], [ [ -119.940711812109257, 39.256831430541176 ], [ -119.940817408785492, 39.256306573399037 ], [ -119.940727469327527, 39.256471507089465 ], [ -119.94069917967451, 39.256056377834952 ], [ -119.940711812109257, 39.256831430541176 ] ], [ [ -119.940770187998908, 39.256022211353937 ], [ -119.940859646944503, 39.256096630486539 ], [ -119.940769426934338, 39.256005336956605 ], [ -119.94069917967451, 39.256056377834952 ], [ -119.940770187998908, 39.256022211353937 ] ], [ [ -119.940548890105276, 39.255782174733511 ], [ -119.940511229124084, 39.255808482559743 ], [ -119.940567723775033, 39.255801232678913 ], [ -119.940548890105276, 39.255782174733511 ] ], [ [ -119.940986224159289, 39.255483039705531 ], [ -119.940908626657276, 39.255503365202948 ], [ -119.940903929960854, 39.255611342277611 ], [ -119.940978851549971, 39.255487194745783 ], [ -119.940983601087069, 39.255490164367281 ], [ -119.940986224159289, 39.255483039705531 ] ], [ [ -119.940766611146202, 39.255571698339715 ], [ -119.940753863215306, 39.25559838829863 ], [ -119.940764262686528, 39.255625686869557 ], [ -119.940766611146202, 39.255571698339715 ] ], [ [ -119.942750082761393, 39.263785423283842 ], [ -119.942560058183815, 39.262825542155525 ], [ -119.942787775185494, 39.263984597954313 ], [ -119.942747936706397, 39.263737868192749 ], [ -119.942750082761393, 39.263785423283842 ] ], [ [ -119.94219777816275, 39.262096252225156 ], [ -119.942201730458265, 39.262005371512231 ], [ -119.942142589823575, 39.261985153679127 ], [ -119.94219777816275, 39.262096252225156 ] ], [ [ -119.942087548076742, 39.261966337056123 ], [ -119.941853892979339, 39.261633774651308 ], [ -119.942083343766299, 39.261979182420504 ], [ -119.942108308499897, 39.261973434237945 ], [ -119.942087548076742, 39.261966337056123 ] ], [ [ -119.941802886016887, 39.261556989928494 ], [ -119.94178998452243, 39.261481072074758 ], [ -119.941782240372163, 39.261525910392479 ], [ -119.941802886016887, 39.261556989928494 ] ], [ [ -119.941758401518896, 39.261295223748206 ], [ -119.941748465321112, 39.261236754610287 ], [ -119.941652882128082, 39.261196406953175 ], [ -119.941758401518896, 39.261295223748206 ] ], [ [ -119.941553397700659, 39.261154412373799 ], [ -119.941564836652745, 39.261195894211475 ], [ -119.94137572847815, 39.261281006717546 ], [ -119.941623791613566, 39.261184127216659 ], [ -119.941553397700659, 39.261154412373799 ] ], [ [ -119.943802791519801, 39.263560846288257 ], [ -119.943588060959229, 39.263382244704886 ], [ -119.943578331558896, 39.263392799164322 ], [ -119.943802791519801, 39.263560846288257 ] ], [ [ -119.94385485567993, 39.263767918209012 ], [ -119.943863637026553, 39.263760628839378 ], [ -119.943802791519801, 39.263560846288257 ], [ -119.94385485567993, 39.263767918209012 ] ], [ [ -119.943696420485395, 39.263899434403051 ], [ -119.94379572276307, 39.263817004208015 ], [ -119.943496397077524, 39.263908957863485 ], [ -119.943696420485395, 39.263899434403051 ] ], [ [ -119.943192589282106, 39.264091323860256 ], [ -119.943404914691854, 39.263937061292765 ], [ -119.943321794901749, 39.263962595645523 ], [ -119.943192589282106, 39.264091323860256 ] ], [ [ -119.943078058750885, 39.264121057452002 ], [ -119.943605216510235, 39.264906912407149 ], [ -119.943135363110571, 39.26414833838016 ], [ -119.943127986292538, 39.26415568790577 ], [ -119.943078058750885, 39.264121057452002 ] ], [ [ -119.942982738380962, 39.264101614318363 ], [ -119.943016768777966, 39.264078545780315 ], [ -119.942992997127291, 39.264062057374417 ], [ -119.942982738380962, 39.264101614318363 ] ], [ [ -119.94268187074978, 39.264288099752271 ], [ -119.94269051477292, 39.264299705896669 ], [ -119.942805683038301, 39.264221636240308 ], [ -119.942664834116769, 39.264267749843775 ], [ -119.94268187074978, 39.264288099752271 ] ], [ [ -119.942550012378973, 39.264122483997625 ], [ -119.94251897403467, 39.264087309262116 ], [ -119.942481083389907, 39.26410866142573 ], [ -119.942527644739798, 39.26410387944928 ], [ -119.942604757646123, 39.264195989623204 ], [ -119.942550012378973, 39.264122483997625 ] ], [ [ -119.941939495881613, 39.264304622792388 ], [ -119.942400442565599, 39.263952981059468 ], [ -119.942363727369624, 39.263911372691865 ], [ -119.941939495881613, 39.264304622792388 ] ], [ [ -119.939912324754715, 39.264818849477194 ], [ -119.940035344110555, 39.264921177100994 ], [ -119.939946658739316, 39.264828760888392 ], [ -119.939912324754715, 39.264818849477194 ] ], [ [ -119.939869933527461, 39.264769847913392 ], [ -119.939863862682259, 39.264778538562787 ], [ -119.939878774083269, 39.264790941923025 ], [ -119.939878774083269, 39.264790941922996 ], [ -119.939946658739316, 39.264828760888392 ], [ -119.939869933527461, 39.264769847913392 ] ], [ [ -119.941809974265325, 39.263310297386177 ], [ -119.941840339801445, 39.263311095548232 ], [ -119.941835944406151, 39.263297400229291 ], [ -119.941809974265325, 39.263310297386177 ] ], [ [ -119.941321414377327, 39.263000871106087 ], [ -119.94139082514549, 39.26306506150857 ], [ -119.941832698507497, 39.263287286547111 ], [ -119.941822845266984, 39.263256585466102 ], [ -119.941321414377327, 39.263000871106087 ] ], [ [ -119.941190305491602, 39.262879622467025 ], [ -119.941287994422709, 39.262969964602824 ], [ -119.941183189960299, 39.26280778741188 ], [ -119.941190305491602, 39.262879622467025 ] ], [ [ -119.941708507395163, 39.265102226576026 ], [ -119.940975559470829, 39.265684588019418 ], [ -119.941695133035964, 39.265126969757304 ], [ -119.941708507395163, 39.265102226576026 ] ], [ [ -119.941246241730312, 39.266015594856491 ], [ -119.941598280655782, 39.265755009703199 ], [ -119.941240840522298, 39.265979830528423 ], [ -119.940975559470829, 39.265684588019418 ], [ -119.941246241730312, 39.266015594856491 ] ], [ [ -119.940346698695535, 39.266733214698505 ], [ -119.940338936759261, 39.266739142773623 ], [ -119.940377047541162, 39.26679952168427 ], [ -119.940346698695535, 39.266733214698505 ] ], [ [ -119.940921626675404, 39.267989312006399 ], [ -119.940876039070645, 39.267889714251716 ], [ -119.940930697185308, 39.268033169960788 ], [ -119.94113625460156, 39.267850821320543 ], [ -119.940921626675404, 39.267989312006399 ] ], [ [ -119.941407301085391, 39.269284041004646 ], [ -119.941417950803185, 39.269311991241203 ], [ -119.941467848768852, 39.269304738431124 ], [ -119.941407301085391, 39.269284041004646 ] ], [ [ -119.940692994644181, 39.269514722211511 ], [ -119.940299411088603, 39.269504371865388 ], [ -119.94029399192398, 39.269515715007763 ], [ -119.940692994644181, 39.269514722211511 ] ], [ [ -119.94006710805904, 39.269516278928009 ], [ -119.940089867567906, 39.269516222379195 ], [ -119.940025504501378, 39.269407084332961 ], [ -119.940053576313531, 39.269544602709324 ], [ -119.94006710805904, 39.269516278928009 ] ], [ [ -119.938940737138381, 39.269148719942756 ], [ -119.939070790495862, 39.26950808682566 ], [ -119.939088298284048, 39.269515476962681 ], [ -119.939074708690299, 39.269418106299632 ], [ -119.93899150492247, 39.269199716510727 ], [ -119.939022727790316, 39.269162204545744 ], [ -119.938940737138381, 39.269148719942756 ] ], [ [ -119.938722079231823, 39.269112758037323 ], [ -119.938648146107269, 39.269100598413075 ], [ -119.938206694347244, 39.269125014852555 ], [ -119.938722079231823, 39.269112758037323 ] ], [ [ -119.937901801388449, 39.269207074073087 ], [ -119.937924169281231, 39.269225679513227 ], [ -119.937882535981501, 39.269186866481228 ], [ -119.93788838065845, 39.269195910807163 ], [ -119.937901801388449, 39.269207074073087 ] ], [ [ -119.937895487256242, 39.269206907884971 ], [ -119.93790140942275, 39.26921607211623 ], [ -119.937901801388449, 39.269207074073087 ], [ -119.937895487256242, 39.269206907884971 ] ], [ [ -119.937907331590722, 39.269225236347239 ], [ -119.937966553352183, 39.269316878643153 ], [ -119.938069294865102, 39.269376908624785 ], [ -119.937924169281231, 39.269225679513227 ], [ -119.937907331590722, 39.269225236347239 ] ], [ [ -119.93621288384513, 39.268604091346582 ], [ -119.936480099715396, 39.268322860557952 ], [ -119.9362376041082, 39.26856870890775 ], [ -119.936184857435379, 39.26854378188731 ], [ -119.93621288384513, 39.268604091346582 ] ], [ [ -119.936068483669004, 39.26872640556104 ], [ -119.936223857500664, 39.268613546729917 ], [ -119.93621288384513, 39.268604091346582 ], [ -119.936068483669004, 39.26872640556104 ] ], [ [ -119.932853528287566, 39.271226270605744 ], [ -119.932849958831142, 39.271308070582045 ], [ -119.933005135155142, 39.271546144620174 ], [ -119.932853528287566, 39.271226270605744 ] ], [ [ -119.933101406549738, 39.271648217862193 ], [ -119.933081221980771, 39.27166287763329 ], [ -119.933088930791172, 39.271674704528351 ], [ -119.933225872055473, 39.272254848799605 ], [ -119.933101406549738, 39.271648217862193 ] ], [ [ -119.932388447469975, 39.27232285404839 ], [ -119.932266289374397, 39.272361766440604 ], [ -119.933249024775492, 39.2722554591221 ], [ -119.933274733275809, 39.27242847043329 ], [ -119.933250395512303, 39.272241950527309 ], [ -119.933225872055473, 39.272254848799605 ], [ -119.932388447469975, 39.27232285404839 ] ], [ [ -119.932062977014425, 39.272426529425857 ], [ -119.931918323186153, 39.272472607066199 ], [ -119.931822569828512, 39.272542148573486 ], [ -119.932062977014425, 39.272426529425857 ] ], [ [ -119.928935725702672, 39.273982982552475 ], [ -119.928741939807779, 39.274082363544814 ], [ -119.928655484596305, 39.274196188590366 ], [ -119.928935725702672, 39.273982982552475 ] ], [ [ -119.928616394999267, 39.274247652951232 ], [ -119.928598841370501, 39.274270763578293 ], [ -119.92860565584391, 39.274322729126666 ], [ -119.928616394999267, 39.274247652951232 ] ], [ [ -119.939856949273576, 39.264759878020776 ], [ -119.939655103619273, 39.264604891338308 ], [ -119.939856406983736, 39.264772336882039 ], [ -119.939856949273576, 39.264759878020776 ] ], [ [ -119.939089485382311, 39.263799813702242 ], [ -119.939063735094507, 39.263814614866035 ], [ -119.93890873632516, 39.263648386285723 ], [ -119.939655103619273, 39.264604891338308 ], [ -119.939089485382311, 39.263799813702242 ] ], [ [ -119.939004470350525, 39.263578838096002 ], [ -119.938998891760264, 39.26353886485802 ], [ -119.938956603361447, 39.263613612201723 ], [ -119.938743655691482, 39.263665335350758 ], [ -119.93890873632516, 39.263648386285723 ], [ -119.939004470350525, 39.263578838096002 ] ], [ [ -119.93855286651349, 39.263837206767157 ], [ -119.938564655542564, 39.263877528163327 ], [ -119.938695684808962, 39.263750881045077 ], [ -119.938668188018923, 39.263720276129284 ], [ -119.93855286651349, 39.263837206767157 ] ], [ [ -119.939031929693186, 39.269151149130771 ], [ -119.93906487860788, 39.269111563377258 ], [ -119.938546071871173, 39.268251126466204 ], [ -119.939031929693186, 39.269151149130771 ] ], [ [ -119.936784698230426, 39.267232634750883 ], [ -119.936658896976766, 39.26723959121081 ], [ -119.936712363823474, 39.267247973212839 ], [ -119.936784698230426, 39.267232634750883 ] ], [ [ -119.936437687102, 39.267168673807241 ], [ -119.936183915298869, 39.267161991152051 ], [ -119.936185243172048, 39.267165335313933 ], [ -119.936528200300629, 39.26721910177104 ], [ -119.936437687102, 39.267168673807241 ] ], [ [ -119.936102312524127, 39.267053355291658 ], [ -119.9360527460355, 39.266960352915156 ], [ -119.935894610686319, 39.26686610464418 ], [ -119.936102312524127, 39.267053355291658 ] ], [ [ -119.935876950361674, 39.266739522500373 ], [ -119.935761195558626, 39.266736473810482 ], [ -119.935705511024693, 39.266765557265117 ], [ -119.935876950361674, 39.266739522500373 ] ], [ [ -119.935303162102088, 39.267229373140665 ], [ -119.935324080757042, 39.26719339487515 ], [ -119.935343691854968, 39.267184711440855 ], [ -119.935316530795973, 39.267113407684946 ], [ -119.935303162102088, 39.267229373140665 ] ], [ [ -119.935236908305669, 39.26734332361724 ], [ -119.934757407853269, 39.267826486761457 ], [ -119.93514868518794, 39.267495058644897 ], [ -119.935236908305669, 39.26734332361724 ] ], [ [ -119.934736970296413, 39.267843798092073 ], [ -119.93403114963958, 39.267609747272672 ], [ -119.934727916916955, 39.267851466619355 ], [ -119.934736970296413, 39.267843798092073 ] ], [ [ -119.934104527554595, 39.267521597429415 ], [ -119.934095166232481, 39.267508481657039 ], [ -119.934080591512028, 39.26753898336522 ], [ -119.93396719026012, 39.267481944762523 ], [ -119.934078315861257, 39.267484873265161 ], [ -119.93403899837098, 39.267429787009348 ], [ -119.933665440205289, 39.267492008889832 ], [ -119.933804347189778, 39.267495669862285 ], [ -119.933805132120909, 39.267477673839757 ], [ -119.933966405370327, 39.267499940787779 ], [ -119.933989556541817, 39.267500550901609 ], [ -119.934055870588679, 39.267574365322162 ], [ -119.933950592112552, 39.267662566354169 ], [ -119.93403114963958, 39.267609747272672 ], [ -119.934104527554595, 39.267521597429415 ] ], [ [ -119.931393025865702, 39.269107647594353 ], [ -119.931086973274176, 39.268685190704439 ], [ -119.931105410837787, 39.268793777245044 ], [ -119.930990616208518, 39.268879048737006 ], [ -119.931128562372862, 39.268794387944389 ], [ -119.931475523885041, 39.269208915373589 ], [ -119.931416177510314, 39.269108258240564 ], [ -119.933665440205289, 39.267492008889832 ], [ -119.931393025865702, 39.269107647594353 ] ], [ [ -119.931446859556033, 39.267343430919887 ], [ -119.931521025816011, 39.267237286836703 ], [ -119.931516045813098, 39.26722884009007 ], [ -119.931446859556033, 39.267343430919887 ] ], [ [ -119.932287396945213, 39.266140461257429 ], [ -119.932194794201209, 39.266138019491265 ], [ -119.932145656659202, 39.266173081832413 ], [ -119.932287396945213, 39.266140461257429 ] ], [ [ -119.93096984558278, 39.267012070540581 ], [ -119.930831209283369, 39.267110990962635 ], [ -119.930272804701403, 39.267690809650517 ], [ -119.93096984558278, 39.267012070540581 ] ], [ [ -119.929983561548354, 39.268475912077534 ], [ -119.929863874691705, 39.268562837181733 ], [ -119.929777280243187, 39.268728479330932 ], [ -119.929983561548354, 39.268475912077534 ] ], [ [ -119.929420422064737, 39.26916370153301 ], [ -119.929382695857342, 39.269505364715585 ], [ -119.929544406323387, 39.269173927598359 ], [ -119.929408630495999, 39.269433640675707 ], [ -119.92951658194886, 39.268857381874192 ], [ -119.929420422064737, 39.26916370153301 ] ], [ [ -119.929542101148044, 39.268776089328249 ], [ -119.929674733169719, 39.268647929218012 ], [ -119.929555045644619, 39.268734853975374 ], [ -119.929542101148044, 39.268776089328249 ] ], [ [ -119.930061121940312, 39.267497928245106 ], [ -119.930099383725349, 39.267415983284444 ], [ -119.930102527226921, 39.267343999442915 ], [ -119.930061121940312, 39.267497928245106 ] ], [ [ -119.929954716781111, 39.26734009910097 ], [ -119.929962049203809, 39.267376325982866 ], [ -119.929726608945856, 39.267460196416941 ], [ -119.930102527226921, 39.267343999442915 ], [ -119.929954716781111, 39.26734009910097 ] ], [ [ -119.929870503274444, 39.266924027956698 ], [ -119.929876062984661, 39.266881171591223 ], [ -119.929866728205909, 39.266905376490513 ], [ -119.929870503274444, 39.266924027956698 ] ], [ [ -119.929966664889037, 39.266646241629537 ], [ -119.929995056837328, 39.266620495684165 ], [ -119.929980181201103, 39.26661119379429 ], [ -119.929966664889037, 39.266646241629537 ] ], [ [ -119.929911374673793, 39.266568168302598 ], [ -119.929904811372168, 39.266564064191883 ], [ -119.929603065376483, 39.266574117908917 ], [ -119.929911374673793, 39.266568168302598 ] ], [ [ -119.929963687088744, 39.266277350630908 ], [ -119.930036707555161, 39.265666709657445 ], [ -119.929904811372168, 39.266564064191883 ], [ -119.929963687088744, 39.266277350630908 ] ], [ [ -119.929963752099198, 39.265214367028527 ], [ -119.929901582320923, 39.265196414080329 ], [ -119.930036707555161, 39.265666709657445 ], [ -119.929963752099198, 39.265214367028527 ] ], [ [ -119.929295816924693, 39.266710142482971 ], [ -119.929275115465032, 39.266736924789882 ], [ -119.929603065376483, 39.266574117908917 ], [ -119.929295816924693, 39.266710142482971 ] ], [ [ -119.932125751016713, 39.265595697680226 ], [ -119.931963179689433, 39.265426257557927 ], [ -119.931969980271091, 39.2654474563845 ], [ -119.932125751016713, 39.265595697680226 ] ], [ [ -119.931937337512977, 39.265345702014343 ], [ -119.931883028465919, 39.265025865469475 ], [ -119.931888373536154, 39.265193070446017 ], [ -119.931937337512977, 39.265345702014343 ] ], [ [ -119.931866932969072, 39.264522364749212 ], [ -119.931897440365447, 39.264274457385376 ], [ -119.931858975642925, 39.264273443033488 ], [ -119.931866932969072, 39.264522364749212 ] ], [ [ -119.930619872358236, 39.263988525984679 ], [ -119.930650717355789, 39.263990999159091 ], [ -119.930188666881577, 39.263778965472284 ], [ -119.930619872358236, 39.263988525984679 ] ], [ [ -119.928578294354054, 39.274114076580318 ], [ -119.928597612059889, 39.27426138914263 ], [ -119.928681917226044, 39.273864578813203 ], [ -119.928578294354054, 39.274114076580318 ] ], [ [ -119.929190647075146, 39.273339074555892 ], [ -119.929168450993231, 39.27337083575501 ], [ -119.929190845025815, 39.273350357035909 ], [ -119.929190647075146, 39.273339074555892 ] ], [ [ -119.930275264762344, 39.272411247817367 ], [ -119.930253359417463, 39.272430324382164 ], [ -119.930484456933911, 39.272384052917936 ], [ -119.930277161453787, 39.272393202843915 ], [ -119.930275264762344, 39.272411247817367 ] ], [ [ -119.932235525657418, 39.269862791590143 ], [ -119.932074597562973, 39.26995439090674 ], [ -119.931991415361139, 39.269735996959156 ], [ -119.931886742712777, 39.269700205977202 ], [ -119.93189959339179, 39.269715558788256 ], [ -119.931640995289726, 39.269798822293254 ], [ -119.931922745247405, 39.269716169341635 ], [ -119.932554393990486, 39.270715277974368 ], [ -119.932511720367245, 39.270560468214846 ], [ -119.932097749500954, 39.269955001428414 ], [ -119.932235525657418, 39.269862791590143 ] ], [ [ -119.931482391084515, 39.26921711980706 ], [ -119.931834351540161, 39.269637613735185 ], [ -119.93151525810751, 39.26919599355525 ], [ -119.931482391084515, 39.26921711980706 ] ], [ [ -119.936022560629041, 39.268184694695748 ], [ -119.935969982564416, 39.268327443707975 ], [ -119.935960950285008, 39.268002904956852 ], [ -119.935918905719646, 39.26790399261612 ], [ -119.935898674024969, 39.268368150632298 ], [ -119.935907483262, 39.268372841323554 ], [ -119.93601785431612, 39.268292671041188 ], [ -119.936022560629041, 39.268184694695748 ] ], [ [ -119.936462814678038, 39.267655786868879 ], [ -119.936454770438758, 39.267650427413166 ], [ -119.936447707640426, 39.267660536701491 ], [ -119.936462814678038, 39.267655786868879 ] ], [ [ -119.93355556560148, 39.26788548054283 ], [ -119.933291480562715, 39.268094720183292 ], [ -119.933647200542893, 39.267861489578266 ], [ -119.93355556560148, 39.26788548054283 ] ], [ [ -119.931918121020743, 39.26893703964771 ], [ -119.932171952950668, 39.268785872677178 ], [ -119.932245040612145, 39.268726898396636 ], [ -119.931918121020743, 39.26893703964771 ] ], [ [ -119.934800046739625, 39.267960313890491 ], [ -119.934846402055442, 39.267908786632425 ], [ -119.93477032920876, 39.267881598181418 ], [ -119.934804166859394, 39.267954416870403 ], [ -119.934800046739625, 39.267960313890491 ] ], [ [ -119.93453616126358, 39.268253639645089 ], [ -119.934620802158022, 39.268159556170723 ], [ -119.933344046814184, 39.269120873246351 ], [ -119.933625792237933, 39.268932300488672 ], [ -119.93453616126358, 39.268253639645089 ] ], [ [ -119.935631562120818, 39.267051816753487 ], [ -119.935536785491081, 39.267099212823396 ], [ -119.935631320751028, 39.267057354001096 ], [ -119.935631562120818, 39.267051816753487 ] ], [ [ -119.935411193568982, 39.267321806560183 ], [ -119.935640002399168, 39.267057582668052 ], [ -119.935631320751028, 39.267057354001096 ], [ -119.935411193568982, 39.267321806560183 ] ], [ [ -119.935645869269152, 39.267050807689515 ], [ -119.935655256258727, 39.267039967723107 ], [ -119.935641255178183, 39.267046969423504 ], [ -119.935645869269152, 39.267050807689515 ] ], [ [ -119.935808203079119, 39.267652060260161 ], [ -119.935832189152038, 39.26769998587563 ], [ -119.935813794788913, 39.267656711711965 ], [ -119.935808203079119, 39.267652060260161 ] ], [ [ -119.932859382164665, 39.271092118641683 ], [ -119.932644162751998, 39.270857267012552 ], [ -119.93276834344698, 39.271053685086436 ], [ -119.93227193448179, 39.271274813478541 ], [ -119.932791495761805, 39.271054295484383 ], [ -119.932859382164665, 39.271092118641683 ] ], [ [ -119.930791697033314, 39.272262723192078 ], [ -119.931013127695437, 39.272101910339714 ], [ -119.930983990473948, 39.272105645872834 ], [ -119.930791697033314, 39.272262723192078 ] ], [ [ -119.930578607694557, 39.272365201445425 ], [ -119.930605689817781, 39.272275832527832 ], [ -119.930537484379428, 39.272373435431554 ], [ -119.930578607694557, 39.272365201445425 ] ], [ [ -119.930049309911098, 39.269591556670818 ], [ -119.930130430330905, 39.269517999538465 ], [ -119.930051376978184, 39.269576719868382 ], [ -119.930049309911098, 39.269591556670818 ] ], [ [ -119.929743256948896, 39.270793723791691 ], [ -119.929479935753818, 39.270984957862431 ], [ -119.929483394740942, 39.270905775731315 ], [ -119.929466568694338, 39.270992487367387 ], [ -119.92947749287103, 39.271001575505387 ], [ -119.929743256948896, 39.270793723791691 ] ], [ [ -119.929213001031485, 39.267014240459645 ], [ -119.929222119654398, 39.266805487475494 ], [ -119.92917298802675, 39.266869050772712 ], [ -119.929213001031485, 39.267014240459645 ] ], [ [ -119.92894547790317, 39.267169329278445 ], [ -119.9290207185052, 39.267171315361779 ], [ -119.929213001031485, 39.267014240459645 ], [ -119.92894547790317, 39.267169329278445 ] ], [ [ -119.929464612174172, 39.271002570115428 ], [ -119.929462535176782, 39.27101327372791 ], [ -119.929475842157586, 39.271002866507693 ], [ -119.929464612174172, 39.271002570115428 ] ], [ [ -119.929092554209106, 39.271893584036071 ], [ -119.9288963257804, 39.272140637714571 ], [ -119.929231680512757, 39.27183656860155 ], [ -119.929092554209106, 39.271893584036071 ] ], [ [ -119.929298624670622, 39.271708871365448 ], [ -119.929264390145349, 39.271806910286614 ], [ -119.929282491580537, 39.271790497428221 ], [ -119.929298624670622, 39.271708871365448 ] ], [ [ -119.943749276864693, 39.26532508200215 ], [ -119.943651980080247, 39.265430626562008 ], [ -119.943776431809553, 39.265340208728418 ], [ -119.943749276864693, 39.26532508200215 ] ], [ [ -119.943603331576483, 39.265483398806474 ], [ -119.943623955142982, 39.265528640366981 ], [ -119.943608127911162, 39.265478195910177 ], [ -119.943603331576483, 39.265483398806474 ] ], [ [ -119.942895682182638, 39.2645837876996 ], [ -119.942642286161529, 39.26466541120557 ], [ -119.942558520523079, 39.264726268560821 ], [ -119.942853770180051, 39.264598901477797 ], [ -119.942881276693939, 39.264631360169709 ], [ -119.942895682182638, 39.2645837876996 ] ], [ [ -119.942901636047779, 39.264564125722963 ], [ -119.94279136191436, 39.264435110873947 ], [ -119.942897535590092, 39.264577667029243 ], [ -119.942901636047779, 39.264564125722963 ] ], [ [ -119.943859016395308, 39.26534798329908 ], [ -119.943892638654916, 39.265359476346056 ], [ -119.943938236482836, 39.265319750330576 ], [ -119.943859016395308, 39.26534798329908 ] ], [ [ -119.944052961134176, 39.266808353461222 ], [ -119.944104649256687, 39.266788789874788 ], [ -119.944037637655413, 39.266771224522373 ], [ -119.943914288212241, 39.266860840003908 ], [ -119.944047825103539, 39.266810297410373 ], [ -119.944032390995346, 39.266809892007331 ], [ -119.944033173291544, 39.266791895810421 ], [ -119.944052961134176, 39.266808353461222 ] ], [ [ -119.943908029564525, 39.267004809559374 ], [ -119.944018262625377, 39.267571137820468 ], [ -119.943914288212241, 39.266860840003908 ], [ -119.943908029564525, 39.267004809559374 ] ], [ [ -119.944102774148973, 39.267856711894197 ], [ -119.944092852074149, 39.267856451277098 ], [ -119.944127638503431, 39.267932758127962 ], [ -119.944094751139971, 39.267758998783599 ], [ -119.944071047694635, 39.267808621520686 ], [ -119.94408698412812, 39.267843579445909 ], [ -119.944102774148973, 39.267856711894197 ] ], [ [ -119.944279862777051, 39.265915554673029 ], [ -119.944156602286085, 39.265551982275184 ], [ -119.944247157287435, 39.265918591189205 ], [ -119.944279862777051, 39.265915554673029 ] ], [ [ -119.943977336912738, 39.265943642092346 ], [ -119.944054577577205, 39.265936470912102 ], [ -119.943977889114819, 39.265930938893298 ], [ -119.943977336912738, 39.265943642092346 ] ], [ [ -119.944314898332635, 39.266709211739247 ], [ -119.944325661134926, 39.266675730749689 ], [ -119.944188780510856, 39.266756946719916 ], [ -119.944314898332635, 39.266709211739247 ] ], [ [ -119.944349217130892, 39.268289581052791 ], [ -119.944296768405962, 39.268310063826277 ], [ -119.944312386028571, 39.268366686255852 ], [ -119.944349217130892, 39.268289581052791 ] ], [ [ -119.944493840044316, 39.269524523428849 ], [ -119.944760714244993, 39.269783766494761 ], [ -119.944707179124848, 39.269830405237137 ], [ -119.944785767086671, 39.269767308501486 ], [ -119.944493840044316, 39.269524523428849 ] ], [ [ -119.944272636944689, 39.270347483697464 ], [ -119.944340404677249, 39.27014992949065 ], [ -119.944278895590301, 39.270203514175755 ], [ -119.944272636944689, 39.270347483697464 ] ], [ [ -119.944272441361292, 39.270351982744977 ], [ -119.944533570757343, 39.270210203006251 ], [ -119.94458463927198, 39.270153425696122 ], [ -119.944272636944689, 39.270347483697464 ], [ -119.944272441361292, 39.270351982744977 ] ], [ [ -119.942456580853033, 39.270533987687244 ], [ -119.942436344882822, 39.270497075924752 ], [ -119.942452450686275, 39.270998580955855 ], [ -119.942488012398115, 39.270877131632773 ], [ -119.942461728683384, 39.270948507796035 ], [ -119.942456580853033, 39.270533987687244 ] ], [ [ -119.942351896144586, 39.271341989289787 ], [ -119.942368230200174, 39.271286206384779 ], [ -119.942336192702498, 39.271357353381603 ], [ -119.942351896144586, 39.271341989289787 ] ], [ [ -119.940657620226531, 39.272111993399768 ], [ -119.940763075660271, 39.272165023665075 ], [ -119.940673597468049, 39.272090603832545 ], [ -119.940845066359429, 39.271878912087502 ], [ -119.940885870338391, 39.27179350475371 ], [ -119.940848199365277, 39.271806927576741 ], [ -119.940657620226531, 39.272111993399768 ] ], [ [ -119.940396546967051, 39.272065301279561 ], [ -119.940415425378717, 39.272063363069961 ], [ -119.940381314859906, 39.272054212803269 ], [ -119.940396546967051, 39.272065301279561 ] ], [ [ -119.940127331102531, 39.271860036922142 ], [ -119.940106659014091, 39.271859493217164 ], [ -119.94052606375736, 39.272284908032873 ], [ -119.940216808410682, 39.271934457143317 ], [ -119.940268162215474, 39.271971841208249 ], [ -119.939833136881404, 39.271582048050306 ], [ -119.940082081575866, 39.271834563384893 ], [ -119.940082592519289, 39.271822826788245 ], [ -119.940104961805005, 39.271841431857155 ], [ -119.940127331102531, 39.271860036922142 ] ], [ [ -119.940088424138935, 39.271840996890454 ], [ -119.940104280551566, 39.27185708065295 ], [ -119.940104961805005, 39.271841431857155 ], [ -119.940088424138935, 39.271840996890454 ] ], [ [ -119.939750624032584, 39.271461768007981 ], [ -119.939750188742948, 39.271471765847096 ], [ -119.939616758017053, 39.271342138901183 ], [ -119.939596086090617, 39.271341595111537 ], [ -119.93977843271071, 39.271526558948608 ], [ -119.939820119532214, 39.271527655482153 ], [ -119.939750624032584, 39.271461768007981 ] ], [ [ -119.939645393876773, 39.271362000824489 ], [ -119.939198573742559, 39.270938373069043 ], [ -119.939571509009966, 39.271316665183704 ], [ -119.939572020029132, 39.271304928591626 ], [ -119.939594389017174, 39.271323533748344 ], [ -119.939616758017053, 39.271342138901183 ], [ -119.939645393876773, 39.271362000824489 ] ], [ [ -119.939577851480749, 39.271323098713907 ], [ -119.939593707662738, 39.271339182538092 ], [ -119.939594389017174, 39.271323533748344 ], [ -119.939577851480749, 39.271323098713907 ] ], [ [ -119.93900126010611, 39.270738223162489 ], [ -119.939043664498897, 39.270781237213988 ], [ -119.939110894355451, 39.270716262284296 ], [ -119.93900126010611, 39.270738223162489 ] ], [ [ -119.938650236266056, 39.270772050690383 ], [ -119.938560142965429, 39.270738044445778 ], [ -119.93861640379464, 39.2707894543218 ], [ -119.938621560192587, 39.270775453813506 ], [ -119.938650236266056, 39.270772050690383 ] ], [ [ -119.938595272650446, 39.270846828950347 ], [ -119.938612797684968, 39.270799245526739 ], [ -119.938405350597407, 39.270949931428184 ], [ -119.938595272650446, 39.270846828950347 ] ], [ [ -119.938310389365725, 39.271001482541891 ], [ -119.938335379176849, 39.270987916467398 ], [ -119.937937598859392, 39.271045721434298 ], [ -119.938310389365725, 39.271001482541891 ] ], [ [ -119.936721755068376, 39.272428776448422 ], [ -119.936686238601396, 39.272634282712318 ], [ -119.936724411621881, 39.272579648010371 ], [ -119.936711744513644, 39.272580904184686 ], [ -119.936721755068376, 39.272428776448422 ] ], [ [ -119.933520901500302, 39.274399623723816 ], [ -119.933524464702771, 39.274442739712853 ], [ -119.932988794289002, 39.274500685691081 ], [ -119.93358904496084, 39.274445023127292 ], [ -119.933520901500302, 39.274399623723816 ] ], [ [ -119.929970915988207, 39.275664236229439 ], [ -119.929980283778704, 39.27565743343559 ], [ -119.929913869600654, 39.275667644430257 ], [ -119.929970915988207, 39.275664236229439 ] ], [ [ -119.929186074677801, 39.275854091916926 ], [ -119.929437871392395, 39.275740826617863 ], [ -119.929341046614752, 39.275755712651559 ], [ -119.929186074677801, 39.275854091916926 ] ], [ [ -119.928879891287366, 39.276229989773626 ], [ -119.929170747759372, 39.275863821722282 ], [ -119.929150311861903, 39.275876794792453 ], [ -119.928879891287366, 39.276229989773626 ] ], [ [ -119.943837076967725, 39.266006117644537 ], [ -119.943839480677724, 39.266035515632225 ], [ -119.943975772338305, 39.26597963448944 ], [ -119.94386001790842, 39.265976593898777 ], [ -119.943862364857608, 39.265922605308837 ], [ -119.943837076967725, 39.266006117644537 ] ], [ [ -119.943823650692536, 39.267753997251504 ], [ -119.943924603272691, 39.267689881174562 ], [ -119.944048192184042, 39.267775598531884 ], [ -119.944046900693792, 39.267766775867976 ], [ -119.943906145938044, 39.267581295880582 ], [ -119.943925385620929, 39.267671884982192 ], [ -119.943823650692536, 39.267753997251504 ] ], [ [ -119.943315487785966, 39.266773042326108 ], [ -119.943987488910622, 39.266758079299663 ], [ -119.943896613357566, 39.266734258509452 ], [ -119.943315487785966, 39.266773042326108 ] ], [ [ -119.943122317594543, 39.266865978096121 ], [ -119.943133607696595, 39.266871796489426 ], [ -119.943315487785966, 39.266773042326108 ], [ -119.943122317594543, 39.266865978096121 ] ], [ [ -119.941626239746327, 39.266710631813481 ], [ -119.941902604521147, 39.26657240508105 ], [ -119.941864796177939, 39.266554751967298 ], [ -119.941626239746327, 39.266710631813481 ] ], [ [ -119.943318429463034, 39.268304542617528 ], [ -119.943348073688753, 39.268086089730026 ], [ -119.943303885575432, 39.268105976365611 ], [ -119.943333633519359, 39.267947003591061 ], [ -119.943310145704345, 39.26796200691868 ], [ -119.943294481973737, 39.268022401879371 ], [ -119.943318429463034, 39.268304542617528 ] ], [ [ -119.943836691701691, 39.267579471436562 ], [ -119.943507343376567, 39.267797830397484 ], [ -119.943573419417433, 39.267770739506638 ], [ -119.943836691701705, 39.267579471436562 ], [ -119.943836691701691, 39.267579471436562 ] ], [ [ -119.94383747406934, 39.267561475245365 ], [ -119.943848658589744, 39.267570777417752 ], [ -119.943860625474841, 39.267562083397578 ], [ -119.943860625474827, 39.267562083397578 ], [ -119.943861147048949, 39.267550085936492 ], [ -119.943796763516929, 39.267564910015572 ], [ -119.943836691701691, 39.267579471436562 ], [ -119.94383747406934, 39.267561475245365 ] ], [ [ -119.943867000096077, 39.267548738291119 ], [ -119.943872592356996, 39.267553389376062 ], [ -119.943884559236196, 39.267544695353152 ], [ -119.943867000096077, 39.267548738291119 ] ], [ [ -119.942384686690204, 39.27040284774759 ], [ -119.942306256985773, 39.270259785953812 ], [ -119.942267909415875, 39.27022789226092 ], [ -119.942384686690204, 39.27040284774759 ] ], [ [ -119.941809323132617, 39.269827835359841 ], [ -119.941809323132645, 39.269827835359841 ], [ -119.941613593452999, 39.269665043761769 ], [ -119.941809323132617, 39.269827835359841 ] ], [ [ -119.941512710548125, 39.269320073810597 ], [ -119.941494543378866, 39.269313863617612 ], [ -119.941613593452999, 39.269665043761769 ], [ -119.941512710548125, 39.269320073810597 ] ], [ [ -119.940477319797438, 39.271274689707944 ], [ -119.940746879848177, 39.270939460569295 ], [ -119.940272116267039, 39.271414394165532 ], [ -119.940477319797438, 39.271274689707944 ] ], [ [ -119.937436432737371, 39.269721313153994 ], [ -119.93714666242515, 39.269952822603557 ], [ -119.937481476062231, 39.269756026514521 ], [ -119.937461547333854, 39.269735987272291 ], [ -119.937557291404303, 39.269666440720414 ], [ -119.93741445929922, 39.269752764439225 ], [ -119.937436432737371, 39.269721313153994 ] ], [ [ -119.937786459135168, 39.269726523041221 ], [ -119.937811180076309, 39.269712833883922 ], [ -119.937776197884546, 39.269723832797396 ], [ -119.937786459135168, 39.269726523041221 ] ], [ [ -119.938190233321919, 39.269502932762364 ], [ -119.938162880848495, 39.269474430116674 ], [ -119.938019406089552, 39.269597528833998 ], [ -119.938190233321919, 39.269502932762364 ] ], [ [ -119.936612644652413, 39.270590933315127 ], [ -119.936115619490053, 39.27083560221817 ], [ -119.936612798530703, 39.270596460738481 ], [ -119.936612644652413, 39.270590933315127 ] ], [ [ -119.935830731189114, 39.270990249519819 ], [ -119.935830731189114, 39.270990249519819 ], [ -119.935738121754625, 39.270987810320804 ], [ -119.93562079084829, 39.271020753303247 ], [ -119.935853099044309, 39.271008855354275 ], [ -119.935829946678041, 39.271008245565625 ], [ -119.935830731189114, 39.270990249519819 ] ], [ [ -119.935070238317195, 39.271420634683338 ], [ -119.934410980583337, 39.271655498641969 ], [ -119.93502236388872, 39.271455406841312 ], [ -119.935070238317195, 39.271420634683338 ] ], [ [ -119.937455844648284, 39.269693528236253 ], [ -119.937463899506469, 39.269681999040309 ], [ -119.93680576263435, 39.2691149367745 ], [ -119.936409106069121, 39.269420010745613 ], [ -119.936816019334699, 39.269124441071547 ], [ -119.937455844648284, 39.269693528236253 ] ], [ [ -119.936285056787398, 39.268666278658337 ], [ -119.936411836551983, 39.268825531067733 ], [ -119.936709606079916, 39.269032085558194 ], [ -119.936285056787398, 39.268666278658337 ] ], [ [ -119.93643815485467, 39.269817143377743 ], [ -119.936079893300857, 39.27005994278899 ], [ -119.936342409521075, 39.269886688954557 ], [ -119.93643815485467, 39.269817143377743 ] ], [ [ -119.933393849268583, 39.273341341509727 ], [ -119.933131666638488, 39.273351383844684 ], [ -119.933394018261296, 39.273342636609101 ], [ -119.933393849268583, 39.273341341509727 ] ], [ [ -119.944639482089642, 39.264573743019845 ], [ -119.944773692465034, 39.264685367973307 ], [ -119.944496668883588, 39.264660076254962 ], [ -119.944928614449239, 39.264710358800684 ], [ -119.944639482089642, 39.264573743019845 ] ], [ [ -119.943999334318747, 39.264904396143571 ], [ -119.943994864295945, 39.265007231583525 ], [ -119.944094279133651, 39.265089917287945 ], [ -119.943999334318747, 39.264904396143571 ] ], [ [ -119.944117540685681, 39.265135369958756 ], [ -119.94406728665804, 39.265207318102171 ], [ -119.944127509931008, 39.265154849673657 ], [ -119.944117540685681, 39.265135369958756 ] ], [ [ -119.946577965068727, 39.271854950388061 ], [ -119.9466018265245, 39.271687826163799 ], [ -119.946807856788652, 39.271747283584894 ], [ -119.946830227917332, 39.271765887429012 ], [ -119.946836027841513, 39.27177071064721 ], [ -119.946780312553173, 39.271314158862019 ], [ -119.946831009635744, 39.271747891200427 ], [ -119.946579455482691, 39.271669222278931 ], [ -119.946572158836929, 39.271837187038848 ], [ -119.946577965068727, 39.271854950388061 ] ], [ [ -119.946600262973078, 39.27172381861353 ], [ -119.946578769008738, 39.271857409928707 ], [ -119.946599521102371, 39.271920897966595 ], [ -119.946622634037141, 39.271742422495159 ], [ -119.946807161922607, 39.271763280232179 ], [ -119.946807856788652, 39.271747283584894 ], [ -119.946600262973078, 39.27172381861353 ] ], [ [ -119.946571180362923, 39.271005988924223 ], [ -119.946646086857882, 39.271202535711083 ], [ -119.946780312553173, 39.271314158862019 ], [ -119.946571180362923, 39.271005988924223 ] ], [ [ -119.946605853481145, 39.269994357831244 ], [ -119.946618290337724, 39.270008196798265 ], [ -119.946623217680468, 39.269994813556529 ], [ -119.946605853481145, 39.269994357831244 ] ], [ [ -119.946606009826496, 39.269990758585188 ], [ -119.946510899169922, 39.270045915938447 ], [ -119.946605853481145, 39.269994357831244 ], [ -119.946606009826496, 39.269990758585188 ] ], [ [ -119.946504786886464, 39.269978192716145 ], [ -119.946483056326102, 39.270153285648483 ], [ -119.946510899169922, 39.270045915938447 ], [ -119.946504786886464, 39.269978192716145 ] ], [ [ -119.94649525173935, 39.269872544488251 ], [ -119.946487246096353, 39.269783842814718 ], [ -119.946481942610347, 39.270157580436646 ], [ -119.946483056326102, 39.270153285648483 ], [ -119.94649525173935, 39.269872544488251 ] ], [ [ -119.946182315536149, 39.268747832314972 ], [ -119.946442916761114, 39.269292675874716 ], [ -119.946432662512478, 39.269179058652661 ], [ -119.946182315536149, 39.268747832314972 ] ], [ [ -119.945821286576816, 39.268125944946121 ], [ -119.945766811596073, 39.268175359411131 ], [ -119.945804957814119, 39.268196607067715 ], [ -119.945849780951406, 39.268190854226368 ], [ -119.945879741815361, 39.268226637297701 ], [ -119.945821286576816, 39.268125944946121 ] ], [ [ -119.945617006688323, 39.267680274405237 ], [ -119.945699662682571, 39.267850438374751 ], [ -119.94551015720279, 39.266938782494051 ], [ -119.945617006688323, 39.267680274405237 ] ], [ [ -119.945324947333532, 39.266933919835346 ], [ -119.945219967656868, 39.266979208141549 ], [ -119.94551015720279, 39.266938782494051 ], [ -119.945324947333532, 39.266933919835346 ] ], [ [ -119.94477682696477, 39.2672798622255 ], [ -119.945147794053028, 39.267010343793856 ], [ -119.945088742876592, 39.267035818383114 ], [ -119.94477682696477, 39.2672798622255 ] ], [ [ -119.944587600887601, 39.267545144098428 ], [ -119.945042912204741, 39.2675571006449 ], [ -119.944650120158343, 39.267528769224263 ], [ -119.944814526407896, 39.267479036435951 ], [ -119.944587600887601, 39.267545144098428 ] ], [ [ -119.944123549303058, 39.267698710237795 ], [ -119.944406060181478, 39.267598029896988 ], [ -119.944133748639899, 39.267677358042214 ], [ -119.944123549303058, 39.267698710237795 ] ], [ [ -119.945091234771922, 39.265378342801561 ], [ -119.944955458580182, 39.265302710588358 ], [ -119.945089377553359, 39.265421083821671 ], [ -119.945091234771922, 39.265378342801561 ] ], [ [ -119.945284259858539, 39.265203243446571 ], [ -119.945277715871427, 39.265176046499946 ], [ -119.945207988283826, 39.265251687766458 ], [ -119.945284259858539, 39.265203243446571 ] ], [ [ -119.945505618882521, 39.26677651259385 ], [ -119.945511721045747, 39.266902790051326 ], [ -119.945522667868104, 39.266650842944614 ], [ -119.945505618882521, 39.26677651259385 ] ], [ [ -119.946624531638193, 39.269991244692008 ], [ -119.946629787467629, 39.269976969233745 ], [ -119.946616577668138, 39.26998462998521 ], [ -119.946624531638193, 39.269991244692008 ] ], [ [ -119.946518897592142, 39.270928946390001 ], [ -119.946288153749023, 39.270904873290576 ], [ -119.946327422443716, 39.271068054704926 ], [ -119.9463109449255, 39.27109164453006 ], [ -119.946348229587585, 39.271122651074798 ], [ -119.94639262832105, 39.271221106841516 ], [ -119.946310524479742, 39.270923477221068 ], [ -119.946518897592142, 39.270928946390001 ] ], [ [ -119.946296497127776, 39.271079629491084 ], [ -119.946203362057346, 39.270722480203773 ], [ -119.946217132373562, 39.270939042580643 ], [ -119.946173172828978, 39.270883838461351 ], [ -119.946079780752811, 39.270899403711539 ], [ -119.946236375699755, 39.27102963140819 ], [ -119.946237157549589, 39.271011635187357 ], [ -119.946259528298313, 39.271030239128116 ], [ -119.946236375699755, 39.27102963140819 ], [ -119.946296497127776, 39.271079629491084 ] ], [ [ -119.946427370352353, 39.270368025033378 ], [ -119.946466041207913, 39.270218900465551 ], [ -119.946203362057346, 39.270722480203773 ], [ -119.946427370352353, 39.270368025033378 ] ], [ [ -119.94648918963216, 39.271612802923691 ], [ -119.946442884042369, 39.271611587555569 ], [ -119.946442102228488, 39.271629583778036 ], [ -119.946349491033629, 39.271627152985104 ], [ -119.946510778835062, 39.271649403048009 ], [ -119.946505772431379, 39.271631254905515 ], [ -119.94648840783006, 39.271630799146919 ], [ -119.94648918963216, 39.271612802923691 ] ], [ [ -119.946504103630673, 39.271625205524636 ], [ -119.946490753234215, 39.271576810477036 ], [ -119.94648918963216, 39.271612802923691 ], [ -119.946504103630673, 39.271625205524636 ] ], [ [ -119.946274632298412, 39.272309824261669 ], [ -119.946273474647398, 39.27230979387511 ], [ -119.94628093169608, 39.272315995191171 ], [ -119.946274632298412, 39.272309824261669 ] ], [ [ -119.946273520640105, 39.272308735274081 ], [ -119.946255734112015, 39.272291311471356 ], [ -119.946251103509255, 39.272291189924346 ], [ -119.946273474647398, 39.27230979387511 ], [ -119.946273520640105, 39.272308735274081 ] ], [ [ -119.94625128748136, 39.272286955520293 ], [ -119.946236835935494, 39.272272798678351 ], [ -119.946228732382963, 39.272272585969723 ], [ -119.946251103509255, 39.272291189924346 ], [ -119.94625128748136, 39.272286955520293 ] ], [ [ -119.946149260675753, 39.272234466421381 ], [ -119.94625055159274, 39.272303893136453 ], [ -119.946251103509255, 39.272291189924346 ], [ -119.946149260675753, 39.272234466421381 ] ], [ [ -119.946258590563033, 39.272309403189738 ], [ -119.946273060712784, 39.272319321284364 ], [ -119.946273474647398, 39.27230979387511 ], [ -119.946258590563033, 39.272309403189738 ] ], [ [ -119.946782242003337, 39.273404151585531 ], [ -119.946766424435765, 39.27270108358276 ], [ -119.94671663085407, 39.272508976530105 ], [ -119.946782242003337, 39.273404151585531 ] ], [ [ -119.946397083637791, 39.273466109694397 ], [ -119.946385506936139, 39.273465805833013 ], [ -119.94638628881556, 39.273447809617167 ], [ -119.946369810706258, 39.273471399421204 ], [ -119.946375776445521, 39.273476360472429 ], [ -119.946397083637791, 39.273466109694397 ] ], [ [ -119.946412303057173, 39.273458787707511 ], [ -119.946432595611512, 39.273449025055044 ], [ -119.94638628881556, 39.273447809617167 ], [ -119.946412303057173, 39.273458787707511 ] ], [ [ -119.946353752748593, 39.273663156472004 ], [ -119.946261138884353, 39.273660725504143 ], [ -119.946261451651097, 39.273653527018908 ], [ -119.946168525031368, 39.273658294462756 ], [ -119.946177442069228, 39.273647063334757 ], [ -119.946155540441353, 39.27366614304745 ], [ -119.946167743090399, 39.273676290674253 ], [ -119.946144589623003, 39.273675682902017 ], [ -119.946014139495858, 39.273705718189149 ], [ -119.946353752748593, 39.273663156472004 ] ], [ [ -119.946034772232153, 39.27406916836042 ], [ -119.946400841566074, 39.2736463757129 ], [ -119.946384819737659, 39.273647197710666 ], [ -119.946376906216372, 39.273663764202468 ], [ -119.946353752748593, 39.273663156472004 ], [ -119.946034772232153, 39.27406916836042 ] ], [ [ -119.945957491377925, 39.274247307000671 ], [ -119.94597247287075, 39.274286616434992 ], [ -119.946034772232153, 39.27406916836042 ], [ -119.945957491377925, 39.274247307000671 ] ], [ [ -119.944922933174766, 39.268184536255831 ], [ -119.944550942721747, 39.268210800922489 ], [ -119.944457689212186, 39.268247219391327 ], [ -119.944922933174766, 39.268184536255831 ] ], [ [ -119.945328405889896, 39.268987919804275 ], [ -119.945398448119079, 39.268976246253196 ], [ -119.945328472678412, 39.26895372651164 ], [ -119.945293988790752, 39.269253213541539 ], [ -119.945294047982088, 39.269253204935879 ], [ -119.945328405889896, 39.268987919804275 ] ], [ [ -119.945457858189855, 39.269162869377567 ], [ -119.945470265055775, 39.269160801589244 ], [ -119.94544416543242, 39.268990959129177 ], [ -119.945424094414321, 39.268984499819894 ], [ -119.945457858189855, 39.269162869377567 ] ], [ [ -119.945478401396031, 39.26921374842793 ], [ -119.945471906123586, 39.269227346481969 ], [ -119.945480303399023, 39.269226125610949 ], [ -119.945478401396031, 39.26921374842793 ] ], [ [ -119.945340609451918, 39.269240474643603 ], [ -119.945357359622349, 39.269224283592948 ], [ -119.945304231441682, 39.269251724390159 ], [ -119.945358763861393, 39.269243796052386 ], [ -119.945340609451918, 39.269240474643603 ] ], [ [ -119.946296063242713, 39.276057867969577 ], [ -119.94611786739928, 39.275891039790842 ], [ -119.946342813975278, 39.276145903010402 ], [ -119.946295281267652, 39.276075864175795 ], [ -119.946394935852197, 39.275916329368378 ], [ -119.946296063242713, 39.276057867969577 ] ], [ [ -119.945350180345855, 39.275420466863629 ], [ -119.945290105032342, 39.275407802232657 ], [ -119.945796055020963, 39.275828541428211 ], [ -119.945551527250885, 39.275587904031504 ], [ -119.945725337436173, 39.275322216361786 ], [ -119.945529155325289, 39.275569299917315 ], [ -119.945350180345855, 39.275420466863629 ] ], [ [ -119.946060591605089, 39.27320386134258 ], [ -119.946069178949628, 39.273277335140634 ], [ -119.946252710177106, 39.273552261970607 ], [ -119.94626661228618, 39.273534752010789 ], [ -119.946060591605089, 39.27320386134258 ] ], [ [ -119.946054496983336, 39.273012182017986 ], [ -119.946044771226624, 39.273068501010286 ], [ -119.94605481593068, 39.273154444287727 ], [ -119.946072831619205, 39.273035205991746 ], [ -119.946054496983336, 39.273012182017986 ] ], [ [ -119.946300233858778, 39.272760914763417 ], [ -119.946329868971233, 39.272671608932541 ], [ -119.946212628708651, 39.272845592604121 ], [ -119.946300233858778, 39.272760914763417 ] ], [ [ -119.946350925076885, 39.272384561053975 ], [ -119.946347747976318, 39.272389109416658 ], [ -119.946384058678532, 39.272508306811325 ], [ -119.946406919878783, 39.272439413717244 ], [ -119.946350925076885, 39.272384561053975 ] ], [ [ -119.946285923071528, 39.272328137367047 ], [ -119.946295569842789, 39.272334749428254 ], [ -119.946295753812478, 39.272330515024052 ], [ -119.946293530494628, 39.27232833704921 ], [ -119.946285923071528, 39.272328137367047 ] ], [ [ -119.94620636126848, 39.272253982011193 ], [ -119.946228732382934, 39.272272585969695 ], [ -119.946229054336229, 39.272265175762755 ], [ -119.946217937768807, 39.272254285882596 ], [ -119.94620636126848, 39.272253982011193 ] ], [ [ -119.946180141464922, 39.272217260282879 ], [ -119.9461616190749, 39.272216774082452 ], [ -119.946206361268423, 39.272253982011165 ], [ -119.946206821204726, 39.272243396001429 ], [ -119.946199039611926, 39.272235773084084 ], [ -119.946183990165764, 39.272235378048748 ], [ -119.946184588086865, 39.272221616236351 ], [ -119.946180141464922, 39.272217260282879 ] ], [ [ -119.946162354982633, 39.272199836467479 ], [ -119.946154943950773, 39.272192576543539 ], [ -119.945961061737293, 39.272031341997547 ], [ -119.945872267411559, 39.272121378524815 ], [ -119.945957933937862, 39.272103326849368 ], [ -119.946092988031126, 39.272195895989057 ], [ -119.946093723954846, 39.272178958375086 ], [ -119.946116095015483, 39.272197562353384 ], [ -119.946094595820099, 39.272196998001739 ], [ -119.946121928240586, 39.272215732214512 ], [ -119.9461616190749, 39.272216774082452 ], [ -119.946162354982633, 39.272199836467479 ] ], [ [ -119.945951201938627, 39.27172479857937 ], [ -119.945666637576309, 39.271338976547767 ], [ -119.945991172146648, 39.271901818572275 ], [ -119.945951201938627, 39.27172479857937 ] ], [ [ -119.945586618204771, 39.271135688793329 ], [ -119.945602653654788, 39.271211179543016 ], [ -119.945764722181821, 39.271215434384331 ], [ -119.945603435671757, 39.271193183333381 ], [ -119.945586618204771, 39.271135688793329 ] ], [ [ -119.945534759793802, 39.271173363553629 ], [ -119.945556348367631, 39.27120996383271 ], [ -119.945602653654788, 39.271211179543016 ], [ -119.945534759793802, 39.271173363553629 ] ], [ [ -119.945397511427984, 39.270656628548011 ], [ -119.94513521946989, 39.270766504812549 ], [ -119.945393807167548, 39.270683210812166 ], [ -119.945513742799022, 39.270886545765173 ], [ -119.945502531239157, 39.270848216065438 ], [ -119.945624549865386, 39.270707285646822 ], [ -119.945481724829946, 39.27079361957103 ], [ -119.945397511427984, 39.270656628548011 ] ], [ [ -119.945955721845976, 39.27055382899713 ], [ -119.945775194106972, 39.270440989386699 ], [ -119.945947124886843, 39.270566136705689 ], [ -119.945955721845976, 39.27055382899713 ] ], [ [ -119.945326883147558, 39.270118552212146 ], [ -119.945230486079808, 39.270174453825824 ], [ -119.945336428435596, 39.27011973527128 ], [ -119.945326883147558, 39.270118552212146 ] ], [ [ -119.944850194192952, 39.269858183261491 ], [ -119.945119417279926, 39.270063436983314 ], [ -119.945140113532133, 39.270067223437103 ], [ -119.944850194192952, 39.269858183261491 ] ], [ [ -119.945187620240702, 39.269560759047785 ], [ -119.944851758535876, 39.269822190859067 ], [ -119.944836845205032, 39.269809788069374 ], [ -119.944850976364748, 39.269840187060311 ], [ -119.944699421531666, 39.270025811836597 ], [ -119.944850194192952, 39.269858183261491 ], [ -119.945187620240702, 39.269560759047785 ] ], [ [ -119.945093136558881, 39.270134813867223 ], [ -119.944787463810812, 39.270234887479702 ], [ -119.945116288838278, 39.270135421802927 ], [ -119.945130159474431, 39.270171819500732 ], [ -119.945119417279926, 39.270063436983314 ], [ -119.945093136558881, 39.270134813867223 ] ], [ [ -119.94516556049247, 39.269001660765596 ], [ -119.945166991848311, 39.269037938136144 ], [ -119.945309299415911, 39.268947556095405 ], [ -119.945261296299748, 39.268932107521714 ], [ -119.94516556049247, 39.269001660765596 ] ], [ [ -119.945191840642067, 39.268930283833761 ], [ -119.945168845170542, 39.268926076686725 ], [ -119.94516556049247, 39.269001660765596 ], [ -119.945191840642067, 39.268930283833761 ] ], [ [ -119.944798394081701, 39.268979011744563 ], [ -119.944987118458101, 39.268990653539355 ], [ -119.945076863314796, 39.268909248054079 ], [ -119.944798394081701, 39.268979011744563 ] ], [ [ -119.945267301745417, 39.270444813675269 ], [ -119.945200294950368, 39.270335811765172 ], [ -119.945207398760132, 39.270297845192758 ], [ -119.945160212564957, 39.270250681175035 ], [ -119.945199512854131, 39.270353807970722 ], [ -119.945267301745417, 39.270444813675269 ] ], [ [ -119.945276290723882, 39.271253889150387 ], [ -119.945276952502226, 39.271238661593117 ], [ -119.945303308038291, 39.271249784347638 ], [ -119.945390156404699, 39.271236589229211 ], [ -119.945324039885406, 39.27122188121043 ], [ -119.945488767220567, 39.271147746249483 ], [ -119.945466866007209, 39.271135547527258 ], [ -119.945167023331067, 39.271270490327232 ], [ -119.945276290723882, 39.271253889150387 ] ], [ [ -119.945129291923976, 39.271276222896766 ], [ -119.945208276685335, 39.271218841622527 ], [ -119.945129291923976, 39.271276222896766 ], [ -119.945129291923976, 39.271276222896766 ] ], [ [ -119.945219226274531, 39.27096689477424 ], [ -119.945184490532355, 39.271071569177074 ], [ -119.945208276685335, 39.271218841622527 ], [ -119.945219226274531, 39.27096689477424 ] ], [ [ -119.944638274505948, 39.271350822438869 ], [ -119.94479152931001, 39.271207898154863 ], [ -119.944623079350009, 39.271353130980224 ], [ -119.944638274505948, 39.271350822438869 ] ], [ [ -119.942800199396174, 39.272759075657575 ], [ -119.942543949729014, 39.272788374981793 ], [ -119.942408646627328, 39.272872523110728 ], [ -119.942800199396174, 39.272759075657575 ] ], [ [ -119.94250279090781, 39.273201677999673 ], [ -119.942401768509313, 39.27287680076153 ], [ -119.94239824632659, 39.272878991282987 ], [ -119.942497661743687, 39.27320540392644 ], [ -119.94250279090781, 39.273201677999673 ] ], [ [ -119.942241937130547, 39.272507962313 ], [ -119.942191507654954, 39.272364727327449 ], [ -119.941926983080975, 39.272051490014228 ], [ -119.942241937130547, 39.272507962313 ] ], [ [ -119.942022726275383, 39.271981939758554 ], [ -119.942013856625607, 39.271972698255837 ], [ -119.941926983080975, 39.272051490014228 ], [ -119.942022726275383, 39.271981939758554 ] ], [ [ -119.944877375687597, 39.270736125926064 ], [ -119.944870499245951, 39.270744068028385 ], [ -119.944874724742263, 39.270750694416677 ], [ -119.944877375687597, 39.270736125926064 ] ], [ [ -119.945462955748653, 39.271225528564251 ], [ -119.945463216433097, 39.271219529828471 ], [ -119.945445112773967, 39.271228239515857 ], [ -119.945462955748653, 39.271225528564251 ] ], [ [ -119.94544653247155, 39.27160344890072 ], [ -119.945485056001942, 39.271226108809834 ], [ -119.945462955748653, 39.271225528564251 ], [ -119.94544653247155, 39.27160344890072 ] ], [ [ -119.945526815764168, 39.271721754595681 ], [ -119.945534451277197, 39.271713857653246 ], [ -119.94544653247155, 39.27160344890072 ], [ -119.945526815764168, 39.271721754595681 ] ], [ [ -119.945472686037633, 39.271214973990809 ], [ -119.945485135760251, 39.271225327567336 ], [ -119.945486890442197, 39.27120814023278 ], [ -119.945472686037633, 39.271214973990809 ] ], [ [ -119.945145640076561, 39.272882243737413 ], [ -119.945158689830691, 39.272893096163237 ], [ -119.945135536642852, 39.272892488200462 ], [ -119.945135760123833, 39.272887346430025 ], [ -119.945117976205438, 39.272896531274426 ], [ -119.945134754458934, 39.272910484396959 ], [ -119.945111601265879, 39.272909876429203 ], [ -119.945112048231593, 39.272899592888599 ], [ -119.944993488648933, 39.272960825103716 ], [ -119.944905211161625, 39.273087197897453 ], [ -119.945206560538765, 39.272858319679393 ], [ -119.945551821048753, 39.272380933022532 ], [ -119.945159472007987, 39.272875099966271 ], [ -119.945145640076561, 39.272882243737413 ] ], [ [ -119.944792919285149, 39.275441866987563 ], [ -119.945263404900459, 39.275402173498058 ], [ -119.94501853199074, 39.27535055078399 ], [ -119.945049960366518, 39.275394566873793 ], [ -119.944792919285149, 39.275441866987563 ] ], [ [ -119.945045667653659, 39.273884310373873 ], [ -119.945165104838722, 39.273812118069294 ], [ -119.945046208463481, 39.273881062925199 ], [ -119.945045667653659, 39.273884310373873 ] ], [ [ -119.945929011165276, 39.273589641442022 ], [ -119.945870865050438, 39.273723673611045 ], [ -119.945872633871147, 39.273723451940249 ], [ -119.9459393364438, 39.273598227914242 ], [ -119.945929011165276, 39.273589641442022 ] ], [ [ -119.945126776119878, 39.274693931502938 ], [ -119.945187867676893, 39.274642178432806 ], [ -119.94515149435901, 39.274658547108046 ], [ -119.945126776119878, 39.274693931502938 ] ], [ [ -119.944547149450202, 39.274696726497744 ], [ -119.944554113805452, 39.274632233968404 ], [ -119.94452206195038, 39.274643655298902 ], [ -119.94454949659989, 39.274642737954174 ], [ -119.944547149450202, 39.274696726497744 ] ], [ [ -119.945676188522384, 39.272186014061681 ], [ -119.945737827311433, 39.272367799672942 ], [ -119.945744083408329, 39.272223830004307 ], [ -119.94566202356495, 39.27217253909712 ], [ -119.945281023936843, 39.272211672375761 ], [ -119.945676188522384, 39.272186014061681 ] ], [ [ -119.944705480352525, 39.273187479297768 ], [ -119.944687843179807, 39.273252289844947 ], [ -119.944783761612243, 39.273179439520696 ], [ -119.944705480352525, 39.273187479297768 ] ], [ [ -119.944681223382773, 39.273276615287926 ], [ -119.944759843244242, 39.273269982270897 ], [ -119.944685808119075, 39.273259767984733 ], [ -119.944681223382773, 39.273276615287926 ] ], [ [ -119.94449159668612, 39.273917974245293 ], [ -119.944467370909791, 39.273865861600036 ], [ -119.944619887607033, 39.273852994433192 ], [ -119.944353950681744, 39.273808832448879 ], [ -119.944539960842931, 39.273795701176283 ], [ -119.943941100864066, 39.273707904454511 ], [ -119.944444999803864, 39.273847257305334 ], [ -119.94449159668612, 39.273917974245293 ] ], [ [ -119.943621648466788, 39.273591412008827 ], [ -119.943502751066845, 39.273660355243514 ], [ -119.943854747410569, 39.273561502183988 ], [ -119.943621648466788, 39.273591412008827 ] ], [ [ -119.943126703687909, 39.274341303748365 ], [ -119.943148860159596, 39.274335692678939 ], [ -119.943157470168515, 39.274137734929084 ], [ -119.943126703687909, 39.274341303748365 ] ], [ [ -119.943020830708718, 39.274286593774875 ], [ -119.942731312283485, 39.274342737270096 ], [ -119.942941260397191, 39.274312220929552 ], [ -119.942908342628684, 39.274396602846188 ], [ -119.943062919887339, 39.274357456802591 ], [ -119.942938912040859, 39.27436620939509 ], [ -119.942940477612439, 39.274330217084803 ], [ -119.943020830708718, 39.274286593774875 ] ], [ [ -119.942413425123803, 39.274190249182695 ], [ -119.942159519033908, 39.274165559008821 ], [ -119.942135871453829, 39.274188413783236 ], [ -119.942731312283485, 39.274342737270096 ], [ -119.942413425123803, 39.274190249182695 ] ], [ [ -119.941101287747145, 39.274453050463805 ], [ -119.941107322060034, 39.274460455434451 ], [ -119.941457864640711, 39.274309264920859 ], [ -119.941101287747145, 39.274453050463805 ] ], [ [ -119.940950397848198, 39.273719387349615 ], [ -119.940906910947234, 39.273653383682017 ], [ -119.940883725360564, 39.274186068895631 ], [ -119.940950397848198, 39.273719387349615 ] ], [ [ -119.940854224999597, 39.273573417681661 ], [ -119.940841680743475, 39.273554378154913 ], [ -119.941103416313041, 39.273399109835644 ], [ -119.940829227505546, 39.273547960531722 ], [ -119.940854224999597, 39.273573417681661 ] ], [ [ -119.940661794792533, 39.273399508502969 ], [ -119.940615204084594, 39.273353652407657 ], [ -119.940617981213705, 39.273368328463917 ], [ -119.940255363796055, 39.27317862483229 ], [ -119.940661794792533, 39.273399508502969 ] ], [ [ -119.94061408612933, 39.27311790863277 ], [ -119.940580291686658, 39.273169153409917 ], [ -119.940591458935401, 39.273228168241737 ], [ -119.94061408612933, 39.27311790863277 ] ], [ [ -119.940783876835553, 39.272948417521313 ], [ -119.940731877606268, 39.272939292825107 ], [ -119.940695898413409, 39.272993850814949 ], [ -119.940783876835553, 39.272948417521313 ] ], [ [ -119.94121977883465, 39.273051406271605 ], [ -119.941262698726163, 39.272934863001872 ], [ -119.941212476547221, 39.273023626173206 ], [ -119.941091705762958, 39.273002434061105 ], [ -119.941189323401787, 39.273023017424137 ], [ -119.94121977883465, 39.273051406271605 ] ], [ [ -119.941080179490527, 39.272766091697896 ], [ -119.941082956348978, 39.272804020070467 ], [ -119.941262698726163, 39.272934863001872 ], [ -119.941080179490527, 39.272766091697896 ] ], [ [ -119.941086872429096, 39.272714039426141 ], [ -119.941076348319541, 39.272713762713046 ], [ -119.941078387367625, 39.272741613554871 ], [ -119.941168691270718, 39.272698173954737 ], [ -119.941087655642988, 39.272696043297088 ], [ -119.941071707971787, 39.272602203938895 ], [ -119.941053980096228, 39.272608253664465 ], [ -119.941068418696688, 39.272605453882946 ], [ -119.941075687517113, 39.272704736977275 ], [ -119.941086872429096, 39.272714039426141 ] ], [ [ -119.94123171898714, 39.272699831093995 ], [ -119.94160317260102, 39.272952822513794 ], [ -119.941542885499032, 39.272888179090558 ], [ -119.941249726907074, 39.272700304556103 ], [ -119.94123171898714, 39.272699831093995 ] ], [ [ -119.94144097640195, 39.27416468716217 ], [ -119.941800808492943, 39.273885879195937 ], [ -119.941044558886077, 39.274383435896752 ], [ -119.941044990262043, 39.274383965258423 ], [ -119.941318615352799, 39.274232445130252 ], [ -119.941394669350842, 39.274163469720882 ], [ -119.941372537199655, 39.274202585703797 ], [ -119.94144097640195, 39.27416468716217 ] ], [ [ -119.943035216706519, 39.27428380401669 ], [ -119.94303309207082, 39.274332650728155 ], [ -119.943058593950724, 39.27427927065574 ], [ -119.943035216706519, 39.27428380401669 ] ], [ [ -119.941848512398025, 39.274121350577133 ], [ -119.941836935637738, 39.274121046259317 ], [ -119.941837370671848, 39.274111048405217 ], [ -119.941812999049759, 39.274138433757138 ], [ -119.941848512398025, 39.274121350577133 ] ], [ [ -119.942032342950924, 39.273891965375249 ], [ -119.94184160921283, 39.274106285734732 ], [ -119.941855615065691, 39.274117933939728 ], [ -119.941919539044051, 39.274087184182385 ], [ -119.942055496400599, 39.273892573967906 ], [ -119.942032342950924, 39.273891965375249 ] ], [ [ -119.942835518148428, 39.273901063135519 ], [ -119.942493063412883, 39.273958124802 ], [ -119.942771688053938, 39.273947430367919 ], [ -119.942835518148428, 39.273901063135519 ] ], [ [ -119.942920785077035, 39.273717130944839 ], [ -119.942915735364878, 39.273680964798046 ], [ -119.942871422539611, 39.273874981550314 ], [ -119.94291530564837, 39.27384310404063 ], [ -119.942942501214219, 39.273710562887906 ], [ -119.942920785077035, 39.273717130944839 ] ], [ [ -119.944440941333696, 39.272874247180226 ], [ -119.944183008568487, 39.27321127798303 ], [ -119.944194543601355, 39.273210093348922 ], [ -119.944440941333696, 39.272874247180226 ] ], [ [ -119.944991455335312, 39.272474319855569 ], [ -119.945090495154872, 39.272254360867805 ], [ -119.94504636555466, 39.272277577660603 ], [ -119.944953158911318, 39.272502140979988 ], [ -119.944991455335312, 39.272474319855569 ] ], [ [ -119.945276606632561, 39.272156446370069 ], [ -119.945236781204571, 39.27217739884447 ], [ -119.945259435235855, 39.272175072044497 ], [ -119.945276606632561, 39.272156446370069 ] ], [ [ -119.945364560700909, 39.271889564485129 ], [ -119.945312510432245, 39.272117501768413 ], [ -119.945356739694944, 39.272069526516844 ], [ -119.945364560700909, 39.271889564485129 ] ], [ [ -119.942657035272958, 39.273385898871851 ], [ -119.942908665774581, 39.273630332192155 ], [ -119.942903111102012, 39.273590549430068 ], [ -119.942657752868044, 39.273369402397904 ], [ -119.942657035272958, 39.273385898871851 ] ], [ [ -119.942664178579534, 39.27322168396951 ], [ -119.942661340834604, 39.27328692002731 ], [ -119.942687233969878, 39.273224541947215 ], [ -119.942664178579534, 39.27322168396951 ] ], [ [ -119.941592767489297, 39.273339908519716 ], [ -119.941541857506706, 39.273351628129134 ], [ -119.941746226600372, 39.273542126651201 ], [ -119.941592767489297, 39.273339908519716 ] ], [ [ -119.941413638308092, 39.275103960303042 ], [ -119.941386653186754, 39.275111878390618 ], [ -119.941465013314883, 39.27521028881047 ], [ -119.941413638308092, 39.275103960303042 ] ], [ [ -119.941650244304796, 39.27521515846135 ], [ -119.94176062710801, 39.275152967579722 ], [ -119.941465013314883, 39.27521028881047 ], [ -119.941650244304796, 39.27521515846135 ] ], [ [ -119.937752098383982, 39.278357040450899 ], [ -119.937711082856381, 39.278372558854215 ], [ -119.937704396942365, 39.277994032184438 ], [ -119.937671458800182, 39.278749866465077 ], [ -119.937752098383982, 39.278357040450899 ] ], [ [ -119.937109389471857, 39.278987303078978 ], [ -119.937109994231278, 39.278987933206949 ], [ -119.937111374187822, 39.278987355333769 ], [ -119.937109389471857, 39.278987303078978 ] ], [ [ -119.934932111229145, 39.279902859044832 ], [ -119.934299852717572, 39.280048349023453 ], [ -119.934296895398973, 39.280060526623707 ], [ -119.934932111229145, 39.279902859044832 ] ], [ [ -119.934157395269153, 39.279594177673523 ], [ -119.934293957023684, 39.280714810904698 ], [ -119.93427793768511, 39.280138590284515 ], [ -119.934243334872789, 39.280281076470651 ], [ -119.934157395269153, 39.279594177673523 ] ], [ [ -119.934084772075437, 39.280727314709431 ], [ -119.934319510906136, 39.280719488034933 ], [ -119.934293957023684, 39.280714810904698 ], [ -119.934084772075437, 39.280727314709431 ] ], [ [ -119.931285256024537, 39.281662433341587 ], [ -119.930636108484563, 39.2816633241613 ], [ -119.930487593836318, 39.281698940334877 ], [ -119.931285256024537, 39.281662433341587 ] ], [ [ -119.930171520929832, 39.281774738879079 ], [ -119.929795608174871, 39.281864886473372 ], [ -119.930048565511896, 39.281846003756407 ], [ -119.930171520929832, 39.281774738879079 ] ], [ [ -119.929048147131368, 39.281927698428404 ], [ -119.928237896645911, 39.282042350297225 ], [ -119.928393490887117, 39.282054547861286 ], [ -119.929048147131368, 39.281927698428404 ] ], [ [ -119.941059363571995, 39.272280914783295 ], [ -119.94078527248476, 39.272453874902368 ], [ -119.941058580362409, 39.272298910913172 ], [ -119.941209686277944, 39.272555118025934 ], [ -119.941212818986045, 39.27248313349898 ], [ -119.941059363571995, 39.272280914783295 ] ], [ [ -119.940511180061108, 39.27262683431811 ], [ -119.940380954166216, 39.272551570723905 ], [ -119.940597786394292, 39.272724064859759 ], [ -119.940520831225456, 39.272620744209789 ], [ -119.940511180061108, 39.27262683431811 ] ], [ [ -119.94019487251245, 39.272438348387006 ], [ -119.94013295652168, 39.272394188655134 ], [ -119.940308406375266, 39.272586816318196 ], [ -119.940274703474159, 39.27249016329128 ], [ -119.940217242014725, 39.272456953441491 ], [ -119.940193505348176, 39.272433390788855 ], [ -119.94019487251245, 39.272438348387006 ] ], [ [ -119.939956230492427, 39.272197854304594 ], [ -119.939954080205027, 39.272197797745882 ], [ -119.94001345001378, 39.272262980868639 ], [ -119.9400083479009, 39.272249590050393 ], [ -119.939956230492427, 39.272197854304594 ] ], [ [ -119.939950611869989, 39.27219227682231 ], [ -119.939934335093795, 39.272176119220191 ], [ -119.939950540694937, 39.272193911652948 ], [ -119.939950611869989, 39.27219227682231 ] ], [ [ -119.939667061776163, 39.271910801464919 ], [ -119.939656038966973, 39.271899859252265 ], [ -119.939353887465984, 39.272055892379278 ], [ -119.939667061776163, 39.271910801464919 ] ], [ [ -119.940679130959225, 39.272736171899268 ], [ -119.940632855955968, 39.27275196324495 ], [ -119.940651151403998, 39.272766517547609 ], [ -119.940679130959225, 39.272736171899268 ] ], [ [ -119.937952961524232, 39.272289279049055 ], [ -119.938300254105883, 39.272298419312818 ], [ -119.938391853532167, 39.272258318562834 ], [ -119.937952961524232, 39.272289279049055 ] ], [ [ -119.934103633597033, 39.279232427138894 ], [ -119.933357960582413, 39.279320872963787 ], [ -119.934243348968835, 39.279218092504991 ], [ -119.934103633597033, 39.279232427138894 ] ], [ [ -119.933381927171183, 39.278240503768174 ], [ -119.934059694892582, 39.278114234648164 ], [ -119.933959767312786, 39.278080071840805 ], [ -119.933966291046332, 39.278129789664945 ], [ -119.933381927171183, 39.278240503768174 ] ], [ [ -119.933794421050337, 39.276755991579755 ], [ -119.933562093698839, 39.276767884640655 ], [ -119.933933346343807, 39.276759653116464 ], [ -119.933794421050337, 39.276755991579755 ] ], [ [ -119.933664152426303, 39.27549138976449 ], [ -119.933362367891007, 39.275501451733298 ], [ -119.933756767609509, 39.275493830845612 ], [ -119.933664152426303, 39.27549138976449 ] ], [ [ -119.933616293319503, 39.274463176848698 ], [ -119.933592991273983, 39.274447652287307 ], [ -119.933539766203197, 39.274623309967581 ], [ -119.933616293319503, 39.274463176848698 ] ], [ [ -119.932588434976495, 39.275712535228266 ], [ -119.932564928243949, 39.275714645226124 ], [ -119.932278441086339, 39.275905274566469 ], [ -119.932588434976495, 39.275712535228266 ] ], [ [ -119.930539116198375, 39.276453946563755 ], [ -119.929679776312156, 39.276899916700131 ], [ -119.929802472189138, 39.276866908286358 ], [ -119.930539116198375, 39.276453946563755 ] ], [ [ -119.929534397023872, 39.276939027336056 ], [ -119.92934115362938, 39.27695120902159 ], [ -119.929497536648441, 39.276948943655256 ], [ -119.929534397023872, 39.276939027336056 ] ], [ [ -119.92903407792501, 39.276970565800958 ], [ -119.929009726102592, 39.276972100803569 ], [ -119.928959807907916, 39.277020328900264 ], [ -119.92903407792501, 39.276970565800958 ] ], [ [ -119.929887423299235, 39.279697767762599 ], [ -119.929234362207154, 39.279788631030605 ], [ -119.929170756335566, 39.279829536883568 ], [ -119.929887423299235, 39.279697767762599 ] ], [ [ -119.928963139166413, 39.280159821326635 ], [ -119.92887469948522, 39.280213252441747 ], [ -119.929081907268994, 39.280148132784966 ], [ -119.928963139166413, 39.280159821326635 ] ], [ [ -119.94580823612884, 39.273414618886463 ], [ -119.94582692120963, 39.273435409966588 ], [ -119.945934168901985, 39.273183707307048 ], [ -119.94580823612884, 39.273414618886463 ] ], [ [ -119.942689586525475, 39.274870560260446 ], [ -119.942672114840192, 39.274880045401794 ], [ -119.942684673009794, 39.274882013313118 ], [ -119.942689586525475, 39.274870560260446 ] ], [ [ -119.944251627728178, 39.274562847506608 ], [ -119.94401617799717, 39.274646746516012 ], [ -119.943924606429377, 39.274620318743942 ], [ -119.943914172481612, 39.274860267682605 ], [ -119.943945934241626, 39.274662918035773 ], [ -119.943946716778399, 39.27464492186467 ], [ -119.944002518218781, 39.274661026286829 ], [ -119.944050901618553, 39.27465940868246 ], [ -119.944251627728178, 39.274562847506608 ] ], [ [ -119.94454182096392, 39.274026012642977 ], [ -119.944431699127406, 39.274153192389399 ], [ -119.94455216127443, 39.274048255840334 ], [ -119.94454182096392, 39.274026012642977 ] ], [ [ -119.943622564507535, 39.274636406278134 ], [ -119.943575474420172, 39.274653185857154 ], [ -119.943565071504736, 39.274625887460488 ], [ -119.943507578520951, 39.274615368615081 ], [ -119.943584950232051, 39.274663730078707 ], [ -119.943622564507535, 39.274636406278134 ] ], [ [ -119.943688112681073, 39.274728211956116 ], [ -119.943666199468723, 39.275232104592568 ], [ -119.943755684768064, 39.275306522369355 ], [ -119.94374720579296, 39.275288282894948 ], [ -119.943733313425469, 39.275287917930946 ], [ -119.943734096034049, 39.275269921765329 ], [ -119.94374155314523, 39.275276123245128 ], [ -119.943717873154327, 39.275225184169066 ], [ -119.943688570775848, 39.275250709042574 ], [ -119.943688112681073, 39.274728211956116 ] ], [ [ -119.943909836828496, 39.274616056193551 ], [ -119.943878820672836, 39.27460710483183 ], [ -119.943688112681073, 39.274728211956116 ], [ -119.943909836828496, 39.274616056193551 ] ], [ [ -119.944178163481965, 39.275642158551037 ], [ -119.944182307529076, 39.275624013614831 ], [ -119.944436219857579, 39.275648699600545 ], [ -119.944030429759778, 39.275598404058762 ], [ -119.944089691271074, 39.275621580818985 ], [ -119.943982967223747, 39.27564227743219 ], [ -119.94403361711062, 39.275648555317666 ], [ -119.944178163481965, 39.275642158551037 ] ], [ [ -119.942375383286205, 39.276130250783396 ], [ -119.942352803282404, 39.276116445056346 ], [ -119.942130684177968, 39.276339212472088 ], [ -119.942375174491559, 39.276135049754089 ], [ -119.942375383286205, 39.276130250783396 ] ], [ [ -119.943030207305412, 39.276530615099489 ], [ -119.94238359419883, 39.276135271046755 ], [ -119.942375174491559, 39.276135049754089 ], [ -119.943030207305412, 39.276530615099489 ] ], [ [ -119.943696439461419, 39.281821012285121 ], [ -119.943614404124801, 39.281752795718944 ], [ -119.943613621305175, 39.281770791862485 ], [ -119.943696439461419, 39.281821012285121 ] ], [ [ -119.944351198983156, 39.280756846301458 ], [ -119.944377634385035, 39.280727876201063 ], [ -119.944355992894756, 39.280299647816285 ], [ -119.944351198983156, 39.280756846301458 ] ], [ [ -119.944344739357106, 39.280076969048039 ], [ -119.944340253688353, 39.279988208978018 ], [ -119.944302095794782, 39.279954708188356 ], [ -119.944344739357106, 39.280076969048039 ] ], [ [ -119.944143969332799, 39.278612024818287 ], [ -119.944191332596532, 39.278615026673641 ], [ -119.944229034359196, 39.278814200914503 ], [ -119.94419309533329, 39.278602796096678 ], [ -119.944143969332799, 39.278612024818287 ] ], [ [ -119.944354200510986, 39.278601287980678 ], [ -119.944407599725153, 39.278562499414576 ], [ -119.944212740320495, 39.278599105618348 ], [ -119.944453102635933, 39.278623288338281 ], [ -119.944354200510986, 39.278601287980678 ] ], [ [ -119.944507215830967, 39.278281006024891 ], [ -119.944485704132489, 39.278242605908304 ], [ -119.944473888322989, 39.278514348053534 ], [ -119.94449782584995, 39.278496960051783 ], [ -119.944507215830967, 39.278281006024891 ] ], [ [ -119.943809059816985, 39.277655339776814 ], [ -119.943768148637915, 39.277685057218342 ], [ -119.944347017241313, 39.277700263248498 ], [ -119.94436616705508, 39.277686352859028 ], [ -119.943809059816985, 39.277655339776814 ] ], [ [ -119.944868470683474, 39.277436501045642 ], [ -119.944856421974677, 39.277713642178682 ], [ -119.944502872702685, 39.277693962587279 ], [ -119.94490133876954, 39.277727451532257 ], [ -119.944868470683474, 39.277436501045642 ] ], [ [ -119.944685585508765, 39.276844352843483 ], [ -119.944850796338642, 39.276776624750269 ], [ -119.944603084605347, 39.276846189811948 ], [ -119.944685585508765, 39.276844352843483 ] ], [ [ -119.944412029879715, 39.27685044361872 ], [ -119.944117918075875, 39.276765565349351 ], [ -119.944314331439443, 39.27685261873912 ], [ -119.944412029879715, 39.27685044361872 ] ], [ [ -119.943943226140703, 39.276688138776493 ], [ -119.943941362401318, 39.276679364254129 ], [ -119.943912971932193, 39.276674729530086 ], [ -119.943943226140703, 39.276688138776493 ] ], [ [ -119.942000203706343, 39.276448170043672 ], [ -119.941754370251488, 39.276551132853953 ], [ -119.941894079289938, 39.2765367887474 ], [ -119.942000203706343, 39.276448170043672 ] ], [ [ -119.941677858757842, 39.276711271922053 ], [ -119.941678176260908, 39.276703976195058 ], [ -119.941570262887495, 39.276771696788813 ], [ -119.941723384335518, 39.276730485443721 ], [ -119.941734018576327, 39.276668932486103 ], [ -119.941685774775678, 39.276699207769376 ], [ -119.941701013127783, 39.276711880621527 ], [ -119.941677858757842, 39.276711271922053 ] ], [ [ -119.943793384120397, 39.27550569673032 ], [ -119.943860472443021, 39.275531934700126 ], [ -119.943781121718075, 39.275361240789344 ], [ -119.943793384120397, 39.27550569673032 ] ], [ [ -119.94625713363574, 39.278020669667967 ], [ -119.946027930965926, 39.277960602770328 ], [ -119.94639137101089, 39.278132293643374 ], [ -119.94625713363574, 39.278020669667967 ] ], [ [ -119.94522376917358, 39.277795355644386 ], [ -119.945425122204128, 39.277962793228312 ], [ -119.945484740645739, 39.277962576728967 ], [ -119.94522376917358, 39.277795355644386 ] ], [ [ -119.945569838222568, 39.277299974043856 ], [ -119.945326870963356, 39.27702334367887 ], [ -119.945552665823769, 39.27731575375968 ], [ -119.945569838222568, 39.277299974043856 ] ], [ [ -119.945134908232262, 39.276639951802181 ], [ -119.944950455222312, 39.276617091365772 ], [ -119.945143344010802, 39.276667644366768 ], [ -119.945134908232262, 39.276639951802181 ] ], [ [ -119.944994568243217, 39.277735286770927 ], [ -119.94516503775472, 39.277653282976608 ], [ -119.944915795918575, 39.277728666552299 ], [ -119.944994568243217, 39.277735286770927 ] ], [ [ -119.945017091123049, 39.278816881614254 ], [ -119.944989125186908, 39.278793626309842 ], [ -119.944976374040635, 39.278820316537562 ], [ -119.945017091123049, 39.278816881614254 ] ], [ [ -119.944949972907295, 39.278761068873408 ], [ -119.94490522748923, 39.278723860360074 ], [ -119.944767470549692, 39.278693217503225 ], [ -119.944858134869889, 39.278740640352844 ], [ -119.944854222775035, 39.278830621220962 ], [ -119.944904445084177, 39.278741856534666 ], [ -119.944949972907295, 39.278761068873408 ] ], [ [ -119.943668095679982, 39.277647492149917 ], [ -119.943721839168589, 39.277683840611829 ], [ -119.943723286384298, 39.277650564696977 ], [ -119.943668095679982, 39.277647492149917 ] ], [ [ -119.943588389758048, 39.277554217590762 ], [ -119.943419518591256, 39.277479370623901 ], [ -119.943615083450212, 39.277611638202515 ], [ -119.943588389758048, 39.277554217590762 ] ], [ [ -119.943156278982713, 39.277362696948309 ], [ -119.943009856783405, 39.277355591088927 ], [ -119.94329488028778, 39.277424128263277 ], [ -119.943156278982713, 39.277362696948309 ] ], [ [ -119.942416281570317, 39.277326783026105 ], [ -119.942418031954972, 39.277343075860848 ], [ -119.942574074370171, 39.277334441501679 ], [ -119.942416281570317, 39.277326783026105 ] ], [ [ -119.942346650872182, 39.277323403430849 ], [ -119.942288260940046, 39.27738672891924 ], [ -119.942413195600423, 39.277326633246368 ], [ -119.942346650872182, 39.277323403430849 ] ], [ [ -119.941919687739656, 39.277546397977225 ], [ -119.942201458902687, 39.277463720954991 ], [ -119.942303771576888, 39.277598532726429 ], [ -119.942211660424533, 39.277442369037601 ], [ -119.941919687739656, 39.277546397977225 ] ], [ [ -119.941327179422132, 39.277844612314844 ], [ -119.941326722499525, 39.277855110049877 ], [ -119.941765879473948, 39.277884672284891 ], [ -119.941327179422132, 39.277844612314844 ] ], [ [ -119.940942740138922, 39.277809505785456 ], [ -119.940941330717607, 39.27781111683457 ], [ -119.941013822613812, 39.277815997048798 ], [ -119.940942740138922, 39.277809505785456 ] ], [ [ -119.94084595706903, 39.277716351758727 ], [ -119.940605792019994, 39.277908219885177 ], [ -119.940864720885514, 39.277735901310237 ], [ -119.94084595706903, 39.277716351758727 ] ], [ [ -119.93856109364711, 39.278068244447965 ], [ -119.938652172499957, 39.278055010309167 ], [ -119.938914713927488, 39.2778817517978 ], [ -119.93856109364711, 39.278068244447965 ] ], [ [ -119.937775842031428, 39.278482363703347 ], [ -119.938651388513662, 39.27807300638063 ], [ -119.938225978020569, 39.278259994560806 ], [ -119.938279708921826, 39.278216639913545 ], [ -119.937775842031428, 39.278482363703347 ] ], [ [ -119.943705859395152, 39.278584256748985 ], [ -119.943857569710701, 39.278593872566447 ], [ -119.94367164441492, 39.278559857790526 ], [ -119.943705859395152, 39.278584256748985 ] ], [ [ -119.943157184492975, 39.278407690368837 ], [ -119.943368997701683, 39.278364309164523 ], [ -119.943365948721919, 39.278359633119138 ], [ -119.943157184492975, 39.278407690368837 ] ], [ [ -119.943085649596469, 39.278004701655888 ], [ -119.943355367093062, 39.278343404676633 ], [ -119.943150469208845, 39.27802916285917 ], [ -119.943085649596469, 39.278004701655888 ] ], [ [ -119.942658288046886, 39.277619861307045 ], [ -119.942699508322463, 39.277738053250296 ], [ -119.942659070995404, 39.277601865166744 ], [ -119.942423235413997, 39.27775594290538 ], [ -119.942508398071112, 39.27786815603784 ], [ -119.94244363182753, 39.277758353546389 ], [ -119.942658288046886, 39.277619861307045 ] ], [ [ -119.942364372341046, 39.277678382739438 ], [ -119.942371980238633, 39.277688407198006 ], [ -119.942449112863798, 39.277632380590994 ], [ -119.942364372341046, 39.277678382739438 ] ], [ [ -119.940408382891817, 39.281745043927152 ], [ -119.940402042213776, 39.281783096989834 ], [ -119.940413386677179, 39.281772471774012 ], [ -119.940408382891817, 39.281745043927152 ] ], [ [ -119.940358025188118, 39.281469011231991 ], [ -119.940350188706844, 39.281648972125168 ], [ -119.940395455787282, 39.281674184961091 ], [ -119.940358025188118, 39.281469011231991 ] ], [ [ -119.938677939893537, 39.283316563751654 ], [ -119.938524886010214, 39.28363683631698 ], [ -119.93871823866354, 39.283295188363766 ], [ -119.938677939893537, 39.283316563751654 ] ], [ [ -119.93901297207411, 39.283138854188167 ], [ -119.938915254526719, 39.283190686251196 ], [ -119.939009971069794, 39.283145134055275 ], [ -119.93901297207411, 39.283138854188167 ] ], [ [ -119.940285801715021, 39.282138877159447 ], [ -119.940014676471847, 39.282432881980888 ], [ -119.940254859339575, 39.282241015876629 ], [ -119.940285801715021, 39.282138877159447 ] ], [ [ -119.931564704387768, 39.286234026541983 ], [ -119.932441292503967, 39.285980890100547 ], [ -119.931878445922024, 39.286128196373866 ], [ -119.931564704387768, 39.286234026541983 ] ], [ [ -119.932725464992089, 39.285844250089859 ], [ -119.933080679085919, 39.285673449034299 ], [ -119.932703879260089, 39.285807647593273 ], [ -119.932725464992089, 39.285844250089859 ] ], [ [ -119.933535589357675, 39.285343124939033 ], [ -119.933702523710565, 39.28517824780095 ], [ -119.933080679085919, 39.285673449034299 ], [ -119.933535589357675, 39.285343124939033 ] ], [ [ -119.933914851346117, 39.284968535254507 ], [ -119.934068605038931, 39.284816674167857 ], [ -119.93423807564217, 39.284564574047408 ], [ -119.933914851346117, 39.284968535254507 ] ], [ [ -119.93431942179086, 39.283850384007017 ], [ -119.934499963030916, 39.283963241817879 ], [ -119.934302897814646, 39.284468145670999 ], [ -119.934366119262151, 39.284374098199073 ], [ -119.934504338952721, 39.283953390460695 ], [ -119.93431942179086, 39.283850384007017 ] ], [ [ -119.934626750235637, 39.282651365418182 ], [ -119.934599668304543, 39.282740735179843 ], [ -119.934597483250627, 39.282593455601024 ], [ -119.934576512103646, 39.282740124990475 ], [ -119.934575857803864, 39.282755121647405 ], [ -119.934622824506107, 39.282741345364641 ], [ -119.934626750235637, 39.282651365418182 ] ], [ [ -119.934480887301305, 39.282266618231489 ], [ -119.934474859323331, 39.282206916324178 ], [ -119.934452559325194, 39.282267442267361 ], [ -119.934480887301305, 39.282266618231489 ] ], [ [ -119.934375501119362, 39.281222849271373 ], [ -119.934367833444412, 39.281146906029839 ], [ -119.93436695012953, 39.281167151518282 ], [ -119.934375501119362, 39.281222849271373 ] ], [ [ -119.93438029790417, 39.280861219683786 ], [ -119.934408949524212, 39.280735857947541 ], [ -119.934385951018044, 39.280731648547857 ], [ -119.93438029790417, 39.280861219683786 ] ], [ [ -119.934549090343978, 39.28264873781923 ], [ -119.934442704678887, 39.282294189395806 ], [ -119.934432478150555, 39.282321945848544 ], [ -119.934553355903518, 39.282739514796496 ], [ -119.934341024032051, 39.282824002765246 ], [ -119.934574858512121, 39.282755414759585 ], [ -119.934534910719179, 39.282630928671274 ], [ -119.934549090343978, 39.28264873781923 ] ], [ [ -119.927359103497238, 39.286368076789039 ], [ -119.927322320524894, 39.286404305561597 ], [ -119.926951345335539, 39.286935005248253 ], [ -119.927359103497238, 39.286368076789039 ] ], [ [ -119.928519236949711, 39.285395046126617 ], [ -119.928478717745151, 39.285407896101844 ], [ -119.927928008575563, 39.285807736742811 ], [ -119.928519236949711, 39.285395046126617 ] ], [ [ -119.929244941003901, 39.285213821662943 ], [ -119.929160495532386, 39.285191679339512 ], [ -119.928683251499407, 39.285343031511161 ], [ -119.929244941003901, 39.285213821662943 ] ], [ [ -119.929516848401803, 39.285525385667668 ], [ -119.929389704801551, 39.285251779793683 ], [ -119.929349256076577, 39.285241173862943 ], [ -119.929516848401803, 39.285525385667668 ] ], [ [ -119.93114727404479, 39.285352209713466 ], [ -119.931530796548302, 39.285206940606194 ], [ -119.931022369457239, 39.285373828185655 ], [ -119.93114727404479, 39.285352209713466 ] ], [ [ -119.933103872903033, 39.284611077119941 ], [ -119.932280027248709, 39.284895637538916 ], [ -119.932224112138201, 39.284944324479348 ], [ -119.933103872903033, 39.284611077119941 ] ], [ [ -119.931383880418267, 39.285931576010526 ], [ -119.931255377886501, 39.285901020977221 ], [ -119.931376847135155, 39.285934799035317 ], [ -119.931383880418267, 39.285931576010526 ] ], [ [ -119.931228425461242, 39.285584890272887 ], [ -119.931624925022703, 39.285562992987494 ], [ -119.931253625968466, 39.285571215280243 ], [ -119.931228425461242, 39.285584890272887 ] ], [ [ -119.932063749123969, 39.285227579445106 ], [ -119.932091812438742, 39.285223982216351 ], [ -119.932080626890325, 39.285214678887549 ], [ -119.932063749123969, 39.285227579445106 ] ], [ [ -119.944261960610461, 39.254538732857469 ], [ -119.944178508421899, 39.254382165862552 ], [ -119.944218547342501, 39.254527351593573 ], [ -119.944261960610461, 39.254538732857469 ] ], [ [ -119.94394605198741, 39.254252658020711 ], [ -119.943906999391899, 39.25423090066073 ], [ -119.943236982742462, 39.254717769940953 ], [ -119.94394605198741, 39.254252658020711 ] ], [ [ -119.942222828164859, 39.255401398581725 ], [ -119.942122463239286, 39.255301054623835 ], [ -119.942226352437999, 39.25541668995826 ], [ -119.942222828164859, 39.255401398581725 ] ], [ [ -119.942134200130894, 39.255031111610606 ], [ -119.942134982584719, 39.255013115409199 ], [ -119.942013855972874, 39.255055227693532 ], [ -119.942134200130894, 39.255031111610606 ] ], [ [ -119.941765635973539, 39.255141526177198 ], [ -119.941815263856554, 39.255234640683661 ], [ -119.941849390465379, 39.255185777068014 ], [ -119.941777029767337, 39.255137564921 ], [ -119.941765635973539, 39.255141526177198 ] ], [ [ -119.945836445370702, 39.255453274407586 ], [ -119.945824482826637, 39.255434322355697 ], [ -119.945620574830144, 39.255460499102945 ], [ -119.945836445370702, 39.255453274407586 ] ], [ [ -119.945544047582402, 39.25547032321208 ], [ -119.945515637617831, 39.25547397029932 ], [ -119.945531388906332, 39.255554131825029 ], [ -119.945544047582402, 39.25547032321208 ] ], [ [ -119.94560708292282, 39.255939351980047 ], [ -119.945634313896377, 39.256077934315861 ], [ -119.945645737745707, 39.256348485816041 ], [ -119.94564183148006, 39.256035358022281 ], [ -119.94560708292282, 39.255939351980047 ] ], [ [ -119.94555236511026, 39.256364051431298 ], [ -119.945690582933409, 39.256352384995033 ], [ -119.945691610044051, 39.256342868113272 ], [ -119.945645737745707, 39.256348485816041 ], [ -119.94555236511026, 39.256364051431298 ] ], [ [ -119.9455476753932, 39.256472028958434 ], [ -119.945582565896785, 39.256489575760249 ], [ -119.94555236511026, 39.256364051431298 ], [ -119.9455476753932, 39.256472028958434 ] ], [ [ -119.945661069595033, 39.256529056028356 ], [ -119.945654660499002, 39.256676625325632 ], [ -119.945655571055198, 39.256676791935689 ], [ -119.945677303053401, 39.256475431848351 ], [ -119.945661069595033, 39.256529056028356 ] ], [ [ -119.945608052127469, 39.256682608512044 ], [ -119.94553907751316, 39.256669987751806 ], [ -119.945513584745299, 39.256723368832695 ], [ -119.945608052127469, 39.256682608512044 ] ], [ [ -119.945573292939514, 39.256970685064204 ], [ -119.945540787443989, 39.256986327091269 ], [ -119.945593734017649, 39.256980887143762 ], [ -119.945572085634595, 39.256977139408427 ], [ -119.945573292939514, 39.256970685064204 ] ], [ [ -119.945217830806669, 39.257129990013858 ], [ -119.945449310879113, 39.257136067242214 ], [ -119.945504173842835, 39.257172617141414 ], [ -119.945494825248204, 39.257155278884106 ], [ -119.945567786662238, 39.25707611879983 ], [ -119.945520318208096, 39.257101897817471 ], [ -119.945486276872657, 39.257012558182787 ], [ -119.945454000857794, 39.257028089737283 ], [ -119.945519536561648, 39.257119894069334 ], [ -119.945217830806669, 39.257129990013858 ] ], [ [ -119.94509427322437, 39.257306913672046 ], [ -119.945044850011499, 39.257377683090404 ], [ -119.945057835031491, 39.257612242030582 ], [ -119.945080279595061, 39.257629046430715 ], [ -119.94509427322437, 39.257306913672046 ] ], [ [ -119.945080801561772, 39.257629437230669 ], [ -119.945118496038859, 39.257657659319172 ], [ -119.945112040193365, 39.257556105173727 ], [ -119.945080801561772, 39.257629437230669 ] ], [ [ -119.945226169520382, 39.257738274935285 ], [ -119.945237029830793, 39.257746406082809 ], [ -119.945237548188459, 39.257743077871972 ], [ -119.945240386467873, 39.257740502865289 ], [ -119.945226169520382, 39.257738274935285 ] ], [ [ -119.945196699486374, 39.258005353306814 ], [ -119.945099135667505, 39.258261930090661 ], [ -119.945108993677692, 39.258568473970094 ], [ -119.945196699486374, 39.258005353306814 ] ], [ [ -119.945032555646591, 39.258651403175783 ], [ -119.94501170887898, 39.258674020221761 ], [ -119.945100393922829, 39.258766432610983 ], [ -119.945032555646591, 39.258651403175783 ] ], [ [ -119.945400337480947, 39.258789905979526 ], [ -119.945402424149393, 39.258790069277957 ], [ -119.945399846392434, 39.258784122004975 ], [ -119.945400337480947, 39.258789905979526 ] ], [ [ -119.94544293181221, 39.258883526419218 ], [ -119.945438497725533, 39.258883608724673 ], [ -119.94550925077472, 39.258957334553898 ], [ -119.945467350113589, 39.258886287094086 ], [ -119.94544293181221, 39.258883526419218 ] ], [ [ -119.945148536388174, 39.258888990614864 ], [ -119.944376510642826, 39.258903316431507 ], [ -119.944328672524989, 39.258926335298725 ], [ -119.944792426053652, 39.25892049705935 ], [ -119.945148536388174, 39.258888990614864 ] ], [ [ -119.944312634382257, 39.258904501498073 ], [ -119.944236860254222, 39.258905907254622 ], [ -119.9442168994116, 39.258857338307571 ], [ -119.94414729297003, 39.258927930485569 ], [ -119.944312634382257, 39.258904501498073 ] ], [ [ -119.944168622130761, 39.258739869215312 ], [ -119.944132066116381, 39.258650920252684 ], [ -119.944101799584828, 39.258651803896576 ], [ -119.944168622130761, 39.258739869215312 ] ], [ [ -119.943843300975814, 39.258659350547859 ], [ -119.943807205331652, 39.258660404284129 ], [ -119.943824483771635, 39.258686293568836 ], [ -119.943843300975814, 39.258659350547859 ] ], [ [ -119.943991774129813, 39.258936953313111 ], [ -119.943999709322426, 39.258948842972302 ], [ -119.944035384457763, 39.258943787852175 ], [ -119.943991774129813, 39.258936953313111 ] ], [ [ -119.943604027339561, 39.25906945270134 ], [ -119.943677107250977, 39.259226689322936 ], [ -119.943672690989359, 39.259089273170027 ], [ -119.943604027339561, 39.25906945270134 ] ], [ [ -119.943677931234305, 39.259252328342995 ], [ -119.943433382514854, 39.259263154263728 ], [ -119.94345574894767, 39.259281758599933 ], [ -119.943678059883695, 39.259256331390574 ], [ -119.943677931234305, 39.259252328342995 ] ], [ [ -119.94344417461113, 39.259281454537472 ], [ -119.943463600397891, 39.259314395028007 ], [ -119.94345574894767, 39.259281758599933 ], [ -119.94344417461113, 39.259281454537472 ] ], [ [ -119.943529016386549, 39.259491877009729 ], [ -119.9434271245742, 39.25940712394268 ], [ -119.943645680456655, 39.259676097220115 ], [ -119.943640525299784, 39.259645766370596 ], [ -119.943529016386549, 39.259491877009729 ] ], [ [ -119.943174835691408, 39.259346445606838 ], [ -119.943030467150621, 39.259468769862458 ], [ -119.943197202077599, 39.259365049990826 ], [ -119.9434271245742, 39.25940712394268 ], [ -119.943174835691408, 39.259346445606838 ] ], [ [ -119.942528811047723, 39.260536593563955 ], [ -119.94251663097242, 39.260626357258452 ], [ -119.942713560651015, 39.260361280821542 ], [ -119.942544475092589, 39.260518988437305 ], [ -119.942550735086158, 39.260375018904611 ], [ -119.942530272654139, 39.260525821920382 ], [ -119.942543692590263, 39.260536984628558 ], [ -119.942528811047723, 39.260536593563955 ] ], [ [ -119.942313622613156, 39.260115328743048 ], [ -119.94226544929495, 39.260007186635683 ], [ -119.942206438343504, 39.259997937701918 ], [ -119.942313622613156, 39.260115328743048 ] ], [ [ -119.941862036063682, 39.255960830242508 ], [ -119.942140589153141, 39.255950134486028 ], [ -119.942144878398793, 39.255934764056143 ], [ -119.942024851415795, 39.255947092717449 ], [ -119.942058171425089, 39.255713750512086 ], [ -119.94197933884486, 39.255927879781893 ], [ -119.941862036063682, 39.255960830242508 ] ], [ [ -119.943684783318645, 39.259706845032532 ], [ -119.943656087920331, 39.25968890546249 ], [ -119.943801098966532, 39.259867366889857 ], [ -119.943684783318645, 39.259706845032532 ] ], [ [ -119.958293633015202, 39.284858067189546 ], [ -119.95869971263545, 39.285034992835371 ], [ -119.957571300151528, 39.284406775918235 ], [ -119.958293633015202, 39.284858067189546 ] ], [ [ -119.953890057664069, 39.282688933992965 ], [ -119.954346168923919, 39.282863026961238 ], [ -119.953807360800482, 39.28263572112801 ], [ -119.953890057664069, 39.282688933992965 ] ], [ [ -119.953360831188874, 39.282062505894501 ], [ -119.95368789040991, 39.282539506176079 ], [ -119.953541181130447, 39.28246444185028 ], [ -119.953797205054173, 39.282629186211125 ], [ -119.953360831188874, 39.282062505894501 ] ], [ [ -119.952919359179432, 39.281524942283397 ], [ -119.952954123795962, 39.281555919315373 ], [ -119.952900302017881, 39.281455891612111 ], [ -119.952919359179432, 39.281524942283397 ] ], [ [ -119.950422915852101, 39.279246983207699 ], [ -119.951763058183971, 39.280417160720262 ], [ -119.950318431771706, 39.279111044296194 ], [ -119.950422915852101, 39.279246983207699 ] ], [ [ -119.949956640910315, 39.278640206983759 ], [ -119.94991846269788, 39.278585155808663 ], [ -119.94988123887839, 39.278542228476049 ], [ -119.949956542795121, 39.278640204411388 ], [ -119.949956640910315, 39.278640206983759 ] ], [ [ -119.949286734328339, 39.277984081079829 ], [ -119.949512569613404, 39.278117067580553 ], [ -119.949454860126536, 39.278050514651376 ], [ -119.949286734328339, 39.277984081079829 ] ], [ [ -119.94915727365678, 39.277932925478993 ], [ -119.94915775194923, 39.27795263977837 ], [ -119.949071373232982, 39.27801653431596 ], [ -119.94918897244186, 39.277945451081898 ], [ -119.94915727365678, 39.277932925478993 ] ], [ [ -119.949149755203436, 39.277623029705815 ], [ -119.949152420788195, 39.27773289973144 ], [ -119.949171033867074, 39.277646703544988 ], [ -119.949149755203436, 39.277623029705815 ] ], [ [ -119.949098436492619, 39.277572732740495 ], [ -119.949116333016988, 39.277585845402328 ], [ -119.949104694550329, 39.277572896858508 ], [ -119.949098436492619, 39.277572732740495 ] ], [ [ -119.949082581475196, 39.277548294622349 ], [ -119.949082321040734, 39.277554293371807 ], [ -119.949104694550329, 39.277572896858508 ], [ -119.949082581475196, 39.277548294622349 ] ], [ [ -119.949038355370703, 39.277499090139145 ], [ -119.948981493325263, 39.277435827209921 ], [ -119.948947298896144, 39.277460668616214 ], [ -119.948195011170313, 39.276890284037059 ], [ -119.948205855839632, 39.276918735533158 ], [ -119.949082042003752, 39.277560720603354 ], [ -119.949082321040734, 39.277554293371807 ], [ -119.949038355370703, 39.277499090139145 ] ], [ [ -119.948164235801528, 39.276809543300629 ], [ -119.94818374517952, 39.276860727161058 ], [ -119.948180448114755, 39.27672475430056 ], [ -119.948164235801528, 39.276809543300629 ] ], [ [ -119.948284205838249, 39.276182104585061 ], [ -119.948262393290264, 39.276296184371326 ], [ -119.948311784314257, 39.276157089818206 ], [ -119.948284205838249, 39.276182104585061 ] ], [ [ -119.948620868742083, 39.275902667549651 ], [ -119.948549061801415, 39.275954834330115 ], [ -119.94854899955206, 39.27594192518206 ], [ -119.948532656187254, 39.275956749391746 ], [ -119.948617149386124, 39.275988329678739 ], [ -119.948620868742083, 39.275902667549651 ] ], [ [ -119.948544387367988, 39.274985535303443 ], [ -119.948512417733255, 39.275197170055165 ], [ -119.948490826492588, 39.275160570237944 ], [ -119.948546685989129, 39.275462162397567 ], [ -119.948544387367988, 39.274985535303443 ] ], [ [ -119.948824714715542, 39.272809133970746 ], [ -119.948694104324758, 39.273148026628341 ], [ -119.948881582550669, 39.27275551535277 ], [ -119.948824714715542, 39.272809133970746 ] ], [ [ -119.949062778403487, 39.272130740843757 ], [ -119.949134076536282, 39.272032147605536 ], [ -119.949089056027432, 39.272059362954337 ], [ -119.949058373109736, 39.271698223299694 ], [ -119.949066255325505, 39.272565078406281 ], [ -119.949091291496273, 39.272541870105584 ], [ -119.949067183578322, 39.272563258362183 ], [ -119.949062778403487, 39.272130740843757 ] ], [ [ -119.948971793494195, 39.270488830368606 ], [ -119.948724147039272, 39.270320184824712 ], [ -119.948993383713372, 39.270525430075196 ], [ -119.949055030024581, 39.270707214252162 ], [ -119.948987718951017, 39.270445571032276 ], [ -119.948971793494195, 39.270488830368606 ] ], [ [ -119.948270436264579, 39.268642675938651 ], [ -119.948183127383544, 39.268900687512343 ], [ -119.948281985281298, 39.268759146611302 ], [ -119.948270436264579, 39.268642675938651 ] ], [ [ -119.948316074719727, 39.268507806212391 ], [ -119.948288803603361, 39.268588397267294 ], [ -119.948386940291172, 39.268553419986588 ], [ -119.948313730972117, 39.268561795002718 ], [ -119.948346176154786, 39.268500874307826 ], [ -119.94824896307739, 39.268451995575298 ], [ -119.948316074719727, 39.268507806212391 ] ], [ [ -119.948042159596554, 39.268410537270412 ], [ -119.948108489729108, 39.268484344279422 ], [ -119.947916531821562, 39.268100956832797 ], [ -119.948042159596554, 39.268410537270412 ] ], [ [ -119.947467085531912, 39.265617179549082 ], [ -119.947465294299576, 39.265632741511517 ], [ -119.947473078194804, 39.265622936018467 ], [ -119.947467085531912, 39.265617179549082 ] ], [ [ -119.946293142638382, 39.263319951580634 ], [ -119.946621873601543, 39.263328579204021 ], [ -119.946587368551235, 39.263292627350943 ], [ -119.946293142638382, 39.263319951580634 ] ], [ [ -119.9460080006303, 39.263142126931768 ], [ -119.946014312035985, 39.263144284271092 ], [ -119.946027611965903, 39.263124335910568 ], [ -119.9460080006303, 39.263142126931768 ] ], [ [ -119.945837177147581, 39.263145832283271 ], [ -119.945825993017721, 39.26313653031346 ], [ -119.945769942358964, 39.263177256080525 ], [ -119.9459040549159, 39.263147587842241 ], [ -119.945837177147581, 39.263145832283271 ] ], [ [ -119.945729723585885, 39.262931022116433 ], [ -119.945702967784314, 39.263034208581345 ], [ -119.945752394702424, 39.262963439072784 ], [ -119.945729723585885, 39.262931022116433 ] ], [ [ -119.945545670665283, 39.262667847476749 ], [ -119.945531840652208, 39.262705414416885 ], [ -119.945660962777851, 39.262875569086042 ], [ -119.945722567509279, 39.262920789785056 ], [ -119.945545670665283, 39.262667847476749 ] ], [ [ -119.945348987455887, 39.262646563533295 ], [ -119.945397582663659, 39.262682235004839 ], [ -119.945338236058888, 39.262554559576373 ], [ -119.945348987455887, 39.262646563533295 ] ], [ [ -119.945332092412599, 39.262501985886225 ], [ -119.945334908249663, 39.262526082160939 ], [ -119.945345127140158, 39.262498324385156 ], [ -119.945332092412599, 39.262501985886225 ] ], [ [ -119.944919792685496, 39.261742177919636 ], [ -119.944826234737675, 39.261876133823343 ], [ -119.94492274262295, 39.26178858418961 ], [ -119.944919792685496, 39.261742177919636 ] ], [ [ -119.944858767648697, 39.261660786990561 ], [ -119.944918870830449, 39.261727675960209 ], [ -119.944895209947688, 39.261355458993663 ], [ -119.944858767648697, 39.261660786990561 ] ], [ [ -119.944791192250975, 39.261082476212295 ], [ -119.944703286867167, 39.260972067293586 ], [ -119.944768042956923, 39.26108186832851 ], [ -119.944692339322003, 39.261224014453681 ], [ -119.944791192250975, 39.261082476212295 ] ], [ [ -119.944759750682266, 39.260739332123016 ], [ -119.944793682181, 39.260899098213748 ], [ -119.944814289311978, 39.260882463653424 ], [ -119.944759750682266, 39.260739332123016 ] ], [ [ -119.944883315682262, 39.260562409180693 ], [ -119.944911540899909, 39.260803959725116 ], [ -119.944919449261221, 39.260797575885199 ], [ -119.944883315682262, 39.260562409180693 ] ], [ [ -119.944678492387695, 39.260475955264091 ], [ -119.944722835713506, 39.260522161617082 ], [ -119.944883315682262, 39.260562409180693 ], [ -119.944678492387695, 39.260475955264091 ] ], [ [ -119.944635713048328, 39.260393756442582 ], [ -119.944630707747137, 39.260375608239784 ], [ -119.944613345953485, 39.260375152310267 ], [ -119.944614127922137, 39.260357156083657 ], [ -119.944547906455568, 39.260281097910422 ], [ -119.944545462754888, 39.260337336115477 ], [ -119.944650273937526, 39.260446551213498 ], [ -119.944635713048328, 39.260393756442582 ] ], [ [ -119.944629039313924, 39.260369558838804 ], [ -119.944599674931013, 39.260263089378547 ], [ -119.944614127922137, 39.260357156083657 ], [ -119.944629039313924, 39.260369558838804 ] ], [ [ -119.944594857274126, 39.260231733809952 ], [ -119.94459724635766, 39.260247283087907 ], [ -119.944787900129612, 39.260091467875071 ], [ -119.944594857274126, 39.260231733809952 ] ], [ [ -119.944774319391954, 39.259984941048039 ], [ -119.944708754777622, 39.259957266642445 ], [ -119.944787900129612, 39.260091467875071 ], [ -119.944774319391954, 39.259984941048039 ] ], [ [ -119.94457799550176, 39.260121989318158 ], [ -119.944589320568156, 39.260195698305431 ], [ -119.944652916082532, 39.259997839435087 ], [ -119.94457799550176, 39.260121989318158 ] ], [ [ -119.944396243180378, 39.259504646298574 ], [ -119.944505445769877, 39.259595478353248 ], [ -119.944507518467432, 39.259578777700249 ], [ -119.944396243180378, 39.259504646298574 ] ], [ [ -119.945248093831438, 39.262301596141029 ], [ -119.945219308221539, 39.262441940029014 ], [ -119.945219868838379, 39.262442238499716 ], [ -119.945288418638867, 39.2622841986881 ], [ -119.945248093831438, 39.262301596141029 ] ], [ [ -119.947029102535993, 39.257507914512374 ], [ -119.946963799324095, 39.257482102114338 ], [ -119.946432954737531, 39.257432138091275 ], [ -119.947029102535993, 39.257507914512374 ] ], [ [ -119.946369400941748, 39.257271452529288 ], [ -119.946336441576136, 39.25718811979015 ], [ -119.946325028579182, 39.257249137846735 ], [ -119.946369400941748, 39.257271452529288 ] ], [ [ -119.946291115368979, 39.257073519063859 ], [ -119.946224136132912, 39.256904171142835 ], [ -119.946263398968526, 39.257067352602718 ], [ -119.946291115368979, 39.257073519063859 ] ], [ [ -119.945925506021894, 39.256868878759327 ], [ -119.945926430493671, 39.256879766170925 ], [ -119.946224136132912, 39.256904171142835 ], [ -119.945925506021894, 39.256868878759327 ] ], [ [ -119.945937553058371, 39.257010755340787 ], [ -119.945939694099138, 39.257035970097505 ], [ -119.945944687276892, 39.257036621682943 ], [ -119.945937553058371, 39.257010755340787 ] ], [ [ -119.945931213117504, 39.257779304554994 ], [ -119.945919489640403, 39.258049248398009 ], [ -119.945969821042269, 39.258181336418332 ], [ -119.945931213117504, 39.257779304554994 ] ], [ [ -119.946630934429891, 39.256608562092445 ], [ -119.946692564678884, 39.25679034717556 ], [ -119.946728338743966, 39.256791285953824 ], [ -119.946630934429891, 39.256608562092445 ] ], [ [ -119.946185950857654, 39.25618249791107 ], [ -119.946521446125928, 39.256461554580476 ], [ -119.946553539906844, 39.25647295353221 ], [ -119.946185950857654, 39.25618249791107 ] ], [ [ -119.945640747909096, 39.256996958662327 ], [ -119.945826870612748, 39.257021247120669 ], [ -119.945618088451596, 39.256985103341307 ], [ -119.94561642751205, 39.25702334538073 ], [ -119.945640747909096, 39.256996958662327 ] ], [ [ -119.945431394368114, 39.258567111141751 ], [ -119.94538521197768, 39.2586117595609 ], [ -119.945392366574893, 39.258696025645087 ], [ -119.945431394368114, 39.258567111141751 ] ], [ [ -119.945618260285059, 39.258581844149482 ], [ -119.945457784278872, 39.258541597749975 ], [ -119.945439122843993, 39.258559639363455 ], [ -119.945618260285059, 39.258581844149482 ] ], [ [ -119.945619376759979, 39.25738627611269 ], [ -119.945502926409063, 39.257502314405208 ], [ -119.945623138101382, 39.257393251992944 ], [ -119.945619376759979, 39.25738627611269 ] ], [ [ -119.945209231797818, 39.257327948723841 ], [ -119.945514065016809, 39.257245867830527 ], [ -119.94556774440251, 39.257290517274804 ], [ -119.945530527471433, 39.257221493531098 ], [ -119.945209231797818, 39.257327948723841 ] ], [ [ -119.945760618720911, 39.259330274297028 ], [ -119.945687103520839, 39.259664657447239 ], [ -119.945769838134225, 39.259360544257085 ], [ -119.945760618720911, 39.259330274297028 ] ], [ [ -119.945602076871438, 39.260212786568111 ], [ -119.945570275152434, 39.26022011023894 ], [ -119.94553239082056, 39.260209175397314 ], [ -119.945541371051519, 39.260314940382692 ], [ -119.945566366543574, 39.260310091453576 ], [ -119.945570061860906, 39.260313941956994 ], [ -119.945602076871438, 39.260212786568111 ] ], [ [ -119.945091488326383, 39.259504886184672 ], [ -119.945080066892743, 39.259234334819993 ], [ -119.945059811786834, 39.259233802992988 ], [ -119.945091488326383, 39.259504886184672 ] ], [ [ -119.944845110993001, 39.259222374394128 ], [ -119.94482865545632, 39.259194471680637 ], [ -119.944431121784973, 39.259235310838662 ], [ -119.944845110993001, 39.259222374394128 ] ], [ [ -119.945831768159977, 39.259001834566014 ], [ -119.945708990138186, 39.259160762510447 ], [ -119.945827860054763, 39.259091815821463 ], [ -119.945831768159977, 39.259001834566014 ] ], [ [ -119.945624603097073, 39.260647889390043 ], [ -119.945644892065872, 39.260636454672905 ], [ -119.94565505426938, 39.260402503507329 ], [ -119.945624603097073, 39.260647889390043 ] ], [ [ -119.945813849242811, 39.262082231037994 ], [ -119.945559984960269, 39.262057549921025 ], [ -119.945589406227342, 39.262020487107804 ], [ -119.945560766733635, 39.262039553683721 ], [ -119.945330052341802, 39.26201547981222 ], [ -119.945319710289112, 39.262002490571042 ], [ -119.945316483248135, 39.262016624955479 ], [ -119.945844945487934, 39.262113315487412 ], [ -119.945813849242811, 39.262082231037994 ] ], [ [ -119.945483499916833, 39.262217692798544 ], [ -119.945469519990993, 39.262206065301569 ], [ -119.945375272004682, 39.26224672720064 ], [ -119.945489287337594, 39.262217844738018 ], [ -119.945483499916833, 39.262217692798544 ] ], [ [ -119.94450964110824, 39.259561674621807 ], [ -119.94479055421904, 39.259496984377172 ], [ -119.944495808293226, 39.259521858587298 ], [ -119.944507922536502, 39.259575521933513 ], [ -119.94450964110824, 39.259561674621807 ] ], [ [ -119.944753331039777, 39.259820308675742 ], [ -119.944875330524681, 39.259679378119614 ], [ -119.94513904386541, 39.260010604217449 ], [ -119.945119804059402, 39.259920015235181 ], [ -119.944876112407002, 39.259661381886509 ], [ -119.944753331039777, 39.259820308675742 ] ], [ [ -119.944615219734416, 39.259798665128152 ], [ -119.944654072703301, 39.259864545764707 ], [ -119.944630603831115, 39.259787486915904 ], [ -119.944615219734416, 39.259798665128152 ] ], [ [ -119.949003594559983, 39.261211030859322 ], [ -119.948833525874264, 39.261051790568338 ], [ -119.949027890610765, 39.261258884344684 ], [ -119.948991521379753, 39.261107761267702 ], [ -119.949003594559983, 39.261211030859322 ] ], [ [ -119.949173448819607, 39.261035317060127 ], [ -119.948986692114858, 39.261066453430679 ], [ -119.948988710314609, 39.261083716407363 ], [ -119.949173448819607, 39.261035317060127 ] ], [ [ -119.948654762770616, 39.260884408428915 ], [ -119.948647261046986, 39.260877384280356 ], [ -119.948970951904926, 39.260753887967461 ], [ -119.948954449115476, 39.260741305968466 ], [ -119.948357382866121, 39.260992768218209 ], [ -119.948367222982938, 39.261002327219934 ], [ -119.948654762770616, 39.260884408428915 ] ], [ [ -119.948286743689678, 39.261174213946219 ], [ -119.948246693378479, 39.261029029279271 ], [ -119.948259185558939, 39.261022245057362 ], [ -119.948201073852744, 39.260981940918811 ], [ -119.948286743689678, 39.261174213946219 ] ], [ [ -119.948134852059326, 39.260936011833337 ], [ -119.948104573382054, 39.260992871278887 ], [ -119.948159395790782, 39.260953034505427 ], [ -119.948134852059326, 39.260936011833337 ] ], [ [ -119.947946952437874, 39.261139094819811 ], [ -119.947968048937611, 39.26117486281948 ], [ -119.947952179659623, 39.261136256058755 ], [ -119.947946952437874, 39.261139094819811 ] ], [ [ -119.945847160976172, 39.261848887577415 ], [ -119.946199094218059, 39.261750024790096 ], [ -119.946858221778442, 39.261515088432091 ], [ -119.945847160976172, 39.261848887577415 ] ], [ [ -119.945736422051922, 39.261922611896736 ], [ -119.945867965476921, 39.261903483985527 ], [ -119.945884155137662, 39.261930934107319 ], [ -119.945847160976172, 39.261848887577415 ], [ -119.945736422051922, 39.261922611896736 ] ], [ [ -119.947880830860584, 39.265293009305005 ], [ -119.947829274193793, 39.265306070198875 ], [ -119.947718208322257, 39.265195055900499 ], [ -119.947827772094158, 39.265323223258129 ], [ -119.947880830860584, 39.265293009305005 ] ], [ [ -119.948242437128073, 39.263262997087693 ], [ -119.948203514213901, 39.26324293955448 ], [ -119.948248531877908, 39.263285090407763 ], [ -119.948242437128073, 39.263262997087693 ] ], [ [ -119.947947735628148, 39.263111132603591 ], [ -119.947716235364041, 39.263105059572588 ], [ -119.947973361793842, 39.263124338238697 ], [ -119.947947735628148, 39.263111132603591 ] ], [ [ -119.947819772582662, 39.262855541028841 ], [ -119.947680872936829, 39.262851897132471 ], [ -119.947828117971838, 39.26287221004803 ], [ -119.947819772582662, 39.262855541028841 ] ], [ [ -119.947431615971979, 39.262622676800845 ], [ -119.947413344303868, 39.262629397795386 ], [ -119.947420837766856, 39.262635630016824 ], [ -119.947431615971979, 39.262622676800845 ] ], [ [ -119.947558380228685, 39.262470331425888 ], [ -119.947530398714846, 39.262437597381719 ], [ -119.947518152824458, 39.262518676840124 ], [ -119.947558380228685, 39.262470331425888 ] ], [ [ -119.947472175543922, 39.262270169057246 ], [ -119.947472146704001, 39.262268549996634 ], [ -119.947384120196674, 39.262213524747892 ], [ -119.947462796880146, 39.262297886659908 ], [ -119.947472175543922, 39.262270169057246 ] ], [ [ -119.947924880535808, 39.26151840510267 ], [ -119.94773165293455, 39.261682139411242 ], [ -119.947664432197428, 39.261844140284971 ], [ -119.947924880535808, 39.26151840510267 ] ], [ [ -119.948046657460523, 39.261366100934886 ], [ -119.948040240423353, 39.261350489661723 ], [ -119.948032688958421, 39.261383571126537 ], [ -119.948046657460523, 39.261366100934886 ] ], [ [ -119.948757262546508, 39.261546889741588 ], [ -119.948892098211672, 39.261845900819552 ], [ -119.948886007911682, 39.261784484080366 ], [ -119.948757262546508, 39.261546889741588 ] ], [ [ -119.949008783936335, 39.261625552740142 ], [ -119.948989538792617, 39.261534964206405 ], [ -119.948562745128882, 39.261192262950175 ], [ -119.949008783936335, 39.261625552740142 ] ], [ [ -119.947974791582325, 39.263021758508252 ], [ -119.948172489696873, 39.26273867609487 ], [ -119.948076765454985, 39.262808232244737 ], [ -119.947974791582325, 39.263021758508252 ] ], [ [ -119.9479982267585, 39.262481870233117 ], [ -119.947846828578108, 39.262766166962429 ], [ -119.948113265781444, 39.262415145528855 ], [ -119.9479982267585, 39.262481870233117 ] ], [ [ -119.948162820986539, 39.262386402541374 ], [ -119.948147667885493, 39.262395191641012 ], [ -119.948149902192426, 39.262401928644323 ], [ -119.948162820986539, 39.262386402541374 ] ], [ [ -119.948235973835267, 39.262343972375319 ], [ -119.948227482884079, 39.262348897307859 ], [ -119.948245986536918, 39.262380268544028 ], [ -119.948235973835267, 39.262343972375319 ] ], [ [ -119.948272119232129, 39.262579138453049 ], [ -119.948163385087327, 39.262442582973762 ], [ -119.948232897125877, 39.262652178608896 ], [ -119.948296050182861, 39.262561749377987 ], [ -119.948286037435324, 39.262525453212497 ], [ -119.948272119232129, 39.262579138453049 ] ], [ [ -119.949065248403031, 39.265142603504358 ], [ -119.94834484005834, 39.265175460196453 ], [ -119.948085133595768, 39.265241252843964 ], [ -119.949065248403031, 39.265142603504358 ] ], [ [ -119.948375856237163, 39.268144477944297 ], [ -119.948526581551036, 39.268025015832976 ], [ -119.948476859294445, 39.268007554316164 ], [ -119.948375856237163, 39.268144477944297 ] ], [ [ -119.948260805787555, 39.26831267635945 ], [ -119.948264849994004, 39.268294961519636 ], [ -119.948255213165169, 39.268308025472329 ], [ -119.948260805787555, 39.26831267635945 ] ], [ [ -119.950429649548511, 39.26894157845301 ], [ -119.95045280155054, 39.268942185312397 ], [ -119.950430170028113, 39.26892958092121 ], [ -119.950429649548511, 39.26894157845301 ] ], [ [ -119.950431991704221, 39.268887589559696 ], [ -119.950431210986366, 39.268905585857532 ], [ -119.950438928316359, 39.268905788144238 ], [ -119.950431991704221, 39.268887589559696 ] ], [ [ -119.949494372758551, 39.271799740061951 ], [ -119.949438880044909, 39.271654150974932 ], [ -119.949431162420638, 39.271653948610172 ], [ -119.949431943470614, 39.27163595233759 ], [ -119.949413645028358, 39.271666782130438 ], [ -119.949483337886363, 39.271832999155507 ], [ -119.949494372758551, 39.271799740061951 ] ], [ [ -119.949387701849702, 39.272121244565149 ], [ -119.949458815907349, 39.271906908246507 ], [ -119.949292746455868, 39.272172804895646 ], [ -119.949387701849702, 39.272121244565149 ] ], [ [ -119.949284501470899, 39.272362765504759 ], [ -119.949305264927077, 39.272343517816722 ], [ -119.949292746455868, 39.272172804895646 ], [ -119.949284501470899, 39.272362765504759 ] ], [ [ -119.949511118402583, 39.272253171764021 ], [ -119.949396474806733, 39.27231965886898 ], [ -119.949448569263282, 39.272321024855998 ], [ -119.949511118402583, 39.272253171764021 ] ], [ [ -119.949824255898363, 39.271141769431352 ], [ -119.950113494100293, 39.271487166392269 ], [ -119.950121561030926, 39.271478604954446 ], [ -119.949824255898363, 39.271141769431352 ] ], [ [ -119.949942450935723, 39.270832660005617 ], [ -119.949981132704522, 39.270731496882775 ], [ -119.950049549021941, 39.270649279762125 ], [ -119.950008189667741, 39.270642122428498 ], [ -119.949865369808307, 39.27072846195604 ], [ -119.949959541902359, 39.270694897338082 ], [ -119.949942450935723, 39.270832660005617 ] ], [ [ -119.95039787927557, 39.270742421667748 ], [ -119.950352354879058, 39.270723211585477 ], [ -119.949981132704522, 39.270731496882775 ], [ -119.95039787927557, 39.270742421667748 ] ], [ [ -119.950376288248279, 39.270705822191843 ], [ -119.950234711783963, 39.270681322417843 ], [ -119.950386619006409, 39.270713341110891 ], [ -119.950376288248279, 39.270705822191843 ] ], [ [ -119.950615962409017, 39.270880260897634 ], [ -119.950466165918556, 39.270771236759458 ], [ -119.95045352023962, 39.27076590063426 ], [ -119.950615962409017, 39.270880260897634 ] ], [ [ -119.950720957658717, 39.270956677711467 ], [ -119.950712807830541, 39.270950746176943 ], [ -119.950660096171433, 39.27110962994086 ], [ -119.950720957658717, 39.270956677711467 ] ], [ [ -119.950749584262766, 39.271184042463943 ], [ -119.950683814293342, 39.271160062638216 ], [ -119.950906188877312, 39.271314264229488 ], [ -119.950749584262766, 39.271184042463943 ] ], [ [ -119.950904894556913, 39.270809761060626 ], [ -119.950874363640636, 39.270838238126743 ], [ -119.951174256381393, 39.270672566866516 ], [ -119.950904894556913, 39.270809761060626 ] ], [ [ -119.952132144972182, 39.270078576883307 ], [ -119.952010427308053, 39.27021062828625 ], [ -119.95213926492896, 39.270139451459649 ], [ -119.952132144972182, 39.270078576883307 ] ], [ [ -119.951943120341369, 39.270386547482097 ], [ -119.951845827917737, 39.270492099028914 ], [ -119.95183261854811, 39.270499760391026 ], [ -119.951835104341583, 39.270501827382013 ], [ -119.951940779220379, 39.270440536437533 ], [ -119.952064345283674, 39.270263606076107 ], [ -119.952017655451328, 39.270292651040002 ], [ -119.951943120341369, 39.270386547482097 ] ], [ [ -119.951822051050343, 39.270505889479551 ], [ -119.951489173941255, 39.270698955236277 ], [ -119.951820334153467, 39.270545481374974 ], [ -119.95185428259353, 39.27056438759508 ], [ -119.951821894968944, 39.270509488742768 ], [ -119.951822051050343, 39.270505889479551 ] ], [ [ -119.949080744296424, 39.274246619765393 ], [ -119.949125736250622, 39.274240351391136 ], [ -119.949090040937364, 39.274239415302581 ], [ -119.949080744296424, 39.274246619765393 ] ], [ [ -119.949133709244506, 39.274169156686234 ], [ -119.949310372052821, 39.273902874992416 ], [ -119.94912992089634, 39.27406656036456 ], [ -119.949133709244506, 39.274169156686234 ] ], [ [ -119.94936597851256, 39.273645342378174 ], [ -119.949295029903993, 39.27372230520718 ], [ -119.949310372052821, 39.273902874992416 ], [ -119.94936597851256, 39.273645342378174 ] ], [ [ -119.949128197638856, 39.274019890967629 ], [ -119.949160796681852, 39.273845623069853 ], [ -119.949124362002252, 39.273916013921855 ], [ -119.949128197638856, 39.274019890967629 ] ], [ [ -119.949375706083714, 39.272931683785934 ], [ -119.949335368292779, 39.273326994524027 ], [ -119.94924197346819, 39.27334256220896 ], [ -119.949311433744342, 39.27334438365142 ], [ -119.949326775916106, 39.273524953442958 ], [ -119.949375706083714, 39.272931683785934 ] ], [ [ -119.949808085186831, 39.272582685740929 ], [ -119.949690757243417, 39.272615643071113 ], [ -119.949688414208353, 39.272669631892548 ], [ -119.949375706083714, 39.272931683785934 ], [ -119.949808085186831, 39.272582685740929 ] ], [ [ -119.950580391354549, 39.272676806707466 ], [ -119.95016241105418, 39.272429824165975 ], [ -119.950113532196568, 39.27242854279649 ], [ -119.950454032235697, 39.272653669697014 ], [ -119.949919165414187, 39.272693698509947 ], [ -119.950580391354549, 39.272676806707466 ] ], [ [ -119.950551207139696, 39.274791043891909 ], [ -119.950473390155565, 39.274709983290954 ], [ -119.950501595425862, 39.274762876372854 ], [ -119.950551207139696, 39.274791043891909 ] ], [ [ -119.950558219910732, 39.273972290902606 ], [ -119.950583040853218, 39.273954257464958 ], [ -119.950461223800914, 39.273897397456842 ], [ -119.950558219910732, 39.273972290902606 ] ], [ [ -119.950351212647206, 39.273812454444283 ], [ -119.950205827991141, 39.273566017719268 ], [ -119.95026747963982, 39.27374780139958 ], [ -119.950351212647206, 39.273812454444283 ] ], [ [ -119.950024504617986, 39.273471180463922 ], [ -119.949907956230135, 39.273486141679122 ], [ -119.950205827991141, 39.273566017719268 ], [ -119.950024504617986, 39.273471180463922 ] ], [ [ -119.949880897809976, 39.273575516024486 ], [ -119.949392330812628, 39.27361675617172 ], [ -119.949377232415245, 39.27363313447654 ], [ -119.949880897809976, 39.273575516024486 ] ], [ [ -119.950915923527432, 39.273384326678531 ], [ -119.950998512944281, 39.273460677842664 ], [ -119.951016673024924, 39.273457650522708 ], [ -119.950915923527432, 39.273384326678531 ] ], [ [ -119.949515490591025, 39.274250571755381 ], [ -119.949687581464147, 39.274291117501093 ], [ -119.950175372153694, 39.274267872571386 ], [ -119.949515490591025, 39.274250571755381 ] ], [ [ -119.949004546906153, 39.277209935671237 ], [ -119.949030561919514, 39.277243784473477 ], [ -119.949120400653555, 39.277187907208038 ], [ -119.948958237523286, 39.277208721159433 ], [ -119.948908802787912, 39.277279491615182 ], [ -119.948930394831194, 39.277316091377465 ], [ -119.949004546906153, 39.277209935671237 ] ], [ [ -119.949617283412437, 39.275910781401983 ], [ -119.949893691927201, 39.275794987411466 ], [ -119.949790691561489, 39.275746910697194 ], [ -119.94983035833441, 39.275808267633828 ], [ -119.949617283412437, 39.275910781401983 ] ], [ [ -119.949441834850745, 39.27520729092862 ], [ -119.949569692190977, 39.275405064699569 ], [ -119.949461733099554, 39.275222066446801 ], [ -119.949441834850745, 39.27520729092862 ] ], [ [ -119.949107391362972, 39.275374925210045 ], [ -119.949437779399204, 39.275204279536929 ], [ -119.94911876082196, 39.274967389807358 ], [ -119.949392270959706, 39.275220245021586 ], [ -119.949107391362972, 39.275374925210045 ] ], [ [ -119.948776403437577, 39.274562697967092 ], [ -119.948790551233699, 39.274663962790541 ], [ -119.948829915786746, 39.274700355171206 ], [ -119.948819955396388, 39.274520600024431 ], [ -119.948809585887176, 39.274530623345797 ], [ -119.94881917410973, 39.274538596277822 ], [ -119.948801808753259, 39.274538140836164 ], [ -119.948776403437577, 39.274562697967092 ] ], [ [ -119.950449548884876, 39.275428131778689 ], [ -119.950435402558128, 39.275261669066182 ], [ -119.950388676471064, 39.275228351886206 ], [ -119.950449548884876, 39.275428131778689 ] ], [ [ -119.950380086477594, 39.275426310934776 ], [ -119.950376474750513, 39.27550954371408 ], [ -119.950388759116677, 39.275501179086376 ], [ -119.950449548884876, 39.275428131778689 ], [ -119.950380086477594, 39.275426310934776 ] ], [ [ -119.950480489175632, 39.275293817206048 ], [ -119.950541016402141, 39.275354304684477 ], [ -119.950546069784011, 39.275340578108008 ], [ -119.950480489175632, 39.275293817206048 ] ], [ [ -119.950536388566377, 39.275366875338399 ], [ -119.950402198419923, 39.275492028039046 ], [ -119.950519792175072, 39.275411956302129 ], [ -119.950536388566377, 39.275366875338399 ] ], [ [ -119.950352588474615, 39.275525808263914 ], [ -119.950352637282236, 39.275524683496648 ], [ -119.950329092651998, 39.275533074670555 ], [ -119.95033486639187, 39.275537875507077 ], [ -119.950352588474615, 39.275525808263914 ] ], [ [ -119.95037347101055, 39.275426137518913 ], [ -119.950356932343226, 39.275425703977618 ], [ -119.950166218652896, 39.275640038781148 ], [ -119.950174596846907, 39.275647005223789 ], [ -119.950188569083295, 39.275637491360705 ], [ -119.950185481856664, 39.275637410427919 ], [ -119.950186262824317, 39.275619414155017 ], [ -119.95019925373218, 39.27563021605237 ], [ -119.950214047857699, 39.275620142546764 ], [ -119.950209417018741, 39.275620021148605 ], [ -119.950210197979771, 39.275602024875283 ], [ -119.950223910605743, 39.275613426875225 ], [ -119.950239526619569, 39.27560279372674 ], [ -119.950233352169022, 39.275602631863883 ], [ -119.950234133123445, 39.275584635590114 ], [ -119.950248567467582, 39.275596637692352 ], [ -119.950265005368948, 39.275585444900578 ], [ -119.95025728730748, 39.275585242573726 ], [ -119.950258068255309, 39.275567246299445 ], [ -119.950273224317726, 39.275579848503725 ], [ -119.950280929580998, 39.275574601881083 ], [ -119.950281222434143, 39.275567853278083 ], [ -119.950282003375378, 39.275549857003405 ], [ -119.950297881156189, 39.275563059309363 ], [ -119.950304815889879, 39.275558337347412 ], [ -119.950305157548982, 39.275550463977062 ], [ -119.950305938483609, 39.275532467701879 ], [ -119.950322537982885, 39.275546270109267 ], [ -119.950328702187718, 39.275542072808364 ], [ -119.950329092651998, 39.275533074670555 ], [ -119.95037347101055, 39.275426137518913 ] ], [ [ -119.950285552738421, 39.275571453907247 ], [ -119.950290484105892, 39.275568096068255 ], [ -119.950281222434143, 39.275567853278083 ], [ -119.950285552738421, 39.275571453907247 ] ], [ [ -119.950310209571001, 39.275554664710036 ], [ -119.950315962830231, 39.275550747229858 ], [ -119.950305157548982, 39.275550463977062 ], [ -119.950310209571001, 39.275554664710036 ] ], [ [ -119.950149939949938, 39.275663794389459 ], [ -119.950163090296428, 39.275654840168485 ], [ -119.950161546682764, 39.275654799701755 ], [ -119.950161980557439, 39.275644801772614 ], [ -119.95014714721863, 39.275661472241396 ], [ -119.950149939949938, 39.275663794389459 ] ], [ [ -119.948675201352486, 39.276010027205494 ], [ -119.948703584371259, 39.275968318864976 ], [ -119.948623666664872, 39.275990765581582 ], [ -119.948675201352486, 39.276010027205494 ] ], [ [ -119.948846942079314, 39.276034714173498 ], [ -119.948733275514783, 39.276031732986581 ], [ -119.949096170629744, 39.276167367610533 ], [ -119.948846942079314, 39.276034714173498 ] ], [ [ -119.951886670266546, 39.27061928643991 ], [ -119.951876704823547, 39.270602394488463 ], [ -119.951813310449253, 39.27070744821647 ], [ -119.951886670266546, 39.27061928643991 ] ], [ [ -119.951532875542711, 39.271294653467287 ], [ -119.951576839667695, 39.271349855731906 ], [ -119.951543685213096, 39.271229703614082 ], [ -119.951532875542711, 39.271294653467287 ] ], [ [ -119.950383104025036, 39.271350099920362 ], [ -119.950623588417471, 39.271138104150836 ], [ -119.950589857275418, 39.271125805682672 ], [ -119.950383104025036, 39.271350099920362 ] ], [ [ -119.950298750765612, 39.271424459959398 ], [ -119.95032809105011, 39.271398595605838 ], [ -119.95026770682729, 39.271427649904091 ], [ -119.950298750765612, 39.271424459959398 ] ], [ [ -119.949192350428561, 39.272814075198056 ], [ -119.949169669940559, 39.272872230704444 ], [ -119.949259939632555, 39.272928648115943 ], [ -119.949192350428561, 39.272814075198056 ] ], [ [ -119.949611427258475, 39.272492929184601 ], [ -119.949560429551838, 39.272414041661975 ], [ -119.949546495169642, 39.272423317695747 ], [ -119.949611427258475, 39.272492929184601 ] ], [ [ -119.950316562159173, 39.268609808239049 ], [ -119.950365328257078, 39.26859242631501 ], [ -119.950283200633123, 39.268577404395536 ], [ -119.950305571770713, 39.268596007576058 ], [ -119.950302264358584, 39.268595920878596 ], [ -119.950316562159173, 39.268609808239049 ] ], [ [ -119.950478392156569, 39.268695040619555 ], [ -119.950335770324358, 39.268628464993583 ], [ -119.950416646919919, 39.268707019718484 ], [ -119.950478392156569, 39.268695040619555 ] ], [ [ -119.949670824770692, 39.269336071070271 ], [ -119.949637520499493, 39.269569415727908 ], [ -119.949726817912619, 39.269316113787674 ], [ -119.949670824770692, 39.269336071070271 ] ], [ [ -119.949241311022845, 39.270153579782864 ], [ -119.94905062429811, 39.270274696622216 ], [ -119.949019967936096, 39.270357970866314 ], [ -119.949241311022845, 39.270153579782864 ] ], [ [ -119.948492317315711, 39.268541364956981 ], [ -119.948757793870556, 39.26862438595267 ], [ -119.948569963525102, 39.268532482241547 ], [ -119.948492317315711, 39.268541364956981 ] ], [ [ -119.948910277986698, 39.268672071099189 ], [ -119.948957295993324, 39.268686774614444 ], [ -119.949000580351466, 39.268680480134584 ], [ -119.948910277986698, 39.268672071099189 ] ], [ [ -119.94971271873483, 39.268904767247193 ], [ -119.949755929750552, 39.269233534404478 ], [ -119.949769680422648, 39.269194528819646 ], [ -119.94971271873483, 39.268904767247193 ] ], [ [ -119.94717293840722, 39.261739547837109 ], [ -119.947195072218463, 39.261763550396637 ], [ -119.947201557378278, 39.261614181389731 ], [ -119.94717293840722, 39.261739547837109 ] ], [ [ -119.94588788796635, 39.262156241619714 ], [ -119.94589615629566, 39.262204878709809 ], [ -119.945995138107989, 39.262177073641347 ], [ -119.945978896652193, 39.262141053227005 ], [ -119.945924907385844, 39.262193246894867 ], [ -119.94588788796635, 39.262156241619714 ] ], [ [ -119.946246359691159, 39.262796237605784 ], [ -119.946125138697028, 39.262919173187043 ], [ -119.946133736839528, 39.262721214498193 ], [ -119.946101132147518, 39.263014063874238 ], [ -119.946246359691159, 39.262796237605784 ] ], [ [ -119.946020332557765, 39.262664187533204 ], [ -119.946069037205106, 39.262503315112461 ], [ -119.946050517373806, 39.262502828994378 ], [ -119.946020332557765, 39.262664187533204 ] ], [ [ -119.946051014794108, 39.262491376839037 ], [ -119.945816674358298, 39.262550740990591 ], [ -119.945847370463952, 39.262511009066358 ], [ -119.945732775261391, 39.262594273410386 ], [ -119.946050517373806, 39.262502828994378 ], [ -119.946051014794108, 39.262491376839037 ] ], [ [ -119.946069939140699, 39.262500335993252 ], [ -119.946074448817399, 39.262485440397029 ], [ -119.946057263867345, 39.262489793788326 ], [ -119.946069939140699, 39.262500335993252 ] ], [ [ -119.945925291187379, 39.262410151061346 ], [ -119.94593945856694, 39.262391813235524 ], [ -119.945933494143489, 39.262374221096422 ], [ -119.945925291187379, 39.262410151061346 ] ], [ [ -119.945678336925297, 39.262394316841601 ], [ -119.945922553693805, 39.262341952086388 ], [ -119.94591634644118, 39.262323643695254 ], [ -119.945918653889919, 39.262337216836215 ], [ -119.945708742847529, 39.262367740066125 ], [ -119.945599248339491, 39.262220731533553 ], [ -119.945565576069285, 39.262219847549758 ], [ -119.945678336925297, 39.262394316841601 ] ], [ [ -119.946722725976983, 39.262893062438572 ], [ -119.947239642056374, 39.262734244536162 ], [ -119.947223343882996, 39.262713775776419 ], [ -119.947399407805619, 39.262634524151423 ], [ -119.946729381541743, 39.262880981510776 ], [ -119.946722725976983, 39.262893062438572 ] ], [ [ -119.946652330433338, 39.263020841452501 ], [ -119.9465532642499, 39.263200661280713 ], [ -119.94656416513071, 39.263224111775159 ], [ -119.946652330433338, 39.263020841452501 ] ], [ [ -119.945586156009028, 39.262440366660201 ], [ -119.945579548350935, 39.262432474317841 ], [ -119.945527613192027, 39.262447063210878 ], [ -119.945586156009028, 39.262440366660201 ] ], [ [ -119.945558117663339, 39.262634037228594 ], [ -119.945553793602201, 39.262645782842455 ], [ -119.945670062910352, 39.262612321543813 ], [ -119.945558117663339, 39.262634037228594 ] ], [ [ -119.947562779399149, 39.262902849230876 ], [ -119.947321316302563, 39.262827329661789 ], [ -119.94733362393255, 39.262842786667953 ], [ -119.947562779399149, 39.262902849230876 ] ], [ [ -119.945108425278974, 39.26348253080404 ], [ -119.945056807029502, 39.263503696403063 ], [ -119.945044507108193, 39.263544320611835 ], [ -119.945108425278974, 39.26348253080404 ] ], [ [ -119.945037323946906, 39.263568045148816 ], [ -119.945029747181948, 39.263593069659628 ], [ -119.94518163317872, 39.263831275547666 ], [ -119.945037323946906, 39.263568045148816 ] ], [ [ -119.945067137666172, 39.264332738394359 ], [ -119.944958423731777, 39.264167733011959 ], [ -119.945068627960609, 39.264354587280685 ], [ -119.94518163317872, 39.263831275547666 ], [ -119.945067137666172, 39.264332738394359 ] ], [ [ -119.94332574968864, 39.262029993493051 ], [ -119.943387051977879, 39.261928417146201 ], [ -119.943316688846267, 39.262004748426591 ], [ -119.94332574968864, 39.262029993493051 ] ], [ [ -119.943095836963423, 39.261617928024428 ], [ -119.943077824087467, 39.261577974564425 ], [ -119.942843200096959, 39.261643876822106 ], [ -119.943095836963423, 39.261617928024428 ] ], [ [ -119.942848677278207, 39.261517903470455 ], [ -119.942800031093768, 39.261570675492209 ], [ -119.942732930308821, 39.261514862046873 ], [ -119.942843200096959, 39.261643876822106 ], [ -119.942848677278207, 39.261517903470455 ] ], [ [ -119.942453117087737, 39.261021056751282 ], [ -119.942381321745671, 39.261073220255106 ], [ -119.942411344963588, 39.26113781859101 ], [ -119.942452334548065, 39.261039052939452 ], [ -119.942469305202522, 39.261048507291761 ], [ -119.942453117087737, 39.261021056751282 ] ], [ [ -119.943121516881888, 39.261905676198054 ], [ -119.943243460556957, 39.262032745225994 ], [ -119.943270869252444, 39.262019557653502 ], [ -119.943121516881888, 39.261905676198054 ] ], [ [ -119.94302057148299, 39.26182870483872 ], [ -119.942931172053235, 39.261832661736669 ], [ -119.943042230247229, 39.261845219773107 ], [ -119.94302057148299, 39.26182870483872 ] ], [ [ -119.921221131592105, 39.298656432454607 ], [ -119.921165656432109, 39.29886395659895 ], [ -119.921473255987109, 39.29819467409213 ], [ -119.921540746332454, 39.297943009405934 ], [ -119.921221131592105, 39.298656432454607 ] ], [ [ -119.921916235781126, 39.296729036057627 ], [ -119.921931676136538, 39.29672944465046 ], [ -119.921857461696078, 39.296835580346681 ], [ -119.921887243162061, 39.296773310341756 ], [ -119.921858250505082, 39.296817584616875 ], [ -119.921805383701596, 39.297061866539586 ], [ -119.921982504482131, 39.296627837660367 ], [ -119.921916235781126, 39.296729036057627 ] ], [ [ -119.922066408796766, 39.296300611411546 ], [ -119.92204157657072, 39.296483082007057 ], [ -119.922155388385207, 39.296204185192749 ], [ -119.922066408796766, 39.296300611411546 ] ], [ [ -119.922468001581151, 39.295734705945598 ], [ -119.922268254388939, 39.295927603591473 ], [ -119.922483005887884, 39.295789152751588 ], [ -119.922468001581151, 39.295734705945598 ] ], [ [ -119.922161917463939, 39.295708590625878 ], [ -119.922463000150159, 39.295716557009939 ], [ -119.922453224632605, 39.295681084089793 ], [ -119.922440628567827, 39.295697948495608 ], [ -119.922161917463939, 39.295708590625878 ] ], [ [ -119.923179587162096, 39.29470856723615 ], [ -119.922686950481875, 39.295368155372017 ], [ -119.92275905924545, 39.295310007678573 ], [ -119.923179587162096, 39.29470856723615 ] ], [ [ -119.923239309641374, 39.294403864531269 ], [ -119.92348854916213, 39.294536573178263 ], [ -119.923408132702804, 39.294469683807854 ], [ -119.923398274838391, 39.294480135653941 ], [ -119.923239309641374, 39.294403864531269 ] ], [ [ -119.922666929011683, 39.294358970934169 ], [ -119.922776113869659, 39.294391611662626 ], [ -119.923239309641374, 39.294403864531269 ], [ -119.922666929011683, 39.294358970934169 ] ], [ [ -119.923729298636871, 39.294129163888989 ], [ -119.923532652838432, 39.294337660405631 ], [ -119.923737489375654, 39.294146791522145 ], [ -119.923729298636871, 39.294129163888989 ] ], [ [ -119.923500203340467, 39.293968071127516 ], [ -119.923602472489534, 39.294053137630392 ], [ -119.923706047528526, 39.294079124153754 ], [ -119.923700096904014, 39.294066317541088 ], [ -119.923694322985853, 39.294073583445687 ], [ -119.923500203340467, 39.293968071127516 ] ], [ [ -119.923915174481365, 39.293795662350789 ], [ -119.923750412424468, 39.294003000357911 ], [ -119.924017700267584, 39.293748827896337 ], [ -119.923938531139569, 39.293791775860008 ], [ -119.923969160129673, 39.293727726007027 ], [ -119.923917405295398, 39.293792855064467 ], [ -119.923937742947928, 39.293809771634407 ], [ -119.923914583333143, 39.293809159181293 ], [ -119.923915174481365, 39.293795662350789 ] ], [ [ -119.924090992849699, 39.293671257906226 ], [ -119.924059446873883, 39.293709129497188 ], [ -119.924082217729818, 39.293687475817819 ], [ -119.924090992849699, 39.293671257906226 ] ], [ [ -119.924042330589273, 39.29363564694804 ], [ -119.924060634465718, 39.293650871841294 ], [ -119.924037474900615, 39.29365025941469 ], [ -119.924037868981515, 39.293641261526389 ], [ -119.924006968196608, 39.293680147674472 ], [ -119.924100359546031, 39.293653946651318 ], [ -119.92425521216559, 39.293367751115639 ], [ -119.924042330589273, 39.29363564694804 ] ], [ [ -119.924381410636514, 39.293208938396781 ], [ -119.924313457686523, 39.293294452957987 ], [ -119.924666415696848, 39.293054324224457 ], [ -119.924381410636514, 39.293208938396781 ] ], [ [ -119.924577410675255, 39.292996073319422 ], [ -119.924583716355286, 39.293000200188118 ], [ -119.924613245225515, 39.292944818740132 ], [ -119.924577410675255, 39.292996073319422 ] ], [ [ -119.924699818738645, 39.292820991249776 ], [ -119.924676114117574, 39.292854896403831 ], [ -119.92525060294102, 39.292421169219082 ], [ -119.924699818738645, 39.292820991249776 ] ], [ [ -119.925740637705786, 39.291643391597951 ], [ -119.925607915834462, 39.291673915244864 ], [ -119.92574765720326, 39.291659591896099 ], [ -119.925740637705786, 39.291643391597951 ] ], [ [ -119.925682118789922, 39.291567776633279 ], [ -119.925731863338171, 39.291623141224775 ], [ -119.92569395812437, 39.291535659606566 ], [ -119.925682118789922, 39.291567776633279 ] ], [ [ -119.925221304039837, 39.291501546808092 ], [ -119.925312364024592, 39.291539987043173 ], [ -119.925682118789922, 39.291567776633279 ], [ -119.925221304039837, 39.291501546808092 ] ], [ [ -119.925877781058944, 39.290275750272741 ], [ -119.925945212348097, 39.290854064507371 ], [ -119.925888695406215, 39.290186295484673 ], [ -119.925877781058944, 39.290275750272741 ] ], [ [ -119.925943787440644, 39.289827078807519 ], [ -119.925965662609258, 39.289781328408971 ], [ -119.925945362573103, 39.289791087166087 ], [ -119.926021123560673, 39.289515825636329 ], [ -119.925950087953538, 39.289683112240162 ], [ -119.925929236821617, 39.289854012524906 ], [ -119.925961156200913, 39.289827537806389 ], [ -119.925943787440644, 39.289827078807519 ] ], [ [ -119.926015625128798, 39.289774927321709 ], [ -119.925992466797894, 39.289774315334157 ], [ -119.925992729315539, 39.289768316726956 ], [ -119.925969045948079, 39.28977970194908 ], [ -119.925967170805251, 39.289822549142229 ], [ -119.926087462710555, 39.289722775786913 ], [ -119.926059042704637, 39.28973643807759 ], [ -119.926063516861817, 39.289740159637326 ], [ -119.926051937701416, 39.289739853649102 ], [ -119.926030622687918, 39.289750100360827 ], [ -119.926039571001226, 39.289757543482253 ], [ -119.926016412675509, 39.289756931499682 ], [ -119.926002202660428, 39.289763762636653 ], [ -119.926015625128798, 39.289774927321709 ] ], [ [ -119.926260274111357, 39.288952626955776 ], [ -119.926206422842796, 39.289079447401036 ], [ -119.926383938732471, 39.288775728218134 ], [ -119.926260274111357, 39.288952626955776 ] ], [ [ -119.926538145295666, 39.288557837701546 ], [ -119.926560504392896, 39.288571816206542 ], [ -119.926565778639173, 39.288562500934034 ], [ -119.926538145295666, 39.288557837701546 ] ], [ [ -119.927573844124808, 39.287862575919242 ], [ -119.927526898589676, 39.287911096219439 ], [ -119.92758276989359, 39.287870533088139 ], [ -119.927573844124808, 39.287862575919242 ] ], [ [ -119.928016657292076, 39.287268478048695 ], [ -119.92767340602812, 39.287362539369155 ], [ -119.927837170987075, 39.287354769427743 ], [ -119.928016657292076, 39.287268478048695 ] ], [ [ -119.92807346847141, 39.287252909927815 ], [ -119.928056602655005, 39.287257531716705 ], [ -119.928229276016012, 39.287401157554882 ], [ -119.92807346847141, 39.287252909927815 ] ], [ [ -119.92965902080266, 39.286781295709481 ], [ -119.929682220602132, 39.286908566470217 ], [ -119.929704776105254, 39.286901413283417 ], [ -119.92965902080266, 39.286781295709481 ] ], [ [ -119.930534894622326, 39.286633252173338 ], [ -119.930366502102487, 39.286772941981098 ], [ -119.930624386658323, 39.28660138188576 ], [ -119.930534894622326, 39.286633252173338 ] ], [ [ -119.948040050418314, 39.273797489932385 ], [ -119.947945873251399, 39.273831052780622 ], [ -119.947870160493068, 39.273973200420194 ], [ -119.948040050418314, 39.273797489932385 ] ], [ [ -119.946857117163347, 39.277549965759206 ], [ -119.946670315283072, 39.277581096566429 ], [ -119.946665536655004, 39.277594074222819 ], [ -119.946857117163347, 39.277549965759206 ] ], [ [ -119.953279656688039, 39.282330631099548 ], [ -119.952011516675284, 39.282171294483391 ], [ -119.953341137511529, 39.282362088275434 ], [ -119.953279656688039, 39.282330631099548 ] ], [ [ -119.947840459486287, 39.278927023768027 ], [ -119.94749752429253, 39.279350427459121 ], [ -119.947791022332979, 39.278997793638716 ], [ -119.947814959255496, 39.278980404929335 ], [ -119.947815740922508, 39.278962408706576 ], [ -119.947826927712327, 39.278971710572613 ], [ -119.947838896166843, 39.278963016214057 ], [ -119.94813319429629, 39.278710495418736 ], [ -119.947840459486287, 39.278927023768027 ] ], [ [ -119.952320349627243, 39.281139200538021 ], [ -119.952604279946655, 39.281265718001514 ], [ -119.952472823502546, 39.281156425993359 ], [ -119.952320349627243, 39.281139200538021 ] ], [ [ -119.948534782581532, 39.278490248854062 ], [ -119.948950961583705, 39.278719261265934 ], [ -119.948579371624888, 39.278459955831806 ], [ -119.948534782581532, 39.278490248854062 ] ], [ [ -119.929630970228615, 39.286627413784757 ], [ -119.929638327746432, 39.28666777625736 ], [ -119.929661046734864, 39.286599380987894 ], [ -119.929630970228615, 39.286627413784757 ] ], [ [ -119.923710575787197, 39.293173182401858 ], [ -119.924072115489949, 39.292806891669983 ], [ -119.924051358447727, 39.292803845427301 ], [ -119.923710575787197, 39.293173182401858 ] ], [ [ -119.922956565452353, 39.292919022920934 ], [ -119.923282372395491, 39.292891607820337 ], [ -119.922910169477007, 39.292881762363024 ], [ -119.922956565452353, 39.292919022920934 ] ], [ [ -119.922164332100493, 39.294222349048901 ], [ -119.922134738275986, 39.294212492875353 ], [ -119.922395015293986, 39.294093263328534 ], [ -119.922183423650324, 39.294159731265026 ], [ -119.921848934431338, 39.294385096143984 ], [ -119.922164332100493, 39.294222349048901 ] ], [ [ -119.920977033428187, 39.294704335387465 ], [ -119.92134784874662, 39.29499464019797 ], [ -119.9215120765721, 39.294664447160159 ], [ -119.921335757758712, 39.294984079528476 ], [ -119.920977033428187, 39.294704335387465 ] ], [ [ -119.917308906696206, 39.293430680926527 ], [ -119.916042238602842, 39.292501696289008 ], [ -119.917208593658771, 39.293397410137139 ], [ -119.917308906696206, 39.293430680926527 ] ], [ [ -119.923241378071523, 39.293827387565671 ], [ -119.923101898726969, 39.293897884206757 ], [ -119.923276764276395, 39.293846621678149 ], [ -119.923241378071523, 39.293827387565671 ] ], [ [ -119.923004263022776, 39.293947231748895 ], [ -119.923008366798086, 39.293962123168498 ], [ -119.923035360123436, 39.293931514508479 ], [ -119.923004263022776, 39.293947231748895 ] ], [ [ -119.921308653320281, 39.29507344517323 ], [ -119.921321171746541, 39.295048276078425 ], [ -119.921289494216779, 39.295087351360145 ], [ -119.921308653320281, 39.29507344517323 ] ] ], [ [ [ -119.949119174623974, 39.244656628728201 ], [ -119.949140757861045, 39.244693228238226 ], [ -119.949050523062752, 39.244636811927883 ], [ -119.949125417646016, 39.244512657919088 ], [ -119.949119174623974, 39.244656628728201 ] ] ], [ [ [ -119.949163121490827, 39.244711831393538 ], [ -119.949139977484649, 39.244711224589309 ], [ -119.949140757861045, 39.244693228238226 ], [ -119.949163121490827, 39.244711831393538 ] ] ], [ [ [ -119.946722565627127, 39.245422540481613 ], [ -119.946744928806126, 39.245441144083962 ], [ -119.946721784612521, 39.245440536789815 ], [ -119.946722565627127, 39.245422540481613 ] ] ], [ [ [ -119.949009403435568, 39.246653616395008 ], [ -119.948797979617382, 39.24672013984884 ], [ -119.94877951810129, 39.246611554912747 ], [ -119.949037230813516, 39.246546245189592 ], [ -119.949009403435568, 39.246653616395008 ] ] ], [ [ [ -119.94615528453663, 39.255821357502477 ], [ -119.946156065984482, 39.25580336123587 ], [ -119.946178432130637, 39.255821965042806 ], [ -119.94615528453663, 39.255821357502477 ] ] ], [ [ [ -119.947977134327303, 39.2570943014845 ], [ -119.947999501367036, 39.257112904972679 ], [ -119.947976353309144, 39.257112297777695 ], [ -119.947977134327303, 39.2570943014845 ] ] ], [ [ [ -119.95326563415459, 39.259124667371438 ], [ -119.953266413876278, 39.25910667099577 ], [ -119.95328878298838, 39.259125273540953 ], [ -119.95326563415459, 39.259124667371438 ] ] ], [ [ [ -119.953071621454129, 39.259858275287755 ], [ -119.953093990738623, 39.259876877875683 ], [ -119.953070841661813, 39.259876271657788 ], [ -119.953071621454129, 39.259858275287755 ] ] ], [ [ [ -119.953048472383955, 39.259857669065667 ], [ -119.953070841661813, 39.259876271657788 ], [ -119.953047692585741, 39.259875665435317 ], [ -119.953048472383955, 39.259857669065667 ] ] ], [ [ [ -119.946079780752811, 39.270899403711539 ], [ -119.946239503094887, 39.270957646524337 ], [ -119.946237157549589, 39.271011635187357 ], [ -119.946079780752811, 39.270899403711539 ] ] ], [ [ [ -119.945961061737293, 39.272031341997547 ], [ -119.946072134829478, 39.2721423581783 ], [ -119.946093723954846, 39.272178958375086 ], [ -119.945957933937862, 39.272103326849368 ], [ -119.945961061737293, 39.272031341997547 ] ] ], [ [ [ -119.946362177462191, 39.272402205857915 ], [ -119.946384548664554, 39.27242080978953 ], [ -119.946361395605663, 39.272420202076567 ], [ -119.946362177462191, 39.272402205857915 ] ] ], [ [ [ -119.948993608444397, 39.277461883138834 ], [ -119.949015981901553, 39.277480486640791 ], [ -119.948992827120449, 39.277479879385986 ], [ -119.948993608444397, 39.277461883138834 ] ] ], [ [ [ -119.949038355370703, 39.277499090139145 ], [ -119.949015200582821, 39.277498482888291 ], [ -119.949015981901553, 39.277480486640791 ], [ -119.949038355370703, 39.277499090139145 ] ] ], [ [ [ -119.953687110146134, 39.28255750248622 ], [ -119.95368789040991, 39.282539506176079 ], [ -119.953710266700199, 39.282558108872742 ], [ -119.953687110146134, 39.28255750248622 ] ] ], [ [ [ -119.94476882490568, 39.261063872101509 ], [ -119.944791192250975, 39.261082476212295 ], [ -119.944768042956923, 39.26108186832851 ], [ -119.94476882490568, 39.261063872101509 ] ] ], [ [ [ -119.942537888795698, 39.261203451990632 ], [ -119.942538671318076, 39.261185455801488 ], [ -119.942561038081536, 39.261204060319287 ], [ -119.942537888795698, 39.261203451990632 ] ] ], [ [ [ -119.944770093111572, 39.264234854630608 ], [ -119.944770875147483, 39.26421685841337 ], [ -119.944793243442831, 39.264235462554581 ], [ -119.944770093111572, 39.264234854630608 ] ] ], [ [ [ -119.94371172470855, 39.275251317323409 ], [ -119.943734096034049, 39.275269921765329 ], [ -119.943710942094754, 39.275269313488685 ], [ -119.94371172470855, 39.275251317323409 ] ] ], [ [ [ -119.942352803282404, 39.276116445056346 ], [ -119.942375174491559, 39.276135049754089 ], [ -119.94235202029688, 39.276134441196106 ], [ -119.942352803282404, 39.276116445056346 ] ] ], [ [ [ -119.943564452354664, 39.277571605411438 ], [ -119.943565235069983, 39.277553609255747 ], [ -119.943587607048642, 39.277572213746851 ], [ -119.943564452354664, 39.277571605411438 ] ] ], [ [ [ -119.939750188742948, 39.271471765847096 ], [ -119.939772557830679, 39.271490370973083 ], [ -119.939749405221008, 39.271489761957476 ], [ -119.939750188742948, 39.271471765847096 ] ] ], [ [ [ -119.940127331102531, 39.271860036922142 ], [ -119.940149700411851, 39.271878641983292 ], [ -119.940126547666239, 39.271878033037673 ], [ -119.940127331102531, 39.271860036922142 ] ] ], [ [ [ -119.940149700411851, 39.271878641983292 ], [ -119.940172069732967, 39.271897247040499 ], [ -119.940148916980775, 39.271896638099093 ], [ -119.940149700411851, 39.271878641983292 ] ] ], [ [ [ -119.940172069732967, 39.271897247040499 ], [ -119.940194439065905, 39.271915852093883 ], [ -119.940171286307105, 39.27191524315667 ], [ -119.940172069732967, 39.271897247040499 ] ] ], [ [ [ -119.940194089077337, 39.27245634450184 ], [ -119.94019487251245, 39.272438348387006 ], [ -119.940217242014725, 39.272456953441491 ], [ -119.940194089077337, 39.27245634450184 ] ] ], [ [ [ -119.941700229958968, 39.276729876748469 ], [ -119.941701013127783, 39.276711880621527 ], [ -119.941723384335518, 39.276730485443721 ], [ -119.941700229958968, 39.276729876748469 ] ] ], [ [ [ -119.922815444049888, 39.28767245275894 ], [ -119.922816232356809, 39.287654456984498 ], [ -119.922838601619375, 39.287673065351157 ], [ -119.922815444049888, 39.28767245275894 ] ] ], [ [ [ -119.922838601619375, 39.287673065351157 ], [ -119.922860970893737, 39.287691673713866 ], [ -119.92283781331767, 39.287691061125869 ], [ -119.922838601619375, 39.287673065351157 ] ] ], [ [ [ -119.922883340179908, 39.287710282072695 ], [ -119.922860182597233, 39.287709669488905 ], [ -119.922860970893737, 39.287691673713866 ], [ -119.922883340179908, 39.287710282072695 ] ] ], [ [ [ -119.922883340179908, 39.287710282072695 ], [ -119.922905709477917, 39.287728890427687 ], [ -119.92288255188862, 39.287728277848089 ], [ -119.922883340179908, 39.287710282072695 ] ] ], [ [ [ -119.922905709477917, 39.287728890427687 ], [ -119.922928078787734, 39.287747498778742 ], [ -119.922904921191815, 39.287746886203372 ], [ -119.922905709477917, 39.287728890427687 ] ] ], [ [ [ -119.924061422621463, 39.293632876064287 ], [ -119.924062210776484, 39.293614880287251 ], [ -119.924084582181365, 39.293633488485909 ], [ -119.924061422621463, 39.293632876064287 ] ] ], [ [ [ -119.922111578567808, 39.294211880058384 ], [ -119.92213394961081, 39.29423048861792 ], [ -119.922110789896706, 39.294229875800546 ], [ -119.922111578567808, 39.294211880058384 ] ] ] ] } }
]
}
