{
"type": "FeatureCollection",
"name": "X03412",
"crs": { "type": "name", "properties": { "name": "urn:ogc:def:crs:OGC:1.3:CRS84" } },
"features": [
{ "type": "Feature", "properties": { "part": "direct", "crossing_id": "X03412", "area_ac": 21.6, "n_upstream": null }, "geometry": { "type": "Polygon", "coordinates": [ [ [ -119.943765257612867, 39.243092804719744 ], [ -119.944181838167651, 39.243103745342466 ], [ -119.944450961809409, 39.243308997311743 ], [ -119.944187004709491, 39.24351826737513 ], [ -119.9441830966542, 39.243608248732023 ], [ -119.944358084554409, 39.243847062363699 ], [ -119.944238458440651, 39.243934004934765 ], [ -119.944229860713392, 39.244131963913013 ], [ -119.944478189132283, 39.24428261935244 ], [ -119.944311493202378, 39.244386342775478 ], [ -119.944299769099189, 39.244656286832097 ], [ -119.944493214328162, 39.245003685737075 ], [ -119.944375931123986, 39.2450366395516 ], [ -119.944250049798811, 39.245267552186661 ], [ -119.94433480991917, 39.245449945975423 ], [ -119.944449749055892, 39.245470981042381 ], [ -119.944160294168739, 39.245733631703494 ], [ -119.944197984271142, 39.245932806223806 ], [ -119.944032847319193, 39.246000536526964 ], [ -119.943980304823654, 39.246143290923619 ], [ -119.943792804575835, 39.246192416744897 ], [ -119.943787332067927, 39.246318390539756 ], [ -119.943181667704181, 39.246392565055181 ], [ -119.943172284300076, 39.246608519999285 ], [ -119.942977744247642, 39.246819610614786 ], [ -119.943082519286918, 39.24707459824279 ], [ -119.942935049062669, 39.247268908548165 ], [ -119.942991188832423, 39.247576668815945 ], [ -119.942963817432101, 39.248206537134756 ], [ -119.942889689939221, 39.248312690288245 ], [ -119.942978359901232, 39.248405103812637 ], [ -119.942908142571866, 39.248421275791344 ], [ -119.942730020918148, 39.248254444814343 ], [ -119.942411465894665, 39.24811995701107 ], [ -119.942393796275525, 39.247993375230102 ], [ -119.942251797740042, 39.248061710911635 ], [ -119.941841447274612, 39.247906792489459 ], [ -119.941116461134996, 39.24752740046582 ], [ -119.94091754899398, 39.247305969891976 ], [ -119.940713159901634, 39.247210512433583 ], [ -119.940556625873114, 39.247080279333751 ], [ -119.940612306514097, 39.246865542002062 ], [ -119.940778231102684, 39.246779820571682 ], [ -119.940624045674312, 39.246595598978246 ], [ -119.940674247517293, 39.24650683499987 ], [ -119.940835475876256, 39.246529090676631 ], [ -119.940931966198093, 39.246441543522579 ], [ -119.940898980386038, 39.246134391064992 ], [ -119.941084134772098, 39.24613925861766 ], [ -119.941091959488475, 39.245959296501624 ], [ -119.941326531575356, 39.245893395626624 ], [ -119.941356717376948, 39.245732038047578 ], [ -119.941592853141586, 39.245630144153886 ], [ -119.941646182276642, 39.245469394778553 ], [ -119.941740323231642, 39.245435835514591 ], [ -119.941701858026605, 39.245254656692438 ], [ -119.941816795890304, 39.245275694319162 ], [ -119.941912500983818, 39.245206142446655 ], [ -119.942046671845048, 39.245317769239676 ], [ -119.942314552761303, 39.245018523432108 ], [ -119.94295038743418, 39.244782994812297 ], [ -119.943154304339672, 39.244355948945987 ], [ -119.943138979569198, 39.244175378436772 ], [ -119.943281751073528, 39.244089045034677 ], [ -119.943765257612867, 39.243092804719744 ] ] ] } },
{ "type": "Feature", "properties": { "part": "upstream", "crossing_id": "X03412", "area_ac": 977.8, "n_upstream": 149.0 }, "geometry": { "type": "MultiPolygon", "coordinates": [ [ [ [ -119.942931287662802, 39.248421883881704 ], [ -119.942743462100225, 39.249011502789408 ], [ -119.942805858898581, 39.24917529324793 ], [ -119.942708584687594, 39.249280838094734 ], [ -119.942815708201294, 39.249481837288904 ], [ -119.942760031629135, 39.249696575776525 ], [ -119.942643521929284, 39.249711531252913 ], [ -119.942615683316689, 39.249818900443792 ], [ -119.942702790342409, 39.249947306670791 ], [ -119.942383905961137, 39.25035331337196 ], [ -119.942449431886047, 39.250445119121878 ], [ -119.942376083324092, 39.250533275569296 ], [ -119.942115221180572, 39.250670554528497 ], [ -119.941694684435035, 39.250749585795624 ], [ -119.941476981939743, 39.250960064775541 ], [ -119.941501363536076, 39.251465175263121 ], [ -119.941404084044066, 39.251570718780705 ], [ -119.94144333340931, 39.251733901438513 ], [ -119.941336662582572, 39.252055399256548 ], [ -119.941241729783457, 39.252106953999188 ], [ -119.941327271629163, 39.252271353617928 ], [ -119.941293610948364, 39.25228906671591 ], [ -119.941463019375377, 39.252346989068215 ], [ -119.941580316175134, 39.25231403876225 ], [ -119.941691352935052, 39.252425057951797 ], [ -119.94156153548937, 39.252745947554239 ], [ -119.941470468021151, 39.252611703783771 ], [ -119.941493661151057, 39.252708129890017 ], [ -119.941737317449125, 39.252966769153744 ], [ -119.941686329258829, 39.253073529577506 ], [ -119.941312070799981, 39.253153775630381 ], [ -119.941236603955019, 39.253127972981495 ], [ -119.941241421464809, 39.253147138443005 ], [ -119.941265777577712, 39.253152558679488 ], [ -119.941098272648276, 39.253274272534199 ], [ -119.941093576614989, 39.253382249669457 ], [ -119.940831918471616, 39.253537521361913 ], [ -119.940915895404132, 39.253737913648258 ], [ -119.940771535272404, 39.253860235499197 ], [ -119.940811566851067, 39.254005422125616 ], [ -119.940692701276134, 39.254074363882609 ], [ -119.94075744529988, 39.254184166765803 ], [ -119.94068845009275, 39.254704838761342 ], [ -119.940617443104742, 39.254739005250009 ], [ -119.940707683148688, 39.254795428265354 ], [ -119.940674359314684, 39.255028769955715 ], [ -119.940785398596574, 39.255139790078637 ], [ -119.941014522933813, 39.255199864406798 ], [ -119.941146362199504, 39.25536548131889 ], [ -119.941120448245798, 39.255411294917302 ], [ -119.941167944113673, 39.255402082217017 ], [ -119.941413955828438, 39.255606733819171 ], [ -119.94153718784581, 39.255970308412628 ], [ -119.941484631581233, 39.256113060977775 ], [ -119.941178983975291, 39.255909415562321 ], [ -119.941189974782702, 39.255961180959588 ], [ -119.941506126919222, 39.256151661401447 ], [ -119.941506996525376, 39.256131665637639 ], [ -119.941551726449092, 39.256168874945772 ], [ -119.941533920596669, 39.256168406896656 ], [ -119.941596456420001, 39.256206084238343 ], [ -119.941495256769215, 39.256401608441507 ], [ -119.941723603249173, 39.256479677735619 ], [ -119.94162396876149, 39.256639209664449 ], [ -119.941728751126519, 39.256894198526133 ], [ -119.941583602851466, 39.257034517315603 ], [ -119.941527132393617, 39.257267250773864 ], [ -119.941803342869875, 39.25731054459451 ], [ -119.941935970261397, 39.257458164599228 ], [ -119.941850874200142, 39.257816263145543 ], [ -119.941998825069433, 39.258144453421949 ], [ -119.942121735378606, 39.259048521623932 ], [ -119.94229753362896, 39.259269342861515 ], [ -119.942197113483161, 39.259446871300838 ], [ -119.942224629503229, 39.259879996573417 ], [ -119.942130468954559, 39.259913555404573 ], [ -119.942189742002796, 39.260149331000015 ], [ -119.942103407109187, 39.260002927935268 ], [ -119.942438248713941, 39.261362984315014 ], [ -119.943316500093147, 39.26248508297148 ], [ -119.94314741040921, 39.262642791266728 ], [ -119.943315717733512, 39.262503079169676 ], [ -119.943533915848633, 39.262815096295 ], [ -119.943675625428341, 39.26328725452759 ], [ -119.943598232601843, 39.26337121049631 ], [ -119.943999725434281, 39.263295767920326 ], [ -119.944111564572793, 39.263388789244239 ], [ -119.944275961274641, 39.263339056820932 ], [ -119.944316004297534, 39.263484242535199 ], [ -119.944478054833851, 39.263488498470771 ], [ -119.944543594703092, 39.263580303452329 ], [ -119.944051184911203, 39.26371150487531 ], [ -119.943988275053314, 39.263801574111795 ], [ -119.944045709455196, 39.263837478320944 ], [ -119.944491819851464, 39.263705061018406 ], [ -119.94450402071881, 39.263957615988147 ], [ -119.944639011820541, 39.26405124483783 ], [ -119.944678273853086, 39.264214426673071 ], [ -119.944929799457114, 39.264293098661447 ], [ -119.945131115143596, 39.26446053553898 ], [ -119.945184927595477, 39.264822283551815 ], [ -119.945154908148126, 39.264807187921221 ], [ -119.945207397522339, 39.26487635633454 ], [ -119.945417214848803, 39.264810365609492 ], [ -119.945646374739624, 39.264870432120439 ], [ -119.945564413415511, 39.265156548471261 ], [ -119.945737109574139, 39.265449350250279 ], [ -119.945500128906161, 39.265569246103055 ], [ -119.945511551401879, 39.265839797277529 ], [ -119.945474326264673, 39.266163121502402 ], [ -119.945684725879246, 39.266655097486399 ], [ -119.945641245731551, 39.267122391527735 ], [ -119.946017618303514, 39.267528640330575 ], [ -119.94604906691869, 39.267871784096727 ], [ -119.946184067378653, 39.267965411475025 ], [ -119.946352081857043, 39.268366189972447 ], [ -119.946513362238733, 39.2683884397482 ], [ -119.946545595103132, 39.268713587213846 ], [ -119.946660572648284, 39.268734621546258 ], [ -119.946674344386665, 39.268951183972646 ], [ -119.946786195751159, 39.269044203139124 ], [ -119.946699542928997, 39.269438297510597 ], [ -119.946808268410749, 39.269603301617877 ], [ -119.946819695598364, 39.269873852726484 ], [ -119.947156036942118, 39.270134913433459 ], [ -119.947769137457499, 39.270961753586867 ], [ -119.947707202740048, 39.271320463650632 ], [ -119.947182210564648, 39.27166702370922 ], [ -119.947075529450629, 39.271988525689167 ], [ -119.947080963710107, 39.272350295200624 ], [ -119.947103857172038, 39.272403654149784 ], [ -119.946919598881067, 39.27344378981806 ], [ -119.947029112200838, 39.273590797659679 ], [ -119.94708318737321, 39.273931195070311 ], [ -119.947126900466998, 39.274007748819059 ], [ -119.947044150287141, 39.274311861869776 ], [ -119.946996800567348, 39.274334641617429 ], [ -119.947095631699995, 39.274727597826356 ], [ -119.947029780190135, 39.275176288173469 ], [ -119.947162450244321, 39.275323903584564 ], [ -119.947188433330084, 39.275793020558993 ], [ -119.946973791319778, 39.275931521771412 ], [ -119.946598632403564, 39.276029776234182 ], [ -119.946389376669856, 39.276198658010244 ], [ -119.946427169353996, 39.276241476619546 ], [ -119.946414658123899, 39.27652941593697 ], [ -119.946526520545049, 39.276622435709974 ], [ -119.946461444815881, 39.277053129190563 ], [ -119.946570180349326, 39.277218133776167 ], [ -119.946512923716355, 39.277468865180239 ], [ -119.94664403280504, 39.277652473673093 ], [ -119.946494633970957, 39.278423271744998 ], [ -119.946480617008092, 39.278419226948202 ], [ -119.946493069990211, 39.278459264149404 ], [ -119.946079881749284, 39.278898836317289 ], [ -119.946017146688732, 39.279275540637919 ], [ -119.945981767278667, 39.279268448237978 ], [ -119.946125884252965, 39.279440545679179 ], [ -119.946181272532726, 39.279766300698171 ], [ -119.946028261027934, 39.280086584960173 ], [ -119.945839105430252, 39.280171702702013 ], [ -119.945834412181469, 39.28027967981582 ], [ -119.945690002651816, 39.280402005486103 ], [ -119.945286185717308, 39.28062561992968 ], [ -119.944852168145999, 39.281010590244605 ], [ -119.944798813968333, 39.281171339473822 ], [ -119.944679121793541, 39.281258279539216 ], [ -119.944541751353157, 39.281218638153923 ], [ -119.943705157169035, 39.281826298642194 ], [ -119.943862076133797, 39.281921452966202 ], [ -119.943680412958358, 39.282367098102618 ], [ -119.943248724406047, 39.282698073150456 ], [ -119.942587033313842, 39.28298696837804 ], [ -119.941117992604816, 39.283182566608943 ], [ -119.940812256859616, 39.283282627117522 ], [ -119.940518275106129, 39.283112745484814 ], [ -119.940214890107612, 39.283158816149665 ], [ -119.940045740944967, 39.28331651721755 ], [ -119.938728590532847, 39.283750297225424 ], [ -119.938631259140379, 39.283855835993187 ], [ -119.938399692617409, 39.283849741766232 ], [ -119.938382809690552, 39.283705163924537 ], [ -119.938372614870147, 39.283939112562102 ], [ -119.938202675480028, 39.284114806739289 ], [ -119.937713246685533, 39.284173990619195 ], [ -119.937172011933427, 39.28435792521843 ], [ -119.936341506973292, 39.284263989116241 ], [ -119.935731582880905, 39.28442809122263 ], [ -119.935503547552258, 39.284872501138331 ], [ -119.935069450946784, 39.285257431537765 ], [ -119.934806871826638, 39.285430679714359 ], [ -119.934552143862859, 39.285423967449489 ], [ -119.933962221482773, 39.285660653805024 ], [ -119.93376518255252, 39.28592571032511 ], [ -119.933601510950169, 39.285957429377255 ], [ -119.933311840510058, 39.286220043271953 ], [ -119.933030024467968, 39.286302696840252 ], [ -119.932575891213077, 39.28661502262851 ], [ -119.932295644511683, 39.286661682435629 ], [ -119.931872158342969, 39.286272163830368 ], [ -119.931547170110122, 39.286281608454132 ], [ -119.93135483696831, 39.286438684893518 ], [ -119.930981174749547, 39.28650089388686 ], [ -119.930960375957412, 39.286446295181996 ], [ -119.931007459739106, 39.286421991373331 ], [ -119.930937218615313, 39.286445684220965 ], [ -119.930854023818782, 39.286227289358983 ], [ -119.930651898514199, 39.286077823087169 ], [ -119.930512168947644, 39.286092152821972 ], [ -119.930473717532053, 39.285910971636632 ], [ -119.930382661557232, 39.285872535589839 ], [ -119.93066369229085, 39.285807884402544 ], [ -119.930243718724256, 39.285868869109848 ], [ -119.930191899862493, 39.285993618244774 ], [ -119.929977193873569, 39.286132085311245 ], [ -119.929724824008105, 39.28607137469271 ], [ -119.929641633407769, 39.28585297911728 ], [ -119.929462668913274, 39.285704122122802 ], [ -119.928927696529627, 39.285744049877273 ], [ -119.928211739190644, 39.28621159571081 ], [ -119.926862978987103, 39.28736507021155 ], [ -119.926551695345182, 39.287591062508973 ], [ -119.926437481991059, 39.287552011527787 ], [ -119.926176448785057, 39.287689247303113 ], [ -119.926051998264413, 39.287884141731809 ], [ -119.925765442647943, 39.288074752016072 ], [ -119.925806245301828, 39.288201946797933 ], [ -119.925274718180688, 39.288692364328099 ], [ -119.924871102671204, 39.289438393658372 ], [ -119.924746955160458, 39.290155776817848 ], [ -119.924278576866172, 39.290791991846227 ], [ -119.924179943097883, 39.291455998914245 ], [ -119.924026804135096, 39.291776248689011 ], [ -119.923267884794043, 39.292693041821401 ], [ -119.923083399334459, 39.292670145354158 ], [ -119.922581781693879, 39.292476709357487 ], [ -119.921750132451109, 39.291878172438146 ], [ -119.921471436558946, 39.291888813514738 ], [ -119.921634051845302, 39.291352618672164 ], [ -119.921922997879321, 39.29110803239314 ], [ -119.922449543323538, 39.290203116838214 ], [ -119.922505816664696, 39.289447907523652 ], [ -119.92278341879512, 39.288932769416292 ], [ -119.922743409707735, 39.288787578017171 ], [ -119.922922858040423, 39.288395959256988 ], [ -119.922838110008698, 39.288213551162649 ], [ -119.922903344617524, 39.287782877754587 ], [ -119.923669910320783, 39.287749102974452 ], [ -119.923956469902066, 39.287558498019685 ], [ -119.924237512388657, 39.287493862886286 ], [ -119.924456960610826, 39.287247432242353 ], [ -119.924814563829116, 39.287022670135833 ], [ -119.925063467482886, 39.28663288386344 ], [ -119.925278971810442, 39.286476430507484 ], [ -119.925315518772635, 39.286171113641579 ], [ -119.925567566583226, 39.285709342710597 ], [ -119.925975409327833, 39.285395821398566 ], [ -119.926230922509376, 39.28538455658321 ], [ -119.92614616884687, 39.285202150623761 ], [ -119.926258479994715, 39.284754702167263 ], [ -119.926862587226381, 39.284194130249041 ], [ -119.927065155962254, 39.283803115193592 ], [ -119.927228824829584, 39.28377140525329 ], [ -119.927354838188279, 39.283540517301446 ], [ -119.927544023572466, 39.283455430923659 ], [ -119.927526376166938, 39.283328848251053 ], [ -119.927893391929231, 39.282888124898598 ], [ -119.928053572944236, 39.282405905236416 ], [ -119.928168885348512, 39.282373543612302 ], [ -119.927997481228417, 39.282098140824296 ], [ -119.928014369658953, 39.282073978689311 ], [ -119.927975112213133, 39.282079533451316 ], [ -119.927937904871371, 39.28133986789534 ], [ -119.928008158461424, 39.281323706474112 ], [ -119.928105948967243, 39.280677689058464 ], [ -119.928050196923778, 39.280892416757553 ], [ -119.928060424975797, 39.280658470260953 ], [ -119.92818485594033, 39.280463572747969 ], [ -119.928142479024487, 39.280372370437632 ], [ -119.928166421039506, 39.280354985988346 ], [ -119.928578939813136, 39.279933478249326 ], [ -119.928525993524232, 39.279553730381757 ], [ -119.928368628348423, 39.279441475431874 ], [ -119.928423591349841, 39.279244743345451 ], [ -119.928358846515479, 39.279134933848461 ], [ -119.928540595670512, 39.278689315952725 ], [ -119.928451909795911, 39.278596891069405 ], [ -119.928398964732764, 39.278217143136111 ], [ -119.92867018249413, 39.27784595387147 ], [ -119.928666130868521, 39.277755763557842 ], [ -119.928581497435076, 39.277753529110853 ], [ -119.92852540577114, 39.277445764797783 ], [ -119.92828093428956, 39.277205093243808 ], [ -119.928157741733472, 39.276841506977426 ], [ -119.928158528370119, 39.276823511079144 ], [ -119.928166661998887, 39.276830277366059 ], [ -119.928178653170733, 39.276815181821632 ], [ -119.92805849098778, 39.27646053612299 ], [ -119.927810877544104, 39.276291847327926 ], [ -119.927814811087018, 39.27620186785655 ], [ -119.927980821731211, 39.276116168419321 ], [ -119.927938447339486, 39.276024966090347 ], [ -119.928041289074258, 39.275793465064808 ], [ -119.928135477392914, 39.275759918831362 ], [ -119.928174363145459, 39.275400612164994 ], [ -119.928228523616923, 39.275354748487622 ], [ -119.928199089962703, 39.27536523172563 ], [ -119.928256409189601, 39.27511451177832 ], [ -119.928266634454772, 39.27488056500389 ], [ -119.927653291483338, 39.274594118576694 ], [ -119.927025455785227, 39.274109102756263 ], [ -119.927076148099772, 39.27347985821406 ], [ -119.927217426397235, 39.273429539833032 ], [ -119.927326560078257, 39.27305407213516 ], [ -119.927127625927014, 39.272832617662267 ], [ -119.927161793589988, 39.272581286686737 ], [ -119.926939708600571, 39.272359220416305 ], [ -119.926990399391514, 39.27172997572962 ], [ -119.927185846336201, 39.271500921371612 ], [ -119.927317342039572, 39.271144060873588 ], [ -119.927674064703027, 39.270937281738696 ], [ -119.927774539054852, 39.270759768245483 ], [ -119.928325125436913, 39.270359922815402 ], [ -119.928503703029207, 39.26998628720861 ], [ -119.928742298421227, 39.269830435956194 ], [ -119.928803541256414, 39.2694897356224 ], [ -119.929046851456746, 39.269225908030279 ], [ -119.929091229981069, 39.268740628813561 ], [ -119.928922177108433, 39.267835331848225 ], [ -119.929009725623985, 39.267645156807404 ], [ -119.928930038969213, 39.267655372454229 ], [ -119.928885421530808, 39.267204145044197 ], [ -119.928856303268589, 39.267221025403394 ], [ -119.928792353798215, 39.267093220424975 ], [ -119.928892819252781, 39.266915705535531 ], [ -119.928854027489479, 39.266212030441231 ], [ -119.928971352943023, 39.266179094073024 ], [ -119.929220152665849, 39.265789293871293 ], [ -119.929434009245924, 39.265668821344086 ], [ -119.929399498376753, 39.265397660035646 ], [ -119.929639647516368, 39.26520581422605 ], [ -119.92989313733878, 39.265176854946851 ], [ -119.929845282900303, 39.264742806605497 ], [ -119.92961263684316, 39.264232199524784 ], [ -119.929786474856797, 39.263966536511234 ], [ -119.929903796115653, 39.263933599025485 ], [ -119.929909296904952, 39.263807627249761 ], [ -119.929934898484575, 39.263818437213509 ], [ -119.930035261531728, 39.263576733949272 ], [ -119.930294623633742, 39.263475477134094 ], [ -119.930300123633813, 39.263349505302237 ], [ -119.93104248627418, 39.263333056294641 ], [ -119.931616929075076, 39.262915806441114 ], [ -119.931839001532381, 39.263137863490009 ], [ -119.931985343816393, 39.26350205685376 ], [ -119.931974705079242, 39.26364658352793 ], [ -119.931981417381792, 39.263592036873867 ], [ -119.932794802619256, 39.263541416097709 ], [ -119.932813242010155, 39.263650002500746 ], [ -119.932885046828346, 39.263597845310024 ], [ -119.933231509896729, 39.263624995028216 ], [ -119.933364129693032, 39.263772624433585 ], [ -119.933618778985505, 39.263779336220324 ], [ -119.934342314141929, 39.264194771193857 ], [ -119.937563319223443, 39.26420753224798 ], [ -119.938011010130751, 39.26403914819371 ], [ -119.938394734345025, 39.263742961998474 ], [ -119.938663754987402, 39.263715342002897 ], [ -119.938641187699304, 39.26369022377196 ], [ -119.93848811810409, 39.263727402597837 ], [ -119.938371160265191, 39.263219856374903 ], [ -119.93837978031047, 39.263021899130862 ], [ -119.938843987501343, 39.263538582296462 ], [ -119.938869038785029, 39.263536469608773 ], [ -119.938891854489611, 39.263503808236891 ], [ -119.938909120836499, 39.263533089297098 ], [ -119.938997050826558, 39.263525673689436 ], [ -119.93898680483143, 39.263452256174908 ], [ -119.93936347126342, 39.263318031609579 ], [ -119.939389754720196, 39.263246656077946 ], [ -119.940421657806368, 39.262946655410204 ], [ -119.940402429321423, 39.262876922864905 ], [ -119.941013719583424, 39.262676795613039 ], [ -119.941114946889797, 39.262702185853669 ], [ -119.941050202307196, 39.262601997656546 ], [ -119.941016851391709, 39.262604810976953 ], [ -119.940646797578268, 39.262054578631798 ], [ -119.941342402370026, 39.261514348342217 ], [ -119.940622865017858, 39.262071966065889 ], [ -119.940514164944474, 39.261906957021402 ], [ -119.94079822256117, 39.261770292335981 ], [ -119.941232135618293, 39.261385332257582 ], [ -119.941285479874196, 39.261224583925383 ], [ -119.941510991758719, 39.261136511846544 ], [ -119.941475370784744, 39.261121475392315 ], [ -119.941166938911039, 39.260753032032127 ], [ -119.941200100489127, 39.260445981227832 ], [ -119.941154749867977, 39.260500477087014 ], [ -119.941167721771421, 39.260735035864663 ], [ -119.940923259659655, 39.260494390888994 ], [ -119.940830219702178, 39.259969458885664 ], [ -119.941019662118265, 39.259343853471321 ], [ -119.941008147166897, 39.258010310993697 ], [ -119.940887263569891, 39.257592747398697 ], [ -119.940713214830737, 39.257408003603544 ], [ -119.94070990797394, 39.257407916654238 ], [ -119.940710050316554, 39.257404644623328 ], [ -119.94069581000636, 39.257389529211416 ], [ -119.940687542866655, 39.257389311836853 ], [ -119.940687898725514, 39.257381131759658 ], [ -119.940678405190994, 39.257371054816971 ], [ -119.940665177771209, 39.257370707015554 ], [ -119.940665747149097, 39.257357618892307 ], [ -119.940661000384608, 39.257352580420225 ], [ -119.940642812687528, 39.257352102190367 ], [ -119.940643595587233, 39.257334106021219 ], [ -119.940081340338139, 39.256940968780853 ], [ -119.939581486130649, 39.25671162102082 ], [ -119.9396866071028, 39.256426117941317 ], [ -119.940119553257972, 39.256082083157004 ], [ -119.939927480330411, 39.256216252150601 ], [ -119.939848202152959, 39.255907882257915 ], [ -119.93959279672427, 39.255919181365542 ], [ -119.939532751980892, 39.255701400938555 ], [ -119.939215737251857, 39.255530911131757 ], [ -119.939219653314012, 39.255440930377198 ], [ -119.939337739455951, 39.25538998644145 ], [ -119.939209037371228, 39.25515238303867 ], [ -119.939398130963284, 39.255067273433184 ], [ -119.939425193898131, 39.254977901527774 ], [ -119.939247848443799, 39.254793068893449 ], [ -119.939322771922264, 39.254668922494787 ], [ -119.939211735737544, 39.254557901087679 ], [ -119.939246630420101, 39.254288567672994 ], [ -119.939469048931471, 39.253970116684997 ], [ -119.940189290731126, 39.253394506352691 ], [ -119.940274388356372, 39.253036408911477 ], [ -119.940148818424248, 39.252726821808132 ], [ -119.940035776165288, 39.252129295806299 ], [ -119.940375480101963, 39.251777893690644 ], [ -119.940174993505408, 39.251592453963994 ], [ -119.940990135683165, 39.25096528335191 ], [ -119.941000309859177, 39.250731332814496 ], [ -119.94081983942894, 39.250618487498464 ], [ -119.94083549263587, 39.250258563625756 ], [ -119.940906494857984, 39.250224396798707 ], [ -119.940841753840147, 39.250114594068975 ], [ -119.940957481861432, 39.250117636637299 ], [ -119.941056325025741, 39.249976101020188 ], [ -119.941341114451475, 39.249821436623257 ], [ -119.941383822400695, 39.249372139907322 ], [ -119.941205702254749, 39.24920530666607 ], [ -119.941393994692206, 39.249138189219693 ], [ -119.941492835495822, 39.248996653122056 ], [ -119.941546950344502, 39.248817907771439 ], [ -119.941455934492637, 39.248779481843066 ], [ -119.941465323885311, 39.24856352732602 ], [ -119.941662220647885, 39.248298451022109 ], [ -119.941529609881528, 39.248150831209408 ], [ -119.941819867048551, 39.24787019175271 ], [ -119.942251797740042, 39.248061710911635 ], [ -119.942393796275525, 39.247993375230102 ], [ -119.942433828690341, 39.248138561424042 ], [ -119.942931287662802, 39.248421883881704 ] ], [ [ -119.941941364957799, 39.259998669009761 ], [ -119.941910259194202, 39.26001449191002 ], [ -119.942103407109187, 39.260002927935268 ], [ -119.941941364957799, 39.259998669009761 ] ], [ [ -119.945332599910486, 39.265690964959077 ], [ -119.945352623019346, 39.265763557679634 ], [ -119.945511551401879, 39.265839797277529 ], [ -119.945332599910486, 39.265690964959077 ] ], [ [ -119.928874450983741, 39.28006739669037 ], [ -119.929032535630768, 39.279918428317764 ], [ -119.92818485594033, 39.280463572747969 ], [ -119.928874450983741, 39.28006739669037 ] ], [ [ -119.940783616353755, 39.257056005613251 ], [ -119.940700069011484, 39.257101373111873 ], [ -119.940643595587233, 39.257334106021219 ], [ -119.940783616353755, 39.257056005613251 ] ], [ [ -119.940384979940973, 39.252624931468645 ], [ -119.940385203607903, 39.252619789703111 ], [ -119.940148818424248, 39.252726821808132 ], [ -119.940384979940973, 39.252624931468645 ] ], [ [ -119.941146259405116, 39.252366606582925 ], [ -119.941151709388819, 39.25237345311303 ], [ -119.941164952192949, 39.252356770016249 ], [ -119.941146259405116, 39.252366606582925 ] ], [ [ -119.941066400918189, 39.252408629853662 ], [ -119.941062477549437, 39.252406176696404 ], [ -119.941078858857523, 39.252427768992703 ], [ -119.941116892101419, 39.25238206030869 ], [ -119.941066400918189, 39.252408629853662 ] ], [ [ -119.94097616350777, 39.252352207206322 ], [ -119.940792309785081, 39.252435455436228 ], [ -119.940994210978133, 39.252363491740972 ], [ -119.94097616350777, 39.252352207206322 ] ], [ [ -119.940410086218165, 39.252608523136026 ], [ -119.940414500083932, 39.252612195140479 ], [ -119.940621140794619, 39.252523040620943 ], [ -119.940619631227918, 39.252531108473605 ], [ -119.940634133618033, 39.252507076571185 ], [ -119.940410086218165, 39.252608523136026 ] ], [ [ -119.941124100380151, 39.252680398246227 ], [ -119.941191326512609, 39.252947845632498 ], [ -119.94117587171489, 39.252555641892357 ], [ -119.941124100380151, 39.252680398246227 ] ], [ [ -119.941416355626615, 39.252531935717705 ], [ -119.941387319756487, 39.252489133332013 ], [ -119.941180222088718, 39.252409272105069 ], [ -119.941226077624322, 39.252466877894157 ], [ -119.941416355626615, 39.252531935717705 ] ], [ [ -119.941226937506102, 39.253143915163932 ], [ -119.94088190972036, 39.252967260380956 ], [ -119.94108217005747, 39.253111698313056 ], [ -119.941226937506102, 39.253143915163932 ] ], [ [ -119.940590949383505, 39.252684397665696 ], [ -119.940745147038285, 39.252868619660731 ], [ -119.940816099058395, 39.252919794188159 ], [ -119.940598137829454, 39.252645979323262 ], [ -119.940590949383505, 39.252684397665696 ] ], [ [ -119.94130147220568, 39.260324166878732 ], [ -119.941275470833617, 39.260355411741756 ], [ -119.941718147214132, 39.260112215206412 ], [ -119.94130147220568, 39.260324166878732 ] ], [ [ -119.940631106104874, 39.256860194334791 ], [ -119.940617655097995, 39.256864988294687 ], [ -119.940789579945175, 39.257044161047851 ], [ -119.94079579201734, 39.257031822958453 ], [ -119.940631106104874, 39.256860194334791 ] ], [ [ -119.940727469327527, 39.256471507089465 ], [ -119.94069917967451, 39.256056377834952 ], [ -119.940711812109257, 39.256831430541176 ], [ -119.940817408785492, 39.256306573399037 ], [ -119.940727469327527, 39.256471507089465 ] ], [ [ -119.940770187998908, 39.256022211353937 ], [ -119.940859646944503, 39.256096630486539 ], [ -119.940769426934338, 39.256005336956605 ], [ -119.94069917967451, 39.256056377834952 ], [ -119.940770187998908, 39.256022211353937 ] ], [ [ -119.940548890105276, 39.255782174733511 ], [ -119.940511229124084, 39.255808482559743 ], [ -119.940567723775033, 39.255801232678913 ], [ -119.940548890105276, 39.255782174733511 ] ], [ [ -119.940983601087069, 39.255490164367281 ], [ -119.940986224159289, 39.255483039705531 ], [ -119.940908626657276, 39.255503365202948 ], [ -119.940903929960854, 39.255611342277611 ], [ -119.940978851549971, 39.255487194745783 ], [ -119.940983601087069, 39.255490164367281 ] ], [ [ -119.940766611146202, 39.255571698339715 ], [ -119.940753863215306, 39.25559838829863 ], [ -119.940764262686528, 39.255625686869557 ], [ -119.940766611146202, 39.255571698339715 ] ], [ [ -119.942787775185494, 39.263984597954313 ], [ -119.942747936706397, 39.263737868192749 ], [ -119.942750082761393, 39.263785423283842 ], [ -119.942560058183815, 39.262825542155525 ], [ -119.942787775185494, 39.263984597954313 ] ], [ [ -119.94219777816275, 39.262096252225156 ], [ -119.942201730458265, 39.262005371512231 ], [ -119.942142589823575, 39.261985153679127 ], [ -119.94219777816275, 39.262096252225156 ] ], [ [ -119.942083343766299, 39.261979182420504 ], [ -119.942108308499897, 39.261973434237945 ], [ -119.942087548076742, 39.261966337056123 ], [ -119.941853892979339, 39.261633774651308 ], [ -119.942083343766299, 39.261979182420504 ] ], [ [ -119.941802886016887, 39.261556989928494 ], [ -119.94178998452243, 39.261481072074758 ], [ -119.941782240372163, 39.261525910392479 ], [ -119.941802886016887, 39.261556989928494 ] ], [ [ -119.941758401518896, 39.261295223748206 ], [ -119.941748465321112, 39.261236754610287 ], [ -119.941652882128082, 39.261196406953175 ], [ -119.941758401518896, 39.261295223748206 ] ], [ [ -119.94137572847815, 39.261281006717546 ], [ -119.941623791613566, 39.261184127216659 ], [ -119.941553397700659, 39.261154412373799 ], [ -119.941564836652745, 39.261195894211475 ], [ -119.94137572847815, 39.261281006717546 ] ], [ [ -119.943802791519801, 39.263560846288257 ], [ -119.943588060959229, 39.263382244704886 ], [ -119.943578331558896, 39.263392799164322 ], [ -119.943802791519801, 39.263560846288257 ] ], [ [ -119.94385485567993, 39.263767918209012 ], [ -119.943863637026553, 39.263760628839378 ], [ -119.943802791519801, 39.263560846288257 ], [ -119.94385485567993, 39.263767918209012 ] ], [ [ -119.943696420485395, 39.263899434403051 ], [ -119.94379572276307, 39.263817004208015 ], [ -119.943496397077524, 39.263908957863485 ], [ -119.943696420485395, 39.263899434403051 ] ], [ [ -119.943192589282106, 39.264091323860256 ], [ -119.943404914691854, 39.263937061292765 ], [ -119.943321794901749, 39.263962595645523 ], [ -119.943192589282106, 39.264091323860256 ] ], [ [ -119.943135363110571, 39.26414833838016 ], [ -119.943127986292538, 39.26415568790577 ], [ -119.943078058750885, 39.264121057452002 ], [ -119.943605216510235, 39.264906912407149 ], [ -119.943135363110571, 39.26414833838016 ] ], [ [ -119.942982738380962, 39.264101614318363 ], [ -119.943016768777966, 39.264078545780315 ], [ -119.942992997127291, 39.264062057374417 ], [ -119.942982738380962, 39.264101614318363 ] ], [ [ -119.942805683038301, 39.264221636240308 ], [ -119.942664834116769, 39.264267749843775 ], [ -119.94268187074978, 39.264288099752271 ], [ -119.94269051477292, 39.264299705896669 ], [ -119.942805683038301, 39.264221636240308 ] ], [ [ -119.942604757646123, 39.264195989623204 ], [ -119.942550012378973, 39.264122483997625 ], [ -119.94251897403467, 39.264087309262116 ], [ -119.942481083389907, 39.26410866142573 ], [ -119.942527644739798, 39.26410387944928 ], [ -119.942604757646123, 39.264195989623204 ] ], [ [ -119.941939495881613, 39.264304622792388 ], [ -119.942400442565599, 39.263952981059468 ], [ -119.942363727369624, 39.263911372691865 ], [ -119.941939495881613, 39.264304622792388 ] ], [ [ -119.939912324754715, 39.264818849477194 ], [ -119.940035344110555, 39.264921177100994 ], [ -119.939946658739316, 39.264828760888392 ], [ -119.939912324754715, 39.264818849477194 ] ], [ [ -119.939869933527461, 39.264769847913392 ], [ -119.939863862682259, 39.264778538562787 ], [ -119.939878774083269, 39.264790941923025 ], [ -119.939878774083269, 39.264790941922996 ], [ -119.939946658739316, 39.264828760888392 ], [ -119.939869933527461, 39.264769847913392 ] ], [ [ -119.941809974265325, 39.263310297386177 ], [ -119.941840339801445, 39.263311095548232 ], [ -119.941835944406151, 39.263297400229291 ], [ -119.941809974265325, 39.263310297386177 ] ], [ [ -119.941832698507497, 39.263287286547111 ], [ -119.941822845266984, 39.263256585466102 ], [ -119.941321414377327, 39.263000871106087 ], [ -119.94139082514549, 39.26306506150857 ], [ -119.941832698507497, 39.263287286547111 ] ], [ [ -119.941190305491602, 39.262879622467025 ], [ -119.941287994422709, 39.262969964602824 ], [ -119.941183189960299, 39.26280778741188 ], [ -119.941190305491602, 39.262879622467025 ] ], [ [ -119.941708507395163, 39.265102226576026 ], [ -119.940975559470829, 39.265684588019418 ], [ -119.941695133035964, 39.265126969757304 ], [ -119.941708507395163, 39.265102226576026 ] ], [ [ -119.941246241730312, 39.266015594856491 ], [ -119.941598280655782, 39.265755009703199 ], [ -119.941240840522298, 39.265979830528423 ], [ -119.940975559470829, 39.265684588019418 ], [ -119.941246241730312, 39.266015594856491 ] ], [ [ -119.940346698695535, 39.266733214698505 ], [ -119.940338936759261, 39.266739142773623 ], [ -119.940377047541162, 39.26679952168427 ], [ -119.940346698695535, 39.266733214698505 ] ], [ [ -119.940930697185308, 39.268033169960788 ], [ -119.94113625460156, 39.267850821320543 ], [ -119.940921626675404, 39.267989312006399 ], [ -119.940876039070645, 39.267889714251716 ], [ -119.940930697185308, 39.268033169960788 ] ], [ [ -119.941407301085391, 39.269284041004646 ], [ -119.941417950803185, 39.269311991241203 ], [ -119.941467848768852, 39.269304738431124 ], [ -119.941407301085391, 39.269284041004646 ] ], [ [ -119.940692994644181, 39.269514722211511 ], [ -119.940299411088603, 39.269504371865388 ], [ -119.94029399192398, 39.269515715007763 ], [ -119.940692994644181, 39.269514722211511 ] ], [ [ -119.940025504501378, 39.269407084332961 ], [ -119.940053576313531, 39.269544602709324 ], [ -119.94006710805904, 39.269516278928009 ], [ -119.940089867567906, 39.269516222379195 ], [ -119.940025504501378, 39.269407084332961 ] ], [ [ -119.938940737138381, 39.269148719942756 ], [ -119.939070790495862, 39.26950808682566 ], [ -119.939088298284048, 39.269515476962681 ], [ -119.939074708690299, 39.269418106299632 ], [ -119.93899150492247, 39.269199716510727 ], [ -119.939022727790316, 39.269162204545744 ], [ -119.938940737138381, 39.269148719942756 ] ], [ [ -119.938722079231823, 39.269112758037323 ], [ -119.938648146107269, 39.269100598413075 ], [ -119.938206694347244, 39.269125014852555 ], [ -119.938722079231823, 39.269112758037323 ] ], [ [ -119.937882535981501, 39.269186866481228 ], [ -119.93788838065845, 39.269195910807163 ], [ -119.937901801388449, 39.269207074073087 ], [ -119.937924169281231, 39.269225679513227 ], [ -119.937882535981501, 39.269186866481228 ] ], [ [ -119.937895487256242, 39.269206907884971 ], [ -119.93790140942275, 39.26921607211623 ], [ -119.937901801388449, 39.269207074073087 ], [ -119.937895487256242, 39.269206907884971 ] ], [ [ -119.937907331590722, 39.269225236347239 ], [ -119.937966553352183, 39.269316878643153 ], [ -119.938069294865102, 39.269376908624785 ], [ -119.937924169281231, 39.269225679513227 ], [ -119.937907331590722, 39.269225236347239 ] ], [ [ -119.9362376041082, 39.26856870890775 ], [ -119.936184857435379, 39.26854378188731 ], [ -119.93621288384513, 39.268604091346582 ], [ -119.936480099715396, 39.268322860557952 ], [ -119.9362376041082, 39.26856870890775 ] ], [ [ -119.936068483669004, 39.26872640556104 ], [ -119.936223857500664, 39.268613546729917 ], [ -119.93621288384513, 39.268604091346582 ], [ -119.936068483669004, 39.26872640556104 ] ], [ [ -119.932853528287566, 39.271226270605744 ], [ -119.932849958831142, 39.271308070582045 ], [ -119.933005135155142, 39.271546144620174 ], [ -119.932853528287566, 39.271226270605744 ] ], [ [ -119.933088930791172, 39.271674704528351 ], [ -119.933225872055473, 39.272254848799605 ], [ -119.933101406549738, 39.271648217862193 ], [ -119.933081221980771, 39.27166287763329 ], [ -119.933088930791172, 39.271674704528351 ] ], [ [ -119.932388447469975, 39.27232285404839 ], [ -119.932266289374397, 39.272361766440604 ], [ -119.933249024775492, 39.2722554591221 ], [ -119.933274733275809, 39.27242847043329 ], [ -119.933250395512303, 39.272241950527309 ], [ -119.933225872055473, 39.272254848799605 ], [ -119.932388447469975, 39.27232285404839 ] ], [ [ -119.932062977014425, 39.272426529425857 ], [ -119.931918323186153, 39.272472607066199 ], [ -119.931822569828512, 39.272542148573486 ], [ -119.932062977014425, 39.272426529425857 ] ], [ [ -119.928935725702672, 39.273982982552475 ], [ -119.928741939807779, 39.274082363544814 ], [ -119.928655484596305, 39.274196188590366 ], [ -119.928935725702672, 39.273982982552475 ] ], [ [ -119.928616394999267, 39.274247652951232 ], [ -119.928598841370501, 39.274270763578293 ], [ -119.92860565584391, 39.274322729126666 ], [ -119.928616394999267, 39.274247652951232 ] ], [ [ -119.939856949273576, 39.264759878020776 ], [ -119.939655103619273, 39.264604891338308 ], [ -119.939856406983736, 39.264772336882039 ], [ -119.939856949273576, 39.264759878020776 ] ], [ [ -119.939089485382311, 39.263799813702242 ], [ -119.939063735094507, 39.263814614866035 ], [ -119.93890873632516, 39.263648386285723 ], [ -119.939655103619273, 39.264604891338308 ], [ -119.939089485382311, 39.263799813702242 ] ], [ [ -119.939004470350525, 39.263578838096002 ], [ -119.938998891760264, 39.26353886485802 ], [ -119.938956603361447, 39.263613612201723 ], [ -119.938743655691482, 39.263665335350758 ], [ -119.93890873632516, 39.263648386285723 ], [ -119.939004470350525, 39.263578838096002 ] ], [ [ -119.938695684808962, 39.263750881045077 ], [ -119.938668188018923, 39.263720276129284 ], [ -119.93855286651349, 39.263837206767157 ], [ -119.938564655542564, 39.263877528163327 ], [ -119.938695684808962, 39.263750881045077 ] ], [ [ -119.939031929693186, 39.269151149130771 ], [ -119.93906487860788, 39.269111563377258 ], [ -119.938546071871173, 39.268251126466204 ], [ -119.939031929693186, 39.269151149130771 ] ], [ [ -119.936784698230426, 39.267232634750883 ], [ -119.936658896976766, 39.26723959121081 ], [ -119.936712363823474, 39.267247973212839 ], [ -119.936784698230426, 39.267232634750883 ] ], [ [ -119.936185243172048, 39.267165335313933 ], [ -119.936528200300629, 39.26721910177104 ], [ -119.936437687102, 39.267168673807241 ], [ -119.936183915298869, 39.267161991152051 ], [ -119.936185243172048, 39.267165335313933 ] ], [ [ -119.936102312524127, 39.267053355291658 ], [ -119.9360527460355, 39.266960352915156 ], [ -119.935894610686319, 39.26686610464418 ], [ -119.936102312524127, 39.267053355291658 ] ], [ [ -119.935876950361674, 39.266739522500373 ], [ -119.935761195558626, 39.266736473810482 ], [ -119.935705511024693, 39.266765557265117 ], [ -119.935876950361674, 39.266739522500373 ] ], [ [ -119.935343691854968, 39.267184711440855 ], [ -119.935316530795973, 39.267113407684946 ], [ -119.935303162102088, 39.267229373140665 ], [ -119.935324080757042, 39.26719339487515 ], [ -119.935343691854968, 39.267184711440855 ] ], [ [ -119.935236908305669, 39.26734332361724 ], [ -119.934757407853269, 39.267826486761457 ], [ -119.93514868518794, 39.267495058644897 ], [ -119.935236908305669, 39.26734332361724 ] ], [ [ -119.934736970296413, 39.267843798092073 ], [ -119.93403114963958, 39.267609747272672 ], [ -119.934727916916955, 39.267851466619355 ], [ -119.934736970296413, 39.267843798092073 ] ], [ [ -119.934104527554595, 39.267521597429415 ], [ -119.934095166232481, 39.267508481657039 ], [ -119.934080591512028, 39.26753898336522 ], [ -119.93396719026012, 39.267481944762523 ], [ -119.934078315861257, 39.267484873265161 ], [ -119.93403899837098, 39.267429787009348 ], [ -119.933665440205289, 39.267492008889832 ], [ -119.933804347189778, 39.267495669862285 ], [ -119.933805132120909, 39.267477673839757 ], [ -119.933966405370327, 39.267499940787779 ], [ -119.933989556541817, 39.267500550901609 ], [ -119.934055870588679, 39.267574365322162 ], [ -119.933950592112552, 39.267662566354169 ], [ -119.93403114963958, 39.267609747272672 ], [ -119.934104527554595, 39.267521597429415 ] ], [ [ -119.931393025865702, 39.269107647594353 ], [ -119.931086973274176, 39.268685190704439 ], [ -119.931105410837787, 39.268793777245044 ], [ -119.930990616208518, 39.268879048737006 ], [ -119.931128562372862, 39.268794387944389 ], [ -119.931475523885041, 39.269208915373589 ], [ -119.931416177510314, 39.269108258240564 ], [ -119.933665440205289, 39.267492008889832 ], [ -119.931393025865702, 39.269107647594353 ] ], [ [ -119.931446859556033, 39.267343430919887 ], [ -119.931521025816011, 39.267237286836703 ], [ -119.931516045813098, 39.26722884009007 ], [ -119.931446859556033, 39.267343430919887 ] ], [ [ -119.932287396945213, 39.266140461257429 ], [ -119.932194794201209, 39.266138019491265 ], [ -119.932145656659202, 39.266173081832413 ], [ -119.932287396945213, 39.266140461257429 ] ], [ [ -119.93096984558278, 39.267012070540581 ], [ -119.930831209283369, 39.267110990962635 ], [ -119.930272804701403, 39.267690809650517 ], [ -119.93096984558278, 39.267012070540581 ] ], [ [ -119.929983561548354, 39.268475912077534 ], [ -119.929863874691705, 39.268562837181733 ], [ -119.929777280243187, 39.268728479330932 ], [ -119.929983561548354, 39.268475912077534 ] ], [ [ -119.92951658194886, 39.268857381874192 ], [ -119.929420422064737, 39.26916370153301 ], [ -119.929382695857342, 39.269505364715585 ], [ -119.929544406323387, 39.269173927598359 ], [ -119.929408630495999, 39.269433640675707 ], [ -119.92951658194886, 39.268857381874192 ] ], [ [ -119.929542101148044, 39.268776089328249 ], [ -119.929674733169719, 39.268647929218012 ], [ -119.929555045644619, 39.268734853975374 ], [ -119.929542101148044, 39.268776089328249 ] ], [ [ -119.930061121940312, 39.267497928245106 ], [ -119.930099383725349, 39.267415983284444 ], [ -119.930102527226921, 39.267343999442915 ], [ -119.930061121940312, 39.267497928245106 ] ], [ [ -119.929954716781111, 39.26734009910097 ], [ -119.929962049203809, 39.267376325982866 ], [ -119.929726608945856, 39.267460196416941 ], [ -119.930102527226921, 39.267343999442915 ], [ -119.929954716781111, 39.26734009910097 ] ], [ [ -119.929870503274444, 39.266924027956698 ], [ -119.929876062984661, 39.266881171591223 ], [ -119.929866728205909, 39.266905376490513 ], [ -119.929870503274444, 39.266924027956698 ] ], [ [ -119.929966664889037, 39.266646241629537 ], [ -119.929995056837328, 39.266620495684165 ], [ -119.929980181201103, 39.26661119379429 ], [ -119.929966664889037, 39.266646241629537 ] ], [ [ -119.929911374673793, 39.266568168302598 ], [ -119.929904811372168, 39.266564064191883 ], [ -119.929603065376483, 39.266574117908917 ], [ -119.929911374673793, 39.266568168302598 ] ], [ [ -119.929963687088744, 39.266277350630908 ], [ -119.930036707555161, 39.265666709657445 ], [ -119.929904811372168, 39.266564064191883 ], [ -119.929963687088744, 39.266277350630908 ] ], [ [ -119.929963752099198, 39.265214367028527 ], [ -119.929901582320923, 39.265196414080329 ], [ -119.930036707555161, 39.265666709657445 ], [ -119.929963752099198, 39.265214367028527 ] ], [ [ -119.929295816924693, 39.266710142482971 ], [ -119.929275115465032, 39.266736924789882 ], [ -119.929603065376483, 39.266574117908917 ], [ -119.929295816924693, 39.266710142482971 ] ], [ [ -119.932125751016713, 39.265595697680226 ], [ -119.931963179689433, 39.265426257557927 ], [ -119.931969980271091, 39.2654474563845 ], [ -119.932125751016713, 39.265595697680226 ] ], [ [ -119.931937337512977, 39.265345702014343 ], [ -119.931883028465919, 39.265025865469475 ], [ -119.931888373536154, 39.265193070446017 ], [ -119.931937337512977, 39.265345702014343 ] ], [ [ -119.931866932969072, 39.264522364749212 ], [ -119.931897440365447, 39.264274457385376 ], [ -119.931858975642925, 39.264273443033488 ], [ -119.931866932969072, 39.264522364749212 ] ], [ [ -119.930619872358236, 39.263988525984679 ], [ -119.930650717355789, 39.263990999159091 ], [ -119.930188666881577, 39.263778965472284 ], [ -119.930619872358236, 39.263988525984679 ] ], [ [ -119.928578294354054, 39.274114076580318 ], [ -119.928597612059889, 39.27426138914263 ], [ -119.928681917226044, 39.273864578813203 ], [ -119.928578294354054, 39.274114076580318 ] ], [ [ -119.929190647075146, 39.273339074555892 ], [ -119.929168450993231, 39.27337083575501 ], [ -119.929190845025815, 39.273350357035909 ], [ -119.929190647075146, 39.273339074555892 ] ], [ [ -119.930484456933911, 39.272384052917936 ], [ -119.930277161453787, 39.272393202843915 ], [ -119.930275264762344, 39.272411247817367 ], [ -119.930253359417463, 39.272430324382164 ], [ -119.930484456933911, 39.272384052917936 ] ], [ [ -119.93189959339179, 39.269715558788256 ], [ -119.931640995289726, 39.269798822293254 ], [ -119.931922745247405, 39.269716169341635 ], [ -119.932554393990486, 39.270715277974368 ], [ -119.932511720367245, 39.270560468214846 ], [ -119.932097749500954, 39.269955001428414 ], [ -119.932235525657418, 39.269862791590143 ], [ -119.932074597562973, 39.26995439090674 ], [ -119.931991415361139, 39.269735996959156 ], [ -119.931886742712777, 39.269700205977202 ], [ -119.93189959339179, 39.269715558788256 ] ], [ [ -119.931482391084515, 39.26921711980706 ], [ -119.931834351540161, 39.269637613735185 ], [ -119.93151525810751, 39.26919599355525 ], [ -119.931482391084515, 39.26921711980706 ] ], [ [ -119.935969982564416, 39.268327443707975 ], [ -119.935960950285008, 39.268002904956852 ], [ -119.935918905719646, 39.26790399261612 ], [ -119.935898674024969, 39.268368150632298 ], [ -119.935907483262, 39.268372841323554 ], [ -119.93601785431612, 39.268292671041188 ], [ -119.936022560629041, 39.268184694695748 ], [ -119.935969982564416, 39.268327443707975 ] ], [ [ -119.936462814678038, 39.267655786868879 ], [ -119.936454770438758, 39.267650427413166 ], [ -119.936447707640426, 39.267660536701491 ], [ -119.936462814678038, 39.267655786868879 ] ], [ [ -119.93355556560148, 39.26788548054283 ], [ -119.933291480562715, 39.268094720183292 ], [ -119.933647200542893, 39.267861489578266 ], [ -119.93355556560148, 39.26788548054283 ] ], [ [ -119.931918121020743, 39.26893703964771 ], [ -119.932171952950668, 39.268785872677178 ], [ -119.932245040612145, 39.268726898396636 ], [ -119.931918121020743, 39.26893703964771 ] ], [ [ -119.93477032920876, 39.267881598181418 ], [ -119.934804166859394, 39.267954416870403 ], [ -119.934800046739625, 39.267960313890491 ], [ -119.934846402055442, 39.267908786632425 ], [ -119.93477032920876, 39.267881598181418 ] ], [ [ -119.933344046814184, 39.269120873246351 ], [ -119.933625792237933, 39.268932300488672 ], [ -119.93453616126358, 39.268253639645089 ], [ -119.934620802158022, 39.268159556170723 ], [ -119.933344046814184, 39.269120873246351 ] ], [ [ -119.935631562120818, 39.267051816753487 ], [ -119.935536785491081, 39.267099212823396 ], [ -119.935631320751028, 39.267057354001096 ], [ -119.935631562120818, 39.267051816753487 ] ], [ [ -119.935411193568982, 39.267321806560183 ], [ -119.935640002399168, 39.267057582668052 ], [ -119.935631320751028, 39.267057354001096 ], [ -119.935411193568982, 39.267321806560183 ] ], [ [ -119.935645869269152, 39.267050807689515 ], [ -119.935655256258727, 39.267039967723107 ], [ -119.935641255178183, 39.267046969423504 ], [ -119.935645869269152, 39.267050807689515 ] ], [ [ -119.935808203079119, 39.267652060260161 ], [ -119.935832189152038, 39.26769998587563 ], [ -119.935813794788913, 39.267656711711965 ], [ -119.935808203079119, 39.267652060260161 ] ], [ [ -119.932791495761805, 39.271054295484383 ], [ -119.932859382164665, 39.271092118641683 ], [ -119.932644162751998, 39.270857267012552 ], [ -119.93276834344698, 39.271053685086436 ], [ -119.93227193448179, 39.271274813478541 ], [ -119.932791495761805, 39.271054295484383 ] ], [ [ -119.930791697033314, 39.272262723192078 ], [ -119.931013127695437, 39.272101910339714 ], [ -119.930983990473948, 39.272105645872834 ], [ -119.930791697033314, 39.272262723192078 ] ], [ [ -119.930578607694557, 39.272365201445425 ], [ -119.930605689817781, 39.272275832527832 ], [ -119.930537484379428, 39.272373435431554 ], [ -119.930578607694557, 39.272365201445425 ] ], [ [ -119.930049309911098, 39.269591556670818 ], [ -119.930130430330905, 39.269517999538465 ], [ -119.930051376978184, 39.269576719868382 ], [ -119.930049309911098, 39.269591556670818 ] ], [ [ -119.92947749287103, 39.271001575505387 ], [ -119.929743256948896, 39.270793723791691 ], [ -119.929479935753818, 39.270984957862431 ], [ -119.929483394740942, 39.270905775731315 ], [ -119.929466568694338, 39.270992487367387 ], [ -119.92947749287103, 39.271001575505387 ] ], [ [ -119.929213001031485, 39.267014240459645 ], [ -119.929222119654398, 39.266805487475494 ], [ -119.92917298802675, 39.266869050772712 ], [ -119.929213001031485, 39.267014240459645 ] ], [ [ -119.92894547790317, 39.267169329278445 ], [ -119.9290207185052, 39.267171315361779 ], [ -119.929213001031485, 39.267014240459645 ], [ -119.92894547790317, 39.267169329278445 ] ], [ [ -119.929464612174172, 39.271002570115428 ], [ -119.929462535176782, 39.27101327372791 ], [ -119.929475842157586, 39.271002866507693 ], [ -119.929464612174172, 39.271002570115428 ] ], [ [ -119.929092554209106, 39.271893584036071 ], [ -119.9288963257804, 39.272140637714571 ], [ -119.929231680512757, 39.27183656860155 ], [ -119.929092554209106, 39.271893584036071 ] ], [ [ -119.929298624670622, 39.271708871365448 ], [ -119.929264390145349, 39.271806910286614 ], [ -119.929282491580537, 39.271790497428221 ], [ -119.929298624670622, 39.271708871365448 ] ], [ [ -119.943749276864693, 39.26532508200215 ], [ -119.943651980080247, 39.265430626562008 ], [ -119.943776431809553, 39.265340208728418 ], [ -119.943749276864693, 39.26532508200215 ] ], [ [ -119.943603331576483, 39.265483398806474 ], [ -119.943623955142982, 39.265528640366981 ], [ -119.943608127911162, 39.265478195910177 ], [ -119.943603331576483, 39.265483398806474 ] ], [ [ -119.942881276693939, 39.264631360169709 ], [ -119.942895682182638, 39.2645837876996 ], [ -119.942642286161529, 39.26466541120557 ], [ -119.942558520523079, 39.264726268560821 ], [ -119.942853770180051, 39.264598901477797 ], [ -119.942881276693939, 39.264631360169709 ] ], [ [ -119.942901636047779, 39.264564125722963 ], [ -119.94279136191436, 39.264435110873947 ], [ -119.942897535590092, 39.264577667029243 ], [ -119.942901636047779, 39.264564125722963 ] ], [ [ -119.943859016395308, 39.26534798329908 ], [ -119.943892638654916, 39.265359476346056 ], [ -119.943938236482836, 39.265319750330576 ], [ -119.943859016395308, 39.26534798329908 ] ], [ [ -119.944104649256687, 39.266788789874788 ], [ -119.944037637655413, 39.266771224522373 ], [ -119.943914288212241, 39.266860840003908 ], [ -119.944047825103539, 39.266810297410373 ], [ -119.944032390995346, 39.266809892007331 ], [ -119.944033173291544, 39.266791895810421 ], [ -119.944052961134176, 39.266808353461222 ], [ -119.944104649256687, 39.266788789874788 ] ], [ [ -119.943908029564525, 39.267004809559374 ], [ -119.944018262625377, 39.267571137820468 ], [ -119.943914288212241, 39.266860840003908 ], [ -119.943908029564525, 39.267004809559374 ] ], [ [ -119.944102774148973, 39.267856711894197 ], [ -119.944092852074149, 39.267856451277098 ], [ -119.944127638503431, 39.267932758127962 ], [ -119.944094751139971, 39.267758998783599 ], [ -119.944071047694635, 39.267808621520686 ], [ -119.94408698412812, 39.267843579445909 ], [ -119.944102774148973, 39.267856711894197 ] ], [ [ -119.944279862777051, 39.265915554673029 ], [ -119.944156602286085, 39.265551982275184 ], [ -119.944247157287435, 39.265918591189205 ], [ -119.944279862777051, 39.265915554673029 ] ], [ [ -119.943977336912738, 39.265943642092346 ], [ -119.944054577577205, 39.265936470912102 ], [ -119.943977889114819, 39.265930938893298 ], [ -119.943977336912738, 39.265943642092346 ] ], [ [ -119.944314898332635, 39.266709211739247 ], [ -119.944325661134926, 39.266675730749689 ], [ -119.944188780510856, 39.266756946719916 ], [ -119.944314898332635, 39.266709211739247 ] ], [ [ -119.944349217130892, 39.268289581052791 ], [ -119.944296768405962, 39.268310063826277 ], [ -119.944312386028571, 39.268366686255852 ], [ -119.944349217130892, 39.268289581052791 ] ], [ [ -119.944707179124848, 39.269830405237137 ], [ -119.944785767086671, 39.269767308501486 ], [ -119.944493840044316, 39.269524523428849 ], [ -119.944760714244993, 39.269783766494761 ], [ -119.944707179124848, 39.269830405237137 ] ], [ [ -119.944272636944689, 39.270347483697464 ], [ -119.944340404677249, 39.27014992949065 ], [ -119.944278895590301, 39.270203514175755 ], [ -119.944272636944689, 39.270347483697464 ] ], [ [ -119.944272441361292, 39.270351982744977 ], [ -119.944533570757343, 39.270210203006251 ], [ -119.94458463927198, 39.270153425696122 ], [ -119.944272636944689, 39.270347483697464 ], [ -119.944272441361292, 39.270351982744977 ] ], [ [ -119.942461728683384, 39.270948507796035 ], [ -119.942456580853033, 39.270533987687244 ], [ -119.942436344882822, 39.270497075924752 ], [ -119.942452450686275, 39.270998580955855 ], [ -119.942488012398115, 39.270877131632773 ], [ -119.942461728683384, 39.270948507796035 ] ], [ [ -119.942351896144586, 39.271341989289787 ], [ -119.942368230200174, 39.271286206384779 ], [ -119.942336192702498, 39.271357353381603 ], [ -119.942351896144586, 39.271341989289787 ] ], [ [ -119.940657620226531, 39.272111993399768 ], [ -119.940763075660271, 39.272165023665075 ], [ -119.940673597468049, 39.272090603832545 ], [ -119.940845066359429, 39.271878912087502 ], [ -119.940885870338391, 39.27179350475371 ], [ -119.940848199365277, 39.271806927576741 ], [ -119.940657620226531, 39.272111993399768 ] ], [ [ -119.940396546967051, 39.272065301279561 ], [ -119.940415425378717, 39.272063363069961 ], [ -119.940381314859906, 39.272054212803269 ], [ -119.940396546967051, 39.272065301279561 ] ], [ [ -119.940216808410682, 39.271934457143317 ], [ -119.940268162215474, 39.271971841208249 ], [ -119.939833136881404, 39.271582048050306 ], [ -119.940082081575866, 39.271834563384893 ], [ -119.940082592519289, 39.271822826788245 ], [ -119.940104961805005, 39.271841431857155 ], [ -119.940127331102531, 39.271860036922142 ], [ -119.940106659014091, 39.271859493217164 ], [ -119.94052606375736, 39.272284908032873 ], [ -119.940216808410682, 39.271934457143317 ] ], [ [ -119.940088424138935, 39.271840996890454 ], [ -119.940104280551566, 39.27185708065295 ], [ -119.940104961805005, 39.271841431857155 ], [ -119.940088424138935, 39.271840996890454 ] ], [ [ -119.939750624032584, 39.271461768007981 ], [ -119.939750188742948, 39.271471765847096 ], [ -119.939616758017053, 39.271342138901183 ], [ -119.939596086090617, 39.271341595111537 ], [ -119.93977843271071, 39.271526558948608 ], [ -119.939820119532214, 39.271527655482153 ], [ -119.939750624032584, 39.271461768007981 ] ], [ [ -119.939645393876773, 39.271362000824489 ], [ -119.939198573742559, 39.270938373069043 ], [ -119.939571509009966, 39.271316665183704 ], [ -119.939572020029132, 39.271304928591626 ], [ -119.939594389017174, 39.271323533748344 ], [ -119.939616758017053, 39.271342138901183 ], [ -119.939645393876773, 39.271362000824489 ] ], [ [ -119.939577851480749, 39.271323098713907 ], [ -119.939593707662738, 39.271339182538092 ], [ -119.939594389017174, 39.271323533748344 ], [ -119.939577851480749, 39.271323098713907 ] ], [ [ -119.93900126010611, 39.270738223162489 ], [ -119.939043664498897, 39.270781237213988 ], [ -119.939110894355451, 39.270716262284296 ], [ -119.93900126010611, 39.270738223162489 ] ], [ [ -119.93861640379464, 39.2707894543218 ], [ -119.938621560192587, 39.270775453813506 ], [ -119.938650236266056, 39.270772050690383 ], [ -119.938560142965429, 39.270738044445778 ], [ -119.93861640379464, 39.2707894543218 ] ], [ [ -119.938595272650446, 39.270846828950347 ], [ -119.938612797684968, 39.270799245526739 ], [ -119.938405350597407, 39.270949931428184 ], [ -119.938595272650446, 39.270846828950347 ] ], [ [ -119.938310389365725, 39.271001482541891 ], [ -119.938335379176849, 39.270987916467398 ], [ -119.937937598859392, 39.271045721434298 ], [ -119.938310389365725, 39.271001482541891 ] ], [ [ -119.936724411621881, 39.272579648010371 ], [ -119.936711744513644, 39.272580904184686 ], [ -119.936721755068376, 39.272428776448422 ], [ -119.936686238601396, 39.272634282712318 ], [ -119.936724411621881, 39.272579648010371 ] ], [ [ -119.932988794289002, 39.274500685691081 ], [ -119.93358904496084, 39.274445023127292 ], [ -119.933520901500302, 39.274399623723816 ], [ -119.933524464702771, 39.274442739712853 ], [ -119.932988794289002, 39.274500685691081 ] ], [ [ -119.929970915988207, 39.275664236229439 ], [ -119.929980283778704, 39.27565743343559 ], [ -119.929913869600654, 39.275667644430257 ], [ -119.929970915988207, 39.275664236229439 ] ], [ [ -119.929186074677801, 39.275854091916926 ], [ -119.929437871392395, 39.275740826617863 ], [ -119.929341046614752, 39.275755712651559 ], [ -119.929186074677801, 39.275854091916926 ] ], [ [ -119.928879891287366, 39.276229989773626 ], [ -119.929170747759372, 39.275863821722282 ], [ -119.929150311861903, 39.275876794792453 ], [ -119.928879891287366, 39.276229989773626 ] ], [ [ -119.943862364857608, 39.265922605308837 ], [ -119.943837076967725, 39.266006117644537 ], [ -119.943839480677724, 39.266035515632225 ], [ -119.943975772338305, 39.26597963448944 ], [ -119.94386001790842, 39.265976593898777 ], [ -119.943862364857608, 39.265922605308837 ] ], [ [ -119.943823650692536, 39.267753997251504 ], [ -119.943924603272691, 39.267689881174562 ], [ -119.944048192184042, 39.267775598531884 ], [ -119.944046900693792, 39.267766775867976 ], [ -119.943906145938044, 39.267581295880582 ], [ -119.943925385620929, 39.267671884982192 ], [ -119.943823650692536, 39.267753997251504 ] ], [ [ -119.943315487785966, 39.266773042326108 ], [ -119.943987488910622, 39.266758079299663 ], [ -119.943896613357566, 39.266734258509452 ], [ -119.943315487785966, 39.266773042326108 ] ], [ [ -119.943122317594543, 39.266865978096121 ], [ -119.943133607696595, 39.266871796489426 ], [ -119.943315487785966, 39.266773042326108 ], [ -119.943122317594543, 39.266865978096121 ] ], [ [ -119.941626239746327, 39.266710631813481 ], [ -119.941902604521147, 39.26657240508105 ], [ -119.941864796177939, 39.266554751967298 ], [ -119.941626239746327, 39.266710631813481 ] ], [ [ -119.943318429463034, 39.268304542617528 ], [ -119.943348073688753, 39.268086089730026 ], [ -119.943303885575432, 39.268105976365611 ], [ -119.943333633519359, 39.267947003591061 ], [ -119.943310145704345, 39.26796200691868 ], [ -119.943294481973737, 39.268022401879371 ], [ -119.943318429463034, 39.268304542617528 ] ], [ [ -119.943573419417433, 39.267770739506638 ], [ -119.943836691701705, 39.267579471436562 ], [ -119.943836691701691, 39.267579471436562 ], [ -119.943507343376567, 39.267797830397484 ], [ -119.943573419417433, 39.267770739506638 ] ], [ [ -119.94383747406934, 39.267561475245365 ], [ -119.943848658589744, 39.267570777417752 ], [ -119.943860625474841, 39.267562083397578 ], [ -119.943860625474827, 39.267562083397578 ], [ -119.943861147048949, 39.267550085936492 ], [ -119.943796763516929, 39.267564910015572 ], [ -119.943836691701691, 39.267579471436562 ], [ -119.94383747406934, 39.267561475245365 ] ], [ [ -119.943867000096077, 39.267548738291119 ], [ -119.943872592356996, 39.267553389376062 ], [ -119.943884559236196, 39.267544695353152 ], [ -119.943867000096077, 39.267548738291119 ] ], [ [ -119.942384686690204, 39.27040284774759 ], [ -119.942306256985773, 39.270259785953812 ], [ -119.942267909415875, 39.27022789226092 ], [ -119.942384686690204, 39.27040284774759 ] ], [ [ -119.941809323132617, 39.269827835359841 ], [ -119.941809323132645, 39.269827835359841 ], [ -119.941613593452999, 39.269665043761769 ], [ -119.941809323132617, 39.269827835359841 ] ], [ [ -119.941512710548125, 39.269320073810597 ], [ -119.941494543378866, 39.269313863617612 ], [ -119.941613593452999, 39.269665043761769 ], [ -119.941512710548125, 39.269320073810597 ] ], [ [ -119.940477319797438, 39.271274689707944 ], [ -119.940746879848177, 39.270939460569295 ], [ -119.940272116267039, 39.271414394165532 ], [ -119.940477319797438, 39.271274689707944 ] ], [ [ -119.937436432737371, 39.269721313153994 ], [ -119.93714666242515, 39.269952822603557 ], [ -119.937481476062231, 39.269756026514521 ], [ -119.937461547333854, 39.269735987272291 ], [ -119.937557291404303, 39.269666440720414 ], [ -119.93741445929922, 39.269752764439225 ], [ -119.937436432737371, 39.269721313153994 ] ], [ [ -119.937786459135168, 39.269726523041221 ], [ -119.937811180076309, 39.269712833883922 ], [ -119.937776197884546, 39.269723832797396 ], [ -119.937786459135168, 39.269726523041221 ] ], [ [ -119.938190233321919, 39.269502932762364 ], [ -119.938162880848495, 39.269474430116674 ], [ -119.938019406089552, 39.269597528833998 ], [ -119.938190233321919, 39.269502932762364 ] ], [ [ -119.936612644652413, 39.270590933315127 ], [ -119.936115619490053, 39.27083560221817 ], [ -119.936612798530703, 39.270596460738481 ], [ -119.936612644652413, 39.270590933315127 ] ], [ [ -119.935830731189114, 39.270990249519819 ], [ -119.935830731189114, 39.270990249519819 ], [ -119.935738121754625, 39.270987810320804 ], [ -119.93562079084829, 39.271020753303247 ], [ -119.935853099044309, 39.271008855354275 ], [ -119.935829946678041, 39.271008245565625 ], [ -119.935830731189114, 39.270990249519819 ] ], [ [ -119.935070238317195, 39.271420634683338 ], [ -119.934410980583337, 39.271655498641969 ], [ -119.93502236388872, 39.271455406841312 ], [ -119.935070238317195, 39.271420634683338 ] ], [ [ -119.936816019334699, 39.269124441071547 ], [ -119.937455844648284, 39.269693528236253 ], [ -119.937463899506469, 39.269681999040309 ], [ -119.93680576263435, 39.2691149367745 ], [ -119.936409106069121, 39.269420010745613 ], [ -119.936816019334699, 39.269124441071547 ] ], [ [ -119.936285056787398, 39.268666278658337 ], [ -119.936411836551983, 39.268825531067733 ], [ -119.936709606079916, 39.269032085558194 ], [ -119.936285056787398, 39.268666278658337 ] ], [ [ -119.93643815485467, 39.269817143377743 ], [ -119.936079893300857, 39.27005994278899 ], [ -119.936342409521075, 39.269886688954557 ], [ -119.93643815485467, 39.269817143377743 ] ], [ [ -119.933393849268583, 39.273341341509727 ], [ -119.933131666638488, 39.273351383844684 ], [ -119.933394018261296, 39.273342636609101 ], [ -119.933393849268583, 39.273341341509727 ] ], [ [ -119.944496668883588, 39.264660076254962 ], [ -119.944928614449239, 39.264710358800684 ], [ -119.944639482089642, 39.264573743019845 ], [ -119.944773692465034, 39.264685367973307 ], [ -119.944496668883588, 39.264660076254962 ] ], [ [ -119.943999334318747, 39.264904396143571 ], [ -119.943994864295945, 39.265007231583525 ], [ -119.944094279133651, 39.265089917287945 ], [ -119.943999334318747, 39.264904396143571 ] ], [ [ -119.944117540685681, 39.265135369958756 ], [ -119.94406728665804, 39.265207318102171 ], [ -119.944127509931008, 39.265154849673657 ], [ -119.944117540685681, 39.265135369958756 ] ], [ [ -119.946830227917332, 39.271765887429012 ], [ -119.946836027841513, 39.27177071064721 ], [ -119.946780312553173, 39.271314158862019 ], [ -119.946831009635744, 39.271747891200427 ], [ -119.946579455482691, 39.271669222278931 ], [ -119.946572158836929, 39.271837187038848 ], [ -119.946577965068727, 39.271854950388061 ], [ -119.9466018265245, 39.271687826163799 ], [ -119.946807856788652, 39.271747283584894 ], [ -119.946830227917332, 39.271765887429012 ] ], [ [ -119.946571180362923, 39.271005988924223 ], [ -119.946646086857882, 39.271202535711083 ], [ -119.946780312553173, 39.271314158862019 ], [ -119.946571180362923, 39.271005988924223 ] ], [ [ -119.946600262973078, 39.27172381861353 ], [ -119.946578769008738, 39.271857409928707 ], [ -119.946599521102371, 39.271920897966595 ], [ -119.946622634037141, 39.271742422495159 ], [ -119.946807161922607, 39.271763280232179 ], [ -119.946807856788652, 39.271747283584894 ], [ -119.946600262973078, 39.27172381861353 ] ], [ [ -119.946605853481145, 39.269994357831244 ], [ -119.946618290337724, 39.270008196798265 ], [ -119.946623217680468, 39.269994813556529 ], [ -119.946605853481145, 39.269994357831244 ] ], [ [ -119.946606009826496, 39.269990758585188 ], [ -119.946510899169922, 39.270045915938447 ], [ -119.946605853481145, 39.269994357831244 ], [ -119.946606009826496, 39.269990758585188 ] ], [ [ -119.946504786886464, 39.269978192716145 ], [ -119.946483056326102, 39.270153285648483 ], [ -119.946510899169922, 39.270045915938447 ], [ -119.946504786886464, 39.269978192716145 ] ], [ [ -119.94649525173935, 39.269872544488251 ], [ -119.946487246096353, 39.269783842814718 ], [ -119.946481942610347, 39.270157580436646 ], [ -119.946483056326102, 39.270153285648483 ], [ -119.94649525173935, 39.269872544488251 ] ], [ [ -119.946182315536149, 39.268747832314972 ], [ -119.946442916761114, 39.269292675874716 ], [ -119.946432662512478, 39.269179058652661 ], [ -119.946182315536149, 39.268747832314972 ] ], [ [ -119.945879741815361, 39.268226637297701 ], [ -119.945821286576816, 39.268125944946121 ], [ -119.945766811596073, 39.268175359411131 ], [ -119.945804957814119, 39.268196607067715 ], [ -119.945849780951406, 39.268190854226368 ], [ -119.945879741815361, 39.268226637297701 ] ], [ [ -119.945617006688323, 39.267680274405237 ], [ -119.945699662682571, 39.267850438374751 ], [ -119.94551015720279, 39.266938782494051 ], [ -119.945617006688323, 39.267680274405237 ] ], [ [ -119.945324947333532, 39.266933919835346 ], [ -119.945219967656868, 39.266979208141549 ], [ -119.94551015720279, 39.266938782494051 ], [ -119.945324947333532, 39.266933919835346 ] ], [ [ -119.94477682696477, 39.2672798622255 ], [ -119.945147794053028, 39.267010343793856 ], [ -119.945088742876592, 39.267035818383114 ], [ -119.94477682696477, 39.2672798622255 ] ], [ [ -119.944650120158343, 39.267528769224263 ], [ -119.944814526407896, 39.267479036435951 ], [ -119.944587600887601, 39.267545144098428 ], [ -119.945042912204741, 39.2675571006449 ], [ -119.944650120158343, 39.267528769224263 ] ], [ [ -119.944123549303058, 39.267698710237795 ], [ -119.944406060181478, 39.267598029896988 ], [ -119.944133748639899, 39.267677358042214 ], [ -119.944123549303058, 39.267698710237795 ] ], [ [ -119.945091234771922, 39.265378342801561 ], [ -119.944955458580182, 39.265302710588358 ], [ -119.945089377553359, 39.265421083821671 ], [ -119.945091234771922, 39.265378342801561 ] ], [ [ -119.945284259858539, 39.265203243446571 ], [ -119.945277715871427, 39.265176046499946 ], [ -119.945207988283826, 39.265251687766458 ], [ -119.945284259858539, 39.265203243446571 ] ], [ [ -119.945505618882521, 39.26677651259385 ], [ -119.945511721045747, 39.266902790051326 ], [ -119.945522667868104, 39.266650842944614 ], [ -119.945505618882521, 39.26677651259385 ] ], [ [ -119.946624531638193, 39.269991244692008 ], [ -119.946629787467629, 39.269976969233745 ], [ -119.946616577668138, 39.26998462998521 ], [ -119.946624531638193, 39.269991244692008 ] ], [ [ -119.946288153749023, 39.270904873290576 ], [ -119.946327422443716, 39.271068054704926 ], [ -119.9463109449255, 39.27109164453006 ], [ -119.946348229587585, 39.271122651074798 ], [ -119.94639262832105, 39.271221106841516 ], [ -119.946310524479742, 39.270923477221068 ], [ -119.946518897592142, 39.270928946390001 ], [ -119.946288153749023, 39.270904873290576 ] ], [ [ -119.946173172828978, 39.270883838461351 ], [ -119.946079780752811, 39.270899403711539 ], [ -119.946236375699755, 39.27102963140819 ], [ -119.946237157549589, 39.271011635187357 ], [ -119.946259528298313, 39.271030239128116 ], [ -119.946236375699755, 39.27102963140819 ], [ -119.946296497127776, 39.271079629491084 ], [ -119.946203362057346, 39.270722480203773 ], [ -119.946217132373562, 39.270939042580643 ], [ -119.946173172828978, 39.270883838461351 ] ], [ [ -119.946427370352353, 39.270368025033378 ], [ -119.946466041207913, 39.270218900465551 ], [ -119.946203362057346, 39.270722480203773 ], [ -119.946427370352353, 39.270368025033378 ] ], [ [ -119.946442884042369, 39.271611587555569 ], [ -119.946442102228488, 39.271629583778036 ], [ -119.946349491033629, 39.271627152985104 ], [ -119.946510778835062, 39.271649403048009 ], [ -119.946505772431379, 39.271631254905515 ], [ -119.94648840783006, 39.271630799146919 ], [ -119.94648918963216, 39.271612802923691 ], [ -119.946442884042369, 39.271611587555569 ] ], [ [ -119.946504103630673, 39.271625205524636 ], [ -119.946490753234215, 39.271576810477036 ], [ -119.94648918963216, 39.271612802923691 ], [ -119.946504103630673, 39.271625205524636 ] ], [ [ -119.946274632298412, 39.272309824261669 ], [ -119.946273474647398, 39.27230979387511 ], [ -119.94628093169608, 39.272315995191171 ], [ -119.946274632298412, 39.272309824261669 ] ], [ [ -119.946273520640105, 39.272308735274081 ], [ -119.946255734112015, 39.272291311471356 ], [ -119.946251103509255, 39.272291189924346 ], [ -119.946273474647398, 39.27230979387511 ], [ -119.946273520640105, 39.272308735274081 ] ], [ [ -119.94625128748136, 39.272286955520293 ], [ -119.946236835935494, 39.272272798678351 ], [ -119.946228732382963, 39.272272585969723 ], [ -119.946251103509255, 39.272291189924346 ], [ -119.94625128748136, 39.272286955520293 ] ], [ [ -119.946149260675753, 39.272234466421381 ], [ -119.94625055159274, 39.272303893136453 ], [ -119.946251103509255, 39.272291189924346 ], [ -119.946149260675753, 39.272234466421381 ] ], [ [ -119.946258590563033, 39.272309403189738 ], [ -119.946273060712784, 39.272319321284364 ], [ -119.946273474647398, 39.27230979387511 ], [ -119.946258590563033, 39.272309403189738 ] ], [ [ -119.946782242003337, 39.273404151585531 ], [ -119.946766424435765, 39.27270108358276 ], [ -119.94671663085407, 39.272508976530105 ], [ -119.946782242003337, 39.273404151585531 ] ], [ [ -119.946375776445521, 39.273476360472429 ], [ -119.946397083637791, 39.273466109694397 ], [ -119.946385506936139, 39.273465805833013 ], [ -119.94638628881556, 39.273447809617167 ], [ -119.946369810706258, 39.273471399421204 ], [ -119.946375776445521, 39.273476360472429 ] ], [ [ -119.946412303057173, 39.273458787707511 ], [ -119.946432595611512, 39.273449025055044 ], [ -119.94638628881556, 39.273447809617167 ], [ -119.946412303057173, 39.273458787707511 ] ], [ [ -119.946168525031368, 39.273658294462756 ], [ -119.946177442069228, 39.273647063334757 ], [ -119.946155540441353, 39.27366614304745 ], [ -119.946167743090399, 39.273676290674253 ], [ -119.946144589623003, 39.273675682902017 ], [ -119.946014139495858, 39.273705718189149 ], [ -119.946353752748593, 39.273663156472004 ], [ -119.946261138884353, 39.273660725504143 ], [ -119.946261451651097, 39.273653527018908 ], [ -119.946168525031368, 39.273658294462756 ] ], [ [ -119.946034772232153, 39.27406916836042 ], [ -119.946400841566074, 39.2736463757129 ], [ -119.946384819737659, 39.273647197710666 ], [ -119.946376906216372, 39.273663764202468 ], [ -119.946353752748593, 39.273663156472004 ], [ -119.946034772232153, 39.27406916836042 ] ], [ [ -119.945957491377925, 39.274247307000671 ], [ -119.94597247287075, 39.274286616434992 ], [ -119.946034772232153, 39.27406916836042 ], [ -119.945957491377925, 39.274247307000671 ] ], [ [ -119.944922933174766, 39.268184536255831 ], [ -119.944550942721747, 39.268210800922489 ], [ -119.944457689212186, 39.268247219391327 ], [ -119.944922933174766, 39.268184536255831 ] ], [ [ -119.945294047982088, 39.269253204935879 ], [ -119.945328405889896, 39.268987919804275 ], [ -119.945398448119079, 39.268976246253196 ], [ -119.945328472678412, 39.26895372651164 ], [ -119.945293988790752, 39.269253213541539 ], [ -119.945294047982088, 39.269253204935879 ] ], [ [ -119.94544416543242, 39.268990959129177 ], [ -119.945424094414321, 39.268984499819894 ], [ -119.945457858189855, 39.269162869377567 ], [ -119.945470265055775, 39.269160801589244 ], [ -119.94544416543242, 39.268990959129177 ] ], [ [ -119.945478401396031, 39.26921374842793 ], [ -119.945471906123586, 39.269227346481969 ], [ -119.945480303399023, 39.269226125610949 ], [ -119.945478401396031, 39.26921374842793 ] ], [ [ -119.945304231441682, 39.269251724390159 ], [ -119.945358763861393, 39.269243796052386 ], [ -119.945340609451918, 39.269240474643603 ], [ -119.945357359622349, 39.269224283592948 ], [ -119.945304231441682, 39.269251724390159 ] ], [ [ -119.946394935852197, 39.275916329368378 ], [ -119.946296063242713, 39.276057867969577 ], [ -119.94611786739928, 39.275891039790842 ], [ -119.946342813975278, 39.276145903010402 ], [ -119.946295281267652, 39.276075864175795 ], [ -119.946394935852197, 39.275916329368378 ] ], [ [ -119.945350180345855, 39.275420466863629 ], [ -119.945290105032342, 39.275407802232657 ], [ -119.945796055020963, 39.275828541428211 ], [ -119.945551527250885, 39.275587904031504 ], [ -119.945725337436173, 39.275322216361786 ], [ -119.945529155325289, 39.275569299917315 ], [ -119.945350180345855, 39.275420466863629 ] ], [ [ -119.946252710177106, 39.273552261970607 ], [ -119.94626661228618, 39.273534752010789 ], [ -119.946060591605089, 39.27320386134258 ], [ -119.946069178949628, 39.273277335140634 ], [ -119.946252710177106, 39.273552261970607 ] ], [ [ -119.94605481593068, 39.273154444287727 ], [ -119.946072831619205, 39.273035205991746 ], [ -119.946054496983336, 39.273012182017986 ], [ -119.946044771226624, 39.273068501010286 ], [ -119.94605481593068, 39.273154444287727 ] ], [ [ -119.946300233858778, 39.272760914763417 ], [ -119.946329868971233, 39.272671608932541 ], [ -119.946212628708651, 39.272845592604121 ], [ -119.946300233858778, 39.272760914763417 ] ], [ [ -119.946384058678532, 39.272508306811325 ], [ -119.946406919878783, 39.272439413717244 ], [ -119.946350925076885, 39.272384561053975 ], [ -119.946347747976318, 39.272389109416658 ], [ -119.946384058678532, 39.272508306811325 ] ], [ [ -119.946295753812478, 39.272330515024052 ], [ -119.946293530494628, 39.27232833704921 ], [ -119.946285923071528, 39.272328137367047 ], [ -119.946295569842789, 39.272334749428254 ], [ -119.946295753812478, 39.272330515024052 ] ], [ [ -119.946229054336229, 39.272265175762755 ], [ -119.946217937768807, 39.272254285882596 ], [ -119.94620636126848, 39.272253982011193 ], [ -119.946228732382934, 39.272272585969695 ], [ -119.946229054336229, 39.272265175762755 ] ], [ [ -119.9461616190749, 39.272216774082452 ], [ -119.946206361268423, 39.272253982011165 ], [ -119.946206821204726, 39.272243396001429 ], [ -119.946199039611926, 39.272235773084084 ], [ -119.946183990165764, 39.272235378048748 ], [ -119.946184588086865, 39.272221616236351 ], [ -119.946180141464922, 39.272217260282879 ], [ -119.9461616190749, 39.272216774082452 ] ], [ [ -119.946162354982633, 39.272199836467479 ], [ -119.946154943950773, 39.272192576543539 ], [ -119.945961061737293, 39.272031341997547 ], [ -119.945872267411559, 39.272121378524815 ], [ -119.945957933937862, 39.272103326849368 ], [ -119.946092988031126, 39.272195895989057 ], [ -119.946093723954846, 39.272178958375086 ], [ -119.946116095015483, 39.272197562353384 ], [ -119.946094595820099, 39.272196998001739 ], [ -119.946121928240586, 39.272215732214512 ], [ -119.9461616190749, 39.272216774082452 ], [ -119.946162354982633, 39.272199836467479 ] ], [ [ -119.945951201938627, 39.27172479857937 ], [ -119.945666637576309, 39.271338976547767 ], [ -119.945991172146648, 39.271901818572275 ], [ -119.945951201938627, 39.27172479857937 ] ], [ [ -119.945764722181821, 39.271215434384331 ], [ -119.945603435671757, 39.271193183333381 ], [ -119.945586618204771, 39.271135688793329 ], [ -119.945602653654788, 39.271211179543016 ], [ -119.945764722181821, 39.271215434384331 ] ], [ [ -119.945534759793802, 39.271173363553629 ], [ -119.945556348367631, 39.27120996383271 ], [ -119.945602653654788, 39.271211179543016 ], [ -119.945534759793802, 39.271173363553629 ] ], [ [ -119.94513521946989, 39.270766504812549 ], [ -119.945393807167548, 39.270683210812166 ], [ -119.945513742799022, 39.270886545765173 ], [ -119.945502531239157, 39.270848216065438 ], [ -119.945624549865386, 39.270707285646822 ], [ -119.945481724829946, 39.27079361957103 ], [ -119.945397511427984, 39.270656628548011 ], [ -119.94513521946989, 39.270766504812549 ] ], [ [ -119.945955721845976, 39.27055382899713 ], [ -119.945775194106972, 39.270440989386699 ], [ -119.945947124886843, 39.270566136705689 ], [ -119.945955721845976, 39.27055382899713 ] ], [ [ -119.945326883147558, 39.270118552212146 ], [ -119.945230486079808, 39.270174453825824 ], [ -119.945336428435596, 39.27011973527128 ], [ -119.945326883147558, 39.270118552212146 ] ], [ [ -119.944850194192952, 39.269858183261491 ], [ -119.945119417279926, 39.270063436983314 ], [ -119.945140113532133, 39.270067223437103 ], [ -119.944850194192952, 39.269858183261491 ] ], [ [ -119.945187620240702, 39.269560759047785 ], [ -119.944851758535876, 39.269822190859067 ], [ -119.944836845205032, 39.269809788069374 ], [ -119.944850976364748, 39.269840187060311 ], [ -119.944699421531666, 39.270025811836597 ], [ -119.944850194192952, 39.269858183261491 ], [ -119.945187620240702, 39.269560759047785 ] ], [ [ -119.945093136558881, 39.270134813867223 ], [ -119.944787463810812, 39.270234887479702 ], [ -119.945116288838278, 39.270135421802927 ], [ -119.945130159474431, 39.270171819500732 ], [ -119.945119417279926, 39.270063436983314 ], [ -119.945093136558881, 39.270134813867223 ] ], [ [ -119.945309299415911, 39.268947556095405 ], [ -119.945261296299748, 39.268932107521714 ], [ -119.94516556049247, 39.269001660765596 ], [ -119.945166991848311, 39.269037938136144 ], [ -119.945309299415911, 39.268947556095405 ] ], [ [ -119.945191840642067, 39.268930283833761 ], [ -119.945168845170542, 39.268926076686725 ], [ -119.94516556049247, 39.269001660765596 ], [ -119.945191840642067, 39.268930283833761 ] ], [ [ -119.944798394081701, 39.268979011744563 ], [ -119.944987118458101, 39.268990653539355 ], [ -119.945076863314796, 39.268909248054079 ], [ -119.944798394081701, 39.268979011744563 ] ], [ [ -119.945199512854131, 39.270353807970722 ], [ -119.945267301745417, 39.270444813675269 ], [ -119.945200294950368, 39.270335811765172 ], [ -119.945207398760132, 39.270297845192758 ], [ -119.945160212564957, 39.270250681175035 ], [ -119.945199512854131, 39.270353807970722 ] ], [ [ -119.945303308038291, 39.271249784347638 ], [ -119.945390156404699, 39.271236589229211 ], [ -119.945324039885406, 39.27122188121043 ], [ -119.945488767220567, 39.271147746249483 ], [ -119.945466866007209, 39.271135547527258 ], [ -119.945167023331067, 39.271270490327232 ], [ -119.945276290723882, 39.271253889150387 ], [ -119.945276952502226, 39.271238661593117 ], [ -119.945303308038291, 39.271249784347638 ] ], [ [ -119.945129291923976, 39.271276222896766 ], [ -119.945208276685335, 39.271218841622527 ], [ -119.945129291923976, 39.271276222896766 ], [ -119.945129291923976, 39.271276222896766 ] ], [ [ -119.945219226274531, 39.27096689477424 ], [ -119.945184490532355, 39.271071569177074 ], [ -119.945208276685335, 39.271218841622527 ], [ -119.945219226274531, 39.27096689477424 ] ], [ [ -119.944638274505948, 39.271350822438869 ], [ -119.94479152931001, 39.271207898154863 ], [ -119.944623079350009, 39.271353130980224 ], [ -119.944638274505948, 39.271350822438869 ] ], [ [ -119.942800199396174, 39.272759075657575 ], [ -119.942543949729014, 39.272788374981793 ], [ -119.942408646627328, 39.272872523110728 ], [ -119.942800199396174, 39.272759075657575 ] ], [ [ -119.94239824632659, 39.272878991282987 ], [ -119.942497661743687, 39.27320540392644 ], [ -119.94250279090781, 39.273201677999673 ], [ -119.942401768509313, 39.27287680076153 ], [ -119.94239824632659, 39.272878991282987 ] ], [ [ -119.942241937130547, 39.272507962313 ], [ -119.942191507654954, 39.272364727327449 ], [ -119.941926983080975, 39.272051490014228 ], [ -119.942241937130547, 39.272507962313 ] ], [ [ -119.942022726275383, 39.271981939758554 ], [ -119.942013856625607, 39.271972698255837 ], [ -119.941926983080975, 39.272051490014228 ], [ -119.942022726275383, 39.271981939758554 ] ], [ [ -119.944877375687597, 39.270736125926064 ], [ -119.944870499245951, 39.270744068028385 ], [ -119.944874724742263, 39.270750694416677 ], [ -119.944877375687597, 39.270736125926064 ] ], [ [ -119.945462955748653, 39.271225528564251 ], [ -119.945463216433097, 39.271219529828471 ], [ -119.945445112773967, 39.271228239515857 ], [ -119.945462955748653, 39.271225528564251 ] ], [ [ -119.94544653247155, 39.27160344890072 ], [ -119.945485056001942, 39.271226108809834 ], [ -119.945462955748653, 39.271225528564251 ], [ -119.94544653247155, 39.27160344890072 ] ], [ [ -119.945526815764168, 39.271721754595681 ], [ -119.945534451277197, 39.271713857653246 ], [ -119.94544653247155, 39.27160344890072 ], [ -119.945526815764168, 39.271721754595681 ] ], [ [ -119.945472686037633, 39.271214973990809 ], [ -119.945485135760251, 39.271225327567336 ], [ -119.945486890442197, 39.27120814023278 ], [ -119.945472686037633, 39.271214973990809 ] ], [ [ -119.945112048231593, 39.272899592888599 ], [ -119.944993488648933, 39.272960825103716 ], [ -119.944905211161625, 39.273087197897453 ], [ -119.945206560538765, 39.272858319679393 ], [ -119.945551821048753, 39.272380933022532 ], [ -119.945159472007987, 39.272875099966271 ], [ -119.945145640076561, 39.272882243737413 ], [ -119.945158689830691, 39.272893096163237 ], [ -119.945135536642852, 39.272892488200462 ], [ -119.945135760123833, 39.272887346430025 ], [ -119.945117976205438, 39.272896531274426 ], [ -119.945134754458934, 39.272910484396959 ], [ -119.945111601265879, 39.272909876429203 ], [ -119.945112048231593, 39.272899592888599 ] ], [ [ -119.94501853199074, 39.27535055078399 ], [ -119.945049960366518, 39.275394566873793 ], [ -119.944792919285149, 39.275441866987563 ], [ -119.945263404900459, 39.275402173498058 ], [ -119.94501853199074, 39.27535055078399 ] ], [ [ -119.945045667653659, 39.273884310373873 ], [ -119.945165104838722, 39.273812118069294 ], [ -119.945046208463481, 39.273881062925199 ], [ -119.945045667653659, 39.273884310373873 ] ], [ [ -119.945872633871147, 39.273723451940249 ], [ -119.9459393364438, 39.273598227914242 ], [ -119.945929011165276, 39.273589641442022 ], [ -119.945870865050438, 39.273723673611045 ], [ -119.945872633871147, 39.273723451940249 ] ], [ [ -119.945126776119878, 39.274693931502938 ], [ -119.945187867676893, 39.274642178432806 ], [ -119.94515149435901, 39.274658547108046 ], [ -119.945126776119878, 39.274693931502938 ] ], [ [ -119.94452206195038, 39.274643655298902 ], [ -119.94454949659989, 39.274642737954174 ], [ -119.944547149450202, 39.274696726497744 ], [ -119.944554113805452, 39.274632233968404 ], [ -119.94452206195038, 39.274643655298902 ] ], [ [ -119.945281023936843, 39.272211672375761 ], [ -119.945676188522384, 39.272186014061681 ], [ -119.945737827311433, 39.272367799672942 ], [ -119.945744083408329, 39.272223830004307 ], [ -119.94566202356495, 39.27217253909712 ], [ -119.945281023936843, 39.272211672375761 ] ], [ [ -119.944705480352525, 39.273187479297768 ], [ -119.944687843179807, 39.273252289844947 ], [ -119.944783761612243, 39.273179439520696 ], [ -119.944705480352525, 39.273187479297768 ] ], [ [ -119.944681223382773, 39.273276615287926 ], [ -119.944759843244242, 39.273269982270897 ], [ -119.944685808119075, 39.273259767984733 ], [ -119.944681223382773, 39.273276615287926 ] ], [ [ -119.944467370909791, 39.273865861600036 ], [ -119.944619887607033, 39.273852994433192 ], [ -119.944353950681744, 39.273808832448879 ], [ -119.944539960842931, 39.273795701176283 ], [ -119.943941100864066, 39.273707904454511 ], [ -119.944444999803864, 39.273847257305334 ], [ -119.94449159668612, 39.273917974245293 ], [ -119.944467370909791, 39.273865861600036 ] ], [ [ -119.943621648466788, 39.273591412008827 ], [ -119.943502751066845, 39.273660355243514 ], [ -119.943854747410569, 39.273561502183988 ], [ -119.943621648466788, 39.273591412008827 ] ], [ [ -119.943126703687909, 39.274341303748365 ], [ -119.943148860159596, 39.274335692678939 ], [ -119.943157470168515, 39.274137734929084 ], [ -119.943126703687909, 39.274341303748365 ] ], [ [ -119.942731312283485, 39.274342737270096 ], [ -119.942941260397191, 39.274312220929552 ], [ -119.942908342628684, 39.274396602846188 ], [ -119.943062919887339, 39.274357456802591 ], [ -119.942938912040859, 39.27436620939509 ], [ -119.942940477612439, 39.274330217084803 ], [ -119.943020830708718, 39.274286593774875 ], [ -119.942731312283485, 39.274342737270096 ] ], [ [ -119.942413425123803, 39.274190249182695 ], [ -119.942159519033908, 39.274165559008821 ], [ -119.942135871453829, 39.274188413783236 ], [ -119.942731312283485, 39.274342737270096 ], [ -119.942413425123803, 39.274190249182695 ] ], [ [ -119.941101287747145, 39.274453050463805 ], [ -119.941107322060034, 39.274460455434451 ], [ -119.941457864640711, 39.274309264920859 ], [ -119.941101287747145, 39.274453050463805 ] ], [ [ -119.940950397848198, 39.273719387349615 ], [ -119.940906910947234, 39.273653383682017 ], [ -119.940883725360564, 39.274186068895631 ], [ -119.940950397848198, 39.273719387349615 ] ], [ [ -119.941103416313041, 39.273399109835644 ], [ -119.940829227505546, 39.273547960531722 ], [ -119.940854224999597, 39.273573417681661 ], [ -119.940841680743475, 39.273554378154913 ], [ -119.941103416313041, 39.273399109835644 ] ], [ [ -119.940617981213705, 39.273368328463917 ], [ -119.940255363796055, 39.27317862483229 ], [ -119.940661794792533, 39.273399508502969 ], [ -119.940615204084594, 39.273353652407657 ], [ -119.940617981213705, 39.273368328463917 ] ], [ [ -119.94061408612933, 39.27311790863277 ], [ -119.940580291686658, 39.273169153409917 ], [ -119.940591458935401, 39.273228168241737 ], [ -119.94061408612933, 39.27311790863277 ] ], [ [ -119.940783876835553, 39.272948417521313 ], [ -119.940731877606268, 39.272939292825107 ], [ -119.940695898413409, 39.272993850814949 ], [ -119.940783876835553, 39.272948417521313 ] ], [ [ -119.941189323401787, 39.273023017424137 ], [ -119.94121977883465, 39.273051406271605 ], [ -119.941262698726163, 39.272934863001872 ], [ -119.941212476547221, 39.273023626173206 ], [ -119.941091705762958, 39.273002434061105 ], [ -119.941189323401787, 39.273023017424137 ] ], [ [ -119.941080179490527, 39.272766091697896 ], [ -119.941082956348978, 39.272804020070467 ], [ -119.941262698726163, 39.272934863001872 ], [ -119.941080179490527, 39.272766091697896 ] ], [ [ -119.941168691270718, 39.272698173954737 ], [ -119.941087655642988, 39.272696043297088 ], [ -119.941071707971787, 39.272602203938895 ], [ -119.941053980096228, 39.272608253664465 ], [ -119.941068418696688, 39.272605453882946 ], [ -119.941075687517113, 39.272704736977275 ], [ -119.941086872429096, 39.272714039426141 ], [ -119.941076348319541, 39.272713762713046 ], [ -119.941078387367625, 39.272741613554871 ], [ -119.941168691270718, 39.272698173954737 ] ], [ [ -119.941542885499032, 39.272888179090558 ], [ -119.941249726907074, 39.272700304556103 ], [ -119.94123171898714, 39.272699831093995 ], [ -119.94160317260102, 39.272952822513794 ], [ -119.941542885499032, 39.272888179090558 ] ], [ [ -119.941800808492943, 39.273885879195937 ], [ -119.941044558886077, 39.274383435896752 ], [ -119.941044990262043, 39.274383965258423 ], [ -119.941318615352799, 39.274232445130252 ], [ -119.941394669350842, 39.274163469720882 ], [ -119.941372537199655, 39.274202585703797 ], [ -119.94144097640195, 39.27416468716217 ], [ -119.941800808492943, 39.273885879195937 ] ], [ [ -119.943035216706519, 39.27428380401669 ], [ -119.94303309207082, 39.274332650728155 ], [ -119.943058593950724, 39.27427927065574 ], [ -119.943035216706519, 39.27428380401669 ] ], [ [ -119.941837370671848, 39.274111048405217 ], [ -119.941812999049759, 39.274138433757138 ], [ -119.941848512398025, 39.274121350577133 ], [ -119.941836935637738, 39.274121046259317 ], [ -119.941837370671848, 39.274111048405217 ] ], [ [ -119.942055496400599, 39.273892573967906 ], [ -119.942032342950924, 39.273891965375249 ], [ -119.94184160921283, 39.274106285734732 ], [ -119.941855615065691, 39.274117933939728 ], [ -119.941919539044051, 39.274087184182385 ], [ -119.942055496400599, 39.273892573967906 ] ], [ [ -119.942835518148428, 39.273901063135519 ], [ -119.942493063412883, 39.273958124802 ], [ -119.942771688053938, 39.273947430367919 ], [ -119.942835518148428, 39.273901063135519 ] ], [ [ -119.942942501214219, 39.273710562887906 ], [ -119.942920785077035, 39.273717130944839 ], [ -119.942915735364878, 39.273680964798046 ], [ -119.942871422539611, 39.273874981550314 ], [ -119.94291530564837, 39.27384310404063 ], [ -119.942942501214219, 39.273710562887906 ] ], [ [ -119.944440941333696, 39.272874247180226 ], [ -119.944183008568487, 39.27321127798303 ], [ -119.944194543601355, 39.273210093348922 ], [ -119.944440941333696, 39.272874247180226 ] ], [ [ -119.94504636555466, 39.272277577660603 ], [ -119.944953158911318, 39.272502140979988 ], [ -119.944991455335312, 39.272474319855569 ], [ -119.945090495154872, 39.272254360867805 ], [ -119.94504636555466, 39.272277577660603 ] ], [ [ -119.945276606632561, 39.272156446370069 ], [ -119.945236781204571, 39.27217739884447 ], [ -119.945259435235855, 39.272175072044497 ], [ -119.945276606632561, 39.272156446370069 ] ], [ [ -119.945364560700909, 39.271889564485129 ], [ -119.945312510432245, 39.272117501768413 ], [ -119.945356739694944, 39.272069526516844 ], [ -119.945364560700909, 39.271889564485129 ] ], [ [ -119.942903111102012, 39.273590549430068 ], [ -119.942657752868044, 39.273369402397904 ], [ -119.942657035272958, 39.273385898871851 ], [ -119.942908665774581, 39.273630332192155 ], [ -119.942903111102012, 39.273590549430068 ] ], [ [ -119.942664178579534, 39.27322168396951 ], [ -119.942661340834604, 39.27328692002731 ], [ -119.942687233969878, 39.273224541947215 ], [ -119.942664178579534, 39.27322168396951 ] ], [ [ -119.941592767489297, 39.273339908519716 ], [ -119.941541857506706, 39.273351628129134 ], [ -119.941746226600372, 39.273542126651201 ], [ -119.941592767489297, 39.273339908519716 ] ], [ [ -119.941413638308092, 39.275103960303042 ], [ -119.941386653186754, 39.275111878390618 ], [ -119.941465013314883, 39.27521028881047 ], [ -119.941413638308092, 39.275103960303042 ] ], [ [ -119.941650244304796, 39.27521515846135 ], [ -119.94176062710801, 39.275152967579722 ], [ -119.941465013314883, 39.27521028881047 ], [ -119.941650244304796, 39.27521515846135 ] ], [ [ -119.937704396942365, 39.277994032184438 ], [ -119.937671458800182, 39.278749866465077 ], [ -119.937752098383982, 39.278357040450899 ], [ -119.937711082856381, 39.278372558854215 ], [ -119.937704396942365, 39.277994032184438 ] ], [ [ -119.937109389471857, 39.278987303078978 ], [ -119.937109994231278, 39.278987933206949 ], [ -119.937111374187822, 39.278987355333769 ], [ -119.937109389471857, 39.278987303078978 ] ], [ [ -119.934932111229145, 39.279902859044832 ], [ -119.934299852717572, 39.280048349023453 ], [ -119.934296895398973, 39.280060526623707 ], [ -119.934932111229145, 39.279902859044832 ] ], [ [ -119.93427793768511, 39.280138590284515 ], [ -119.934243334872789, 39.280281076470651 ], [ -119.934157395269153, 39.279594177673523 ], [ -119.934293957023684, 39.280714810904698 ], [ -119.93427793768511, 39.280138590284515 ] ], [ [ -119.934084772075437, 39.280727314709431 ], [ -119.934319510906136, 39.280719488034933 ], [ -119.934293957023684, 39.280714810904698 ], [ -119.934084772075437, 39.280727314709431 ] ], [ [ -119.931285256024537, 39.281662433341587 ], [ -119.930636108484563, 39.2816633241613 ], [ -119.930487593836318, 39.281698940334877 ], [ -119.931285256024537, 39.281662433341587 ] ], [ [ -119.930171520929832, 39.281774738879079 ], [ -119.929795608174871, 39.281864886473372 ], [ -119.930048565511896, 39.281846003756407 ], [ -119.930171520929832, 39.281774738879079 ] ], [ [ -119.929048147131368, 39.281927698428404 ], [ -119.928237896645911, 39.282042350297225 ], [ -119.928393490887117, 39.282054547861286 ], [ -119.929048147131368, 39.281927698428404 ] ], [ [ -119.941212818986045, 39.27248313349898 ], [ -119.941059363571995, 39.272280914783295 ], [ -119.94078527248476, 39.272453874902368 ], [ -119.941058580362409, 39.272298910913172 ], [ -119.941209686277944, 39.272555118025934 ], [ -119.941212818986045, 39.27248313349898 ] ], [ [ -119.940597786394292, 39.272724064859759 ], [ -119.940520831225456, 39.272620744209789 ], [ -119.940511180061108, 39.27262683431811 ], [ -119.940380954166216, 39.272551570723905 ], [ -119.940597786394292, 39.272724064859759 ] ], [ [ -119.94019487251245, 39.272438348387006 ], [ -119.94013295652168, 39.272394188655134 ], [ -119.940308406375266, 39.272586816318196 ], [ -119.940274703474159, 39.27249016329128 ], [ -119.940217242014725, 39.272456953441491 ], [ -119.940193505348176, 39.272433390788855 ], [ -119.94019487251245, 39.272438348387006 ] ], [ [ -119.94001345001378, 39.272262980868639 ], [ -119.9400083479009, 39.272249590050393 ], [ -119.939956230492427, 39.272197854304594 ], [ -119.939954080205027, 39.272197797745882 ], [ -119.94001345001378, 39.272262980868639 ] ], [ [ -119.939950611869989, 39.27219227682231 ], [ -119.939934335093795, 39.272176119220191 ], [ -119.939950540694937, 39.272193911652948 ], [ -119.939950611869989, 39.27219227682231 ] ], [ [ -119.939667061776163, 39.271910801464919 ], [ -119.939656038966973, 39.271899859252265 ], [ -119.939353887465984, 39.272055892379278 ], [ -119.939667061776163, 39.271910801464919 ] ], [ [ -119.940679130959225, 39.272736171899268 ], [ -119.940632855955968, 39.27275196324495 ], [ -119.940651151403998, 39.272766517547609 ], [ -119.940679130959225, 39.272736171899268 ] ], [ [ -119.937952961524232, 39.272289279049055 ], [ -119.938300254105883, 39.272298419312818 ], [ -119.938391853532167, 39.272258318562834 ], [ -119.937952961524232, 39.272289279049055 ] ], [ [ -119.934103633597033, 39.279232427138894 ], [ -119.933357960582413, 39.279320872963787 ], [ -119.934243348968835, 39.279218092504991 ], [ -119.934103633597033, 39.279232427138894 ] ], [ [ -119.933959767312786, 39.278080071840805 ], [ -119.933966291046332, 39.278129789664945 ], [ -119.933381927171183, 39.278240503768174 ], [ -119.934059694892582, 39.278114234648164 ], [ -119.933959767312786, 39.278080071840805 ] ], [ [ -119.933794421050337, 39.276755991579755 ], [ -119.933562093698839, 39.276767884640655 ], [ -119.933933346343807, 39.276759653116464 ], [ -119.933794421050337, 39.276755991579755 ] ], [ [ -119.933664152426303, 39.27549138976449 ], [ -119.933362367891007, 39.275501451733298 ], [ -119.933756767609509, 39.275493830845612 ], [ -119.933664152426303, 39.27549138976449 ] ], [ [ -119.933616293319503, 39.274463176848698 ], [ -119.933592991273983, 39.274447652287307 ], [ -119.933539766203197, 39.274623309967581 ], [ -119.933616293319503, 39.274463176848698 ] ], [ [ -119.932588434976495, 39.275712535228266 ], [ -119.932564928243949, 39.275714645226124 ], [ -119.932278441086339, 39.275905274566469 ], [ -119.932588434976495, 39.275712535228266 ] ], [ [ -119.930539116198375, 39.276453946563755 ], [ -119.929679776312156, 39.276899916700131 ], [ -119.929802472189138, 39.276866908286358 ], [ -119.930539116198375, 39.276453946563755 ] ], [ [ -119.929534397023872, 39.276939027336056 ], [ -119.92934115362938, 39.27695120902159 ], [ -119.929497536648441, 39.276948943655256 ], [ -119.929534397023872, 39.276939027336056 ] ], [ [ -119.92903407792501, 39.276970565800958 ], [ -119.929009726102592, 39.276972100803569 ], [ -119.928959807907916, 39.277020328900264 ], [ -119.92903407792501, 39.276970565800958 ] ], [ [ -119.929887423299235, 39.279697767762599 ], [ -119.929234362207154, 39.279788631030605 ], [ -119.929170756335566, 39.279829536883568 ], [ -119.929887423299235, 39.279697767762599 ] ], [ [ -119.928963139166413, 39.280159821326635 ], [ -119.92887469948522, 39.280213252441747 ], [ -119.929081907268994, 39.280148132784966 ], [ -119.928963139166413, 39.280159821326635 ] ], [ [ -119.94580823612884, 39.273414618886463 ], [ -119.94582692120963, 39.273435409966588 ], [ -119.945934168901985, 39.273183707307048 ], [ -119.94580823612884, 39.273414618886463 ] ], [ [ -119.942689586525475, 39.274870560260446 ], [ -119.942672114840192, 39.274880045401794 ], [ -119.942684673009794, 39.274882013313118 ], [ -119.942689586525475, 39.274870560260446 ] ], [ [ -119.943924606429377, 39.274620318743942 ], [ -119.943914172481612, 39.274860267682605 ], [ -119.943945934241626, 39.274662918035773 ], [ -119.943946716778399, 39.27464492186467 ], [ -119.944002518218781, 39.274661026286829 ], [ -119.944050901618553, 39.27465940868246 ], [ -119.944251627728178, 39.274562847506608 ], [ -119.94401617799717, 39.274646746516012 ], [ -119.943924606429377, 39.274620318743942 ] ], [ [ -119.94454182096392, 39.274026012642977 ], [ -119.944431699127406, 39.274153192389399 ], [ -119.94455216127443, 39.274048255840334 ], [ -119.94454182096392, 39.274026012642977 ] ], [ [ -119.943584950232051, 39.274663730078707 ], [ -119.943622564507535, 39.274636406278134 ], [ -119.943575474420172, 39.274653185857154 ], [ -119.943565071504736, 39.274625887460488 ], [ -119.943507578520951, 39.274615368615081 ], [ -119.943584950232051, 39.274663730078707 ] ], [ [ -119.94374720579296, 39.275288282894948 ], [ -119.943733313425469, 39.275287917930946 ], [ -119.943734096034049, 39.275269921765329 ], [ -119.94374155314523, 39.275276123245128 ], [ -119.943717873154327, 39.275225184169066 ], [ -119.943688570775848, 39.275250709042574 ], [ -119.943688112681073, 39.274728211956116 ], [ -119.943666199468723, 39.275232104592568 ], [ -119.943755684768064, 39.275306522369355 ], [ -119.94374720579296, 39.275288282894948 ] ], [ [ -119.943909836828496, 39.274616056193551 ], [ -119.943878820672836, 39.27460710483183 ], [ -119.943688112681073, 39.274728211956116 ], [ -119.943909836828496, 39.274616056193551 ] ], [ [ -119.944182307529076, 39.275624013614831 ], [ -119.944436219857579, 39.275648699600545 ], [ -119.944030429759778, 39.275598404058762 ], [ -119.944089691271074, 39.275621580818985 ], [ -119.943982967223747, 39.27564227743219 ], [ -119.94403361711062, 39.275648555317666 ], [ -119.944178163481965, 39.275642158551037 ], [ -119.944182307529076, 39.275624013614831 ] ], [ [ -119.942130684177968, 39.276339212472088 ], [ -119.942375174491559, 39.276135049754089 ], [ -119.942375383286205, 39.276130250783396 ], [ -119.942352803282404, 39.276116445056346 ], [ -119.942130684177968, 39.276339212472088 ] ], [ [ -119.943030207305412, 39.276530615099489 ], [ -119.94238359419883, 39.276135271046755 ], [ -119.942375174491559, 39.276135049754089 ], [ -119.943030207305412, 39.276530615099489 ] ], [ [ -119.943696439461419, 39.281821012285121 ], [ -119.943614404124801, 39.281752795718944 ], [ -119.943613621305175, 39.281770791862485 ], [ -119.943696439461419, 39.281821012285121 ] ], [ [ -119.944351198983156, 39.280756846301458 ], [ -119.944377634385035, 39.280727876201063 ], [ -119.944355992894756, 39.280299647816285 ], [ -119.944351198983156, 39.280756846301458 ] ], [ [ -119.944344739357106, 39.280076969048039 ], [ -119.944340253688353, 39.279988208978018 ], [ -119.944302095794782, 39.279954708188356 ], [ -119.944344739357106, 39.280076969048039 ] ], [ [ -119.944229034359196, 39.278814200914503 ], [ -119.94419309533329, 39.278602796096678 ], [ -119.944143969332799, 39.278612024818287 ], [ -119.944191332596532, 39.278615026673641 ], [ -119.944229034359196, 39.278814200914503 ] ], [ [ -119.944212740320495, 39.278599105618348 ], [ -119.944453102635933, 39.278623288338281 ], [ -119.944354200510986, 39.278601287980678 ], [ -119.944407599725153, 39.278562499414576 ], [ -119.944212740320495, 39.278599105618348 ] ], [ [ -119.944473888322989, 39.278514348053534 ], [ -119.94449782584995, 39.278496960051783 ], [ -119.944507215830967, 39.278281006024891 ], [ -119.944485704132489, 39.278242605908304 ], [ -119.944473888322989, 39.278514348053534 ] ], [ [ -119.944347017241313, 39.277700263248498 ], [ -119.94436616705508, 39.277686352859028 ], [ -119.943809059816985, 39.277655339776814 ], [ -119.943768148637915, 39.277685057218342 ], [ -119.944347017241313, 39.277700263248498 ] ], [ [ -119.944502872702685, 39.277693962587279 ], [ -119.94490133876954, 39.277727451532257 ], [ -119.944868470683474, 39.277436501045642 ], [ -119.944856421974677, 39.277713642178682 ], [ -119.944502872702685, 39.277693962587279 ] ], [ [ -119.944685585508765, 39.276844352843483 ], [ -119.944850796338642, 39.276776624750269 ], [ -119.944603084605347, 39.276846189811948 ], [ -119.944685585508765, 39.276844352843483 ] ], [ [ -119.944412029879715, 39.27685044361872 ], [ -119.944117918075875, 39.276765565349351 ], [ -119.944314331439443, 39.27685261873912 ], [ -119.944412029879715, 39.27685044361872 ] ], [ [ -119.943943226140703, 39.276688138776493 ], [ -119.943941362401318, 39.276679364254129 ], [ -119.943912971932193, 39.276674729530086 ], [ -119.943943226140703, 39.276688138776493 ] ], [ [ -119.942000203706343, 39.276448170043672 ], [ -119.941754370251488, 39.276551132853953 ], [ -119.941894079289938, 39.2765367887474 ], [ -119.942000203706343, 39.276448170043672 ] ], [ [ -119.941678176260908, 39.276703976195058 ], [ -119.941570262887495, 39.276771696788813 ], [ -119.941723384335518, 39.276730485443721 ], [ -119.941734018576327, 39.276668932486103 ], [ -119.941685774775678, 39.276699207769376 ], [ -119.941701013127783, 39.276711880621527 ], [ -119.941677858757842, 39.276711271922053 ], [ -119.941678176260908, 39.276703976195058 ] ], [ [ -119.943793384120397, 39.27550569673032 ], [ -119.943860472443021, 39.275531934700126 ], [ -119.943781121718075, 39.275361240789344 ], [ -119.943793384120397, 39.27550569673032 ] ], [ [ -119.94625713363574, 39.278020669667967 ], [ -119.946027930965926, 39.277960602770328 ], [ -119.94639137101089, 39.278132293643374 ], [ -119.94625713363574, 39.278020669667967 ] ], [ [ -119.94522376917358, 39.277795355644386 ], [ -119.945425122204128, 39.277962793228312 ], [ -119.945484740645739, 39.277962576728967 ], [ -119.94522376917358, 39.277795355644386 ] ], [ [ -119.945569838222568, 39.277299974043856 ], [ -119.945326870963356, 39.27702334367887 ], [ -119.945552665823769, 39.27731575375968 ], [ -119.945569838222568, 39.277299974043856 ] ], [ [ -119.945134908232262, 39.276639951802181 ], [ -119.944950455222312, 39.276617091365772 ], [ -119.945143344010802, 39.276667644366768 ], [ -119.945134908232262, 39.276639951802181 ] ], [ [ -119.944994568243217, 39.277735286770927 ], [ -119.94516503775472, 39.277653282976608 ], [ -119.944915795918575, 39.277728666552299 ], [ -119.944994568243217, 39.277735286770927 ] ], [ [ -119.945017091123049, 39.278816881614254 ], [ -119.944989125186908, 39.278793626309842 ], [ -119.944976374040635, 39.278820316537562 ], [ -119.945017091123049, 39.278816881614254 ] ], [ [ -119.944949972907295, 39.278761068873408 ], [ -119.94490522748923, 39.278723860360074 ], [ -119.944767470549692, 39.278693217503225 ], [ -119.944858134869889, 39.278740640352844 ], [ -119.944854222775035, 39.278830621220962 ], [ -119.944904445084177, 39.278741856534666 ], [ -119.944949972907295, 39.278761068873408 ] ], [ [ -119.943668095679982, 39.277647492149917 ], [ -119.943721839168589, 39.277683840611829 ], [ -119.943723286384298, 39.277650564696977 ], [ -119.943668095679982, 39.277647492149917 ] ], [ [ -119.943588389758048, 39.277554217590762 ], [ -119.943419518591256, 39.277479370623901 ], [ -119.943615083450212, 39.277611638202515 ], [ -119.943588389758048, 39.277554217590762 ] ], [ [ -119.943156278982713, 39.277362696948309 ], [ -119.943009856783405, 39.277355591088927 ], [ -119.94329488028778, 39.277424128263277 ], [ -119.943156278982713, 39.277362696948309 ] ], [ [ -119.942416281570317, 39.277326783026105 ], [ -119.942418031954972, 39.277343075860848 ], [ -119.942574074370171, 39.277334441501679 ], [ -119.942416281570317, 39.277326783026105 ] ], [ [ -119.942346650872182, 39.277323403430849 ], [ -119.942288260940046, 39.27738672891924 ], [ -119.942413195600423, 39.277326633246368 ], [ -119.942346650872182, 39.277323403430849 ] ], [ [ -119.942303771576888, 39.277598532726429 ], [ -119.942211660424533, 39.277442369037601 ], [ -119.941919687739656, 39.277546397977225 ], [ -119.942201458902687, 39.277463720954991 ], [ -119.942303771576888, 39.277598532726429 ] ], [ [ -119.941327179422132, 39.277844612314844 ], [ -119.941326722499525, 39.277855110049877 ], [ -119.941765879473948, 39.277884672284891 ], [ -119.941327179422132, 39.277844612314844 ] ], [ [ -119.940942740138922, 39.277809505785456 ], [ -119.940941330717607, 39.27781111683457 ], [ -119.941013822613812, 39.277815997048798 ], [ -119.940942740138922, 39.277809505785456 ] ], [ [ -119.94084595706903, 39.277716351758727 ], [ -119.940605792019994, 39.277908219885177 ], [ -119.940864720885514, 39.277735901310237 ], [ -119.94084595706903, 39.277716351758727 ] ], [ [ -119.93856109364711, 39.278068244447965 ], [ -119.938652172499957, 39.278055010309167 ], [ -119.938914713927488, 39.2778817517978 ], [ -119.93856109364711, 39.278068244447965 ] ], [ [ -119.938225978020569, 39.278259994560806 ], [ -119.938279708921826, 39.278216639913545 ], [ -119.937775842031428, 39.278482363703347 ], [ -119.938651388513662, 39.27807300638063 ], [ -119.938225978020569, 39.278259994560806 ] ], [ [ -119.943705859395152, 39.278584256748985 ], [ -119.943857569710701, 39.278593872566447 ], [ -119.94367164441492, 39.278559857790526 ], [ -119.943705859395152, 39.278584256748985 ] ], [ [ -119.943157184492975, 39.278407690368837 ], [ -119.943368997701683, 39.278364309164523 ], [ -119.943365948721919, 39.278359633119138 ], [ -119.943157184492975, 39.278407690368837 ] ], [ [ -119.943085649596469, 39.278004701655888 ], [ -119.943355367093062, 39.278343404676633 ], [ -119.943150469208845, 39.27802916285917 ], [ -119.943085649596469, 39.278004701655888 ] ], [ [ -119.942658288046886, 39.277619861307045 ], [ -119.942699508322463, 39.277738053250296 ], [ -119.942659070995404, 39.277601865166744 ], [ -119.942423235413997, 39.27775594290538 ], [ -119.942508398071112, 39.27786815603784 ], [ -119.94244363182753, 39.277758353546389 ], [ -119.942658288046886, 39.277619861307045 ] ], [ [ -119.942364372341046, 39.277678382739438 ], [ -119.942371980238633, 39.277688407198006 ], [ -119.942449112863798, 39.277632380590994 ], [ -119.942364372341046, 39.277678382739438 ] ], [ [ -119.940408382891817, 39.281745043927152 ], [ -119.940402042213776, 39.281783096989834 ], [ -119.940413386677179, 39.281772471774012 ], [ -119.940408382891817, 39.281745043927152 ] ], [ [ -119.940358025188118, 39.281469011231991 ], [ -119.940350188706844, 39.281648972125168 ], [ -119.940395455787282, 39.281674184961091 ], [ -119.940358025188118, 39.281469011231991 ] ], [ [ -119.938677939893537, 39.283316563751654 ], [ -119.938524886010214, 39.28363683631698 ], [ -119.93871823866354, 39.283295188363766 ], [ -119.938677939893537, 39.283316563751654 ] ], [ [ -119.93901297207411, 39.283138854188167 ], [ -119.938915254526719, 39.283190686251196 ], [ -119.939009971069794, 39.283145134055275 ], [ -119.93901297207411, 39.283138854188167 ] ], [ [ -119.940285801715021, 39.282138877159447 ], [ -119.940014676471847, 39.282432881980888 ], [ -119.940254859339575, 39.282241015876629 ], [ -119.940285801715021, 39.282138877159447 ] ], [ [ -119.931564704387768, 39.286234026541983 ], [ -119.932441292503967, 39.285980890100547 ], [ -119.931878445922024, 39.286128196373866 ], [ -119.931564704387768, 39.286234026541983 ] ], [ [ -119.932725464992089, 39.285844250089859 ], [ -119.933080679085919, 39.285673449034299 ], [ -119.932703879260089, 39.285807647593273 ], [ -119.932725464992089, 39.285844250089859 ] ], [ [ -119.933535589357675, 39.285343124939033 ], [ -119.933702523710565, 39.28517824780095 ], [ -119.933080679085919, 39.285673449034299 ], [ -119.933535589357675, 39.285343124939033 ] ], [ [ -119.933914851346117, 39.284968535254507 ], [ -119.934068605038931, 39.284816674167857 ], [ -119.93423807564217, 39.284564574047408 ], [ -119.933914851346117, 39.284968535254507 ] ], [ [ -119.934504338952721, 39.283953390460695 ], [ -119.93431942179086, 39.283850384007017 ], [ -119.934499963030916, 39.283963241817879 ], [ -119.934302897814646, 39.284468145670999 ], [ -119.934366119262151, 39.284374098199073 ], [ -119.934504338952721, 39.283953390460695 ] ], [ [ -119.934626750235637, 39.282651365418182 ], [ -119.934599668304543, 39.282740735179843 ], [ -119.934597483250627, 39.282593455601024 ], [ -119.934576512103646, 39.282740124990475 ], [ -119.934575857803864, 39.282755121647405 ], [ -119.934622824506107, 39.282741345364641 ], [ -119.934626750235637, 39.282651365418182 ] ], [ [ -119.934480887301305, 39.282266618231489 ], [ -119.934474859323331, 39.282206916324178 ], [ -119.934452559325194, 39.282267442267361 ], [ -119.934480887301305, 39.282266618231489 ] ], [ [ -119.934375501119362, 39.281222849271373 ], [ -119.934367833444412, 39.281146906029839 ], [ -119.93436695012953, 39.281167151518282 ], [ -119.934375501119362, 39.281222849271373 ] ], [ [ -119.93438029790417, 39.280861219683786 ], [ -119.934408949524212, 39.280735857947541 ], [ -119.934385951018044, 39.280731648547857 ], [ -119.93438029790417, 39.280861219683786 ] ], [ [ -119.934442704678887, 39.282294189395806 ], [ -119.934432478150555, 39.282321945848544 ], [ -119.934553355903518, 39.282739514796496 ], [ -119.934341024032051, 39.282824002765246 ], [ -119.934574858512121, 39.282755414759585 ], [ -119.934534910719179, 39.282630928671274 ], [ -119.934549090343978, 39.28264873781923 ], [ -119.934442704678887, 39.282294189395806 ] ], [ [ -119.927359103497238, 39.286368076789039 ], [ -119.927322320524894, 39.286404305561597 ], [ -119.926951345335539, 39.286935005248253 ], [ -119.927359103497238, 39.286368076789039 ] ], [ [ -119.928519236949711, 39.285395046126617 ], [ -119.928478717745151, 39.285407896101844 ], [ -119.927928008575563, 39.285807736742811 ], [ -119.928519236949711, 39.285395046126617 ] ], [ [ -119.929244941003901, 39.285213821662943 ], [ -119.929160495532386, 39.285191679339512 ], [ -119.928683251499407, 39.285343031511161 ], [ -119.929244941003901, 39.285213821662943 ] ], [ [ -119.929516848401803, 39.285525385667668 ], [ -119.929389704801551, 39.285251779793683 ], [ -119.929349256076577, 39.285241173862943 ], [ -119.929516848401803, 39.285525385667668 ] ], [ [ -119.93114727404479, 39.285352209713466 ], [ -119.931530796548302, 39.285206940606194 ], [ -119.931022369457239, 39.285373828185655 ], [ -119.93114727404479, 39.285352209713466 ] ], [ [ -119.933103872903033, 39.284611077119941 ], [ -119.932280027248709, 39.284895637538916 ], [ -119.932224112138201, 39.284944324479348 ], [ -119.933103872903033, 39.284611077119941 ] ], [ [ -119.931383880418267, 39.285931576010526 ], [ -119.931255377886501, 39.285901020977221 ], [ -119.931376847135155, 39.285934799035317 ], [ -119.931383880418267, 39.285931576010526 ] ], [ [ -119.931228425461242, 39.285584890272887 ], [ -119.931624925022703, 39.285562992987494 ], [ -119.931253625968466, 39.285571215280243 ], [ -119.931228425461242, 39.285584890272887 ] ], [ [ -119.932063749123969, 39.285227579445106 ], [ -119.932091812438742, 39.285223982216351 ], [ -119.932080626890325, 39.285214678887549 ], [ -119.932063749123969, 39.285227579445106 ] ] ], [ [ [ -119.941506996525376, 39.256131665637639 ], [ -119.941483848930503, 39.256131057164843 ], [ -119.941484631581233, 39.256113060977775 ], [ -119.941506996525376, 39.256131665637639 ] ] ], [ [ [ -119.946079780752811, 39.270899403711539 ], [ -119.946239503094887, 39.270957646524337 ], [ -119.946237157549589, 39.271011635187357 ], [ -119.946079780752811, 39.270899403711539 ] ] ], [ [ [ -119.940171286307105, 39.27191524315667 ], [ -119.940172069732967, 39.271897247040499 ], [ -119.940194439065905, 39.271915852093883 ], [ -119.940171286307105, 39.27191524315667 ] ] ], [ [ [ -119.946072134829478, 39.2721423581783 ], [ -119.946093723954846, 39.272178958375086 ], [ -119.945957933937862, 39.272103326849368 ], [ -119.945961061737293, 39.272031341997547 ], [ -119.946072134829478, 39.2721423581783 ] ] ], [ [ [ -119.946361395605663, 39.272420202076567 ], [ -119.946362177462191, 39.272402205857915 ], [ -119.946384548664554, 39.27242080978953 ], [ -119.946361395605663, 39.272420202076567 ] ] ], [ [ [ -119.940217242014725, 39.272456953441491 ], [ -119.940194089077337, 39.27245634450184 ], [ -119.94019487251245, 39.272438348387006 ], [ -119.940217242014725, 39.272456953441491 ] ] ], [ [ [ -119.943710942094754, 39.275269313488685 ], [ -119.94371172470855, 39.275251317323409 ], [ -119.943734096034049, 39.275269921765329 ], [ -119.943710942094754, 39.275269313488685 ] ] ], [ [ [ -119.942352803282404, 39.276116445056346 ], [ -119.942375174491559, 39.276135049754089 ], [ -119.94235202029688, 39.276134441196106 ], [ -119.942352803282404, 39.276116445056346 ] ] ], [ [ [ -119.941700229958968, 39.276729876748469 ], [ -119.941701013127783, 39.276711880621527 ], [ -119.941723384335518, 39.276730485443721 ], [ -119.941700229958968, 39.276729876748469 ] ] ], [ [ [ -119.943587607048642, 39.277572213746851 ], [ -119.943564452354664, 39.277571605411438 ], [ -119.943565235069983, 39.277553609255747 ], [ -119.943587607048642, 39.277572213746851 ] ] ], [ [ [ -119.939749405221008, 39.271489761957476 ], [ -119.939750188742948, 39.271471765847096 ], [ -119.939772557830679, 39.271490370973083 ], [ -119.939749405221008, 39.271489761957476 ] ] ], [ [ [ -119.940126547666239, 39.271878033037673 ], [ -119.940127331102531, 39.271860036922142 ], [ -119.940149700411851, 39.271878641983292 ], [ -119.940126547666239, 39.271878033037673 ] ] ], [ [ [ -119.940149700411851, 39.271878641983292 ], [ -119.940172069732967, 39.271897247040499 ], [ -119.940148916980775, 39.271896638099093 ], [ -119.940149700411851, 39.271878641983292 ] ] ], [ [ [ -119.922815444049888, 39.28767245275894 ], [ -119.922816232356809, 39.287654456984498 ], [ -119.922838601619375, 39.287673065351157 ], [ -119.922815444049888, 39.28767245275894 ] ] ], [ [ [ -119.92283781331767, 39.287691061125869 ], [ -119.922838601619375, 39.287673065351157 ], [ -119.922860970893737, 39.287691673713866 ], [ -119.92283781331767, 39.287691061125869 ] ] ], [ [ [ -119.922860970893737, 39.287691673713866 ], [ -119.922883340179908, 39.287710282072695 ], [ -119.922860182597233, 39.287709669488905 ], [ -119.922860970893737, 39.287691673713866 ] ] ], [ [ [ -119.92288255188862, 39.287728277848089 ], [ -119.922883340179908, 39.287710282072695 ], [ -119.922905709477917, 39.287728890427687 ], [ -119.92288255188862, 39.287728277848089 ] ] ], [ [ [ -119.922904921191815, 39.287746886203372 ], [ -119.922905709477917, 39.287728890427687 ], [ -119.922928078787734, 39.287747498778742 ], [ -119.922904921191815, 39.287746886203372 ] ] ] ] } }
]
}
