{
"type": "FeatureCollection",
"name": "X03858",
"crs": { "type": "name", "properties": { "name": "urn:ogc:def:crs:OGC:1.3:CRS84" } },
"features": [
{ "type": "Feature", "properties": { "part": "direct", "crossing_id": "X03858", "area_ac": 1117.1, "n_upstream": null }, "geometry": { "type": "MultiPolygon", "coordinates": [ [ [ [ -120.052705707188551, 39.258695199202563 ], [ -120.052722069455854, 39.258857767746704 ], [ -120.052786242138183, 39.258985513039669 ], [ -120.052630974657802, 39.258819426086902 ], [ -120.052705707188551, 39.258695199202563 ] ] ], [ [ [ -120.052637009090901, 39.258675441967576 ], [ -120.052659405588244, 39.258694026393968 ], [ -120.052636254789121, 39.258693439982771 ], [ -120.052637009090901, 39.258675441967576 ] ] ], [ [ [ -120.045765524074994, 39.254537420087537 ], [ -120.045787917422189, 39.254556005729647 ], [ -120.045764768127427, 39.25455541800401 ], [ -120.045765524074994, 39.254537420087537 ] ] ], [ [ [ -120.064763189848676, 39.254657847668426 ], [ -120.064785588485108, 39.254676429843165 ], [ -120.064762438754911, 39.254675845892223 ], [ -120.064763189848676, 39.254657847668426 ] ] ], [ [ [ -120.064649694603148, 39.254600933180477 ], [ -120.064695994010265, 39.254602101120739 ], [ -120.064763189848676, 39.254657847668426 ], [ -120.064649694603148, 39.254600933180477 ] ] ], [ [ [ -120.064628047152937, 39.254564352759751 ], [ -120.064650445723757, 39.254582934958307 ], [ -120.064627296027112, 39.254582350981657 ], [ -120.064628047152937, 39.254564352759751 ] ] ], [ [ [ -120.064605648593897, 39.254545770557307 ], [ -120.064628047152937, 39.254564352759751 ], [ -120.064604897462857, 39.254563768778887 ], [ -120.064605648593897, 39.254545770557307 ] ] ], [ [ [ -120.064583250046724, 39.254527188350934 ], [ -120.064605648593897, 39.254545770557307 ], [ -120.06458249891044, 39.254545186572216 ], [ -120.064583250046724, 39.254527188350934 ] ] ], [ [ [ -120.064560851511331, 39.254508606140625 ], [ -120.064583250046724, 39.254527188350934 ], [ -120.064560100369803, 39.254526604361615 ], [ -120.064560851511331, 39.254508606140625 ] ] ], [ [ [ -120.064538452987719, 39.254490023926429 ], [ -120.064560851511331, 39.254508606140625 ], [ -120.064537701840976, 39.254508022147085 ], [ -120.064538452987719, 39.254490023926429 ] ] ], [ [ [ -120.064516054475931, 39.254471441708283 ], [ -120.064538452987719, 39.254490023926429 ], [ -120.064515303323986, 39.254489439928662 ], [ -120.064516054475931, 39.254471441708283 ] ] ], [ [ [ -120.058778723185029, 39.254236477862712 ], [ -120.058801120039718, 39.254255061126379 ], [ -120.058777970572507, 39.254254475991118 ], [ -120.058778723185029, 39.254236477862712 ] ] ], [ [ [ -120.058802625252255, 39.254219064868821 ], [ -120.058825022108337, 39.254237648127912 ], [ -120.058801872646328, 39.254237062997618 ], [ -120.058802625252255, 39.254219064868821 ] ] ], [ [ [ -120.048652554042732, 39.243169803534251 ], [ -120.048674944756598, 39.243188388543125 ], [ -120.04865179913854, 39.243187801532748 ], [ -120.048652554042732, 39.243169803534251 ] ] ], [ [ [ -120.041514883038488, 39.238790570429551 ], [ -120.041620767559678, 39.239027484920349 ], [ -120.041920127937175, 39.239071128990048 ], [ -120.042093177395401, 39.239363801703874 ], [ -120.042505235295707, 39.239482377251328 ], [ -120.04291048817575, 39.239762932634477 ], [ -120.042906706769045, 39.239852922212584 ], [ -120.043211365072381, 39.23977057768802 ], [ -120.043292599835269, 39.240042898680805 ], [ -120.043689080313001, 39.239980902960369 ], [ -120.043980886185125, 39.24020452122484 ], [ -120.044468433456117, 39.240180870310468 ], [ -120.044587179623207, 39.240111817518354 ], [ -120.044814845860245, 39.240207684837152 ], [ -120.045061122859607, 39.240412127117935 ], [ -120.045117709248998, 39.24071985531014 ], [ -120.045413301164018, 39.240853480490372 ], [ -120.045477445937266, 39.240981229029089 ], [ -120.045420576864146, 39.241232025123345 ], [ -120.04607440263365, 39.241663017603386 ], [ -120.046113137622385, 39.241844172223381 ], [ -120.046204207131751, 39.241882518114018 ], [ -120.046299809567785, 39.24181287615086 ], [ -120.046366223111804, 39.241886630381103 ], [ -120.046712644958006, 39.241913439595294 ], [ -120.047030634954339, 39.242065646302571 ], [ -120.047204467998057, 39.242340314394163 ], [ -120.04743516592869, 39.242364185043144 ], [ -120.047476925471955, 39.242473347413267 ], [ -120.048068889542762, 39.242722587911111 ], [ -120.048054543641527, 39.243064549717616 ], [ -120.048261343748763, 39.2431058296849 ], [ -120.048427892596536, 39.243001951225693 ], [ -120.048518964942133, 39.243040295402047 ], [ -120.048536071058351, 39.243184866412044 ], [ -120.048764507730041, 39.243262728539541 ], [ -120.048971054824051, 39.243862532310935 ], [ -120.048944889585002, 39.243933937355294 ], [ -120.048879981172831, 39.243824188443462 ], [ -120.048601476307354, 39.243835142405693 ], [ -120.048552164858165, 39.243905960314208 ], [ -120.04875519326076, 39.244037229485173 ], [ -120.048793181238992, 39.244236381458322 ], [ -120.04897532958023, 39.244313069293817 ], [ -120.04915470722618, 39.245560800801364 ], [ -120.049262891139463, 39.245743715463483 ], [ -120.049204520852768, 39.246030509595464 ], [ -120.049295344577985, 39.246627378209276 ], [ -120.049597007292277, 39.246617009876232 ], [ -120.049566312885005, 39.246796403031411 ], [ -120.04963424385538, 39.246834159644614 ], [ -120.049581157287705, 39.246994967928643 ], [ -120.049353462569442, 39.246899108954644 ], [ -120.049257855766811, 39.246968753227378 ], [ -120.049166778027953, 39.246930409443223 ], [ -120.04914136652873, 39.246983816468401 ], [ -120.048652262263246, 39.247043481187994 ], [ -120.048619300141482, 39.247276867939753 ], [ -120.048728994988537, 39.247423787127452 ], [ -120.048719934957347, 39.247639762962045 ], [ -120.04812513654872, 39.248561567034379 ], [ -120.048187026979704, 39.248743308307041 ], [ -120.048110032744574, 39.248921526486704 ], [ -120.048243631555636, 39.249051035371636 ], [ -120.048166637075497, 39.249229253573219 ], [ -120.04825065768145, 39.249988104275523 ], [ -120.048463257683977, 39.250443925160972 ], [ -120.048644666186973, 39.250538612016136 ], [ -120.048900049638959, 39.250527071919279 ], [ -120.048963453563033, 39.250672816907667 ], [ -120.04919115960071, 39.250768677036014 ], [ -120.04925003456502, 39.251022409796519 ], [ -120.049154421800409, 39.251092053724093 ], [ -120.04940452278008, 39.251206498484734 ], [ -120.04937080537816, 39.251457883309982 ], [ -120.049251288760274, 39.251544938301926 ], [ -120.049315193607868, 39.252231209591827 ], [ -120.049583163061456, 39.252472226989688 ], [ -120.04963977576773, 39.25277995354999 ], [ -120.049927123015237, 39.253111547128185 ], [ -120.049919574531657, 39.253291527009381 ], [ -120.050204660717668, 39.253677113974412 ], [ -120.050199377176654, 39.253803099911245 ], [ -120.051115291532284, 39.254619068572516 ], [ -120.05141547963656, 39.254644692839825 ], [ -120.051384030527487, 39.254842084309928 ], [ -120.051651262308866, 39.255101095504259 ], [ -120.051795203318136, 39.255537153634002 ], [ -120.052469563194975, 39.255482169315663 ], [ -120.052858583897191, 39.255600125737317 ], [ -120.053323841883767, 39.25555785732832 ], [ -120.053598623424236, 39.255636884013228 ], [ -120.053694238480475, 39.255567236546121 ], [ -120.053879436843673, 39.255571925713966 ], [ -120.053910125554637, 39.255392531382803 ], [ -120.054073681441153, 39.255360638007829 ], [ -120.054007247692468, 39.255286887537061 ], [ -120.054177587625176, 39.255093011555516 ], [ -120.05415896087078, 39.254984437184305 ], [ -120.05462572168824, 39.254906167265815 ], [ -120.054563056266133, 39.254742426807695 ], [ -120.054293553316938, 39.254537416100625 ], [ -120.054542921559189, 39.254669848590595 ], [ -120.054672020879053, 39.254907339198617 ], [ -120.05494981608048, 39.25491437040953 ], [ -120.054943787184911, 39.255058354921864 ], [ -120.055082685105432, 39.255061870297141 ], [ -120.055085699416949, 39.254989878032582 ], [ -120.055296306697926, 39.25494115656273 ], [ -120.056553719549655, 39.255351330594102 ], [ -120.056936165913029, 39.255072729971459 ], [ -120.057382787203636, 39.254921870974115 ], [ -120.057673382624344, 39.254622927872703 ], [ -120.057953435953351, 39.254575957540567 ], [ -120.058049798215293, 39.254488308147309 ], [ -120.058468747933759, 39.254444848168788 ], [ -120.058731671640075, 39.254253305706797 ], [ -120.058773454883251, 39.254362464759865 ], [ -120.058491144765696, 39.254463431490983 ], [ -120.058176650995122, 39.254779789656162 ], [ -120.058140703899539, 39.255085172362655 ], [ -120.057877022541732, 39.255294711396125 ], [ -120.0578649765188, 39.255582681155936 ], [ -120.058006887219122, 39.255514200639048 ], [ -120.05890747462692, 39.255591018475862 ], [ -120.060112775426916, 39.255585442649078 ], [ -120.060162084469141, 39.25551461983062 ], [ -120.060509333196023, 39.255523392484619 ], [ -120.061794609810221, 39.255267579263489 ], [ -120.064380024060384, 39.254954473528386 ], [ -120.064755678880729, 39.254837829903209 ], [ -120.064785588485108, 39.254676429843165 ], [ -120.06498867882506, 39.254807672785503 ], [ -120.065028970136851, 39.254952826415888 ], [ -120.065126826499863, 39.254829174391432 ], [ -120.066023035936567, 39.254455397248378 ], [ -120.066393430959181, 39.254464735859365 ], [ -120.066968420898661, 39.25456931638373 ], [ -120.066966169313829, 39.254623311162476 ], [ -120.067155119803815, 39.254537987818729 ], [ -120.067168513335218, 39.254772548707798 ], [ -120.067261112587005, 39.254774882575731 ], [ -120.067313415764346, 39.254632063363836 ], [ -120.067704710900202, 39.25469597608955 ], [ -120.06789623806992, 39.252881066953719 ], [ -120.067756701940723, 39.252337035335351 ], [ -120.067623810206285, 39.252189549058905 ], [ -120.067657463176687, 39.251938156511791 ], [ -120.067537327547996, 39.251484699426328 ], [ -120.067403687459162, 39.251355211235349 ], [ -120.067394044707896, 39.251030658861744 ], [ -120.06767707954279, 39.250911671176667 ], [ -120.067790571654427, 39.250968582608678 ], [ -120.068287193143263, 39.250728854918243 ], [ -120.068821108842712, 39.250706270788612 ], [ -120.069650706897136, 39.250817250893384 ], [ -120.069886690638441, 39.250715090092122 ], [ -120.070301865210425, 39.250761577942171 ], [ -120.070499046028345, 39.250478266965942 ], [ -120.071018054458719, 39.250257108206469 ], [ -120.070999402337534, 39.250148535519997 ], [ -120.071113645498997, 39.250187445430903 ], [ -120.071326476771517, 39.250084698901546 ], [ -120.071377269164046, 39.249977874007293 ], [ -120.071774536619344, 39.249897785452958 ], [ -120.072130001158342, 39.249708540509722 ], [ -120.072160640096683, 39.249529139348439 ], [ -120.072322677450444, 39.249533216169993 ], [ -120.072222594161275, 39.24971087018281 ], [ -120.072306947794345, 39.249911181748224 ], [ -120.072468237051169, 39.249933256761992 ], [ -120.072510039785953, 39.25004241165815 ], [ -120.072804228368469, 39.250211967206404 ], [ -120.073013313121123, 39.250199209346796 ], [ -120.073353800612594, 39.250369928082428 ], [ -120.073463553033264, 39.250516826004322 ], [ -120.07396234026541, 39.250781610069296 ], [ -120.07406835150347, 39.251018499406293 ], [ -120.074776232446325, 39.251270520158009 ], [ -120.075135388307928, 39.251549806319154 ], [ -120.075432582866171, 39.251647362044061 ], [ -120.075428841430323, 39.251737354068666 ], [ -120.075590884339746, 39.251741426533819 ], [ -120.075655093685782, 39.251869160664683 ], [ -120.075751430868266, 39.251781495593626 ], [ -120.075866427727789, 39.251802402613997 ], [ -120.075882094981637, 39.251982968438568 ], [ -120.076020989442824, 39.25198645861439 ], [ -120.076383146203767, 39.252193747551068 ], [ -120.076490663641536, 39.252394638179275 ], [ -120.076977545378654, 39.252388852209783 ], [ -120.077020104341315, 39.252480007335713 ], [ -120.077205298457301, 39.252484659106138 ], [ -120.077362108634659, 39.25261471819762 ], [ -120.078037924867374, 39.252523586878866 ], [ -120.078127531579554, 39.252597905776206 ], [ -120.078979572574156, 39.252727400412894 ], [ -120.079091582602899, 39.252820298174001 ], [ -120.079624019360267, 39.252833661847838 ], [ -120.080035479252217, 39.252970108006458 ], [ -120.081608899056661, 39.253027596837036 ], [ -120.08203305716188, 39.252858061539833 ], [ -120.082985160671726, 39.252251329463121 ], [ -120.083568370954268, 39.252157844353832 ], [ -120.083598236138343, 39.251996437721687 ], [ -120.08376326548408, 39.25192850469108 ], [ -120.083897684035477, 39.252039976704246 ], [ -120.084173237007761, 39.252100933412933 ], [ -120.084230001998165, 39.252408648840493 ], [ -120.084688514233321, 39.252528240343374 ], [ -120.085249351068967, 39.252974703485805 ], [ -120.086336637210749, 39.253019950410099 ], [ -120.086570369984287, 39.252971750886168 ], [ -120.086792175782435, 39.25321152821089 ], [ -120.086872848129062, 39.253501823736478 ], [ -120.087033406015237, 39.253541877601826 ], [ -120.087772014018896, 39.254172951290897 ], [ -120.087947527348135, 39.254411567902899 ], [ -120.087984885775469, 39.254628709749632 ], [ -120.088143211575073, 39.254722757992276 ], [ -120.088159655771932, 39.254885324693298 ], [ -120.088585356037896, 39.255238304168351 ], [ -120.088509199467822, 39.255398553906524 ], [ -120.088666782679226, 39.255510600121397 ], [ -120.088610051387647, 39.255761422149128 ], [ -120.088701163707697, 39.255799736227907 ], [ -120.088797547140146, 39.256270595973923 ], [ -120.088929747030491, 39.256436058527377 ], [ -120.08842271753177, 39.256927855673254 ], [ -120.088259170536048, 39.256959797805287 ], [ -120.088316701282153, 39.257249513238285 ], [ -120.088448901704837, 39.257414976340712 ], [ -120.088068050921777, 39.25765768755236 ], [ -120.087604281870739, 39.257664098069988 ], [ -120.08713604012523, 39.257778498180009 ], [ -120.086253346678049, 39.258387001476599 ], [ -120.086080846513539, 39.258634923044113 ], [ -120.085145861861648, 39.25938624590092 ], [ -120.084779933809003, 39.25982750926152 ], [ -120.084663428482145, 39.259842607544265 ], [ -120.084630576647484, 39.260076008334266 ], [ -120.084510339934582, 39.260181099073336 ], [ -120.084549928192303, 39.260344245979383 ], [ -120.08440280771174, 39.260538749101009 ], [ -120.084414766366393, 39.260809307042585 ], [ -120.083931556701927, 39.26072512940911 ], [ -120.083326615871243, 39.260782036222317 ], [ -120.083030864425893, 39.26064850194377 ], [ -120.082886725664792, 39.260771008966735 ], [ -120.082419949893605, 39.260849391982234 ], [ -120.082309416667584, 39.260720499917518 ], [ -120.08205698431145, 39.260660118252424 ], [ -120.08161037284593, 39.260811072516368 ], [ -120.081589461613092, 39.260756496407147 ], [ -120.081241433472712, 39.260765784111634 ], [ -120.080493842332302, 39.260909183799647 ], [ -120.080264563194874, 39.260849379177984 ], [ -120.0801771860868, 39.260721066178938 ], [ -120.079991969809058, 39.260716418323277 ], [ -120.079879946601125, 39.260623521021024 ], [ -120.079785843787036, 39.260657193792838 ], [ -120.079742529461939, 39.260584037916203 ], [ -120.079276499766536, 39.260644409787758 ], [ -120.079233185990518, 39.260571253741503 ], [ -120.078772389756921, 39.260505634540628 ], [ -120.078730571945258, 39.260396481466081 ], [ -120.078452749184748, 39.260389506169176 ], [ -120.078363880458298, 39.260297188796798 ], [ -120.078200321835055, 39.260329116297868 ], [ -120.077560297479522, 39.26011485410752 ], [ -120.077143565477954, 39.260104386788768 ], [ -120.076932207048429, 39.26017114618287 ], [ -120.076785066476063, 39.260365638891173 ], [ -120.076038220701278, 39.260491011366362 ], [ -120.075728265006575, 39.260699428378366 ], [ -120.075448196227327, 39.260746441006198 ], [ -120.075087441954125, 39.261061682606957 ], [ -120.074573604606655, 39.261156868115364 ], [ -120.073413755038075, 39.261181753253283 ], [ -120.072239745592611, 39.260990064351205 ], [ -120.072045616515666, 39.260642853141853 ], [ -120.071887300781569, 39.260548783373615 ], [ -120.071655033234606, 39.26056095536574 ], [ -120.071140532614706, 39.260115593651619 ], [ -120.070369122705515, 39.25971781315225 ], [ -120.069964394070851, 39.259419347510232 ], [ -120.069880787407371, 39.259201036059444 ], [ -120.069761281107304, 39.259288112494744 ], [ -120.069404360080512, 39.258954814515519 ], [ -120.0693341563437, 39.258971063528854 ], [ -120.069088493982633, 39.258748669811403 ], [ -120.068496317269478, 39.258499528991138 ], [ -120.068498567990915, 39.258445534174378 ], [ -120.068016147957806, 39.258343293436887 ], [ -120.067698037494992, 39.258191139981463 ], [ -120.067329123493366, 39.258145808273945 ], [ -120.067232883213535, 39.257674936197013 ], [ -120.066658738780518, 39.256993828564198 ], [ -120.066589407874801, 39.25643354845851 ], [ -120.066501310670091, 39.256323224495418 ], [ -120.066339258532594, 39.256319138987081 ], [ -120.066119768152134, 39.256025330301 ], [ -120.066038429375467, 39.255753021856208 ], [ -120.065921928004471, 39.255768101473272 ], [ -120.065963723329816, 39.255877258374355 ], [ -120.06507500555081, 39.256071052041783 ], [ -120.064894310591015, 39.25595839129759 ], [ -120.064911452014243, 39.256102961014228 ], [ -120.064629893802291, 39.256185944473664 ], [ -120.063964406950888, 39.256583549452969 ], [ -120.063744926022238, 39.256289736640021 ], [ -120.063728538385334, 39.256127168641974 ], [ -120.0630466612606, 39.256362200263382 ], [ -120.061468685995507, 39.256412447036212 ], [ -120.061395475290823, 39.256500683946527 ], [ -120.060884665465238, 39.256523816953298 ], [ -120.060648649753034, 39.256625958162964 ], [ -120.060400014733517, 39.256475539959453 ], [ -120.060325298099983, 39.256599772435131 ], [ -120.060393244388067, 39.256637523285917 ], [ -120.06033716418338, 39.256870329481295 ], [ -120.060411711178801, 39.257304624391793 ], [ -120.060725871880479, 39.258105315207985 ], [ -120.060629507574802, 39.258192966710148 ], [ -120.060621985092723, 39.258372948167583 ], [ -120.060804183169026, 39.258449619189967 ], [ -120.061404602394276, 39.25850081840872 ], [ -120.061392406266648, 39.259347316427032 ], [ -120.061252746985247, 39.259361806411057 ], [ -120.061248986393124, 39.259451797172908 ], [ -120.061366083031629, 39.259977251804926 ], [ -120.061329064413783, 39.261417688506512 ], [ -120.06141715913904, 39.261528016238699 ], [ -120.061455777606142, 39.262267694404045 ], [ -120.061564017241423, 39.262450599352753 ], [ -120.061435139620187, 39.263870698668725 ], [ -120.061514963428223, 39.264179005967428 ], [ -120.061670263699895, 39.264345082167381 ], [ -120.061319962152439, 39.264408303888594 ], [ -120.061317705445788, 39.26446229830227 ], [ -120.060947259495805, 39.264452941567349 ], [ -120.060499830687931, 39.264621810160712 ], [ -120.06036166570874, 39.264600302413662 ], [ -120.060029999427655, 39.264772093813498 ], [ -120.059972581957595, 39.264482368888672 ], [ -120.059635826504817, 39.264221619416809 ], [ -120.059462647655408, 39.263928968802638 ], [ -120.05950612272521, 39.263443604931709 ], [ -120.059188945142722, 39.262714903516972 ], [ -120.059206257851457, 39.262300946996966 ], [ -120.059039107083407, 39.261864311036312 ], [ -120.058841647368965, 39.260490017610387 ], [ -120.058876090176028, 39.260220631146225 ], [ -120.05878875383803, 39.260092303570076 ], [ -120.058850295131634, 39.25917498503626 ], [ -120.058725875068589, 39.258270982966629 ], [ -120.05868805269381, 39.25972941528876 ], [ -120.058612379430073, 39.258214062580791 ], [ -120.056997099693774, 39.258047099341141 ], [ -120.056671483774693, 39.258074897515549 ], [ -120.0566752500349, 39.257984907102639 ], [ -120.05496436484718, 39.257887565823374 ], [ -120.054570051260285, 39.257895602216657 ], [ -120.054473679901164, 39.257983248339549 ], [ -120.053686559772132, 39.257963320343563 ], [ -120.05231464177551, 39.258072710900592 ], [ -120.052405735443102, 39.258111052769202 ], [ -120.052398946306852, 39.25827303488515 ], [ -120.052637009090901, 39.258675441967576 ], [ -120.052214495482374, 39.25825034508491 ], [ -120.052219776252272, 39.258124359015653 ], [ -120.051476693554704, 39.258159583002559 ], [ -120.05158466008956, 39.258901020695589 ], [ -120.050983247143208, 39.259426293243656 ], [ -120.050852396510209, 39.259783319100137 ], [ -120.050636488016963, 39.259958017670321 ], [ -120.050607297996237, 39.260101414666295 ], [ -120.050368991547202, 39.26025752785759 ], [ -120.050210454794254, 39.260721953702863 ], [ -120.050080853303385, 39.261601506332703 ], [ -120.049918036330524, 39.261615395478763 ], [ -120.05001894867975, 39.261419765800277 ], [ -120.050218257103637, 39.259983449988574 ], [ -120.050255249088025, 39.259101549283507 ], [ -120.050434667362055, 39.258691703905441 ], [ -120.0505088979736, 39.258026952285817 ], [ -120.049500846244356, 39.257749155867884 ], [ -120.048624151872417, 39.257654853786953 ], [ -120.048626417769668, 39.257600859926924 ], [ -120.048306089750497, 39.257502648976633 ], [ -120.046554981675229, 39.257260026863129 ], [ -120.045390200698421, 39.256852097104755 ], [ -120.045559811615277, 39.256676232747488 ], [ -120.045524096542735, 39.25642308646092 ], [ -120.045720635903251, 39.256157820052991 ], [ -120.045725171904607, 39.256049832587472 ], [ -120.045612447093177, 39.255974902120379 ], [ -120.045706558132295, 39.255941257365016 ], [ -120.045761929441525, 39.255726457921533 ], [ -120.045903851303933, 39.255657992636849 ], [ -120.045937584002871, 39.255406609523256 ], [ -120.046134118762694, 39.255141342208546 ], [ -120.046251377923426, 39.25510828461514 ], [ -120.046353801408884, 39.25487666211184 ], [ -120.046196290610013, 39.254764561159995 ], [ -120.04615679453444, 39.254601404560383 ], [ -120.045972355909782, 39.254578705289063 ], [ -120.045962812718287, 39.254254155040947 ], [ -120.045680486600602, 39.25435508998747 ], [ -120.045627384338175, 39.254515895725255 ], [ -120.045764768127427, 39.25455541800401 ], [ -120.045760232427881, 39.254663405501155 ], [ -120.045515886878547, 39.254963492468022 ], [ -120.045358844765232, 39.25539191548306 ], [ -120.045394558949297, 39.255645061816701 ], [ -120.04494459295671, 39.25642638794681 ], [ -120.044508822536102, 39.255766704666385 ], [ -120.043906475310507, 39.255210890695594 ], [ -120.043934919808393, 39.255085493605336 ], [ -120.043663178675899, 39.254934453049216 ], [ -120.04429607210794, 39.254211829826488 ], [ -120.04441181787017, 39.254214769846982 ], [ -120.044461897535484, 39.25412595634112 ], [ -120.044464166340745, 39.25407196265116 ], [ -120.044093024332753, 39.254080552266963 ], [ -120.044104369694324, 39.253810583898904 ], [ -120.044014799138921, 39.253736240106001 ], [ -120.043676340582266, 39.254069966545202 ], [ -120.043646383192041, 39.254231359355359 ], [ -120.04375834665376, 39.254324289446096 ], [ -120.043504915741508, 39.254840346490901 ], [ -120.04277775806969, 39.254497560744035 ], [ -120.042585753545296, 39.254654834811866 ], [ -120.043255263955132, 39.255266413435635 ], [ -120.043319416232606, 39.255394163241782 ], [ -120.043265551087359, 39.255572965513288 ], [ -120.043505065351823, 39.255939393367697 ], [ -120.043431833336697, 39.256027618134439 ], [ -120.043533963904636, 39.25635452088013 ], [ -120.043364043626738, 39.257088904342567 ], [ -120.043057039003457, 39.25722523979239 ], [ -120.043028591846095, 39.257350636535151 ], [ -120.042811915890823, 39.257543318043979 ], [ -120.042706449220731, 39.257846928168846 ], [ -120.042326961297647, 39.258053487751944 ], [ -120.042226033379933, 39.258249110221506 ], [ -120.04194141497338, 39.258404028745801 ], [ -120.041826419639207, 39.258383088168529 ], [ -120.04152968560912, 39.2588259710149 ], [ -120.041610931149506, 39.259098292999461 ], [ -120.042097536374854, 39.259651176572945 ], [ -120.042135511003394, 39.259850329859603 ], [ -120.042337056956455, 39.260017606907951 ], [ -120.04237578936781, 39.260198762295062 ], [ -120.042580364537486, 39.260294047591231 ], [ -120.042838499753245, 39.260769052561614 ], [ -120.042885693267692, 39.261851277015488 ], [ -120.043304384659464, 39.262366395506227 ], [ -120.043334795854236, 39.262745527022965 ], [ -120.043666184121861, 39.263132306186179 ], [ -120.043560711183318, 39.263435916653769 ], [ -120.043753189943502, 39.263819165928126 ], [ -120.043910716022836, 39.263931270662468 ], [ -120.043903905928033, 39.26409325137481 ], [ -120.044018154597069, 39.264132188117387 ], [ -120.043998481413865, 39.264600132411665 ], [ -120.043807207187015, 39.264739409457903 ], [ -120.043886196918095, 39.26506572376757 ], [ -120.043800847332975, 39.265441913931156 ], [ -120.043916306093408, 39.266003376782777 ], [ -120.043866666953718, 39.266632713269438 ], [ -120.043716395621999, 39.266899151333511 ], [ -120.043753620695568, 39.26711630204472 ], [ -120.043657979864236, 39.267185940243962 ], [ -120.043496662912702, 39.267163824162424 ], [ -120.042863508647216, 39.26678739234314 ], [ -120.042645603400544, 39.266457546634804 ], [ -120.042122167632414, 39.26622803615755 ], [ -120.042127467969621, 39.266102051408673 ], [ -120.041485999934622, 39.2659235886494 ], [ -120.041125399607139, 39.265680197059737 ], [ -120.040917023924877, 39.265674897774225 ], [ -120.040601974868125, 39.265450680121816 ], [ -120.040212923831234, 39.265332681572211 ], [ -120.039492498646823, 39.264827892206071 ], [ -120.039248431164054, 39.264569442892174 ], [ -120.039019938444795, 39.264491560077985 ], [ -120.039169463583917, 39.264243126249902 ], [ -120.039058249413657, 39.264132193729054 ], [ -120.039031650819112, 39.263663073136748 ], [ -120.038854771188142, 39.263460384013968 ], [ -120.038797442423345, 39.263170651942403 ], [ -120.038872961900452, 39.263028437360589 ], [ -120.038806537910602, 39.262954678621071 ], [ -120.038858147307806, 39.262829872596328 ], [ -120.038788691696652, 39.262828104963596 ], [ -120.038830792065326, 39.262378749716227 ], [ -120.038653158060725, 39.262194058171545 ], [ -120.038707040945155, 39.262015258854674 ], [ -120.038425020738913, 39.261557654194661 ], [ -120.038454236218996, 39.261414261259006 ], [ -120.03857226712752, 39.261363214200223 ], [ -120.038508118880529, 39.26123546201007 ], [ -120.038624633540252, 39.26122041044156 ], [ -120.038630697142281, 39.261076428202621 ], [ -120.038724818153582, 39.261042789511848 ], [ -120.038671280910506, 39.260663068457859 ], [ -120.038900103650889, 39.260182430966722 ], [ -120.038912987080195, 39.259876468572919 ], [ -120.038712207925798, 39.259691188126368 ], [ -120.038858691458827, 39.25951474532333 ], [ -120.038866269896388, 39.259334767433053 ], [ -120.03875809496023, 39.259151843703378 ], [ -120.038748928697714, 39.258268773672789 ], [ -120.039011918298471, 39.258077278503862 ], [ -120.038970922127746, 39.257950115700559 ], [ -120.039041130695054, 39.257933885245485 ], [ -120.039051739239071, 39.25768191608703 ], [ -120.039174309600767, 39.257522881338879 ], [ -120.039134071112187, 39.25737772078363 ], [ -120.03925436766545, 39.257272679320629 ], [ -120.03934545255288, 39.257311031114533 ], [ -120.039401602098991, 39.2570782377217 ], [ -120.039882782448927, 39.256658069765599 ], [ -120.039895235005716, 39.255811583514593 ], [ -120.040086064384326, 39.25513178857787 ], [ -120.04018093402226, 39.255080150525067 ], [ -120.040285649197287, 39.254794540649911 ], [ -120.040984993319753, 39.254145694467027 ], [ -120.041221783633262, 39.25402559605886 ], [ -120.04108591801085, 39.253950072862011 ], [ -120.040968658715755, 39.253983125233098 ], [ -120.040926146549054, 39.253891958677734 ], [ -120.040743226410044, 39.25383325556875 ], [ -120.040725377968926, 39.253706681991623 ], [ -120.040628996141024, 39.253794316255757 ], [ -120.040470740000643, 39.253700205804464 ], [ -120.040429743211362, 39.253573043429178 ], [ -120.039450251040037, 39.253169767646995 ], [ -120.039622139233231, 39.252939918621387 ], [ -120.039602777993863, 39.252849340583992 ], [ -120.039696129870762, 39.252833698450104 ], [ -120.039631986348283, 39.252705946936445 ], [ -120.039956823609671, 39.252696193592655 ], [ -120.040133252920796, 39.252358356706225 ], [ -120.040560526251156, 39.252116984976581 ], [ -120.040664044495671, 39.251308848263605 ], [ -120.040575995136649, 39.25119850636851 ], [ -120.040604443449553, 39.251073110182539 ], [ -120.040513365681718, 39.251034759621312 ], [ -120.040563447647827, 39.250945947853758 ], [ -120.040404440554283, 39.250869835361918 ], [ -120.040385078700524, 39.250779257410109 ], [ -120.040059492993223, 39.250807010128497 ], [ -120.039992321135173, 39.250751250159695 ], [ -120.039963871906238, 39.250876646165231 ], [ -120.039754782877026, 39.250889344293547 ], [ -120.039681551964932, 39.25097756678597 ], [ -120.039641315311528, 39.250832406367572 ], [ -120.039261435524537, 39.25049843362126 ], [ -120.039188539648791, 39.250028134318484 ], [ -120.039010933834376, 39.249843444135159 ], [ -120.037295739051984, 39.249853838082132 ], [ -120.036917039068399, 39.250042383506951 ], [ -120.036739842981021, 39.250398213044235 ], [ -120.036622587949722, 39.250431261198308 ], [ -120.036614603664688, 39.250070716088828 ], [ -120.03715912769843, 39.24979630851093 ], [ -120.037071843792205, 39.2496679664293 ], [ -120.037169739907768, 39.249544339429086 ], [ -120.037085488376249, 39.249344006197198 ], [ -120.037122280033699, 39.249020635321997 ], [ -120.036941650025568, 39.248907933421194 ], [ -120.035875360462015, 39.248916811194455 ], [ -120.035860952180826, 39.249258768866895 ], [ -120.03561582751972, 39.249576832143951 ], [ -120.035325922475849, 39.249857719801945 ], [ -120.034876257619388, 39.250080484628747 ], [ -120.034705879254815, 39.250274330911957 ], [ -120.03361793957778, 39.249147559911925 ], [ -120.033540149577846, 39.249343764739365 ], [ -120.033428207763791, 39.24925082555999 ], [ -120.033280597613327, 39.248904737782468 ], [ -120.032609716425839, 39.248329102222321 ], [ -120.032732283287118, 39.248170073976681 ], [ -120.032399504131334, 39.247819263222716 ], [ -120.03219421989975, 39.247741959469053 ], [ -120.032028396144341, 39.247827815544184 ], [ -120.031968067262966, 39.247610071847923 ], [ -120.031788208835962, 39.247479364661025 ], [ -120.031846651192197, 39.247192582095714 ], [ -120.032094061112986, 39.246820533832782 ], [ -120.032053082888581, 39.246693369106538 ], [ -120.032192720640566, 39.24667891343428 ], [ -120.032203349444188, 39.246426945351423 ], [ -120.032393834191268, 39.246305683711569 ], [ -120.032328191085625, 39.246213924227497 ], [ -120.03239118467647, 39.245819154859639 ], [ -120.032152131354181, 39.245993229076369 ], [ -120.032146057757402, 39.246137210843678 ], [ -120.032030326558186, 39.246134259138337 ], [ -120.031933186066311, 39.246239883993745 ], [ -120.031920669444702, 39.245987325580948 ], [ -120.032065620324303, 39.245846885973656 ], [ -120.032099395330349, 39.245595508218173 ], [ -120.031967352055077, 39.245429986666508 ], [ -120.031715783207218, 39.245351501606265 ], [ -120.031605001987671, 39.244682043634967 ], [ -120.032055399978844, 39.244441292630128 ], [ -120.032005701837605, 39.243971580801848 ], [ -120.032239434498791, 39.243923490689333 ], [ -120.032905723899134, 39.243508071053874 ], [ -120.03283591084886, 39.242965778213176 ], [ -120.033118206667325, 39.242864873237828 ], [ -120.033463866984974, 39.242909719657639 ], [ -120.033535578892398, 39.242857496458846 ], [ -120.033472213506315, 39.242711744379918 ], [ -120.033639540618594, 39.24258989013952 ], [ -120.033694176636828, 39.242393094778777 ], [ -120.034528915627675, 39.242378335364954 ], [ -120.034746322377288, 39.24216767016101 ], [ -120.035517689791845, 39.24200715196578 ], [ -120.035570045420542, 39.241864348856751 ], [ -120.036027234933641, 39.241461601000871 ], [ -120.036034057664708, 39.241299620812171 ], [ -120.036293197838759, 39.241198118175305 ], [ -120.036491998709423, 39.240878873048374 ], [ -120.036657042586612, 39.24081100749509 ], [ -120.036853567097012, 39.240545755067266 ], [ -120.037135847831664, 39.24044483971052 ], [ -120.037163538901339, 39.240337442053679 ], [ -120.037372596605479, 39.240324747384001 ], [ -120.037429493195006, 39.240073956259877 ], [ -120.037670028332059, 39.239863874112061 ], [ -120.03762752789963, 39.239772706648054 ], [ -120.038440607273841, 39.239721333090465 ], [ -120.039194096947099, 39.23943421514597 ], [ -120.039590576690188, 39.239372233400474 ], [ -120.039807201954218, 39.239179555571937 ], [ -120.039966939730277, 39.239237670110022 ], [ -120.041514883038488, 39.238790570429551 ] ], [ [ -120.060120879198848, 39.255945990445426 ], [ -120.060165674695085, 39.255983156510418 ], [ -120.060166426999061, 39.255965158364944 ], [ -120.060120879198848, 39.255945990445426 ] ], [ [ -120.049298055268764, 39.255401788477911 ], [ -120.049319694791549, 39.255438371454694 ], [ -120.049321204915714, 39.255402375511757 ], [ -120.049298055268764, 39.255401788477911 ] ], [ [ -120.067013102942127, 39.255165009472755 ], [ -120.06691975264205, 39.255180673645405 ], [ -120.066916750412574, 39.255252666672853 ], [ -120.067013102942127, 39.255165009472755 ] ], [ [ -120.042150378283566, 39.250680006200305 ], [ -120.041547018109384, 39.250700702018186 ], [ -120.041261672926382, 39.250873618017827 ], [ -120.041211591880781, 39.250962430122676 ], [ -120.041433231604799, 39.251202287912704 ], [ -120.041764873879757, 39.251030548502591 ], [ -120.042008463410497, 39.250748467198328 ], [ -120.042123446463094, 39.250769407145377 ], [ -120.042150378283566, 39.250680006200305 ] ], [ [ -120.036569729696737, 39.247835453929397 ], [ -120.035836251894708, 39.248195131379603 ], [ -120.03525681875854, 39.248198387160805 ], [ -120.035395700676901, 39.248201925500965 ], [ -120.035803246674845, 39.248428512812914 ], [ -120.035965276191718, 39.248432640120306 ], [ -120.036211553575058, 39.248637101010011 ], [ -120.036352711061568, 39.248586644899845 ], [ -120.036557244594746, 39.248681939356018 ], [ -120.036814137744997, 39.248634430043346 ], [ -120.036856641734772, 39.248725597848534 ], [ -120.03706345045174, 39.248766898080042 ], [ -120.036982232144481, 39.248494573626729 ], [ -120.036802361745586, 39.248363873770039 ], [ -120.036707094898887, 39.247874986256278 ], [ -120.036569729696737, 39.247835453929397 ] ], [ [ -120.034139309719919, 39.247773534085376 ], [ -120.033830812929693, 39.247945841725098 ], [ -120.033513207754908, 39.248334121322877 ], [ -120.033431623815488, 39.248620314797869 ], [ -120.033670305245991, 39.249004758161213 ], [ -120.03388318322888, 39.248902082096542 ], [ -120.033842200753114, 39.248774917870058 ], [ -120.033938583408855, 39.248687289226105 ], [ -120.034338912889851, 39.248535338913193 ], [ -120.034372681708845, 39.248283960336686 ], [ -120.03451687425833, 39.248161515467771 ], [ -120.034338526882635, 39.247994816497595 ], [ -120.034277431957705, 39.24779507147656 ], [ -120.034139309719919, 39.247773534085376 ] ], [ [ -120.035343673731276, 39.246687164362307 ], [ -120.035064398964437, 39.246716083152769 ], [ -120.034990408537539, 39.246822300452379 ], [ -120.035343673731276, 39.246687164362307 ] ] ] ] } },
{ "type": "Feature", "properties": { "part": "upstream", "crossing_id": "X03858", "area_ac": 1787.1, "n_upstream": 65.0 }, "geometry": { "type": "MultiPolygon", "coordinates": [ [ [ [ -120.067756701940723, 39.252337035335351 ], [ -120.06789623806992, 39.252881066953719 ], [ -120.067728611034255, 39.254678561184292 ], [ -120.067313415764346, 39.254632063363836 ], [ -120.067261112587005, 39.254774882575731 ], [ -120.06712371469871, 39.254735385223029 ], [ -120.067148923451953, 39.254542502763272 ], [ -120.067035618591845, 39.254625061685438 ], [ -120.066966169313829, 39.254623311162476 ], [ -120.066952528770443, 39.254477224425969 ], [ -120.066944520624858, 39.254586731127297 ], [ -120.066393430959181, 39.254464735859365 ], [ -120.065929686417945, 39.254471060655135 ], [ -120.065126826499863, 39.254829174391432 ], [ -120.065005820310731, 39.254952242509908 ], [ -120.06498867882506, 39.254807672785503 ], [ -120.064358514035433, 39.25435936428989 ], [ -120.064807987133292, 39.254695012013954 ], [ -120.064755678880729, 39.254837829903209 ], [ -120.064380024060384, 39.254954473528386 ], [ -120.061794609810221, 39.255267579263489 ], [ -120.060509333196023, 39.255523392484619 ], [ -120.060162084469141, 39.25551461983062 ], [ -120.060089625494939, 39.255584857758052 ], [ -120.060084645214872, 39.255549609883893 ], [ -120.059578822274119, 39.255607985267261 ], [ -120.058006887219122, 39.255514200639048 ], [ -120.0578649765188, 39.255582681155936 ], [ -120.057877022541732, 39.255294711396125 ], [ -120.058140703899539, 39.255085172362655 ], [ -120.058201306170702, 39.254744378682624 ], [ -120.058491144765696, 39.254463431490983 ], [ -120.058899650506973, 39.254300258894098 ], [ -120.058899515274987, 39.254300134148416 ], [ -120.058751058003764, 39.254343881490193 ], [ -120.058828032504408, 39.254165655610819 ], [ -120.058634740464413, 39.253800426751312 ], [ -120.058669179174714, 39.2535310399849 ], [ -120.05889841378584, 39.253590885654695 ], [ -120.059347279057206, 39.253386024150174 ], [ -120.059717666234008, 39.253395383780358 ], [ -120.060103098552119, 39.253044779177834 ], [ -120.060431698913845, 39.252944977802557 ], [ -120.060476660026197, 39.252423615938639 ], [ -120.060669372039342, 39.252248312361537 ], [ -120.059876873707694, 39.252912943306171 ], [ -120.059693186025427, 39.252872267644378 ], [ -120.059504231841686, 39.252957578710564 ], [ -120.058857563664844, 39.25290520128263 ], [ -120.057136642098484, 39.251942816567073 ], [ -120.057646291246229, 39.250838641004712 ], [ -120.057626531496197, 39.249649008990325 ], [ -120.057328619917868, 39.249569407104026 ], [ -120.057115771400191, 39.249672127305047 ], [ -120.057027697323193, 39.249561796937854 ], [ -120.05672903387358, 39.249500191666023 ], [ -120.056573776291472, 39.249334110184265 ], [ -120.05622505305162, 39.24936132315225 ], [ -120.056104795039644, 39.249466383773914 ], [ -120.055980770649867, 39.24966143474316 ], [ -120.056070349518421, 39.249735769647202 ], [ -120.055931259958982, 39.250290782454258 ], [ -120.056158221971387, 39.250404627355095 ], [ -120.056010294477133, 39.250617090751689 ], [ -120.056093848894406, 39.250835410435734 ], [ -120.056043786217273, 39.250924229641988 ], [ -120.056133366680896, 39.250998564547082 ], [ -120.055895103927796, 39.251154690913204 ], [ -120.056072758820349, 39.251339357082294 ], [ -120.056022695718283, 39.251428176258173 ], [ -120.056132412409795, 39.251575089204167 ], [ -120.056007630752291, 39.251788138094291 ], [ -120.055891887769519, 39.251785209748768 ], [ -120.055585134774304, 39.251363053819503 ], [ -120.055400700597005, 39.251340369699271 ], [ -120.055383579370201, 39.251195799263655 ], [ -120.055454531305372, 39.25116156039784 ], [ -120.055161890392512, 39.250955966256598 ], [ -120.055102993941546, 39.250702235678723 ], [ -120.055219488489172, 39.250687166659283 ], [ -120.055223255615843, 39.250597176249592 ], [ -120.05516059199276, 39.250433436101048 ], [ -120.055023210133783, 39.250393925004524 ], [ -120.054928357179932, 39.250445575857583 ], [ -120.054885828438032, 39.250354413751332 ], [ -120.054496078786485, 39.250254463064017 ], [ -120.054334042365497, 39.250250361378384 ], [ -120.054331781437469, 39.25030435558444 ], [ -120.054079413770737, 39.250243915417627 ], [ -120.053859774873558, 39.250508611948355 ], [ -120.053767182347755, 39.250506267637057 ], [ -120.053412643848503, 39.250118930532594 ], [ -120.053224444218287, 39.250186233368815 ], [ -120.053068439837389, 39.250038145530716 ], [ -120.052928798084508, 39.250052626174238 ], [ -120.052516888422829, 39.249375559124253 ], [ -120.052382756439556, 39.248705527256497 ], [ -120.052081838876632, 39.248697904451006 ], [ -120.052060953918385, 39.248643323938794 ], [ -120.050786092060889, 39.24920558599613 ], [ -120.050094433853644, 39.249674516901486 ], [ -120.049788229246914, 39.249792874004086 ], [ -120.048903824821238, 39.250437082019474 ], [ -120.048900049638959, 39.250527071919279 ], [ -120.048552829183919, 39.250518265583096 ], [ -120.048374441540986, 39.250351586704433 ], [ -120.04825065768145, 39.249988104275523 ], [ -120.048166637075497, 39.249229253573219 ], [ -120.048243631555636, 39.249051035371636 ], [ -120.048110032744574, 39.248921526486704 ], [ -120.048227543067114, 39.248329942056344 ], [ -120.048696032862352, 39.247657173890616 ], [ -120.048652262263246, 39.247043481187994 ], [ -120.04914136652873, 39.246983816468401 ], [ -120.049166778027953, 39.246930409443223 ], [ -120.049257855766811, 39.246968753227378 ], [ -120.049353462569442, 39.246899108954644 ], [ -120.049581157287705, 39.246994967928643 ], [ -120.04963424385538, 39.246834159644614 ], [ -120.049566312885005, 39.246796403031411 ], [ -120.049597007292277, 39.246617009876232 ], [ -120.049295344577985, 39.246627378209276 ], [ -120.049204520852768, 39.246030509595464 ], [ -120.049281809180769, 39.245773836266913 ], [ -120.049195716231864, 39.245687960675347 ], [ -120.048968938403434, 39.244310378497168 ], [ -120.048793181238992, 39.244236381458322 ], [ -120.04875519326076, 39.244037229485173 ], [ -120.048552164858165, 39.243905960314208 ], [ -120.048601476307354, 39.243835142405693 ], [ -120.048879981172831, 39.243824188443462 ], [ -120.048924706549698, 39.243985475050394 ], [ -120.048972564504808, 39.243826536307651 ], [ -120.048764507730041, 39.243262728539541 ], [ -120.04864953442187, 39.243241795527908 ], [ -120.04865179913854, 39.243187801532748 ], [ -120.049167795837477, 39.243038732636869 ], [ -120.049602279357501, 39.243175869164332 ], [ -120.050760316250589, 39.243187206572962 ], [ -120.051118578494709, 39.243484560093691 ], [ -120.05106776118707, 39.243591375252095 ], [ -120.05117821030376, 39.243720294149028 ], [ -120.051626044109256, 39.244091984467588 ], [ -120.051812720188195, 39.244060679689433 ], [ -120.051855241580455, 39.244151842709222 ], [ -120.052568998296152, 39.244260008826473 ], [ -120.052947404501765, 39.244629935658878 ], [ -120.0537253312704, 39.244865839932451 ], [ -120.053788740995259, 39.245011582599084 ], [ -120.05402246501383, 39.244963448274341 ], [ -120.054203114335621, 39.245076124364175 ], [ -120.054366645820124, 39.24504422961153 ], [ -120.054433070954602, 39.245117979636639 ], [ -120.054360617848118, 39.245188214292774 ], [ -120.054450189522811, 39.24526255021307 ], [ -120.054774992872282, 39.245252754077811 ], [ -120.055270655482843, 39.245589606820886 ], [ -120.055914993442656, 39.245695995924336 ], [ -120.056139681875777, 39.245863834706185 ], [ -120.056324855124601, 39.245868519022096 ], [ -120.056456958242165, 39.246034015114851 ], [ -120.056734718882126, 39.24604104074718 ], [ -120.056836900457668, 39.246367934093811 ], [ -120.05752980032652, 39.24642149105852 ], [ -120.057549936321749, 39.246494068875194 ], [ -120.057735111462705, 39.246498751011508 ], [ -120.057867971733728, 39.24664624752031 ], [ -120.05807478910134, 39.246687510632057 ], [ -120.058471117260453, 39.247183993137732 ], [ -120.058281424887255, 39.247287300956039 ], [ -120.058277662112289, 39.24737729166452 ], [ -120.058934635615046, 39.247736224015647 ], [ -120.059132428686297, 39.247993463215153 ], [ -120.059628131838863, 39.248330298771222 ], [ -120.059690804451321, 39.248494036887138 ], [ -120.060591892652653, 39.249111368367181 ], [ -120.06150787506256, 39.249927257995488 ], [ -120.061728079926226, 39.250203076015609 ], [ -120.06184817603247, 39.250656537688023 ], [ -120.062579755161778, 39.251449745714773 ], [ -120.062574494183906, 39.251575733102477 ], [ -120.062341504306673, 39.251605885763603 ], [ -120.062336242873243, 39.251731873120988 ], [ -120.062359391585005, 39.251732457517747 ], [ -120.062444470343124, 39.251914777010789 ], [ -120.062625902718125, 39.252009442890532 ], [ -120.062546685610045, 39.252241666382325 ], [ -120.062650554652151, 39.251974030837282 ], [ -120.062901433973153, 39.25207044930432 ], [ -120.06297538936289, 39.251964212937899 ], [ -120.063322621454901, 39.251972976544437 ], [ -120.063704271877555, 39.25171235002221 ], [ -120.064095546884488, 39.251776274181843 ], [ -120.064707178319651, 39.251557480910087 ], [ -120.064551762621207, 39.2519499383233 ], [ -120.064758732803128, 39.251432661117747 ], [ -120.065754125949425, 39.251457765166442 ], [ -120.065873623036467, 39.251370692431877 ], [ -120.066058061712141, 39.251393360071681 ], [ -120.066107361716632, 39.251322534349875 ], [ -120.066317200854087, 39.251291790445258 ], [ -120.066461346742045, 39.251169304144163 ], [ -120.066668933764973, 39.251192554373112 ], [ -120.06676528070868, 39.251104897126403 ], [ -120.067255903563776, 39.251009160193227 ], [ -120.06739329438355, 39.251048657139258 ], [ -120.067403687459162, 39.251355211235349 ], [ -120.067537327547996, 39.251484699426328 ], [ -120.067657463176687, 39.251938156511791 ], [ -120.067623810206285, 39.252189549058905 ], [ -120.067756701940723, 39.252337035335351 ] ], [ [ -120.062568781524277, 39.253377305704248 ], [ -120.062936853705168, 39.253326936009934 ], [ -120.062882699122085, 39.253259109555813 ], [ -120.062895125801916, 39.253331491885938 ], [ -120.062342480161206, 39.253357743303674 ], [ -120.062568781524277, 39.253377305704248 ] ], [ [ -120.061900460506649, 39.25328836422284 ], [ -120.061391177958541, 39.253275504002367 ], [ -120.062038859406258, 39.253331496398445 ], [ -120.061900460506649, 39.25328836422284 ] ], [ [ -120.06096998031876, 39.253372969350266 ], [ -120.060875377958169, 39.253418625656181 ], [ -120.061391177958541, 39.253275504002367 ], [ -120.06096998031876, 39.253372969350266 ] ], [ [ -120.067024227007693, 39.253893884920039 ], [ -120.067191777939726, 39.25421460254443 ], [ -120.067131334749376, 39.253996872965708 ], [ -120.067024227007693, 39.253893884920039 ] ], [ [ -120.066983493265141, 39.25405379848371 ], [ -120.067019379557223, 39.253889223908388 ], [ -120.06699709513336, 39.253867796560321 ], [ -120.066983493265141, 39.25405379848371 ] ], [ [ -120.064894975991294, 39.253165746603237 ], [ -120.065120125844146, 39.253195427386672 ], [ -120.064725587500661, 39.25309742810402 ], [ -120.064894975991294, 39.253165746603237 ] ], [ [ -120.06412668265898, 39.252695935599441 ], [ -120.064370806411787, 39.252954335052991 ], [ -120.064125175307254, 39.252629046520681 ], [ -120.06412668265898, 39.252695935599441 ] ], [ [ -120.062809292816794, 39.253167170848947 ], [ -120.062716696049492, 39.253164833521012 ], [ -120.062844527819962, 39.253211301433289 ], [ -120.062809292816794, 39.253167170848947 ] ], [ [ -120.049664433367994, 39.246114239464568 ], [ -120.049701870444508, 39.246105579478424 ], [ -120.049631021521876, 39.246026910076118 ], [ -120.04963164523906, 39.246183151935504 ], [ -120.049664433367994, 39.246114239464568 ] ], [ [ -120.0496322299566, 39.246329628675404 ], [ -120.049657820744386, 39.246350868514668 ], [ -120.049632012225914, 39.246275084784578 ], [ -120.0496322299566, 39.246329628675404 ] ], [ [ -120.049744189766741, 39.246422552934355 ], [ -120.049930118082813, 39.246409249464598 ], [ -120.049721797781075, 39.246403968090355 ], [ -120.049744189766741, 39.246422552934355 ] ], [ [ -120.049630215858926, 39.24582509766924 ], [ -120.049630345806719, 39.245857648057829 ], [ -120.049654117083264, 39.245807686511384 ], [ -120.049789977355218, 39.245883199540053 ], [ -120.049654871801607, 39.245789688504679 ], [ -120.049463498128731, 39.245794745773459 ], [ -120.049630215858926, 39.24582509766924 ] ] ], [ [ [ -120.066916750412574, 39.255252666672853 ], [ -120.06691975264205, 39.255180673645405 ], [ -120.067013102942127, 39.255165009472755 ], [ -120.066942152032581, 39.255199255431101 ], [ -120.066916750412574, 39.255252666672853 ] ] ], [ [ [ -120.060165674695085, 39.255983156510418 ], [ -120.060119374567975, 39.25598198673493 ], [ -120.060120879198848, 39.255945990445426 ], [ -120.060165674695085, 39.255983156510418 ] ] ], [ [ [ -120.063942759319261, 39.256546968905894 ], [ -120.063822499375647, 39.256652037367729 ], [ -120.063784917305014, 39.256627066151317 ], [ -120.063798597622295, 39.256669451402999 ], [ -120.063756025280753, 39.256689997731534 ], [ -120.064105562944889, 39.256533059561221 ], [ -120.064464086196139, 39.256271847444005 ], [ -120.064911452014243, 39.256102961014228 ], [ -120.064894310591015, 39.25595839129759 ], [ -120.064986911213836, 39.255960727032409 ], [ -120.065033958085976, 39.256068802069763 ], [ -120.065963723329816, 39.255877258374355 ], [ -120.065921928004471, 39.255768101473272 ], [ -120.066038429375467, 39.255753021856208 ], [ -120.066119768152134, 39.256025330301 ], [ -120.066339258532594, 39.256319138987081 ], [ -120.066501310670091, 39.256323224495418 ], [ -120.066589407874801, 39.25643354845851 ], [ -120.066658738780518, 39.256993828564198 ], [ -120.067232883213535, 39.257674936197013 ], [ -120.067329123493366, 39.258145808273945 ], [ -120.067698037494992, 39.258191139981463 ], [ -120.067925795097253, 39.258286965202316 ], [ -120.067746673244855, 39.258275290799077 ], [ -120.067947560770406, 39.258320776133282 ], [ -120.06794819570456, 39.258305546833071 ], [ -120.067970596323676, 39.258324128459854 ], [ -120.067961335925062, 39.25832389511524 ], [ -120.068498567990915, 39.258445534174378 ], [ -120.068496317269478, 39.258499528991138 ], [ -120.069088493982633, 39.258748669811403 ], [ -120.069357307581384, 39.258971646624119 ], [ -120.069021938490806, 39.259233457055373 ], [ -120.069403610058757, 39.258972812800842 ], [ -120.069762031046039, 39.259270114204618 ], [ -120.069681815798859, 39.259350270028065 ], [ -120.069880037500866, 39.259219034351744 ], [ -120.070076401754591, 39.259512253815167 ], [ -120.071567672576407, 39.260432636497697 ], [ -120.071655782722999, 39.260542957049012 ], [ -120.071560926980311, 39.260594621336026 ], [ -120.071570574649556, 39.260619811006507 ], [ -120.071631881426526, 39.260560372707637 ], [ -120.071887300781569, 39.260548783373615 ], [ -120.072112823925991, 39.260698595829894 ], [ -120.072239745592611, 39.260990064351205 ], [ -120.072537724050164, 39.261069630363941 ], [ -120.073413755038075, 39.261181753253283 ], [ -120.074203920507017, 39.261129555844114 ], [ -120.074504148415073, 39.261155121845846 ], [ -120.074153872084068, 39.261218383297965 ], [ -120.073865691880286, 39.26121958905383 ], [ -120.074037362813272, 39.261233470757773 ], [ -120.072571290441687, 39.261376766929303 ], [ -120.072382327071765, 39.261462098541344 ], [ -120.072175456778325, 39.261420859009476 ], [ -120.072136567454635, 39.26179824119194 ], [ -120.071995405809346, 39.261848740611953 ], [ -120.071717578988796, 39.261841749032669 ], [ -120.071454743685422, 39.261474790592665 ], [ -120.071109711143748, 39.261412054556601 ], [ -120.071081311453085, 39.261537459912176 ], [ -120.070919246645389, 39.261533380326171 ], [ -120.070774336051784, 39.261673869753494 ], [ -120.070495760410353, 39.261684873581643 ], [ -120.070140979103613, 39.261856112448633 ], [ -120.069722739522334, 39.261881614756916 ], [ -120.069556923813778, 39.261967524643985 ], [ -120.068721943503149, 39.261982526946099 ], [ -120.068459765725891, 39.26215609345283 ], [ -120.068155034178915, 39.26223850130124 ], [ -120.067865198698911, 39.262519472503605 ], [ -120.067564968479047, 39.262493889236033 ], [ -120.06723558081373, 39.262611707561831 ], [ -120.06710492423656, 39.26241022551109 ], [ -120.067234830139782, 39.262629705800883 ], [ -120.067021203482895, 39.262750441221883 ], [ -120.066895764351941, 39.262599348850564 ], [ -120.066974147874802, 39.26276727223896 ], [ -120.066589442902071, 39.263099900160803 ], [ -120.06635416298684, 39.263184054105075 ], [ -120.066254043333615, 39.263361701312817 ], [ -120.065928404695214, 39.263389524595716 ], [ -120.065663210537366, 39.263635077150525 ], [ -120.065381622362821, 39.263718061229355 ], [ -120.065117927562326, 39.26392761600431 ], [ -120.06484084556773, 39.263902609512826 ], [ -120.064583159631241, 39.263968177433938 ], [ -120.06430908357585, 39.26387117691808 ], [ -120.063746653486476, 39.264019139431944 ], [ -120.063868429974846, 39.263878075283991 ], [ -120.063723500704853, 39.26401855515887 ], [ -120.063536023503175, 39.264067875333758 ], [ -120.062792127056369, 39.264121167607883 ], [ -120.062509030091618, 39.264240140841132 ], [ -120.061883151869935, 39.264242355285354 ], [ -120.061717321524412, 39.264328253388804 ], [ -120.061589934556025, 39.264204828327209 ], [ -120.06158141314711, 39.264252752667424 ], [ -120.061435139620187, 39.263870698668725 ], [ -120.061564017241423, 39.262450599352753 ], [ -120.061455777606142, 39.262267694404045 ], [ -120.06141715913904, 39.261528016238699 ], [ -120.061329064413783, 39.261417688506512 ], [ -120.061366083031629, 39.259977251804926 ], [ -120.061248986393124, 39.259451797172908 ], [ -120.061252746985247, 39.259361806411057 ], [ -120.061392406266648, 39.259347316427032 ], [ -120.061404602394276, 39.25850081840872 ], [ -120.060804183169026, 39.258449619189967 ], [ -120.060621985092723, 39.258372948167583 ], [ -120.060629507574802, 39.258192966710148 ], [ -120.060725871880479, 39.258105315207985 ], [ -120.060411711178801, 39.257304624391793 ], [ -120.060327554936933, 39.256545777996543 ], [ -120.060446315196927, 39.256476709635599 ], [ -120.060648649753034, 39.256625958162964 ], [ -120.060884665465238, 39.256523816953298 ], [ -120.061395475290823, 39.256500683946527 ], [ -120.061468685995507, 39.256412447036212 ], [ -120.0630466612606, 39.256362200263382 ], [ -120.06363443480511, 39.256160828300395 ], [ -120.063661795124617, 39.256245598830027 ], [ -120.063728538385334, 39.256127168641974 ], [ -120.063744926022238, 39.256289736640021 ], [ -120.063942759319261, 39.256546968905894 ] ], [ [ -120.069564070458256, 39.259571420800725 ], [ -120.069608596851481, 39.259423434517828 ], [ -120.069568570428444, 39.259463431083184 ], [ -120.069564070458256, 39.259571420800725 ] ], [ [ -120.067887188666589, 39.260880464706815 ], [ -120.069297403585651, 39.259852979373605 ], [ -120.068103809655611, 39.260687734354391 ], [ -120.067887188666589, 39.260880464706815 ] ], [ [ -120.067710866173854, 39.261218347515239 ], [ -120.067716885389473, 39.261188008617815 ], [ -120.067695620616064, 39.261224322312913 ], [ -120.067710115658628, 39.261236345766314 ], [ -120.067688893039175, 39.261235810936682 ], [ -120.067608974362287, 39.261372287019697 ], [ -120.067806475910402, 39.261148688259844 ], [ -120.067887188666589, 39.260880464706815 ], [ -120.067710866173854, 39.261218347515239 ] ], [ [ -120.067488239116187, 39.261508974921988 ], [ -120.067529673927979, 39.261462065437556 ], [ -120.067653418783863, 39.26092862514249 ], [ -120.067488239116187, 39.261508974921988 ] ], [ [ -120.064300397935398, 39.260659580731904 ], [ -120.064195108809528, 39.262715203704012 ], [ -120.064315051633741, 39.260952549036695 ], [ -120.064300397935398, 39.260659580731904 ] ], [ [ -120.063656111461384, 39.258972052261178 ], [ -120.064072080341091, 39.259000565789712 ], [ -120.06365458651419, 39.258955712541514 ], [ -120.063656111461384, 39.258972052261178 ] ], [ [ -120.063683771484548, 39.258864647326213 ], [ -120.063624087669467, 39.258628918142144 ], [ -120.063647427022659, 39.258878998942201 ], [ -120.063847331976049, 39.258832740357967 ], [ -120.063683771484548, 39.258864647326213 ] ], [ [ -120.061433115234152, 39.258571671742722 ], [ -120.061570369513007, 39.258543401886158 ], [ -120.061426249213326, 39.25853739939037 ], [ -120.061433115234152, 39.258571671742722 ] ], [ [ -120.061592964119484, 39.263871270696271 ], [ -120.061632721803761, 39.26247035153704 ], [ -120.061574807897657, 39.263856208813174 ], [ -120.061592964119484, 39.263871270696271 ] ], [ [ -120.063716515943682, 39.25641513987425 ], [ -120.063717267351322, 39.25639714167275 ], [ -120.063707395790502, 39.256386883034935 ], [ -120.063716515943682, 39.25641513987425 ] ], [ [ -120.066827190338671, 39.258511517220107 ], [ -120.066858598622247, 39.258314120102696 ], [ -120.066896140513748, 39.258294669644734 ], [ -120.066815299346842, 39.258240959947543 ], [ -120.066574487478277, 39.258288635437587 ], [ -120.066836948973744, 39.258277540026796 ], [ -120.066827190338671, 39.258511517220107 ] ], [ [ -120.067235504467007, 39.258904102495066 ], [ -120.06722889768173, 39.258881986124294 ], [ -120.066827190338671, 39.258511517220107 ], [ -120.067235504467007, 39.258904102495066 ] ], [ [ -120.065792203794771, 39.258407502328481 ], [ -120.065531303887724, 39.258389622350677 ], [ -120.065533737470872, 39.258406836063621 ], [ -120.065716795470948, 39.258423356670576 ], [ -120.065792203794771, 39.258407502328481 ] ], [ [ -120.065534357705573, 39.258275041924911 ], [ -120.065515843498972, 39.258280264643687 ], [ -120.065523001081687, 39.258330893211983 ], [ -120.065534357705573, 39.258275041924911 ] ], [ [ -120.065856476566537, 39.257892476990754 ], [ -120.06584905072306, 39.257887339967979 ], [ -120.065842637588815, 39.257897427189995 ], [ -120.065856476566537, 39.257892476990754 ] ], [ [ -120.065796035105876, 39.257674746874493 ], [ -120.065794533493843, 39.257660994449161 ], [ -120.065721326386267, 39.257798983107783 ], [ -120.065796035105876, 39.257674746874493 ] ], [ [ -120.065762499204411, 39.25736760936887 ], [ -120.065750726628153, 39.25735068126896 ], [ -120.06578688893012, 39.257590982101419 ], [ -120.065762499204411, 39.25736760936887 ] ], [ [ -120.065059416406527, 39.256127284226274 ], [ -120.065113795512346, 39.256252202098125 ], [ -120.065127595540673, 39.25625471222601 ], [ -120.065059416406527, 39.256127284226274 ] ], [ [ -120.065390325441655, 39.25851132223778 ], [ -120.065046064945946, 39.258430570716484 ], [ -120.064782295672273, 39.258447290907128 ], [ -120.065390325441655, 39.25851132223778 ] ], [ [ -120.067300482400071, 39.259121616987201 ], [ -120.067394299783786, 39.259503106414101 ], [ -120.067391590859359, 39.259426601671578 ], [ -120.067300482400071, 39.259121616987201 ] ], [ [ -120.06782823979654, 39.260626738899198 ], [ -120.067722874326023, 39.260930375489416 ], [ -120.067746299960618, 39.261039748713657 ], [ -120.06782823979654, 39.260626738899198 ] ], [ [ -120.065465467514002, 39.258691855579606 ], [ -120.065468660107285, 39.258855623938722 ], [ -120.065618702130237, 39.259147682466349 ], [ -120.065465467514002, 39.258691855579606 ] ], [ [ -120.066824965634851, 39.261898687996599 ], [ -120.066803944102432, 39.262402638540891 ], [ -120.066822855550498, 39.262443153406181 ], [ -120.066824965634851, 39.261898687996599 ] ], [ [ -120.063855597765922, 39.258634760196763 ], [ -120.063649293525927, 39.258541563453484 ], [ -120.063739842709268, 39.258631839226894 ], [ -120.063855597765922, 39.258634760196763 ] ], [ [ -120.06360213835012, 39.258520261292112 ], [ -120.063559895196619, 39.258501178090441 ], [ -120.062887765879381, 39.258502231391063 ], [ -120.06360213835012, 39.258520261292112 ] ], [ [ -120.062909564190804, 39.257980284095382 ], [ -120.062374662487258, 39.257337918343779 ], [ -120.06235560410579, 39.257371733809968 ], [ -120.062909564190804, 39.257980284095382 ] ], [ [ -120.062395580067218, 39.257300804040469 ], [ -120.062433847344593, 39.257283623349416 ], [ -120.06240566408016, 39.257282911843618 ], [ -120.062395580067218, 39.257300804040469 ] ], [ [ -120.071710998075673, 39.260886673021844 ], [ -120.071873810950493, 39.260872753130954 ], [ -120.071694383625527, 39.260868237717681 ], [ -120.071710998075673, 39.260886673021844 ] ], [ [ -120.071644540326488, 39.26081293179265 ], [ -120.071679984442312, 39.260852260452367 ], [ -120.071611094930319, 39.260725607615726 ], [ -120.071644540326488, 39.26081293179265 ] ] ], [ [ [ -120.067925795097253, 39.258286965202316 ], [ -120.06794819570456, 39.258305546833071 ], [ -120.06792504471521, 39.25830496346591 ], [ -120.067925795097253, 39.258286965202316 ] ] ], [ [ [ -120.059206257851457, 39.262300946996966 ], [ -120.059209086482525, 39.262787481111516 ], [ -120.059158841932913, 39.262691291671992 ], [ -120.059163534661536, 39.262768312678858 ], [ -120.05950612272521, 39.263443604931709 ], [ -120.059462647655408, 39.263928968802638 ], [ -120.059635826504817, 39.264221619416809 ], [ -120.059972581957595, 39.264482368888672 ], [ -120.060029246853134, 39.264790091929513 ], [ -120.059935129826968, 39.264823748043966 ], [ -120.059127218669644, 39.264190748209018 ], [ -120.059867176161461, 39.264785996681184 ], [ -120.059768543212314, 39.264927641330807 ], [ -120.059723842884182, 39.264888075206407 ], [ -120.059722237217372, 39.264926471175762 ], [ -120.059509344000276, 39.26502919389258 ], [ -120.059238305658766, 39.264933255481409 ], [ -120.059302472325527, 39.26498793136799 ], [ -120.059462285222935, 39.265046021737994 ], [ -120.059153015001357, 39.265236393699446 ], [ -120.059099933397064, 39.265397206186115 ], [ -120.058646470835626, 39.265710051978921 ], [ -120.058042034423835, 39.266307352628729 ], [ -120.057476560121742, 39.266527275812422 ], [ -120.056713798492652, 39.267030479543202 ], [ -120.056433694359669, 39.267077444888571 ], [ -120.056333543993432, 39.267255082289907 ], [ -120.055726272024046, 39.267365836603496 ], [ -120.055582827047601, 39.267470309295057 ], [ -120.055307243686173, 39.267409283630307 ], [ -120.05511824442496, 39.267494585698962 ], [ -120.054863553260702, 39.267488139098248 ], [ -120.054773954274651, 39.267413802651433 ], [ -120.05442589458994, 39.267423008699744 ], [ -120.054220527767285, 39.267345740963265 ], [ -120.053961312171523, 39.267447280477661 ], [ -120.053838001339344, 39.267624329199208 ], [ -120.053772083188946, 39.268091104757247 ], [ -120.053875030689667, 39.268400002319026 ], [ -120.053821180046654, 39.268578809774887 ], [ -120.053659101533611, 39.268574705557512 ], [ -120.05346104489206, 39.268875980705701 ], [ -120.053299720152339, 39.268853877966897 ], [ -120.0532735483484, 39.268925283532425 ], [ -120.053157777465529, 39.268922351405628 ], [ -120.053152496347039, 39.269048337347293 ], [ -120.053059879487563, 39.269045991552652 ], [ -120.052700493312685, 39.269325161908341 ], [ -120.052608630720684, 39.269304817758702 ], [ -120.052601839348554, 39.269466799592259 ], [ -120.052482294488911, 39.269553856659897 ], [ -120.052322477944784, 39.269495756564822 ], [ -120.052065515963477, 39.269543297493236 ], [ -120.051534736519287, 39.27059285636583 ], [ -120.051154446526951, 39.270817440694344 ], [ -120.05085695725532, 39.271278344711384 ], [ -120.050014057493755, 39.272031710677993 ], [ -120.049840640924131, 39.272297569783767 ], [ -120.049555979269343, 39.272452505098236 ], [ -120.04933171603264, 39.272825176427958 ], [ -120.049422071043864, 39.272881519133108 ], [ -120.04936518294285, 39.273132315515795 ], [ -120.049066881136909, 39.273174141580469 ], [ -120.049129094639241, 39.273234430333581 ], [ -120.04916709426513, 39.273433581956709 ], [ -120.049072960746528, 39.273467228597546 ], [ -120.048945092506983, 39.273752258558808 ], [ -120.048755312917578, 39.273855547168054 ], [ -120.048625175375349, 39.274194570394059 ], [ -120.048342770735715, 39.274295508603579 ], [ -120.048291168217986, 39.27442031894541 ], [ -120.048152988804262, 39.274398796131777 ], [ -120.047962450402366, 39.274520081217709 ], [ -120.04800498265935, 39.274611245741752 ], [ -120.04839409883742, 39.274729220505016 ], [ -120.048525476913056, 39.274912724145146 ], [ -120.048690592263227, 39.274844844455409 ], [ -120.048732369915385, 39.274954006653516 ], [ -120.048892951012704, 39.274994114091186 ], [ -120.048902504544671, 39.275318663715545 ], [ -120.049057041245277, 39.275502754193631 ], [ -120.048981526968603, 39.275644975399821 ], [ -120.049018015670924, 39.275880122839659 ], [ -120.049725286582088, 39.276150299171903 ], [ -120.0503930481228, 39.27625731592773 ], [ -120.050941252982071, 39.276451383798957 ], [ -120.051219132311374, 39.276458427121398 ], [ -120.051221144868904, 39.276962956258544 ], [ -120.051394317337937, 39.277255618494728 ], [ -120.051339697109213, 39.277452422003691 ], [ -120.051568246270989, 39.277530282575526 ], [ -120.051446420500071, 39.277671331717507 ], [ -120.051482163017667, 39.277924476602642 ], [ -120.051233978062911, 39.278314562066363 ], [ -120.051091258595122, 39.278401030013299 ], [ -120.051029083944741, 39.278777812552264 ], [ -120.050882586799204, 39.278954269816957 ], [ -120.05089894660442, 39.279116838144674 ], [ -120.050756225057398, 39.279203305592439 ], [ -120.050722492730685, 39.27945468943183 ], [ -120.050453406285371, 39.27979019196799 ], [ -120.050419672466248, 39.280041575645633 ], [ -120.049743297007026, 39.280691056847715 ], [ -120.049764188101562, 39.280745637808522 ], [ -120.049646886812212, 39.28077869725481 ], [ -120.049468155210604, 39.28117053985325 ], [ -120.049062373954087, 39.281448520897953 ], [ -120.048898754742879, 39.281480404705064 ], [ -120.048624635850018, 39.281383365697991 ], [ -120.04862236803433, 39.281437359336998 ], [ -120.048178582091154, 39.2815161854775 ], [ -120.047766271260613, 39.281397621035929 ], [ -120.047551798059999, 39.281536314770676 ], [ -120.047324753632651, 39.281422450306593 ], [ -120.04717597259328, 39.281652895837148 ], [ -120.046873402736381, 39.281681249949671 ], [ -120.04670448710435, 39.281839115548472 ], [ -120.046327145668485, 39.281991689436786 ], [ -120.045933454080966, 39.281981693492426 ], [ -120.045766805722735, 39.282085564117395 ], [ -120.045255808469804, 39.282108621104797 ], [ -120.044621449458447, 39.282308712527595 ], [ -120.04428088713982, 39.282137907238763 ], [ -120.043604752113666, 39.28222882945343 ], [ -120.043435070744252, 39.282404687752873 ], [ -120.04324980348639, 39.282399979301928 ], [ -120.042988244401784, 39.282555484765147 ], [ -120.043005343585975, 39.282700055668862 ], [ -120.04291195216355, 39.282715698906436 ], [ -120.042807198732831, 39.28300130877858 ], [ -120.042307231622516, 39.283312905580139 ], [ -120.042088953852016, 39.283541577406631 ], [ -120.041193005709474, 39.283897151721632 ], [ -120.040906003719527, 39.284106056316048 ], [ -120.040878296837931, 39.28421345372336 ], [ -120.040692267199418, 39.284226738766009 ], [ -120.040334269062271, 39.284469869958635 ], [ -120.039653557806233, 39.284668754482233 ], [ -120.039155840586304, 39.284926343514179 ], [ -120.03841323081825, 39.284943475108889 ], [ -120.038186191666725, 39.284829592999898 ], [ -120.03672868795347, 39.284756442956002 ], [ -120.036143255860111, 39.284345155302404 ], [ -120.035954947671712, 39.284412425713427 ], [ -120.035444692327999, 39.284417441140384 ], [ -120.034610583157317, 39.284954709887423 ], [ -120.034377473183653, 39.284984801682221 ], [ -120.033480710940921, 39.285358311918131 ], [ -120.03300156663795, 39.285724449772893 ], [ -120.0329954861933, 39.285868430667009 ], [ -120.032518616405994, 39.286180573456654 ], [ -120.032434694088394, 39.286520755585421 ], [ -120.032316615672556, 39.286571794436711 ], [ -120.032227778846391, 39.28647944320997 ], [ -120.032308661127146, 39.286211251662287 ], [ -120.032187951053601, 39.285775764442171 ], [ -120.032291991702152, 39.285508163664211 ], [ -120.03218075725573, 39.285397224045191 ], [ -120.032186839266686, 39.285253243245812 ], [ -120.03170015001767, 39.284700316509401 ], [ -120.031271537645068, 39.284419124758458 ], [ -120.03145189924868, 39.283991319331044 ], [ -120.031295111588562, 39.283861199502802 ], [ -120.031327395374717, 39.283645819382357 ], [ -120.031129614949464, 39.283388534307065 ], [ -120.031137219603437, 39.283208558416625 ], [ -120.030893124371474, 39.282950091005461 ], [ -120.030746987687962, 39.282568004348427 ], [ -120.030611080828905, 39.282492467553219 ], [ -120.030624771109487, 39.282168511047907 ], [ -120.03002156436925, 39.281630620459509 ], [ -120.030283146752225, 39.281475145113106 ], [ -120.030294556180834, 39.281205181393339 ], [ -120.030517426575074, 39.280868547303342 ], [ -120.032096001408021, 39.279719706590932 ], [ -120.0322269895765, 39.279362707963067 ], [ -120.032469201558115, 39.279116648297119 ], [ -120.032766485552855, 39.278115278203032 ], [ -120.032985534438666, 39.27786862657365 ], [ -120.033257764828079, 39.276362139466066 ], [ -120.033581951794915, 39.276370405827315 ], [ -120.033607386946002, 39.27631700329438 ], [ -120.033731155599284, 39.275581461111393 ], [ -120.033575900569105, 39.275415349442859 ], [ -120.03350758544947, 39.274837062866943 ], [ -120.033172405268814, 39.274540243699903 ], [ -120.033067263493436, 39.27428532416593 ], [ -120.033143567410747, 39.274125116790977 ], [ -120.032747283697503, 39.273628550983439 ], [ -120.032715409238037, 39.27328541460696 ], [ -120.03243718761334, 39.272737807730827 ], [ -120.032447825395636, 39.272485840721593 ], [ -120.032163529503237, 39.27208221446751 ], [ -120.032332451635895, 39.271924370117446 ], [ -120.032732919822621, 39.271772431054487 ], [ -120.032604628576593, 39.271516920683482 ], [ -120.032639179568406, 39.271247546480453 ], [ -120.032554159277538, 39.27106520776335 ], [ -120.032649816063596, 39.270995579360488 ], [ -120.03264109677832, 39.27065303342652 ], [ -120.032775860857953, 39.270206044669266 ], [ -120.032919343818122, 39.270101601665843 ], [ -120.033005518024567, 39.269707424531049 ], [ -120.032943652327205, 39.269525676540752 ], [ -120.032653286857581, 39.269266032930432 ], [ -120.032640009082968, 39.269031472864157 ], [ -120.032877623991766, 39.268893396516937 ], [ -120.032930768009734, 39.268732598476568 ], [ -120.033303505673004, 39.268688052178575 ], [ -120.03321392909946, 39.268613699942307 ], [ -120.033320214846043, 39.268292103428365 ], [ -120.033210523310004, 39.268145170147712 ], [ -120.033263665901302, 39.267984371886556 ], [ -120.033174090222047, 39.267910019647665 ], [ -120.033272020432037, 39.267786397498753 ], [ -120.033136138266769, 39.267710864477394 ], [ -120.03309818649177, 39.267511709297075 ], [ -120.033227623963057, 39.26719070317283 ], [ -120.03316120244466, 39.267116941329945 ], [ -120.033220420130078, 39.26681216165013 ], [ -120.032094317693932, 39.265486215232926 ], [ -120.031454452034438, 39.264172664831385 ], [ -120.031472688629478, 39.263740721127441 ], [ -120.03091744803713, 39.263168025549248 ], [ -120.030880264216833, 39.262950872196178 ], [ -120.030789937255093, 39.26289451605367 ], [ -120.030779705562892, 39.262587965246581 ], [ -120.030669267621889, 39.262459027633831 ], [ -120.030509896942107, 39.261842380967146 ], [ -120.030559999843106, 39.261753574429441 ], [ -120.030470434683238, 39.26167922045164 ], [ -120.030557369212332, 39.261267047119553 ], [ -120.030677685050279, 39.261162015335785 ], [ -120.030683004918657, 39.2610360317831 ], [ -120.030525507275371, 39.260923910133677 ], [ -120.030607880360762, 39.260619722571306 ], [ -120.030503116227734, 39.260905321646632 ], [ -120.030445823578489, 39.260615586743043 ], [ -120.030309197979207, 39.260558048630443 ], [ -120.030178653347946, 39.260356529211663 ], [ -120.030189294533074, 39.260104562182093 ], [ -120.030053430242944, 39.260029026166329 ], [ -120.030232967075804, 39.259619216611036 ], [ -120.030175676261791, 39.259329481601505 ], [ -120.03031498965214, 39.258774508808159 ], [ -120.030231508600679, 39.258556173558524 ], [ -120.030094887090016, 39.25849863533638 ], [ -120.030075537151617, 39.258408056198775 ], [ -120.030005326375573, 39.258424281141743 ], [ -120.030127918006968, 39.258265256780007 ], [ -120.029991297139333, 39.258207718458536 ], [ -120.030025088264708, 39.257956342279996 ], [ -120.029889988266461, 39.257862808566387 ], [ -120.029854329609066, 39.257609659646654 ], [ -120.029764770234266, 39.257535305309972 ], [ -120.02976746414825, 39.256922794355759 ], [ -120.029959502534695, 39.256765542841762 ], [ -120.030806568751998, 39.25646285417163 ], [ -120.030923105267078, 39.256447130913223 ], [ -120.030923836388737, 39.256429812401755 ], [ -120.030941678269997, 39.256444625007944 ], [ -120.032041853523438, 39.256296181586507 ], [ -120.030994044966121, 39.256413586814965 ], [ -120.030915882626388, 39.25606926831567 ], [ -120.030431671027671, 39.255462348972436 ], [ -120.030331122982432, 39.255099441728412 ], [ -120.030528473894549, 39.254816205331998 ], [ -120.030740614447538, 39.254731533628487 ], [ -120.030699634995756, 39.254604368492387 ], [ -120.031711752272415, 39.254233816204533 ], [ -120.031905327640686, 39.252941525314945 ], [ -120.032135686082952, 39.252424905991333 ], [ -120.032830522297161, 39.251884096856621 ], [ -120.033194845038366, 39.251702732919505 ], [ -120.032692780112484, 39.251304038086552 ], [ -120.032610058188155, 39.251067706644932 ], [ -120.032496596572074, 39.251010761958767 ], [ -120.032575150798493, 39.25079656034697 ], [ -120.032466245099855, 39.250631629371753 ], [ -120.032606278183238, 39.250058654047571 ], [ -120.032748200052424, 39.249990204814338 ], [ -120.03275730983276, 39.249774232186915 ], [ -120.03290150829018, 39.249651789572852 ], [ -120.032815750766645, 39.249487449154394 ], [ -120.032538741724863, 39.249462368246149 ], [ -120.032290954276945, 39.249293895327376 ], [ -120.032326249386372, 39.249006522238858 ], [ -120.032396450170722, 39.248990295491296 ], [ -120.03231449071626, 39.24873596618432 ], [ -120.032506500145232, 39.248578709198355 ], [ -120.032440854953848, 39.24848694972215 ], [ -120.032677639092299, 39.248366868441174 ], [ -120.032987274998135, 39.24871708833043 ], [ -120.033280597613327, 39.248904737782468 ], [ -120.033518520128865, 39.249307179178111 ], [ -120.03348059985619, 39.249334791284795 ], [ -120.033577310347653, 39.249377571415415 ], [ -120.03354697994331, 39.249181785135399 ], [ -120.03361793957778, 39.249147559911925 ], [ -120.034766450609567, 39.250299656987515 ], [ -120.034730544216629, 39.250238925282147 ], [ -120.034971882349026, 39.250010852918706 ], [ -120.03537373449474, 39.249822903757405 ], [ -120.03561582751972, 39.249576832143951 ], [ -120.035860952180826, 39.249258768866895 ], [ -120.035875360462015, 39.248916811194455 ], [ -120.036941650025568, 39.248907933421194 ], [ -120.037122280033699, 39.249020635321997 ], [ -120.037085488376249, 39.249344006197198 ], [ -120.037169739907768, 39.249544339429086 ], [ -120.037071843792205, 39.2496679664293 ], [ -120.03715912769843, 39.24979630851093 ], [ -120.036614603664688, 39.250070716088828 ], [ -120.036600198382544, 39.250412673922405 ], [ -120.036368721011854, 39.250406778714591 ], [ -120.036692031193951, 39.250433029658424 ], [ -120.036917039068399, 39.250042383506951 ], [ -120.037084378774381, 39.249920524881219 ], [ -120.037668373952783, 39.249809273738045 ], [ -120.037678637391807, 39.250115825599096 ], [ -120.037690005748274, 39.249845858613021 ], [ -120.039010933834376, 39.249843444135159 ], [ -120.039144516867552, 39.249972962883795 ], [ -120.039239802713382, 39.250461849003287 ], [ -120.039641315311528, 39.250832406367572 ], [ -120.039675584655285, 39.250956038758503 ], [ -120.039801078804928, 39.250890522037942 ], [ -120.039931635841072, 39.251092031319615 ], [ -120.039823469401625, 39.250909108734341 ], [ -120.039963871906238, 39.250876646165231 ], [ -120.040038616982258, 39.250752427806219 ], [ -120.040059492993223, 39.250807010128497 ], [ -120.040385078700524, 39.250779257410109 ], [ -120.040404440554283, 39.250869835361918 ], [ -120.040563447647827, 39.250945947853758 ], [ -120.040513365681718, 39.251034759621312 ], [ -120.040604443449553, 39.251073110182539 ], [ -120.040575995136649, 39.25119850636851 ], [ -120.040664044495671, 39.251308848263605 ], [ -120.040588542658455, 39.251451064875759 ], [ -120.040648143891204, 39.251686802961871 ], [ -120.040560526251156, 39.252116984976581 ], [ -120.040133252920796, 39.252358356706225 ], [ -120.039956823609671, 39.252696193592655 ], [ -120.039840323397669, 39.25271124706515 ], [ -120.039593988438085, 39.252562142007221 ], [ -120.039521478879806, 39.252599688033577 ], [ -120.03970446181296, 39.252635722392831 ], [ -120.039631986348283, 39.252705946936445 ], [ -120.039696129870762, 39.252833698450104 ], [ -120.039602777993863, 39.252849340583992 ], [ -120.039622139233231, 39.252939918621387 ], [ -120.039450251040037, 39.253169767646995 ], [ -120.040429743211362, 39.253573043429178 ], [ -120.040538672188504, 39.253737967760443 ], [ -120.04056106384877, 39.253756554348918 ], [ -120.040550228182738, 39.253756278762232 ], [ -120.040639872461952, 39.25379025371091 ], [ -120.040724620755199, 39.253724679828629 ], [ -120.040767132568334, 39.253815846446109 ], [ -120.040713734574098, 39.253883280984383 ], [ -120.040765618155646, 39.253851842120802 ], [ -120.040926146549054, 39.253891958677734 ], [ -120.040968658715755, 39.253983125233098 ], [ -120.04108591801085, 39.253950072862011 ], [ -120.041221783633262, 39.25402559605886 ], [ -120.040984993319753, 39.254145694467027 ], [ -120.040285649197287, 39.254794540649911 ], [ -120.04018093402226, 39.255080150525067 ], [ -120.040086064384326, 39.25513178857787 ], [ -120.039895235005716, 39.255811583514593 ], [ -120.039845572917315, 39.256440918143376 ], [ -120.03990896231636, 39.256586667427747 ], [ -120.039401602098991, 39.2570782377217 ], [ -120.039322302486866, 39.257310442073958 ], [ -120.039260966836551, 39.257259530263887 ], [ -120.03925436766545, 39.257272679320629 ], [ -120.03921631758385, 39.257213155610771 ], [ -120.039252852292961, 39.257308674924673 ], [ -120.039134071112187, 39.25737772078363 ], [ -120.039174309600767, 39.257522881338879 ], [ -120.039051739239071, 39.25768191608703 ], [ -120.039041130695054, 39.257933885245485 ], [ -120.038970922127746, 39.257950115700559 ], [ -120.039011918298471, 39.258077278503862 ], [ -120.038722746933644, 39.25834017566271 ], [ -120.038714410539782, 39.258538151349775 ], [ -120.038802465355133, 39.25864849477307 ], [ -120.03875809496023, 39.259151843703378 ], [ -120.038866269896388, 39.259334767433053 ], [ -120.038858691458827, 39.25951474532333 ], [ -120.038712207925798, 39.259691188126368 ], [ -120.038912987080195, 39.259876468572919 ], [ -120.038900103650889, 39.260182430966722 ], [ -120.038671280910506, 39.260663068457859 ], [ -120.038724818153582, 39.261042789511848 ], [ -120.038630697142281, 39.261076428202621 ], [ -120.038624633540252, 39.26122041044156 ], [ -120.038508118880529, 39.26123546201007 ], [ -120.03857226712752, 39.261363214200223 ], [ -120.038428052785918, 39.261485663092905 ], [ -120.038707040945155, 39.262015258854674 ], [ -120.038653158060725, 39.262194058171545 ], [ -120.038830792065326, 39.262378749716227 ], [ -120.038788691696652, 39.262828104963596 ], [ -120.038858147307806, 39.262829872596328 ], [ -120.038806537910602, 39.262954678621071 ], [ -120.038874477775479, 39.26299244180435 ], [ -120.038797442423345, 39.263170651942403 ], [ -120.038854771188142, 39.263460384013968 ], [ -120.039031650819112, 39.263663073136748 ], [ -120.039058249413657, 39.264132193729054 ], [ -120.039169463583917, 39.264243126249902 ], [ -120.039019938444795, 39.264491560077985 ], [ -120.039248431164054, 39.264569442892174 ], [ -120.039492498646823, 39.264827892206071 ], [ -120.040212923831234, 39.265332681572211 ], [ -120.040601974868125, 39.265450680121816 ], [ -120.040917023924877, 39.265674897774225 ], [ -120.041125399607139, 39.265680197059737 ], [ -120.041485999934622, 39.2659235886494 ], [ -120.042127467969621, 39.266102051408673 ], [ -120.042122167632414, 39.26622803615755 ], [ -120.042645603400544, 39.266457546634804 ], [ -120.042885904891619, 39.266805978629577 ], [ -120.043496662912702, 39.267163824162424 ], [ -120.043667195220294, 39.267194872293658 ], [ -120.043753620695568, 39.26711630204472 ], [ -120.043716395621999, 39.266899151333511 ], [ -120.043866666953718, 39.266632713269438 ], [ -120.043916306093408, 39.266003376782777 ], [ -120.043800847332975, 39.265441913931156 ], [ -120.043886196918095, 39.26506572376757 ], [ -120.043807207187015, 39.264739409457903 ], [ -120.043998481413865, 39.264600132411665 ], [ -120.044018154597069, 39.264132188117387 ], [ -120.043903905928033, 39.26409325137481 ], [ -120.043910716022836, 39.263931270662468 ], [ -120.043753189943502, 39.263819165928126 ], [ -120.043560711183318, 39.263435916653769 ], [ -120.043666184121861, 39.263132306186179 ], [ -120.043334795854236, 39.262745527022965 ], [ -120.043304384659464, 39.262366395506227 ], [ -120.042885693267692, 39.261851277015488 ], [ -120.042838499753245, 39.260769052561614 ], [ -120.042580364537486, 39.260294047591231 ], [ -120.04237578936781, 39.260198762295062 ], [ -120.042337056956455, 39.260017606907951 ], [ -120.042135511003394, 39.259850329859603 ], [ -120.042097536374854, 39.259651176572945 ], [ -120.041610931149506, 39.259098292999461 ], [ -120.04152968560912, 39.2588259710149 ], [ -120.041826419639207, 39.258383088168529 ], [ -120.04194141497338, 39.258404028745801 ], [ -120.042226033379933, 39.258249110221506 ], [ -120.042326961297647, 39.258053487751944 ], [ -120.042706449220731, 39.257846928168846 ], [ -120.042811915890823, 39.257543318043979 ], [ -120.043028591846095, 39.257350636535151 ], [ -120.043057039003457, 39.25722523979239 ], [ -120.043364043626738, 39.257088904342567 ], [ -120.043375392997959, 39.256818936292035 ], [ -120.043472532522912, 39.256713301946071 ], [ -120.043536990165734, 39.256282529381309 ], [ -120.043431833336697, 39.256027618134439 ], [ -120.043505065351823, 39.255939393367697 ], [ -120.043265551087359, 39.255572965513288 ], [ -120.043319416232606, 39.255394163241782 ], [ -120.043255263955132, 39.255266413435635 ], [ -120.042583483252287, 39.254708828404802 ], [ -120.04277775806969, 39.254497560744035 ], [ -120.04349403800795, 39.254832696313734 ], [ -120.04375834665376, 39.254324289446096 ], [ -120.043646383192041, 39.254231359355359 ], [ -120.043676340582266, 39.254069966545202 ], [ -120.044037191760069, 39.253754826060081 ], [ -120.044104369694324, 39.253810583898904 ], [ -120.044093068824679, 39.254079493567524 ], [ -120.044464166340745, 39.25407196265116 ], [ -120.044461897535484, 39.25412595634112 ], [ -120.044077896946874, 39.254440510067262 ], [ -120.044077140570465, 39.254458507956535 ], [ -120.043650357516853, 39.254905834643758 ], [ -120.043755019709792, 39.254954803496503 ], [ -120.043636246786178, 39.255023854299104 ], [ -120.043754263237005, 39.25497280137899 ], [ -120.043934919808393, 39.255085493605336 ], [ -120.043906475310507, 39.255210890695594 ], [ -120.044084107133457, 39.255395574260532 ], [ -120.043655613688173, 39.255114431856413 ], [ -120.044398368512958, 39.255637779411423 ], [ -120.044922199277948, 39.256407802133303 ], [ -120.044986892159955, 39.256461494472717 ], [ -120.044973036246958, 39.256300990573557 ], [ -120.045165796550478, 39.256125714668293 ], [ -120.045148695924055, 39.255981143585856 ], [ -120.045394558949297, 39.255645061816701 ], [ -120.045358844765232, 39.25539191548306 ], [ -120.045515886878547, 39.254963492468022 ], [ -120.045764768127427, 39.25455541800401 ], [ -120.045928325016959, 39.254523536148788 ], [ -120.045649777640719, 39.254534481392319 ], [ -120.045680486600602, 39.25435508998747 ], [ -120.045962812718287, 39.254254155040947 ], [ -120.045971218638584, 39.254540028317187 ], [ -120.046179188009219, 39.254619990131651 ], [ -120.04635002237076, 39.254966651735856 ], [ -120.045986906813894, 39.255335793252598 ], [ -120.045903851303933, 39.255657992636849 ], [ -120.045761929441525, 39.255726457921533 ], [ -120.045706558132295, 39.255941257365016 ], [ -120.045612447093177, 39.255974902120379 ], [ -120.045725171904607, 39.256049832587472 ], [ -120.045720635903251, 39.256157820052991 ], [ -120.045524096542735, 39.25642308646092 ], [ -120.045559811615277, 39.256676232747488 ], [ -120.045376645639294, 39.256792850845294 ], [ -120.045414862938301, 39.256816689126161 ], [ -120.045223613529174, 39.25695596957754 ], [ -120.045482800871412, 39.256854448391941 ], [ -120.046165207952441, 39.257160047348854 ], [ -120.047038868946089, 39.257326359331032 ], [ -120.047030289285388, 39.257346215001952 ], [ -120.048626417769668, 39.257600859926924 ], [ -120.048611895792433, 39.257654542916711 ], [ -120.048925106784765, 39.257662486974404 ], [ -120.0505088979736, 39.258026952285817 ], [ -120.050434667362055, 39.258691703905441 ], [ -120.050255249088025, 39.259101549283507 ], [ -120.05001894867975, 39.261419765800277 ], [ -120.049937984108041, 39.261613693840808 ], [ -120.050080853303385, 39.261601506332703 ], [ -120.050210454794254, 39.260721953702863 ], [ -120.050368991547202, 39.26025752785759 ], [ -120.050607297996237, 39.260101414666295 ], [ -120.050636488016963, 39.259958017670321 ], [ -120.050852396510209, 39.259783319100137 ], [ -120.050983247143208, 39.259426293243656 ], [ -120.05158466008956, 39.258901020695589 ], [ -120.051476693554704, 39.258159583002559 ], [ -120.052219776252272, 39.258124359015653 ], [ -120.052214495482374, 39.25825034508491 ], [ -120.052659405588244, 39.258694026393968 ], [ -120.052695901434262, 39.258929173407921 ], [ -120.05281887072627, 39.259040981572063 ], [ -120.05272810371082, 39.258713783616528 ], [ -120.052463117923423, 39.258400780324955 ], [ -120.052405735443102, 39.258111052769202 ], [ -120.05231313303878, 39.258108706924112 ], [ -120.05264101292471, 39.258026926974836 ], [ -120.054382585164873, 39.257944908053766 ], [ -120.054383552680861, 39.257970083974911 ], [ -120.054570051260285, 39.257895602216657 ], [ -120.0566752500349, 39.257984907102639 ], [ -120.056675341784384, 39.258074568158683 ], [ -120.056997099693774, 39.258047099341141 ], [ -120.058657928212966, 39.258233231124812 ], [ -120.058578689859601, 39.258465450934523 ], [ -120.058589043509613, 39.25877200406331 ], [ -120.058656990828496, 39.258809755960698 ], [ -120.058636294986414, 39.260412758177125 ], [ -120.058725122334579, 39.258288981081627 ], [ -120.058850295131634, 39.25917498503626 ], [ -120.05878875383803, 39.260092303570076 ], [ -120.058876090176028, 39.260220631146225 ], [ -120.058841647368965, 39.260490017610387 ], [ -120.059039107083407, 39.261864311036312 ], [ -120.059206257851457, 39.262300946996966 ] ], [ [ -120.038257886610751, 39.252869168231719 ], [ -120.038085994271285, 39.253099015079343 ], [ -120.038257128788743, 39.252887166031186 ], [ -120.040538095226808, 39.253751680395801 ], [ -120.040538672188504, 39.253737967760443 ], [ -120.038257886610751, 39.252869168231719 ] ], [ [ -120.039744126492792, 39.254996970384944 ], [ -120.039749428969358, 39.254870985663651 ], [ -120.039658495119355, 39.255071746189799 ], [ -120.039724077894022, 39.255014477425 ], [ -120.039720219674194, 39.255014379269213 ], [ -120.039720977179442, 39.254996381452493 ], [ -120.039733190894708, 39.255006519680016 ], [ -120.039864417874568, 39.254891928063273 ], [ -120.039744126492792, 39.254996970384944 ] ], [ [ -120.040341363845599, 39.25402122284742 ], [ -120.040157686557862, 39.253980516652405 ], [ -120.040145312618606, 39.253999219940241 ], [ -120.040341363845599, 39.25402122284742 ] ], [ [ -120.039596140160754, 39.255209410494551 ], [ -120.039557926844267, 39.256667822197798 ], [ -120.03962168840431, 39.255153006375203 ], [ -120.039596140160754, 39.255209410494551 ] ], [ [ -120.033024378727077, 39.256627528819124 ], [ -120.033195824205663, 39.256699729263623 ], [ -120.032304852718937, 39.256104701947756 ], [ -120.032233885257597, 39.256138926041288 ], [ -120.031656763843387, 39.255593257730844 ], [ -120.031830106154089, 39.255822336782956 ], [ -120.032254078586433, 39.256155786452894 ], [ -120.032304093287721, 39.256122699640095 ], [ -120.033024378727077, 39.256627528819124 ] ], [ [ -120.03152312454668, 39.254859601434738 ], [ -120.031484718060625, 39.255003218132508 ], [ -120.03184305065048, 39.254417336129052 ], [ -120.03152312454668, 39.254859601434738 ] ], [ [ -120.031898851603216, 39.253615757566308 ], [ -120.031876468140752, 39.253625437700386 ], [ -120.03184305065048, 39.254417336129052 ], [ -120.031898851603216, 39.253615757566308 ] ], [ [ -120.032112511625925, 39.253523356057038 ], [ -120.032029202236458, 39.253559384930234 ], [ -120.032623301069791, 39.253500348964607 ], [ -120.032112511625925, 39.253523356057038 ] ], [ [ -120.033894390289063, 39.252483262205693 ], [ -120.033728367162666, 39.252573619728068 ], [ -120.033893441630113, 39.252505759367551 ], [ -120.033894390289063, 39.252483262205693 ] ], [ [ -120.033973511420527, 39.252255561298036 ], [ -120.033942392946827, 39.251894426573926 ], [ -120.033924179185206, 39.252326372125573 ], [ -120.034067622343272, 39.252221925966708 ], [ -120.033973511420527, 39.252255561298036 ] ], [ [ -120.034125067803487, 39.251874136072146 ], [ -120.0340797642627, 39.251933962227362 ], [ -120.034067622343272, 39.252221925966708 ], [ -120.034125067803487, 39.251874136072146 ] ], [ [ -120.034227000480712, 39.251739527145574 ], [ -120.03417558475364, 39.251807425135972 ], [ -120.034321409161109, 39.251687115422797 ], [ -120.034227000480712, 39.251739527145574 ] ], [ [ -120.035039071311871, 39.251165658228857 ], [ -120.035003835353635, 39.251216237775317 ], [ -120.035131663138444, 39.25116801746212 ], [ -120.035039071311871, 39.251165658228857 ] ], [ [ -120.036369921620022, 39.252028347018879 ], [ -120.036077336109287, 39.251822706866967 ], [ -120.035293698861125, 39.25117214594345 ], [ -120.035716824838275, 39.251579301468475 ], [ -120.036369921620022, 39.252028347018879 ] ], [ [ -120.036449775862181, 39.252333067810774 ], [ -120.036455690343104, 39.252192685189719 ], [ -120.036369921620022, 39.252028347018879 ], [ -120.036449775862181, 39.252333067810774 ] ], [ [ -120.036442041478651, 39.252516645078288 ], [ -120.036444695441745, 39.252453652879502 ], [ -120.036269385979011, 39.252764486827267 ], [ -120.036442041478651, 39.252516645078288 ] ], [ [ -120.036151162399463, 39.252845418830866 ], [ -120.037137658106644, 39.25305685475972 ], [ -120.036228322266965, 39.252837294730135 ], [ -120.036219297263415, 39.252853296464522 ], [ -120.036151162399463, 39.252845418830866 ] ], [ [ -120.038183268695249, 39.253470170007326 ], [ -120.038185822716329, 39.253479914941806 ], [ -120.037568385969848, 39.253284026435253 ], [ -120.038539981910418, 39.25362917016006 ], [ -120.038183268695249, 39.253470170007326 ] ], [ [ -120.03902615910242, 39.255537232361284 ], [ -120.039028013457425, 39.254942715731616 ], [ -120.038956555103539, 39.25570557593845 ], [ -120.03902615910242, 39.255537232361284 ] ], [ [ -120.03894996875043, 39.256796489347423 ], [ -120.038928727406343, 39.256002647037384 ], [ -120.038901736332321, 39.256290783639656 ], [ -120.03894996875043, 39.256796489347423 ] ], [ [ -120.046994285492431, 39.2574295374421 ], [ -120.04696186107499, 39.257504576053414 ], [ -120.046968890423614, 39.257534872596999 ], [ -120.046994285492431, 39.2574295374421 ] ], [ [ -120.047833351659008, 39.266725111825885 ], [ -120.047800142393697, 39.266782419281284 ], [ -120.047824367249774, 39.266769233619129 ], [ -120.047833351659008, 39.266725111825885 ] ], [ [ -120.047766586806617, 39.266883591673555 ], [ -120.047753920838858, 39.26686218116734 ], [ -120.047725707628146, 39.266910866982464 ], [ -120.047579229068944, 39.267087321022565 ], [ -120.047766586806617, 39.266883591673555 ] ], [ [ -120.04720197061711, 39.267239901169937 ], [ -120.047203734431776, 39.267197906068667 ], [ -120.047161451998505, 39.267238872862706 ], [ -120.04720197061711, 39.267239901169937 ] ], [ [ -120.044297062999163, 39.267490450126537 ], [ -120.044163762564636, 39.267430760393324 ], [ -120.044224708256777, 39.267488612039116 ], [ -120.044297062999163, 39.267490450126537 ] ], [ [ -120.043905402749147, 39.267315070425461 ], [ -120.043757589735449, 39.267248881372524 ], [ -120.043792359549087, 39.267297457056117 ], [ -120.043905402749147, 39.267315070425461 ] ], [ [ -120.045142471562642, 39.257367566985117 ], [ -120.045087446059483, 39.257438973422431 ], [ -120.045019800114801, 39.256842691220889 ], [ -120.045086576350045, 39.257651095434696 ], [ -120.045142471562642, 39.257367566985117 ] ], [ [ -120.045234199573926, 39.256703998968504 ], [ -120.045324531182956, 39.256760344079936 ], [ -120.045224348106203, 39.256677197285377 ], [ -120.045019800114801, 39.256842691220889 ], [ -120.045234199573926, 39.256703998968504 ] ], [ [ -120.045154336638191, 39.258053253470891 ], [ -120.045113485240435, 39.257976855655841 ], [ -120.045125338944814, 39.25812035652897 ], [ -120.045154336638191, 39.258053253470891 ] ], [ [ -120.049790081781012, 39.261967949443267 ], [ -120.049683996260512, 39.262222042934852 ], [ -120.049670403419341, 39.262546006137356 ], [ -120.049790081781012, 39.261967949443267 ] ], [ [ -120.048724150957554, 39.264107513416121 ], [ -120.048736113250371, 39.264081354225837 ], [ -120.048866352684001, 39.26348052182302 ], [ -120.048699487550877, 39.264142922024199 ], [ -120.048880175186994, 39.264255607610963 ], [ -120.048734260499131, 39.264117109157979 ], [ -120.048722640060475, 39.264143509285752 ], [ -120.048729369148688, 39.26411246640226 ], [ -120.048724150957554, 39.264107513416121 ] ], [ [ -120.059213752114289, 39.264912333578145 ], [ -120.0572268333663, 39.263079689565863 ], [ -120.05847442440654, 39.264282349606589 ], [ -120.059213752114289, 39.264912333578145 ] ], [ [ -120.056675803047938, 39.258525435165268 ], [ -120.056727208317398, 39.258612316860905 ], [ -120.056675723463115, 39.258447631886121 ], [ -120.056675803047938, 39.258525435165268 ] ], [ [ -120.055747638940417, 39.260213580594787 ], [ -120.05510007272153, 39.259604161189401 ], [ -120.055144409577991, 39.259675818445537 ], [ -120.055747638940417, 39.260213580594787 ] ], [ [ -120.054724352028131, 39.258638210294492 ], [ -120.054391583800481, 39.258179063166047 ], [ -120.054393674394163, 39.258233462837659 ], [ -120.054724352028131, 39.258638210294492 ] ], [ [ -120.048902073452766, 39.2731205697308 ], [ -120.048995450949661, 39.273104921123497 ], [ -120.048880725551911, 39.273089199022259 ], [ -120.048902073452766, 39.2731205697308 ] ], [ [ -120.048585454209174, 39.272932367537472 ], [ -120.048814741247639, 39.272992234992849 ], [ -120.048553981074988, 39.272897431519034 ], [ -120.048585454209174, 39.272932367537472 ] ], [ [ -120.04813217220574, 39.272686646023729 ], [ -120.048175459547409, 39.272759812577661 ], [ -120.048142811313994, 39.272674500824984 ], [ -120.04813217220574, 39.272686646023729 ] ], [ [ -120.049294778484665, 39.27039193365453 ], [ -120.049293542279401, 39.270316912276741 ], [ -120.049054921870763, 39.270584038319022 ], [ -120.049038946129883, 39.270670115121192 ], [ -120.049294778484665, 39.27039193365453 ] ], [ [ -120.047679730408603, 39.267701209578384 ], [ -120.047796884263889, 39.267975681066346 ], [ -120.047780532639209, 39.267813112402948 ], [ -120.047679730408603, 39.267701209578384 ] ], [ [ -120.047265383860136, 39.267385647160197 ], [ -120.047569764698466, 39.267579133681764 ], [ -120.047514781984262, 39.267518095699138 ], [ -120.047265383860136, 39.267385647160197 ] ], [ [ -120.047150372075834, 39.26736471125696 ], [ -120.047141898290022, 39.267382513285135 ], [ -120.047265383860136, 39.267385647160197 ], [ -120.047150372075834, 39.26736471125696 ] ], [ [ -120.04819358153398, 39.266256105519219 ], [ -120.047812847806327, 39.266833288076832 ], [ -120.047967821664642, 39.266664770872495 ], [ -120.04819358153398, 39.266256105519219 ] ], [ [ -120.035776807756008, 39.252802135863853 ], [ -120.035619711069458, 39.252783971937767 ], [ -120.035129799631463, 39.252861575499665 ], [ -120.035776807756008, 39.252802135863853 ] ], [ [ -120.034572611965899, 39.252907914482442 ], [ -120.034456216608262, 39.252898461981438 ], [ -120.034437937396717, 39.252913983104975 ], [ -120.034572611965899, 39.252907914482442 ] ], [ [ -120.034167810325059, 39.253143350444596 ], [ -120.034290007232968, 39.253542840590214 ], [ -120.034466465620071, 39.25320501346669 ], [ -120.034413079044683, 39.25293509064867 ], [ -120.034167810325059, 39.253143350444596 ] ], [ [ -120.033965352888387, 39.255573583203891 ], [ -120.033948091146868, 39.255606088690456 ], [ -120.034076770232176, 39.255598281288165 ], [ -120.033965352888387, 39.255573583203891 ] ], [ [ -120.034366298102299, 39.255580714108298 ], [ -120.034400609990882, 39.25570452860979 ], [ -120.034410320252746, 39.255635887296769 ], [ -120.034366298102299, 39.255580714108298 ] ], [ [ -120.033978450594006, 39.257084262007901 ], [ -120.033681297743897, 39.256986601730219 ], [ -120.033678518002546, 39.256992259976329 ], [ -120.033978450594006, 39.257084262007901 ] ], [ [ -120.033638793627929, 39.256895432843102 ], [ -120.033570055430744, 39.256945479510449 ], [ -120.033584389212052, 39.256960819321165 ], [ -120.033638034516414, 39.256913430554761 ], [ -120.033681297743897, 39.256986601730219 ], [ -120.033638793627929, 39.256895432843102 ] ], [ [ -120.033227907060436, 39.257662693721819 ], [ -120.033282809614121, 39.257643073658869 ], [ -120.033427783390778, 39.257502633412685 ], [ -120.033227907060436, 39.257662693721819 ] ], [ [ -120.031206249606399, 39.258724305355265 ], [ -120.031546517774075, 39.258697831462435 ], [ -120.031221653038997, 39.258707560196378 ], [ -120.031206249606399, 39.258724305355265 ] ], [ [ -120.030777829346405, 39.259191593443433 ], [ -120.031068314339009, 39.259045971700957 ], [ -120.030785189530135, 39.259164866514794 ], [ -120.030777829346405, 39.259191593443433 ] ], [ [ -120.033432739845438, 39.24931362023991 ], [ -120.033246065467821, 39.249174113587038 ], [ -120.033152717394472, 39.249189750682106 ], [ -120.033432739845438, 39.24931362023991 ] ], [ [ -120.035531246298106, 39.251034061299954 ], [ -120.035478882584982, 39.251176863932237 ], [ -120.035482921097014, 39.251180341256457 ], [ -120.035531246298106, 39.251034061299954 ] ], [ [ -120.034248220017204, 39.251146761392889 ], [ -120.034428119631031, 39.251366294326601 ], [ -120.034363987037167, 39.251238540295965 ], [ -120.034373763253129, 39.251230238975381 ], [ -120.034248220017204, 39.251146761392889 ] ], [ [ -120.035134662450744, 39.251001240035677 ], [ -120.035091133425198, 39.250992546664953 ], [ -120.035159362498916, 39.25106062073278 ], [ -120.035172152737189, 39.251048228677597 ], [ -120.035134662450744, 39.251001240035677 ] ], [ [ -120.035050599794715, 39.250892143084201 ], [ -120.035054850015072, 39.250791304966661 ], [ -120.035016411728762, 39.250856893925793 ], [ -120.035050599794715, 39.250892143084201 ] ], [ [ -120.034269971647362, 39.250087275725896 ], [ -120.035006184536101, 39.250846349304013 ], [ -120.035018567762449, 39.250552554993305 ], [ -120.034985558240891, 39.250785935966441 ], [ -120.034269971647362, 39.250087275725896 ] ], [ [ -120.035814692357548, 39.250356632807076 ], [ -120.035719067926934, 39.250426265220547 ], [ -120.0358095610042, 39.250373661222874 ], [ -120.035814692357548, 39.250356632807076 ] ], [ [ -120.035195601495474, 39.251025509905631 ], [ -120.035231840455481, 39.250990399065593 ], [ -120.035216921212196, 39.250967368895893 ], [ -120.035195601495474, 39.251025509905631 ] ], [ [ -120.03512162439533, 39.250699317536302 ], [ -120.035129755178573, 39.250663490538557 ], [ -120.0351089482172, 39.250698994552494 ], [ -120.03512162439533, 39.250699317536302 ] ], [ [ -120.038559475331425, 39.251393437002875 ], [ -120.03859771703047, 39.251289133903775 ], [ -120.03857920102817, 39.251291842162331 ], [ -120.03857534347344, 39.251290650201575 ], [ -120.038559475331425, 39.251393437002875 ] ], [ [ -120.038117682801754, 39.251149234685116 ], [ -120.038031514942446, 39.251122608862765 ], [ -120.038052858215153, 39.251134308881909 ], [ -120.038117682801754, 39.251149234685116 ] ], [ [ -120.039727515055972, 39.252335166019364 ], [ -120.03981599130087, 39.252188132337629 ], [ -120.039874406289599, 39.251901344838032 ], [ -120.039727515055972, 39.252335166019364 ] ], [ [ -120.034024000726234, 39.251052359220203 ], [ -120.034080474110141, 39.25103522144115 ], [ -120.034049021812265, 39.25101430767532 ], [ -120.034024000726234, 39.251052359220203 ] ], [ [ -120.033587960986736, 39.251507033009133 ], [ -120.033850937446559, 39.251315548890553 ], [ -120.033353262523832, 39.251623870257255 ], [ -120.033587960986736, 39.251507033009133 ] ] ], [ [ [ -120.061604565961247, 39.264253337369269 ], [ -120.061626966624033, 39.264271920209957 ], [ -120.06160381380333, 39.264271335512333 ], [ -120.061604565961247, 39.264253337369269 ] ] ], [ [ [ -120.041547018109384, 39.250700702018186 ], [ -120.042150378283566, 39.250680006200305 ], [ -120.042123446463094, 39.250769407145377 ], [ -120.042008463410497, 39.250748467198328 ], [ -120.041764873879757, 39.251030548502591 ], [ -120.041479527808761, 39.251203464997708 ], [ -120.041211591880781, 39.250962430122676 ], [ -120.041547018109384, 39.250700702018186 ] ] ], [ [ [ -120.049296545132833, 39.255437784420089 ], [ -120.049298055268764, 39.255401788477911 ], [ -120.049321204915714, 39.255402375511757 ], [ -120.049296545132833, 39.255437784420089 ] ] ], [ [ [ -120.058702724282213, 39.258270397766623 ], [ -120.058725122334579, 39.258288981081627 ], [ -120.058701971542305, 39.258288395881252 ], [ -120.058702724282213, 39.258270397766623 ] ] ], [ [ [ -120.039545802599861, 39.239335060135339 ], [ -120.039568189639127, 39.239353646769857 ], [ -120.039545045471627, 39.239353057997647 ], [ -120.039545802599861, 39.239335060135339 ] ] ], [ [ [ -120.039568189639127, 39.239353646769857 ], [ -120.039590576690188, 39.239372233400474 ], [ -120.039567432516137, 39.239371644632485 ], [ -120.039568189639127, 39.239353646769857 ] ] ], [ [ [ -120.032042453446564, 39.246945337143501 ], [ -120.031846651192197, 39.247192582095714 ], [ -120.032029936466515, 39.246692778749214 ], [ -120.032040565857841, 39.246440810704144 ], [ -120.031948739767515, 39.246420451533496 ], [ -120.031932426806492, 39.246257881710555 ], [ -120.032030326558186, 39.246134259138337 ], [ -120.032146057757402, 39.246137210843678 ], [ -120.032152131354181, 39.245993229076369 ], [ -120.03239118467647, 39.245819154859639 ], [ -120.032328191085625, 39.246213924227497 ], [ -120.032393834191268, 39.246305683711569 ], [ -120.032203349444188, 39.246426945351423 ], [ -120.032192720640566, 39.24667891343428 ], [ -120.032053082888581, 39.246693369106538 ], [ -120.032042453446564, 39.246945337143501 ] ] ], [ [ [ -120.035133838446711, 39.246717852402668 ], [ -120.035134596900718, 39.246699854635061 ], [ -120.035343673731276, 39.246687164362307 ], [ -120.035295863929036, 39.246721980491699 ], [ -120.035133838446711, 39.246717852402668 ] ] ], [ [ [ -120.035040493993449, 39.246733491159695 ], [ -120.035133838446711, 39.246717852402668 ], [ -120.035131563080569, 39.246771845705197 ], [ -120.035012796576069, 39.246840887988242 ], [ -120.035040493993449, 39.246733491159695 ] ] ], [ [ [ -120.0322515126757, 39.248031693941371 ], [ -120.031977546804853, 39.247934621061937 ], [ -120.031980583975084, 39.247862630212104 ], [ -120.032216607442351, 39.247760547523676 ], [ -120.032399504131334, 39.247819263222716 ], [ -120.032485258874146, 39.247983603873941 ], [ -120.032710654590559, 39.248133488288644 ], [ -120.032728487741792, 39.248260062595428 ], [ -120.032611234710473, 39.248293106779329 ], [ -120.032606679848456, 39.248401093107461 ], [ -120.0322515126757, 39.248031693941371 ] ] ], [ [ [ -120.036814137744997, 39.248634430043346 ], [ -120.036557244594746, 39.248681939356018 ], [ -120.036352711061568, 39.248586644899845 ], [ -120.036211553575058, 39.248637101010011 ], [ -120.035965276191718, 39.248432640120306 ], [ -120.035803246674845, 39.248428512812914 ], [ -120.03548677182701, 39.248240279839976 ], [ -120.03525681875854, 39.248198387160805 ], [ -120.035836251894708, 39.248195131379603 ], [ -120.036616781588606, 39.247818635075227 ], [ -120.036707094898887, 39.247874986256278 ], [ -120.036802361745586, 39.248363873770039 ], [ -120.036982232144481, 39.248494573626729 ], [ -120.03706345045174, 39.248766898080042 ], [ -120.036856641734772, 39.248725597848534 ], [ -120.036814137744997, 39.248634430043346 ] ] ], [ [ [ -120.03388318322888, 39.248902082096542 ], [ -120.033670305245991, 39.249004758161213 ], [ -120.033431623815488, 39.248620314797869 ], [ -120.033513207754908, 39.248334121322877 ], [ -120.033830812929693, 39.247945841725098 ], [ -120.034209508905732, 39.247757306177199 ], [ -120.03451687425833, 39.248161515467771 ], [ -120.034372681708845, 39.248283960336686 ], [ -120.034338912889851, 39.248535338913193 ], [ -120.033938583408855, 39.248687289226105 ], [ -120.033842200753114, 39.248774917870058 ], [ -120.03388318322888, 39.248902082096542 ] ] ], [ [ [ -120.03429228379251, 39.253488847391793 ], [ -120.034167810325059, 39.253143350444596 ], [ -120.034407643162595, 39.252951275271919 ], [ -120.034466465620071, 39.25320501346669 ], [ -120.03429228379251, 39.253488847391793 ] ] ], [ [ [ -120.030946985988933, 39.256430403100751 ], [ -120.030947745775464, 39.256412405431526 ], [ -120.0309932851914, 39.256431584484957 ], [ -120.030946985988933, 39.256430403100751 ] ] ] ] } }
]
}
