{
"type": "FeatureCollection",
"name": "X04398",
"crs": { "type": "name", "properties": { "name": "urn:ogc:def:crs:OGC:1.3:CRS84" } },
"features": [
{ "type": "Feature", "properties": { "part": "direct", "crossing_id": "X04398", "area_ac": 342.4, "n_upstream": null }, "geometry": { "type": "MultiPolygon", "coordinates": [ [ [ [ -119.971208434966158, 38.920941260966472 ], [ -119.971183864312337, 38.920976658127778 ], [ -119.971185396038877, 38.920940662686498 ], [ -119.971208434966158, 38.920941260966472 ] ] ], [ [ [ -119.981213904943004, 38.916696242379182 ], [ -119.981656345901712, 38.917140116226967 ], [ -119.981982692016729, 38.917058472562886 ], [ -119.981790758035487, 38.917233682692277 ], [ -119.981753984381044, 38.917557048884092 ], [ -119.982001298742219, 38.917707589582577 ], [ -119.98204127070008, 38.917852765074876 ], [ -119.981756418630269, 38.918043588507906 ], [ -119.981823243988316, 38.918099370684153 ], [ -119.981809508115845, 38.918423332988588 ], [ -119.981668225508045, 38.918491747597464 ], [ -119.981590715578747, 38.918687935942813 ], [ -119.981630687110083, 38.918833111543485 ], [ -119.981789667020806, 38.918891278500389 ], [ -119.981647620270905, 38.918977690943635 ], [ -119.981615423643845, 38.919193069548854 ], [ -119.981452627130508, 38.919224891820505 ], [ -119.981446521331648, 38.919368874992607 ], [ -119.981212318557724, 38.919452901855664 ], [ -119.981088728729674, 38.919647897164751 ], [ -119.980924404237896, 38.919715714420924 ], [ -119.980941336049639, 38.919860293856097 ], [ -119.980562027045039, 38.920102722102037 ], [ -119.980802476478118, 38.920415246468323 ], [ -119.981668941825006, 38.921194413363814 ], [ -119.981507667216306, 38.921190239736575 ], [ -119.981352499037797, 38.921042082772999 ], [ -119.981359508951513, 38.921420634720512 ], [ -119.981557703581174, 38.921641975759201 ], [ -119.980561036762865, 38.922300848700566 ], [ -119.981092611317791, 38.922819102836691 ], [ -119.981084977174788, 38.92299908163038 ], [ -119.980797810692692, 38.923243895280486 ], [ -119.980659571445912, 38.923240316710547 ], [ -119.980676503089214, 38.923384896120794 ], [ -119.980304809961453, 38.923447343951892 ], [ -119.980180446389156, 38.923660335670526 ], [ -119.980040679013541, 38.923692752056816 ], [ -119.980970949655855, 38.924599699806656 ], [ -119.980426513534468, 38.924927940847802 ], [ -119.980415058908989, 38.925197908772049 ], [ -119.980177780567814, 38.925353924105707 ], [ -119.980243847428397, 38.925427705208236 ], [ -119.980167852266845, 38.925587896236813 ], [ -119.980322263491445, 38.925754052832104 ], [ -119.980243213265211, 38.925986235321091 ], [ -119.980008986924815, 38.926070258760994 ], [ -119.978797996333739, 38.926885723963288 ], [ -119.978845196257424, 38.928490514869026 ], [ -119.979081079377437, 38.928911030183563 ], [ -119.979596522839657, 38.929266714857306 ], [ -119.979660300594418, 38.929394489874305 ], [ -119.979126637035762, 38.930011284893354 ], [ -119.978985328308895, 38.930079695114635 ], [ -119.979095189762731, 38.930208664124848 ], [ -119.979125991710575, 38.930569814271102 ], [ -119.979020832359083, 38.930873389838183 ], [ -119.978809630587705, 38.930958006971203 ], [ -119.979082317885698, 38.931055158618967 ], [ -119.97903011989375, 38.931197947462181 ], [ -119.979095426410424, 38.931289727140481 ], [ -119.978874288768125, 38.931608315967829 ], [ -119.978939595420371, 38.931700095734854 ], [ -119.978859768640788, 38.931950274454039 ], [ -119.978687770326971, 38.932198065340387 ], [ -119.978549513969583, 38.932194483584396 ], [ -119.978472742503882, 38.932372670715267 ], [ -119.978403614166339, 38.932370879723663 ], [ -119.97851194914513, 38.932535844951154 ], [ -119.978158008199685, 38.933265396523367 ], [ -119.97792681311482, 38.933277423451727 ], [ -119.97792146162837, 38.933403408013717 ], [ -119.977753279033465, 38.933561208237784 ], [ -119.977482878202707, 38.933410059845464 ], [ -119.977250153276998, 38.933458080977111 ], [ -119.977152627980217, 38.933581676426904 ], [ -119.97697287131983, 38.933468911481093 ], [ -119.976534287633612, 38.933475559723121 ], [ -119.976478925906349, 38.933149807672066 ], [ -119.976571097868685, 38.933152197211385 ], [ -119.976575686865758, 38.93304421057428 ], [ -119.976690901659879, 38.933047197384823 ], [ -119.976627126498812, 38.932919420893668 ], [ -119.976560292240762, 38.932863635468351 ], [ -119.976074861621314, 38.932887085139704 ], [ -119.975893578471059, 38.932810314182696 ], [ -119.975854377786703, 38.932647139305587 ], [ -119.975717650992266, 38.932607558639162 ], [ -119.975643167213818, 38.932731750318247 ], [ -119.975555586349429, 38.932621373524618 ], [ -119.975160798163998, 38.932683205191545 ], [ -119.974656917725696, 38.932598064864173 ], [ -119.974272925396775, 38.932948455053271 ], [ -119.974160772771341, 38.932873474929494 ], [ -119.973722193189687, 38.932880112724412 ], [ -119.973702978104754, 38.932789526158146 ], [ -119.973588529624365, 38.93276853869088 ], [ -119.973311250374167, 38.932779360568446 ], [ -119.973275883947693, 38.932526196460699 ], [ -119.973066968095566, 38.932556809545446 ], [ -119.973011694007781, 38.932771585996711 ], [ -119.972897245804361, 38.932750597859759 ], [ -119.972811200858374, 38.932604223748221 ], [ -119.972511645367334, 38.932596447922471 ], [ -119.972573881065159, 38.932760221780669 ], [ -119.97240951811645, 38.932828025369119 ], [ -119.972471753743307, 38.932991799274937 ], [ -119.972259006648088, 38.933112399353632 ], [ -119.972122281252851, 38.933072814515647 ], [ -119.972073897602044, 38.93312561109466 ], [ -119.97185112901532, 38.932939651292067 ], [ -119.971439422820197, 38.932856890319066 ], [ -119.971348783970228, 38.932818501369574 ], [ -119.971354146972956, 38.932692517560653 ], [ -119.971148294797302, 38.932651136411948 ], [ -119.971020055382311, 38.932954104740617 ], [ -119.970740476503167, 38.933018913490429 ], [ -119.970176050154478, 38.934355569718065 ], [ -119.969855744484036, 38.934293195151461 ], [ -119.969676765013233, 38.934162421696705 ], [ -119.96975356037288, 38.933984241363021 ], [ -119.969571515346217, 38.933925458399273 ], [ -119.969510819096385, 38.933725687894373 ], [ -119.96928038886054, 38.933719699899278 ], [ -119.969238818564918, 38.932529459659733 ], [ -119.968880104379608, 38.93228590862779 ], [ -119.968942290936283, 38.931909155761112 ], [ -119.968796329219131, 38.931545010640789 ], [ -119.968851614715149, 38.931330236619665 ], [ -119.968603517723309, 38.931197665186652 ], [ -119.968620348257062, 38.930261188596738 ], [ -119.968520474580174, 38.929898241040647 ], [ -119.968339207765268, 38.929821458927258 ], [ -119.968373751705116, 38.929552093181982 ], [ -119.968516602259555, 38.929447700887856 ], [ -119.96841826355714, 38.929048757967038 ], [ -119.968659412581175, 38.928802779910541 ], [ -119.968715462508172, 38.928570008142891 ], [ -119.968225423087148, 38.928160883693515 ], [ -119.968111714514748, 38.927581365125491 ], [ -119.967928920195789, 38.927540577895478 ], [ -119.96778757259986, 38.927068445966214 ], [ -119.967627820619029, 38.927028257349498 ], [ -119.967655462958547, 38.926920870550624 ], [ -119.967501847025034, 38.926736700639175 ], [ -119.967528689910765, 38.926106783148427 ], [ -119.967258339679233, 38.925955612862978 ], [ -119.967289049969963, 38.925776235577651 ], [ -119.967153108574749, 38.925718647900368 ], [ -119.967115465020612, 38.925519475590882 ], [ -119.967049412188771, 38.925445687586908 ], [ -119.966887363064259, 38.925459491016454 ], [ -119.966473379870706, 38.924890179120339 ], [ -119.965888148909542, 38.924550639579955 ], [ -119.965645452176304, 38.924292079546113 ], [ -119.965393548233706, 38.924249490439159 ], [ -119.965246850693973, 38.923903339428115 ], [ -119.965545600241114, 38.923929130061588 ], [ -119.965771394127074, 38.924043109897376 ], [ -119.965888127780104, 38.924010111547744 ], [ -119.966113155275949, 38.92414208837701 ], [ -119.966710657550053, 38.924193664548575 ], [ -119.966909579160642, 38.924397031259026 ], [ -119.967097733756191, 38.924311836267634 ], [ -119.967511685723409, 38.924340617561455 ], [ -119.967978618940947, 38.924208616416678 ], [ -119.968112258070136, 38.924320196032781 ], [ -119.968128397467552, 38.924482773894688 ], [ -119.967857320950714, 38.924890131416575 ], [ -119.968543925421017, 38.925016085052 ], [ -119.968586939275554, 38.925089273413533 ], [ -119.968933309096002, 38.925080257957042 ], [ -119.969028536052463, 38.925010662351866 ], [ -119.969187518012632, 38.925068846585923 ], [ -119.969543850816308, 38.924825859485679 ], [ -119.969832644425509, 38.925085609232688 ], [ -119.969993159835411, 38.925107797026271 ], [ -119.970120620979628, 38.924822826777714 ], [ -119.970556851883003, 38.924870193656325 ], [ -119.970583722673581, 38.924780803617509 ], [ -119.970768810016693, 38.92476759337238 ], [ -119.970820252737795, 38.924642806269738 ], [ -119.970753430608397, 38.924587017937462 ], [ -119.970824849061032, 38.924534820049331 ], [ -119.971014531756964, 38.924413623151906 ], [ -119.971175812099176, 38.924417811564304 ], [ -119.971047529678003, 38.924180251306645 ], [ -119.970911587919105, 38.924122668000187 ], [ -119.970962263850737, 38.924015878501606 ], [ -119.971169623129043, 38.924021263609347 ], [ -119.971194960883821, 38.92396786879771 ], [ -119.971126545882839, 38.923407546442121 ], [ -119.971198728760484, 38.923337350544621 ], [ -119.971221706191926, 38.922797419108072 ], [ -119.9711424443027, 38.921408005107331 ], [ -119.971206903251229, 38.92097725640852 ], [ -119.971388151534555, 38.921054033386532 ], [ -119.971712994349048, 38.921008415165723 ], [ -119.971971713420686, 38.920348480556981 ], [ -119.972086907190217, 38.920351471097604 ], [ -119.971975472124782, 38.919717961659487 ], [ -119.971539271307449, 38.919670601277126 ], [ -119.971418718307646, 38.919793594338415 ], [ -119.97133345620135, 38.919629221873926 ], [ -119.971516998527974, 38.919652005348532 ], [ -119.971985425251972, 38.919483991064325 ], [ -119.972553732498923, 38.919678919765303 ], [ -119.973104361817619, 38.919747263632168 ], [ -119.973604323799876, 38.919922395955112 ], [ -119.973962230375776, 38.920183928820016 ], [ -119.974100462836574, 38.92018751508558 ], [ -119.974253318315675, 38.920389674368217 ], [ -119.974412294932719, 38.920447851273344 ], [ -119.974760937337081, 38.920384824222005 ], [ -119.974811604568188, 38.920278032654352 ], [ -119.975251636152052, 38.920235392068065 ], [ -119.975445888406341, 38.92000620036567 ], [ -119.975700079015397, 38.919994774016487 ], [ -119.975345320884088, 38.920201786330367 ], [ -119.975334613735541, 38.920453755415195 ], [ -119.974741813519458, 38.920834768749756 ], [ -119.974870103241329, 38.921072325309567 ], [ -119.975272568835862, 38.9213710452036 ], [ -119.975392353474902, 38.921266045815436 ], [ -119.975507549092555, 38.921269033039586 ], [ -119.975629627455291, 38.921110040005409 ], [ -119.975814704786316, 38.921096821321726 ], [ -119.975944428750353, 38.92075784992106 ], [ -119.976596400564844, 38.920612593378429 ], [ -119.976647829747321, 38.920487803100151 ], [ -119.976854415428548, 38.920511175518783 ], [ -119.978373220587898, 38.919505509452087 ], [ -119.978244921398996, 38.919267956340263 ], [ -119.978317857083766, 38.919179757699403 ], [ -119.978254089753079, 38.919051982215009 ], [ -119.978330845202279, 38.918873794327176 ], [ -119.978264022025598, 38.918818010234908 ], [ -119.978316210827117, 38.918675221173253 ], [ -119.978455968844941, 38.918642806470082 ], [ -119.978417531883309, 38.91846163434122 ], [ -119.980668769380713, 38.917042485278671 ], [ -119.980909070976267, 38.916814476028527 ], [ -119.981213904943004, 38.916696242379182 ] ], [ [ -119.978500986715332, 38.927905034177456 ], [ -119.97820527080313, 38.927807284653611 ], [ -119.978154602470156, 38.927914077567188 ], [ -119.977880399630195, 38.927852919854672 ], [ -119.977737565431937, 38.927957324325881 ], [ -119.977779061771599, 38.928066505326676 ], [ -119.977706115607319, 38.928154703125266 ], [ -119.977815971915476, 38.928283673167577 ], [ -119.977670843438517, 38.928442070931752 ], [ -119.977730794932626, 38.928659835881049 ], [ -119.977611000422669, 38.928764837199836 ], [ -119.977472750867534, 38.92876125443221 ], [ -119.977515011662618, 38.92885243771525 ], [ -119.977743899061977, 38.928894404442815 ], [ -119.978141721597268, 38.928760571815907 ], [ -119.978182454644184, 38.92888775051582 ], [ -119.978458954451412, 38.928894914226056 ], [ -119.978770722593467, 38.92861470901132 ], [ -119.978658571480665, 38.928539733251263 ], [ -119.97861936610569, 38.928376559042505 ], [ -119.97848340983829, 38.928318984041091 ], [ -119.978500986715332, 38.927905034177456 ] ] ] ] } },
{ "type": "Feature", "properties": { "part": "upstream", "crossing_id": "X04398", "area_ac": 24884.0, "n_upstream": 327.0 }, "geometry": { "type": "MultiPolygon", "coordinates": [ [ [ [ -120.00340720385951, 38.84251261027476 ], [ -120.00333246130468, 38.843195371214307 ], [ -120.003486762473287, 38.843361494220922 ], [ -120.003482228806931, 38.843469485193076 ], [ -120.003074354778292, 38.843855405555402 ], [ -120.002979614941566, 38.844465580993443 ], [ -120.002102359750182, 38.845055657484416 ], [ -120.002955844252327, 38.844482988438195 ], [ -120.002454389377377, 38.844902538964128 ], [ -120.002616589419731, 38.84542922378099 ], [ -120.002083793942461, 38.846046164329358 ], [ -120.002098492988992, 38.846244738665625 ], [ -120.001751324208129, 38.846830410058843 ], [ -120.001514065856611, 38.850283746842052 ], [ -120.001747543500613, 38.846920402339187 ], [ -120.001926708829686, 38.84759166689588 ], [ -120.002060267752398, 38.847703205268637 ], [ -120.002194161294881, 38.848355288530215 ], [ -120.002269505024529, 38.849852707928818 ], [ -120.00221977979686, 38.848842429386281 ], [ -120.002374089643851, 38.849008554107982 ], [ -120.002413653289707, 38.849712267651746 ], [ -120.002667928744444, 38.850241317292642 ], [ -120.002730512191235, 38.850945621920332 ], [ -120.002864834346042, 38.851039161154354 ], [ -120.00281124040545, 38.851217963465437 ], [ -120.002928931884625, 38.851707468776915 ], [ -120.003175318442274, 38.851875957204889 ], [ -120.003814513052589, 38.852018495325503 ], [ -120.004036374006503, 38.852222388031073 ], [ -120.003656987916031, 38.85278631809728 ], [ -120.003666926679983, 38.852789474678225 ], [ -120.00360632684459, 38.852913524067397 ], [ -120.003687676854895, 38.852844061091723 ], [ -120.003679362859771, 38.853042044253222 ], [ -120.003481615590445, 38.853361288422846 ], [ -120.003589146025462, 38.853544228280064 ], [ -120.003540842705405, 38.85359704160274 ], [ -120.00342462287918, 38.853571125469401 ], [ -120.003516313078919, 38.853632447487492 ], [ -120.003375938055655, 38.853682896509525 ], [ -120.00320574128709, 38.853894740376887 ], [ -120.00332158703074, 38.853879697417959 ], [ -120.003650227665759, 38.854284529473389 ], [ -120.003641913139646, 38.854482512579189 ], [ -120.004369426302858, 38.854717405025433 ], [ -120.004282234320499, 38.855147595681473 ], [ -120.004118838327102, 38.855197454571602 ], [ -120.004183359007214, 38.855307218218037 ], [ -120.004019206782218, 38.8553750754185 ], [ -120.003988630249509, 38.85555446911151 ], [ -120.003662591683437, 38.855636187273845 ], [ -120.00363579363723, 38.855725588527996 ], [ -120.003391661097822, 38.855503105229594 ], [ -120.003612019167292, 38.85574299593506 ], [ -120.003397292447659, 38.855917660813219 ], [ -120.003507849878218, 38.856028606996396 ], [ -120.003362934117817, 38.856187046527999 ], [ -120.003379904957157, 38.856331625267757 ], [ -120.003196511015958, 38.856308897806208 ], [ -120.003033867720944, 38.856340756582789 ], [ -120.0030531061213, 38.856431339998259 ], [ -120.002776124734865, 38.856442244028827 ], [ -120.002680268823255, 38.856529871286995 ], [ -120.002719500992484, 38.856693039753765 ], [ -120.002649688260362, 38.856709264445094 ], [ -120.002321799455885, 38.856286431060937 ], [ -120.002531886809081, 38.856587921262452 ], [ -120.002583656479942, 38.856635496895613 ], [ -120.002623644657092, 38.856780666946023 ], [ -120.00257777494663, 38.856775484757854 ], [ -120.002576094501023, 38.856815481289175 ], [ -120.002561483064312, 38.856825731892044 ], [ -120.002670438591096, 38.856763851022244 ], [ -120.002688920431055, 38.856872432918934 ], [ -120.00276567495699, 38.856830428566084 ], [ -120.002625913219092, 38.856726671625999 ], [ -120.002788557551156, 38.856694813462319 ], [ -120.003014209592266, 38.856808716208597 ], [ -120.003453080686683, 38.856783951025015 ], [ -120.003631184395246, 38.856932667327122 ], [ -120.003839110843856, 38.856919988281284 ], [ -120.003586658398689, 38.856895488274624 ], [ -120.003857251906979, 38.85648802523334 ], [ -120.004385173236415, 38.856537614346266 ], [ -120.004791956039753, 38.856728234803207 ], [ -120.005083294255627, 38.856375354876498 ], [ -120.005244425867275, 38.856379490177126 ], [ -120.005341034039489, 38.856273862190086 ], [ -120.005796877358492, 38.856393666665902 ], [ -120.006062528862572, 38.856652732896308 ], [ -120.005749664945029, 38.857088885265036 ], [ -120.005768172503466, 38.85707760936598 ], [ -120.006111587903376, 38.856581920063043 ], [ -120.006204418739358, 38.856566283819433 ], [ -120.00626743327291, 38.856712043466267 ], [ -120.006173846963392, 38.856745678251244 ], [ -120.006235351005671, 38.856927434912571 ], [ -120.006140253779122, 38.856997066653491 ], [ -120.006275346825461, 38.857072604005232 ], [ -120.00626854931609, 38.857234590495167 ], [ -120.006188514187812, 38.857279540334375 ], [ -120.006197226114679, 38.857286814315579 ], [ -120.006176508910031, 38.857286282805141 ], [ -120.006171270834145, 38.857289224641598 ], [ -120.005933440698357, 38.857532296721828 ], [ -120.005939841617149, 38.85792885415853 ], [ -120.006249271898923, 38.858243096877821 ], [ -120.006431522752763, 38.858842362212052 ], [ -120.005767331745872, 38.859293785959316 ], [ -120.005616369660331, 38.859596216004881 ], [ -120.00542541085791, 38.85975347648354 ], [ -120.005149172159832, 38.859746387174866 ], [ -120.004961234683378, 38.859831652952657 ], [ -120.004638955995787, 38.859823380734412 ], [ -120.004196286865792, 38.859938141926769 ], [ -120.003957016339598, 38.860148213191628 ], [ -120.00370304046271, 38.86015970989223 ], [ -120.003487543882883, 38.860352372748686 ], [ -120.002996637040994, 38.860544253954643 ], [ -120.003041088925471, 38.860557121533759 ], [ -120.002501794510636, 38.860777501613775 ], [ -120.002133471971646, 38.860768039629399 ], [ -120.002012319604859, 38.860909069860291 ], [ -120.001966657446459, 38.860898887771192 ], [ -120.001965522748137, 38.860925885395645 ], [ -120.001487394780668, 38.860787475184154 ], [ -120.001669327359053, 38.860826321864216 ], [ -120.001488151363205, 38.86076947677531 ], [ -120.001312313136211, 38.860566761862195 ], [ -120.001465887811037, 38.860750886827063 ], [ -120.000941721941942, 38.860611291370873 ], [ -120.000818297330895, 38.860806315477326 ], [ -120.00049071761903, 38.860924020399061 ], [ -120.000400150669364, 38.860885656637713 ], [ -120.000185400154507, 38.861060314541916 ], [ -120.00004652197471, 38.861074762056923 ], [ -120.000043494153928, 38.86114675559292 ], [ -119.999835555090783, 38.861159427346827 ], [ -119.999497457459555, 38.860621949575361 ], [ -119.999441632860169, 38.860662816874495 ], [ -119.999486915902651, 38.86068199912058 ], [ -119.999463895833387, 38.860681407187506 ], [ -119.999509178893817, 38.860700589425562 ], [ -119.999812534860155, 38.861158835476417 ], [ -119.999577033063545, 38.861278905155046 ], [ -119.999524935800807, 38.861421708302615 ], [ -119.999143738661672, 38.861718209052462 ], [ -119.998699535443109, 38.861868945251906 ], [ -119.999189474544579, 38.861178850002347 ], [ -119.998751634720662, 38.861726142561182 ], [ -119.998651979918691, 38.861903757757943 ], [ -119.998693476902531, 38.862012932125339 ], [ -119.997623929166281, 38.862237667317757 ], [ -119.997602120796657, 38.862208277653338 ], [ -119.997594847798823, 38.862381061716903 ], [ -119.997343894496083, 38.862320550857348 ], [ -119.997325419979134, 38.862211968468095 ], [ -119.995857414526142, 38.862048058925822 ], [ -119.995883467076212, 38.861976658337255 ], [ -119.995786079064999, 38.862100275846892 ], [ -119.995531337929279, 38.862129752724456 ], [ -119.995454695159893, 38.862307957565797 ], [ -119.995554358382549, 38.862130345451064 ], [ -119.995547535321649, 38.862292330208511 ], [ -119.99583694730164, 38.862534013323703 ], [ -119.995714263493142, 38.862711032976961 ], [ -119.995816479583084, 38.863019967671917 ], [ -119.995765409465719, 38.863685312331221 ], [ -119.995668018728921, 38.863808929610173 ], [ -119.995429468665122, 38.864000983441962 ], [ -119.995244542009914, 38.864014239410508 ], [ -119.995216971445501, 38.864121636369894 ], [ -119.995102624293381, 38.864100673939106 ], [ -119.995099591159985, 38.864172667111134 ], [ -119.994431221017877, 38.864173471128268 ], [ -119.994405166088015, 38.864244871279482 ], [ -119.994053781086706, 38.864379962304646 ], [ -119.993824328259194, 38.864356033319176 ], [ -119.993799031270839, 38.864409435035462 ], [ -119.993382374482692, 38.864452753304143 ], [ -119.993106377829264, 38.864986175780125 ], [ -119.992636844360945, 38.865190289002001 ], [ -119.992298605678798, 38.865559944922943 ], [ -119.992200447286962, 38.86570155717137 ], [ -119.992233586486208, 38.866008714110599 ], [ -119.992117719238152, 38.866023745150258 ], [ -119.992020318912864, 38.866147358961143 ], [ -119.992082552036848, 38.866311123487236 ], [ -119.991890027545267, 38.866504356209177 ], [ -119.991933793680445, 38.866559537904578 ], [ -119.991769604302192, 38.866627376253916 ], [ -119.991764289950481, 38.866753363863715 ], [ -119.991648421412847, 38.866768394383264 ], [ -119.991713690968751, 38.866860166166646 ], [ -119.991529515809319, 38.86685541768837 ], [ -119.991547982179767, 38.86696400061826 ], [ -119.990502358445227, 38.867711801820278 ], [ -119.990404952907852, 38.867835414047761 ], [ -119.99049172482394, 38.867963776696058 ], [ -119.989894897648867, 38.868452879810732 ], [ -119.989888060205487, 38.868614863549837 ], [ -119.989747646403856, 38.86866529449641 ], [ -119.989764590820926, 38.868809873970825 ], [ -119.989578131552605, 38.868859116781302 ], [ -119.989290463460762, 38.869121961327124 ], [ -119.989175350590017, 38.869118991029495 ], [ -119.988580784851251, 38.869554092073066 ], [ -119.988421146194383, 38.869513936275197 ], [ -119.988392802660911, 38.869639329205036 ], [ -119.9882048200339, 38.869724566014945 ], [ -119.987669974864247, 38.869836883677301 ], [ -119.987116668078571, 38.869840615473059 ], [ -119.987089082564026, 38.869948009840819 ], [ -119.986835071328102, 38.869959468285131 ], [ -119.986785223048685, 38.870048269876555 ], [ -119.986851249419331, 38.87012204607025 ], [ -119.98668704723876, 38.870189876707173 ], [ -119.986867634549384, 38.870825162503181 ], [ -119.986978186845477, 38.870936124010903 ], [ -119.986870122936949, 38.871311706707637 ], [ -119.987047464217085, 38.871478446224977 ], [ -119.986849587754577, 38.871797656317121 ], [ -119.986974798867209, 38.872107191902693 ], [ -119.986920385689146, 38.872303982268242 ], [ -119.987116189880012, 38.872579305118393 ], [ -119.987428635142805, 38.87282160378318 ], [ -119.987464796804943, 38.873056768512761 ], [ -119.987460234089767, 38.873164757345961 ], [ -119.986932413186011, 38.873655625737776 ], [ -119.987061430284598, 38.873875170645128 ], [ -119.987008536860529, 38.874035964698585 ], [ -119.986660132524847, 38.874099038267559 ], [ -119.986511337686139, 38.874347444080939 ], [ -119.98676232196685, 38.874407979467605 ], [ -119.986848333731473, 38.874554342883712 ], [ -119.987009503684135, 38.874558504965634 ], [ -119.987208356109349, 38.874761835316832 ], [ -119.987368766062843, 38.874783995052624 ], [ -119.987992918505327, 38.875286589087459 ], [ -119.988581456007736, 38.874995478671103 ], [ -119.988831464619977, 38.87453346901075 ], [ -119.98894886653548, 38.874482445515369 ], [ -119.989405863537087, 38.873485242684247 ], [ -119.989591575296799, 38.873453998842216 ], [ -119.990248171630654, 38.872642119876446 ], [ -119.990775962703225, 38.872151235193371 ], [ -119.991846953170068, 38.871350033429209 ], [ -119.993312348252175, 38.870486914117826 ], [ -119.993965341498011, 38.87030554317576 ], [ -119.994494871979214, 38.8703191842366 ], [ -119.994465021396778, 38.870480575565715 ], [ -119.994400305409158, 38.870555122542648 ], [ -119.994617838914834, 38.87068270768971 ], [ -119.994588746996897, 38.870826100782807 ], [ -119.994924993510324, 38.871050974884575 ], [ -119.994902237761835, 38.871590922916369 ], [ -119.995012804176397, 38.871701877337003 ], [ -119.994996875311827, 38.872079840953958 ], [ -119.995531241678478, 38.872526029312603 ], [ -119.995391581980073, 38.872558468607068 ], [ -119.99552214080822, 38.872742008598287 ], [ -119.994561241074734, 38.874212738615824 ], [ -119.994329741974127, 38.874783344717336 ], [ -119.994068125250777, 38.874974800718348 ], [ -119.993819665958924, 38.875400826391008 ], [ -119.993630914644214, 38.875504069766059 ], [ -119.993404716575554, 38.875948685851064 ], [ -119.993265808329909, 38.875963124050834 ], [ -119.993109948007287, 38.875832982911682 ], [ -119.99319597464789, 38.87597934220026 ], [ -119.993075536493507, 38.876102362874832 ], [ -119.992913602995571, 38.876116207246653 ], [ -119.992954338765458, 38.876243381626374 ], [ -119.992918741284072, 38.87623935766063 ], [ -119.992835418104633, 38.876330405576574 ], [ -119.992870080386496, 38.876601565722105 ], [ -119.992567717563205, 38.876665843497044 ], [ -119.992374405212658, 38.876877073873423 ], [ -119.992245611191095, 38.877198073830435 ], [ -119.992013839954382, 38.877228134321044 ], [ -119.991985498735431, 38.87735352811049 ], [ -119.991847347015963, 38.877349966297722 ], [ -119.991811730237984, 38.877293112211255 ], [ -119.991691726727822, 38.877760362814556 ], [ -119.991605312928257, 38.877727247079186 ], [ -119.991644916378036, 38.877777173629283 ], [ -119.991479181067675, 38.877881006802497 ], [ -119.991496889558888, 38.878007587864303 ], [ -119.991402508831314, 38.878059207488704 ], [ -119.991270669474446, 38.878452198799401 ], [ -119.991110249771921, 38.878430044067798 ], [ -119.991122639930879, 38.878682612432428 ], [ -119.990981446881619, 38.878751042216678 ], [ -119.99099763516422, 38.878913619670392 ], [ -119.990928557853849, 38.878911838140397 ], [ -119.990873389302365, 38.879126628557486 ], [ -119.990756740554701, 38.879159655531694 ], [ -119.990772168568341, 38.879340231164598 ], [ -119.990701571249872, 38.879374445831424 ], [ -119.990795194472753, 38.879340825048764 ], [ -119.990832888780886, 38.879539992730905 ], [ -119.990760771692763, 38.879610203773773 ], [ -119.990739109954006, 38.879612239625679 ], [ -119.99082301162629, 38.879773968998137 ], [ -119.990702562691112, 38.879896986734593 ], [ -119.990815413736939, 38.879953950734333 ], [ -119.990741776560441, 38.880060158088348 ], [ -119.99060361975819, 38.880056594597129 ], [ -119.990666619485211, 38.880202361725686 ], [ -119.990526942673085, 38.880234794470091 ], [ -119.990544649775927, 38.88036137558845 ], [ -119.990381946365261, 38.880393214196793 ], [ -119.99027388260663, 38.880768799666093 ], [ -119.990108138179849, 38.880872630488334 ], [ -119.989971067242195, 38.880753583088477 ], [ -119.990016792665571, 38.880852256147193 ], [ -119.989689102756429, 38.880969925999842 ], [ -119.989515755523925, 38.881253737416031 ], [ -119.989428745939122, 38.881170632052545 ], [ -119.98944515569508, 38.881287951212954 ], [ -119.989308517096518, 38.881248389805258 ], [ -119.988835061858751, 38.881542473225899 ], [ -119.988595634338338, 38.881519210774393 ], [ -119.987810692844377, 38.882326829583903 ], [ -119.987682275198708, 38.882310901585441 ], [ -119.987763117981459, 38.882361636788595 ], [ -119.987548269838626, 38.882536267055556 ], [ -119.986184183997551, 38.884266776909811 ], [ -119.985205801424044, 38.885052297061605 ], [ -119.985147925888356, 38.885027778819925 ], [ -119.985180489736791, 38.885105696194728 ], [ -119.984924901412199, 38.885153144410708 ], [ -119.984892309700456, 38.885242390809971 ], [ -119.98501777343877, 38.885137526767785 ], [ -119.985110192880896, 38.885200724958082 ], [ -119.985086856401523, 38.885139312032756 ], [ -119.985203517383539, 38.885106291255092 ], [ -119.985628862909635, 38.88540556567758 ], [ -119.985642755699189, 38.88562213749919 ], [ -119.985777877778531, 38.885697699574841 ], [ -119.985817843799211, 38.8858428740511 ], [ -119.986140234436675, 38.885851202855861 ], [ -119.986182484643649, 38.885942383003602 ], [ -119.986544843466532, 38.886095885105611 ], [ -119.986377558881543, 38.8862357059961 ], [ -119.986511921867219, 38.886329265372822 ], [ -119.986466822866703, 38.886850614901988 ], [ -119.98662345431481, 38.886962767104045 ], [ -119.986222078854112, 38.88718662979727 ], [ -119.986129965498336, 38.887184250225786 ], [ -119.986110743034146, 38.887093664955962 ], [ -119.98552837442061, 38.887096121753345 ], [ -119.9855335129118, 38.887114787052262 ], [ -119.985556541214663, 38.887115382068671 ], [ -119.985588894280738, 38.887440537243172 ], [ -119.985473752245056, 38.887437562126912 ], [ -119.985433974002405, 38.887832924421915 ], [ -119.985283620357976, 38.888117322966792 ], [ -119.985117089862186, 38.888239143664975 ], [ -119.98511252112155, 38.888347131983423 ], [ -119.984919915013805, 38.888540349442756 ], [ -119.984923905879398, 38.888990895813521 ], [ -119.984798099604703, 38.889239892577798 ], [ -119.984897830860291, 38.889062292837352 ], [ -119.984887169339856, 38.889314265490064 ], [ -119.984816559226147, 38.889348476036815 ], [ -119.984927135074429, 38.889459440202522 ], [ -119.984858230254488, 38.889998191194358 ], [ -119.984945016307321, 38.890126558226669 ], [ -119.984985165389418, 38.890812269414702 ], [ -119.984813296568134, 38.891060075645306 ], [ -119.98487019971752, 38.891349829900236 ], [ -119.984659886222545, 38.891416465028335 ], [ -119.984671530800981, 38.889506887204071 ], [ -119.984653780826989, 38.889463575457512 ], [ -119.98463837987299, 38.891379873708971 ], [ -119.984655316271969, 38.89152445324239 ], [ -119.984517138038271, 38.891520881671518 ], [ -119.984490299821303, 38.89161027655706 ], [ -119.984230878644595, 38.891747712406527 ], [ -119.983746491713518, 38.891753207396242 ], [ -119.983691878662057, 38.89140945871992 ], [ -119.983779599105276, 38.892060364585724 ], [ -119.983678508557546, 38.892814494984243 ], [ -119.983515773883099, 38.89284632269684 ], [ -119.983366162875612, 38.893112719821509 ], [ -119.982901748415244, 38.893190798466335 ], [ -119.982898201521195, 38.891641183339615 ], [ -119.982863885385242, 38.891626646063266 ], [ -119.982894390977307, 38.891731173368555 ], [ -119.982884053268975, 38.893064216841076 ], [ -119.982810326963119, 38.89296486216417 ], [ -119.982817249267256, 38.893008435968063 ], [ -119.982662318358464, 38.893021663213354 ], [ -119.982861785256802, 38.893045623220587 ], [ -119.982899627550694, 38.893785328095561 ], [ -119.982805219386606, 38.893836939558973 ], [ -119.982824438871475, 38.893927525188616 ], [ -119.982637908629073, 38.893976753906927 ], [ -119.982363067807313, 38.893933609471219 ], [ -119.982314719983549, 38.893986411967354 ], [ -119.982085940238235, 38.893944458356884 ], [ -119.981942420760063, 38.894066869439776 ], [ -119.981712116083287, 38.894060911055313 ], [ -119.981578508339453, 38.893949347946673 ], [ -119.981393502408508, 38.893962578687038 ], [ -119.981265577243462, 38.893891041453102 ], [ -119.981198582609451, 38.894209782744298 ], [ -119.981102599340062, 38.894269886741078 ], [ -119.981171739041642, 38.894299176624038 ], [ -119.981050485227428, 38.894440180448953 ], [ -119.980629070217347, 38.894591433413176 ], [ -119.980425754967044, 38.895036613497801 ], [ -119.980113385870908, 38.895334828590649 ], [ -119.980166457496907, 38.89571457407196 ], [ -119.980256292709058, 38.895770952632567 ], [ -119.979698208057144, 38.895882628822875 ], [ -119.979666020568644, 38.896098007806131 ], [ -119.97955086518364, 38.89609502629569 ], [ -119.979451109891968, 38.896272620353244 ], [ -119.979219272297428, 38.896302652633821 ], [ -119.979004359928055, 38.896477264283746 ], [ -119.979015942805631, 38.896747829601004 ], [ -119.978742753065589, 38.89720921456297 ], [ -119.978778129696266, 38.897462378408534 ], [ -119.978616909209407, 38.897458202913988 ], [ -119.978578610544886, 38.897817564713144 ], [ -119.977950774788212, 38.898485973821451 ], [ -119.977671338623139, 38.898550805170856 ], [ -119.97721693190158, 38.898935420331512 ], [ -119.976939021013905, 38.89896425405189 ], [ -119.976849184730867, 38.898907872905482 ], [ -119.976752473890201, 38.899013472627566 ], [ -119.976496066692775, 38.899078897929684 ], [ -119.976587430692277, 38.899099283588271 ], [ -119.977005825474535, 38.89902003828368 ], [ -119.97711640270434, 38.899131009813338 ], [ -119.977481096463052, 38.899230548016192 ], [ -119.977453482287501, 38.899337938603786 ], [ -119.977703017045783, 38.899434492263374 ], [ -119.977719176512451, 38.899597070042788 ], [ -119.977877347336232, 38.899673238560162 ], [ -119.977916539470002, 38.899836413013645 ], [ -119.97816343364245, 38.899995266198253 ], [ -119.97816378604054, 38.899986959474489 ], [ -119.978325775666107, 38.899973137917016 ], [ -119.97834651751937, 38.900027728233155 ], [ -119.97866973346909, 38.900018082297386 ], [ -119.978690475600985, 38.90007267256297 ], [ -119.978943068067721, 38.900097232077343 ], [ -119.978984552824699, 38.900206412525655 ], [ -119.979283210716687, 38.90023216427258 ], [ -119.97943222608717, 38.900524305839959 ], [ -119.979720201392595, 38.900802027453487 ], [ -119.979991250996306, 38.900935168714625 ], [ -119.980199307898317, 38.90092253719493 ], [ -119.980332162743778, 38.901052100138735 ], [ -119.980494154582445, 38.90103827564981 ], [ -119.980826675942197, 38.901353183015352 ], [ -119.981130679311732, 38.901252944629206 ], [ -119.981053952636415, 38.901431135859958 ], [ -119.981188335606291, 38.901524702025668 ], [ -119.981128817152893, 38.901845971659242 ], [ -119.981636027171731, 38.90184258753581 ], [ -119.981745853327013, 38.901971553043523 ], [ -119.981468082034468, 38.902540931646143 ], [ -119.981307359471117, 38.902613757260333 ], [ -119.981369084130847, 38.902700529059658 ], [ -119.981271611410065, 38.902824130478905 ], [ -119.981404471611398, 38.902953692383058 ], [ -119.981463655482443, 38.903189453779326 ], [ -119.981647160029425, 38.903212219798661 ], [ -119.98159804219118, 38.903283019601893 ], [ -119.981759276293943, 38.90328719150164 ], [ -119.981656929703874, 38.903416973315416 ], [ -119.981756988157414, 38.90334118535462 ], [ -119.981848359324687, 38.903361567154498 ], [ -119.981844545862728, 38.903451556915357 ], [ -119.981937442540968, 38.903435942745816 ], [ -119.98216930277303, 38.903405905969663 ], [ -119.982197674484766, 38.903280516150716 ], [ -119.982314366898493, 38.903247499589448 ], [ -119.982490246677017, 38.903450243916687 ], [ -119.982882578943148, 38.903442374362598 ], [ -119.983328601435659, 38.903255715051813 ], [ -119.983078282826099, 38.903177170626634 ], [ -119.983130448590316, 38.90303437823907 ], [ -119.983454440712762, 38.903006721579445 ], [ -119.98355343452593, 38.902847122233055 ], [ -119.983713905727598, 38.902869289378415 ], [ -119.983878950029322, 38.902783468380989 ], [ -119.983965748355885, 38.902911836449334 ], [ -119.9838444841034, 38.903052842637621 ], [ -119.983838386654924, 38.903196826526838 ], [ -119.983929758341844, 38.903217206711886 ], [ -119.983916039328562, 38.903541170472842 ], [ -119.983822380645137, 38.903574784215323 ], [ -119.983816283038522, 38.903718768088723 ], [ -119.983926115952357, 38.903847731778598 ], [ -119.983740322139113, 38.903878963201862 ], [ -119.983709666097639, 38.904058347427316 ], [ -119.983616006630982, 38.904091960970476 ], [ -119.9832489915092, 38.904046434622174 ], [ -119.983138184635791, 38.90414360745222 ], [ -119.983152282338693, 38.904152039673889 ], [ -119.983080893873577, 38.904204246446248 ], [ -119.983145420864332, 38.904314021415068 ], [ -119.983001881051379, 38.904436432855434 ], [ -119.983158543630978, 38.904548590743588 ], [ -119.983174716009316, 38.904711168185685 ], [ -119.982387749628614, 38.904780901250803 ], [ -119.983289885696919, 38.904714146672838 ], [ -119.983461197743139, 38.90502487758387 ], [ -119.983643183261137, 38.905083636619537 ], [ -119.983703138210089, 38.905301399193043 ], [ -119.983888173562434, 38.905288165964159 ], [ -119.984160010297501, 38.905403300449883 ], [ -119.984060251689883, 38.905580898146084 ], [ -119.984148577782648, 38.905673270208283 ], [ -119.984093362987792, 38.905888054927857 ], [ -119.984248506116444, 38.906036207488263 ], [ -119.984284666938436, 38.906271372302008 ], [ -119.984353770332177, 38.906273158810784 ], [ -119.984347673212284, 38.906417142688056 ], [ -119.98418262071992, 38.906502963990548 ], [ -119.984155013016675, 38.906610356340238 ], [ -119.984224285794596, 38.90715267789529 ], [ -119.984108349844547, 38.907167698152179 ], [ -119.984119951251643, 38.907438263375425 ], [ -119.983924238384091, 38.907703468381683 ], [ -119.983690839855342, 38.907769504041248 ], [ -119.983185757022085, 38.908260937364588 ], [ -119.982784247046183, 38.908484782308221 ], [ -119.982684480260673, 38.908662378437739 ], [ -119.982230031229236, 38.909047011076211 ], [ -119.981995101240159, 38.909149038966326 ], [ -119.981826225292053, 38.909324846206616 ], [ -119.981796324088364, 38.909486231566433 ], [ -119.9817034194012, 38.909501845294116 ], [ -119.981761845419427, 38.909755604497555 ], [ -119.981646052754627, 38.910311156039285 ], [ -119.981663132761014, 38.910996269419719 ], [ -119.98185138366749, 38.911451582228615 ], [ -119.982051079858493, 38.911636925853962 ], [ -119.982084183561625, 38.911944082698604 ], [ -119.982370687358525, 38.912257795408244 ], [ -119.983300689781032, 38.912624187133972 ], [ -119.983319913418725, 38.912714772657033 ], [ -119.983200917778547, 38.912801783417365 ], [ -119.983312287650449, 38.912894752132509 ], [ -119.983147981092955, 38.912962573295459 ], [ -119.983088942993533, 38.913267346677181 ], [ -119.982834776631279, 38.913278790155296 ], [ -119.982875511113477, 38.913405967487215 ], [ -119.982637285292455, 38.913603333685806 ], [ -119.982652925214907, 38.913760563078519 ], [ -119.982919452291569, 38.914001687070567 ], [ -119.982842714191634, 38.914179878774398 ], [ -119.982934099442531, 38.914200260256159 ], [ -119.982923421418207, 38.914452231366056 ], [ -119.982706934410814, 38.914662843421972 ], [ -119.982453525886314, 38.91465628793663 ], [ -119.982512720477189, 38.914892048917444 ], [ -119.982437505990305, 38.915034244399322 ], [ -119.982320793937262, 38.91506726026001 ], [ -119.982263275812087, 38.915336037073153 ], [ -119.9823969226549, 38.915447600683905 ], [ -119.982478392144429, 38.915701955597847 ], [ -119.982085229261699, 38.915727819005646 ], [ -119.982081359953938, 38.91573597698595 ], [ -119.982362441889265, 38.915716973530749 ], [ -119.982358627396323, 38.915806963143524 ], [ -119.982219639444139, 38.915821384912242 ], [ -119.982139082552848, 38.916089565549839 ], [ -119.981977056424412, 38.916103390944002 ], [ -119.982017790642288, 38.916230568525911 ], [ -119.98185194897377, 38.916334383300047 ], [ -119.981945009623715, 38.916859303319427 ], [ -119.981795336518431, 38.917125695239761 ], [ -119.981656345901712, 38.917140116226967 ], [ -119.981213904943004, 38.916696242379182 ], [ -119.980909070976267, 38.916814476028527 ], [ -119.980668769380713, 38.917042485278671 ], [ -119.978417531883309, 38.91846163434122 ], [ -119.978455968844941, 38.918642806470082 ], [ -119.978316210827117, 38.918675221173253 ], [ -119.978264022025598, 38.918818010234908 ], [ -119.978330845202279, 38.918873794327176 ], [ -119.978244921398996, 38.919267956340263 ], [ -119.978373220587898, 38.919505509452087 ], [ -119.976854415428548, 38.920511175518783 ], [ -119.976647829747321, 38.920487803100151 ], [ -119.976596400564844, 38.920612593378429 ], [ -119.975944428750353, 38.92075784992106 ], [ -119.975863076994017, 38.921044022659487 ], [ -119.975535176848908, 38.921161643717348 ], [ -119.975507549092555, 38.921269033039586 ], [ -119.975392353474902, 38.921266045815436 ], [ -119.975272568835862, 38.9213710452036 ], [ -119.975115119183599, 38.921276873799599 ], [ -119.974870103241329, 38.921072325309567 ], [ -119.974741813519458, 38.920834768749756 ], [ -119.975334613735541, 38.920453755415195 ], [ -119.975345320884088, 38.920201786330367 ], [ -119.975673981484675, 38.920066167828175 ], [ -119.975718677743686, 38.919979240599687 ], [ -119.975700079015397, 38.919994774016487 ], [ -119.975445888406341, 38.92000620036567 ], [ -119.975251636152052, 38.920235392068065 ], [ -119.974811604568188, 38.920278032654352 ], [ -119.974760937337081, 38.920384824222005 ], [ -119.974458372606804, 38.920449046542487 ], [ -119.974253318315675, 38.920389674368217 ], [ -119.974100462836574, 38.92018751508558 ], [ -119.973962230375776, 38.920183928820016 ], [ -119.973604323799876, 38.919922395955112 ], [ -119.973241062699273, 38.919786846397081 ], [ -119.972553732498923, 38.919678919765303 ], [ -119.971985425251972, 38.919483991064325 ], [ -119.971516998527974, 38.919652005348532 ], [ -119.97133345620135, 38.919629221873926 ], [ -119.971293505576682, 38.919484043578599 ], [ -119.971329627245893, 38.9197192105092 ], [ -119.971476532616549, 38.919857296465317 ], [ -119.971561544098464, 38.919689197201826 ], [ -119.971975472124782, 38.919717961659487 ], [ -119.972086907190217, 38.920351471097604 ], [ -119.971971713420686, 38.920348480556981 ], [ -119.971846565812015, 38.920579460435533 ], [ -119.971760603708347, 38.920973616054411 ], [ -119.971388151534555, 38.921054033386532 ], [ -119.971207464632357, 38.920953002370489 ], [ -119.971217688465558, 38.921265818217321 ], [ -119.9711424443027, 38.921408005107331 ], [ -119.971221706191926, 38.922797419108072 ], [ -119.971148053727305, 38.923444140190192 ], [ -119.970876172995176, 38.923328973754764 ], [ -119.97086768740192, 38.922986418918121 ], [ -119.970546665483042, 38.922942045868972 ], [ -119.970484441640835, 38.922778271219251 ], [ -119.969930727458348, 38.922781904946355 ], [ -119.970054353112559, 38.922586922996629 ], [ -119.96992071387001, 38.922475345587308 ], [ -119.969926843640053, 38.922331364026 ], [ -119.970065079751336, 38.922334955235073 ], [ -119.970049702258436, 38.922154379734657 ], [ -119.970195599485933, 38.921977993777958 ], [ -119.970427524097502, 38.921947983050131 ], [ -119.97061873229994, 38.921790791087744 ], [ -119.970607183554847, 38.921520227048944 ], [ -119.97031610234427, 38.921314472664534 ], [ -119.970088010534027, 38.921254494747622 ], [ -119.96975391899052, 38.920975551250947 ], [ -119.96886076725616, 38.920826219982111 ], [ -119.968744040110323, 38.920859221588373 ], [ -119.968731009900438, 38.921165182143014 ], [ -119.968661126555503, 38.921181383492012 ], [ -119.968748683450471, 38.921291764664922 ], [ -119.968653461452675, 38.921361360267461 ], [ -119.968741018538665, 38.921471741451576 ], [ -119.968638897568439, 38.921703316121992 ], [ -119.968744895151232, 38.921922282167031 ], [ -119.968533709648796, 38.922006881361874 ], [ -119.968504537872789, 38.922150263920827 ], [ -119.968238839768773, 38.92243163923149 ], [ -119.968297991558757, 38.922667405539649 ], [ -119.968546059217132, 38.922799976580102 ], [ -119.968541459723838, 38.922907962604675 ], [ -119.968394789844197, 38.923102343894129 ], [ -119.968255785795876, 38.923116748313284 ], [ -119.968319537973514, 38.923244528620295 ], [ -119.96803769564147, 38.923363325391641 ], [ -119.96803156182763, 38.923507306675482 ], [ -119.967937102813167, 38.923558903864453 ], [ -119.967968613979849, 38.923902057282312 ], [ -119.967712875581896, 38.923949461462513 ], [ -119.967635320831405, 38.92414563859554 ], [ -119.96707239284386, 38.9243652300581 ], [ -119.966909579160642, 38.924397031259026 ], [ -119.966710657550053, 38.924193664548575 ], [ -119.966113155275949, 38.92414208837701 ], [ -119.965888127780104, 38.924010111547744 ], [ -119.965771394127074, 38.924043109897376 ], [ -119.965545600241114, 38.923929130061588 ], [ -119.965314435117705, 38.923941133111711 ], [ -119.965157761529085, 38.923828950978191 ], [ -119.964700804913207, 38.923726971873364 ], [ -119.964095623520137, 38.923314834002944 ], [ -119.964054918529555, 38.923187651407929 ], [ -119.96396352827793, 38.92316725490506 ], [ -119.963926662358872, 38.922950084307764 ], [ -119.963790729195964, 38.92289249300898 ], [ -119.963842182388262, 38.922767709386918 ], [ -119.963776135443254, 38.922693919735615 ], [ -119.96327157588054, 38.923167258361566 ], [ -119.962726306805578, 38.923513411536142 ], [ -119.962594214164781, 38.92336583098939 ], [ -119.961896882432086, 38.923491809144991 ], [ -119.961627322948416, 38.923322629058781 ], [ -119.961585854075466, 38.923213443331697 ], [ -119.961493696253441, 38.923211042471664 ], [ -119.961409990760657, 38.923010668480217 ], [ -119.961181902257039, 38.922950673230666 ], [ -119.961118931845846, 38.922804891990005 ], [ -119.960916189082013, 38.922691503908574 ], [ -119.960710372758854, 38.922650105661326 ], [ -119.960740328935984, 38.92248872815896 ], [ -119.960269573010223, 38.922170161445088 ], [ -119.959854124270791, 38.92163682370866 ], [ -119.959020908833025, 38.92116466318636 ], [ -119.95835816943341, 38.921021258848782 ], [ -119.957872049645204, 38.921062633233873 ], [ -119.957514201265894, 38.9208010531814 ], [ -119.957396700299398, 38.920852040705086 ], [ -119.957307623352236, 38.92077764670254 ], [ -119.957077237611216, 38.920771636286908 ], [ -119.957081084712627, 38.920681648857965 ], [ -119.956989699992988, 38.920661247087814 ], [ -119.956842235046423, 38.920873610306813 ], [ -119.956376845598214, 38.920969572000949 ], [ -119.956136453766717, 38.92119752682067 ], [ -119.955987498269437, 38.920905358459073 ], [ -119.95535088646028, 38.920690548788478 ], [ -119.955039126476024, 38.920430164360241 ], [ -119.95482414191784, 38.920064200524948 ], [ -119.954748928471659, 38.919665850605284 ], [ -119.954826512509186, 38.919469683146026 ], [ -119.95471132201078, 38.919466675631121 ], [ -119.954702143615464, 38.919142120009894 ], [ -119.953991113340393, 38.918510956352385 ], [ -119.953786083979139, 38.918451549058837 ], [ -119.953563408957663, 38.918265557652198 ], [ -119.953065897498973, 38.917495824830439 ], [ -119.952954562243846, 38.917402828571788 ], [ -119.952747996157981, 38.917379414455148 ], [ -119.952641284186541, 38.917178433382013 ], [ -119.952458526678427, 38.917137623251712 ], [ -119.952377164600378, 38.916883251642439 ], [ -119.95201550461762, 38.916711643278632 ], [ -119.951898777641873, 38.916744627990887 ], [ -119.950979692683916, 38.916126026684516 ], [ -119.950369260408124, 38.915839804607117 ], [ -119.95024636612159, 38.916016766790428 ], [ -119.950083565815248, 38.91604854498933 ], [ -119.950009828667703, 38.916154722108509 ], [ -119.949978309751501, 38.9163520908943 ], [ -119.950085012952215, 38.916553074078273 ], [ -119.94996211662918, 38.916730035865349 ], [ -119.949751698008782, 38.916796603437035 ], [ -119.949499832093181, 38.916753981376537 ], [ -119.94945144416144, 38.916806768462507 ], [ -119.948250428422369, 38.916847420794333 ], [ -119.948125212363337, 38.917078372476482 ], [ -119.94782341405012, 38.917124527937737 ], [ -119.947765764523908, 38.917393282348932 ], [ -119.947358695153099, 38.917742979758977 ], [ -119.947147499497731, 38.917827539730233 ], [ -119.947023049887619, 38.918040492655329 ], [ -119.946615973122505, 38.918390187142172 ], [ -119.946612113118036, 38.918480173729094 ], [ -119.945495365658829, 38.919243704118259 ], [ -119.94519587395402, 38.919235860443543 ], [ -119.944909378257449, 38.919462584165835 ], [ -119.94458298520594, 38.91954412184122 ], [ -119.944392501235171, 38.919683271795577 ], [ -119.944381684817529, 38.919935233655657 ], [ -119.944263404142248, 38.920004204897559 ], [ -119.94396236415713, 38.920032352470386 ], [ -119.943795688520154, 38.920154107714147 ], [ -119.942755883270266, 38.920198926629972 ], [ -119.942520090934636, 38.920318868273419 ], [ -119.941735248970957, 38.920334326450408 ], [ -119.941189295573949, 38.92015785208892 ], [ -119.94074091156233, 38.919857811928587 ], [ -119.940466003707343, 38.919814565867178 ], [ -119.940112097213145, 38.919462949126526 ], [ -119.939971549405584, 38.919513314280763 ], [ -119.939893151259398, 38.919727467398921 ], [ -119.939501507675558, 38.9197171912312 ], [ -119.939473052936336, 38.919842567062219 ], [ -119.938379249110966, 38.920606629694198 ], [ -119.938126604087699, 38.920581979979339 ], [ -119.937466050034317, 38.920924986886313 ], [ -119.936952239230791, 38.921073651510959 ], [ -119.936830077143497, 38.92123260055579 ], [ -119.936668809169447, 38.921228364983556 ], [ -119.93635304346337, 38.921598438180403 ], [ -119.935224938029563, 38.921550782543129 ], [ -119.935023792989483, 38.921401356975345 ], [ -119.934603677879693, 38.921516438340795 ], [ -119.933912528346411, 38.921498271031155 ], [ -119.933809520614986, 38.921747807704079 ], [ -119.933642048969347, 38.921887544621576 ], [ -119.933719470913815, 38.922231912095334 ], [ -119.933551997896814, 38.922371648820331 ], [ -119.933319285706574, 38.922419582561972 ], [ -119.933028315011967, 38.922213739272152 ], [ -119.932798705444824, 38.922189683683463 ], [ -119.932566769104071, 38.922219618856559 ], [ -119.932213434064948, 38.922390500176313 ], [ -119.932248650810166, 38.922643671033249 ], [ -119.932515030712395, 38.922884904433495 ], [ -119.932156261676184, 38.923181764857986 ], [ -119.932580037023456, 38.923517225484453 ], [ -119.932615255373719, 38.923770396263919 ], [ -119.932485321630566, 38.924109310744498 ], [ -119.932204197438566, 38.924210021232895 ], [ -119.931889170923171, 38.924562083647231 ], [ -119.931951305810543, 38.924725875341835 ], [ -119.932110253472445, 38.924784108909968 ], [ -119.931994280956076, 38.92479907568768 ], [ -119.931680802553146, 38.925115143266233 ], [ -119.931540773486191, 38.925688017899965 ], [ -119.931294855930446, 38.926041896729771 ], [ -119.931482812508932, 38.926497278496171 ], [ -119.931414226805032, 38.927017980150076 ], [ -119.931469377726245, 38.927343745397714 ], [ -119.931674410996465, 38.927403192157136 ], [ -119.931688914938618, 38.927601765737926 ], [ -119.93158899349902, 38.927779311407612 ], [ -119.931472239895569, 38.927812274491821 ], [ -119.931390701280222, 38.928098408353307 ], [ -119.931175576126989, 38.92827292238664 ], [ -119.931171695254619, 38.928362907520942 ], [ -119.930673095780534, 38.928692118081585 ], [ -119.93073523080308, 38.928855910357711 ], [ -119.93049628467061, 38.92904781360248 ], [ -119.930439333968948, 38.92929855892546 ], [ -119.930631950306321, 38.929645959899538 ], [ -119.930349248529581, 38.929782658861683 ], [ -119.930154827106364, 38.930011768132132 ], [ -119.929756917906346, 38.93014543300248 ], [ -119.929706952896737, 38.930234204819982 ], [ -119.929216877381577, 38.930365441360472 ], [ -119.929109177975604, 38.930722954281094 ], [ -119.929132734277658, 38.931246080244009 ], [ -119.929011313076231, 38.931387022460903 ], [ -119.929004321795574, 38.931548995285873 ], [ -119.928422070023544, 38.931677801019866 ], [ -119.927708561575216, 38.93164098918971 ], [ -119.927427400893038, 38.931741686565999 ], [ -119.926904164118113, 38.932106266006855 ], [ -119.926800336974281, 38.932373791420375 ], [ -119.926214964908269, 38.932574573412005 ], [ -119.926112689567432, 38.932806104205653 ], [ -119.925833077464176, 38.932870803591449 ], [ -119.92576006368661, 38.932958966014525 ], [ -119.925436700265109, 38.932968458841685 ], [ -119.925222323507839, 38.933124963660156 ], [ -119.92508485008382, 38.933103321600797 ], [ -119.924963417720392, 38.933244259108562 ], [ -119.924825944167168, 38.933222616737972 ], [ -119.924681469142783, 38.933362946325438 ], [ -119.924287422002436, 38.933406606792367 ], [ -119.924027735602039, 38.933543896943696 ], [ -119.923634465421884, 38.933569558258796 ], [ -119.923561448233798, 38.933657719155846 ], [ -119.92348656819145, 38.934322388001661 ], [ -119.923385059546007, 38.934535919003856 ], [ -119.923456214608834, 38.935024266206334 ], [ -119.923751097182432, 38.935140149607861 ], [ -119.923790178108177, 38.935303337182148 ], [ -119.923990557462133, 38.935470779353615 ], [ -119.924021857214157, 38.935813935701042 ], [ -119.923942612294795, 38.936046071786357 ], [ -119.924142994002992, 38.936213513776629 ], [ -119.924135212268453, 38.936393482609724 ], [ -119.924784006652686, 38.936861028322646 ], [ -119.924691535802936, 38.937399112071539 ], [ -119.924906408096447, 38.937765126412167 ], [ -119.925109130681932, 38.937878576306304 ], [ -119.925248947064944, 38.937846228003956 ], [ -119.925358718753998, 38.937975244078459 ], [ -119.925189635043523, 38.93815096009093 ], [ -119.925177965577888, 38.938420913513816 ], [ -119.924965127096328, 38.93854142326213 ], [ -119.924628810075419, 38.938316345641056 ], [ -119.924306200477872, 38.938307837449656 ], [ -119.924204212366433, 38.937998851658122 ], [ -119.923780090885529, 38.938203873418431 ], [ -119.923346156776233, 38.938102338895156 ], [ -119.923319999602143, 38.938173718401501 ], [ -119.922007301533142, 38.938121060879773 ], [ -119.920944188478074, 38.938165065657245 ], [ -119.920762178384777, 38.938106207677812 ], [ -119.919540879389515, 38.938073953092157 ], [ -119.919087807328054, 38.937881810309989 ], [ -119.918888213203346, 38.937696363169401 ], [ -119.918816744865779, 38.937748527051376 ], [ -119.918451171752253, 38.937666797961491 ], [ -119.918444154883247, 38.93782876900363 ], [ -119.918004423724383, 38.938393704644383 ], [ -119.917380691517891, 38.93841325338132 ], [ -119.917260794589353, 38.938518188244046 ], [ -119.91695888960794, 38.938564259131361 ], [ -119.916765180717462, 38.938775346291735 ], [ -119.916556228697871, 38.93880585631139 ], [ -119.91631055210047, 38.938619186346813 ], [ -119.916316013599072, 38.938493209140439 ], [ -119.916182434531109, 38.938381572570293 ], [ -119.91623554335132, 38.938220820601522 ], [ -119.916096503096838, 38.938235161149777 ], [ -119.915901598005547, 38.937941728740391 ], [ -119.915540710207779, 38.937752010205067 ], [ -119.915568435650471, 38.937644639283235 ], [ -119.915432518093809, 38.93758699215023 ], [ -119.915482506301203, 38.937498227481491 ], [ -119.915395016464089, 38.937387809091355 ], [ -119.914897436052314, 38.937158438156878 ], [ -119.914163562934021, 38.936526430592977 ], [ -119.914299854536949, 38.936043567886223 ], [ -119.91421627158833, 38.935843165149763 ], [ -119.914126443581452, 38.935786736090492 ], [ -119.913572642928699, 38.93579009781493 ], [ -119.913257076308255, 38.935619589223286 ], [ -119.912627120354713, 38.935783087011878 ], [ -119.912503315910669, 38.935978000355334 ], [ -119.912315851099251, 38.936045106470822 ], [ -119.912085425681568, 38.936039005271866 ], [ -119.912218212661898, 38.936168642818792 ], [ -119.912097531255696, 38.9362915689277 ], [ -119.912161971911786, 38.936401379418783 ], [ -119.911904596379571, 38.936484651067076 ], [ -119.911876084748101, 38.936610017603535 ], [ -119.911689399035424, 38.936659125940828 ], [ -119.911731577896703, 38.936750329748214 ], [ -119.911616364101548, 38.936747278582708 ], [ -119.911279699674409, 38.937062674659153 ], [ -119.911298053880117, 38.937171264950578 ], [ -119.911078945409528, 38.937435721834355 ], [ -119.911021918159619, 38.937686454305563 ], [ -119.91130663013503, 38.938036325344484 ], [ -119.911255073446583, 38.938161081305978 ], [ -119.911162119119012, 38.938176636590143 ], [ -119.911235536187036, 38.938610997762325 ], [ -119.911078921965, 38.938498745313815 ], [ -119.910779358962458, 38.93849081007518 ], [ -119.910477451015169, 38.938536864003623 ], [ -119.910450499222705, 38.938626236729554 ], [ -119.910264589034654, 38.938657345872407 ], [ -119.909213927648665, 38.939476319113012 ], [ -119.90918540976331, 38.939601684694438 ], [ -119.908679592777673, 38.94009276278701 ], [ -119.908348374992158, 38.940282172829178 ], [ -119.907932021399873, 38.940307168440491 ], [ -119.907289924625786, 38.940218071805305 ], [ -119.907241489392533, 38.9402708392617 ], [ -119.907276271354334, 38.940001501634633 ], [ -119.90702748612317, 38.939886799287741 ], [ -119.906774005757171, 38.93988007590729 ], [ -119.90644165748742, 38.939564965045797 ], [ -119.905423489921645, 38.939105534470364 ], [ -119.905067324950252, 38.938807805102378 ], [ -119.904609592173529, 38.938723586732245 ], [ -119.904641250260013, 38.938526236387268 ], [ -119.904467869705456, 38.938269391484653 ], [ -119.904495611954005, 38.938162023894343 ], [ -119.904804569120444, 38.937954016607641 ], [ -119.904817881826858, 38.937648075247047 ], [ -119.904961620643917, 38.937525768878565 ], [ -119.905118670116821, 38.937097520833873 ], [ -119.904970682671362, 38.936787298550634 ], [ -119.90490591867119, 38.936154972822891 ], [ -119.904647420806796, 38.935733713030928 ], [ -119.904690039822498, 38.935284410748729 ], [ -119.904394859571227, 38.934645968685494 ], [ -119.904393744830728, 38.934141453532909 ], [ -119.904259409987006, 38.934047800871596 ], [ -119.904360974178417, 38.933834288823121 ], [ -119.904281337494567, 38.933543897365659 ], [ -119.904503589645998, 38.933207467416125 ], [ -119.904451692590044, 38.932809708287792 ], [ -119.904268928191001, 38.932768822171454 ], [ -119.904513885347882, 38.931910491791214 ], [ -119.904457290605151, 38.931620712011366 ], [ -119.904527979434292, 38.931586553632521 ], [ -119.904543639264261, 38.931226622318867 ], [ -119.904701457701037, 38.930780377407416 ], [ -119.904797534946482, 38.930692840635324 ], [ -119.904711635759952, 38.930546421985937 ], [ -119.904813192915242, 38.930332909174709 ], [ -119.90484294228439, 38.929649039323593 ], [ -119.904961275196044, 38.929580110395726 ], [ -119.904996057819005, 38.929310773165597 ], [ -119.905115955576022, 38.929205850885225 ], [ -119.905077703142069, 38.929024662199325 ], [ -119.905199165781852, 38.928883746636622 ], [ -119.905269510590955, 38.928327075258828 ], [ -119.905146926195101, 38.927963475134554 ], [ -119.905037206704748, 38.927834441950679 ], [ -119.904488167893035, 38.927729783529827 ], [ -119.904446003079386, 38.927638577575919 ], [ -119.904241778060921, 38.927561087237912 ], [ -119.903915308178981, 38.927642507510541 ], [ -119.903771588765707, 38.927764813506172 ], [ -119.903472072982751, 38.927756861344207 ], [ -119.903225685615425, 38.927588162998958 ], [ -119.903276464052524, 38.927481407214387 ], [ -119.902829772217444, 38.927145233036349 ], [ -119.902847004727562, 38.926749308924464 ], [ -119.902759547263074, 38.926638882210817 ], [ -119.902493259626951, 38.926397584464389 ], [ -119.902217572594097, 38.92637224468038 ], [ -119.901995799070804, 38.926168162896147 ], [ -119.90207196764716, 38.926008030029486 ], [ -119.901942351648046, 38.925806396099254 ], [ -119.902088420222597, 38.925630102666261 ], [ -119.901949403033669, 38.925644427247327 ], [ -119.901614005160411, 38.925401291688559 ], [ -119.901462919873381, 38.925163052168713 ], [ -119.901496145244181, 38.924929709328403 ], [ -119.901337225121608, 38.924871435013323 ], [ -119.90138722052464, 38.924782676578118 ], [ -119.90128221436089, 38.92454566108497 ], [ -119.900919866793046, 38.924391894311107 ], [ -119.901013276487731, 38.923835838504907 ], [ -119.900386230949863, 38.923404776084865 ], [ -119.900054768237439, 38.923071654021761 ], [ -119.899827523251417, 38.922993544277574 ], [ -119.899730667224645, 38.923099073735067 ], [ -119.899520972426231, 38.923147551364934 ], [ -119.899221477263211, 38.923139589085274 ], [ -119.899109423371257, 38.923064540470499 ], [ -119.898799733950071, 38.923290531563801 ], [ -119.898409654558861, 38.923244123773266 ], [ -119.89830152309753, 38.923079091982466 ], [ -119.898094180718701, 38.923073577558945 ], [ -119.897870075896378, 38.922923478166766 ], [ -119.89766038057941, 38.922971952419232 ], [ -119.897666656501116, 38.922827980620852 ], [ -119.897373439688465, 38.9226760418765 ], [ -119.897180221521808, 38.922346589434831 ], [ -119.897243557796102, 38.921951892900069 ], [ -119.897314239875456, 38.921917738597884 ], [ -119.897273656501525, 38.921790537543757 ], [ -119.89725532626403, 38.921681945833974 ], [ -119.896966038097617, 38.921440023921861 ], [ -119.896672043728501, 38.921306080141498 ], [ -119.896137981306111, 38.920859452135439 ], [ -119.895683515296724, 38.920703217826144 ], [ -119.895392666505074, 38.920497285245709 ], [ -119.895027997684949, 38.920397490743746 ], [ -119.894559922618186, 38.920024681758292 ], [ -119.894176147020602, 38.919834289203251 ], [ -119.892195798758266, 38.918177993900848 ], [ -119.891925649333601, 38.918026656437171 ], [ -119.891864398691453, 38.917844850851651 ], [ -119.891746860109365, 38.917895770489231 ], [ -119.891472783189244, 38.917834413985801 ], [ -119.891445817390704, 38.917923781932281 ], [ -119.891029593341045, 38.917948722340547 ], [ -119.89088587353757, 38.918071012513131 ], [ -119.890054995947011, 38.91808489502435 ], [ -119.889727770352181, 38.91818427313472 ], [ -119.88933694024071, 38.918155832678579 ], [ -119.889057359078166, 38.918220444950698 ], [ -119.888984317504068, 38.918308583273742 ], [ -119.888452909440076, 38.918330441946857 ], [ -119.888053424628822, 38.918499956773331 ], [ -119.887776988595405, 38.918492580582658 ], [ -119.8872008673426, 38.917954703598525 ], [ -119.887203014849334, 38.917378206798311 ], [ -119.887049633302865, 38.917193939922448 ], [ -119.887056716377231, 38.91703197312092 ], [ -119.886512305941778, 38.916296748760438 ], [ -119.886259494291878, 38.915749480243356 ], [ -119.886016338790697, 38.91550876339106 ], [ -119.886089380809551, 38.91542062692502 ], [ -119.885897020866736, 38.915073162075558 ], [ -119.885981083585236, 38.914733077469393 ], [ -119.885872206115906, 38.914586031951195 ], [ -119.88592457394131, 38.914443291610993 ], [ -119.885765486218915, 38.913862489749562 ], [ -119.885927310884412, 38.913326290861981 ], [ -119.886046419777102, 38.913239384309236 ], [ -119.8859836133404, 38.913093568902113 ], [ -119.886036766793637, 38.912932832119672 ], [ -119.88590249573133, 38.912839160636018 ], [ -119.885822165837084, 38.912566756023615 ], [ -119.885416994731244, 38.912339729405545 ], [ -119.885497906580483, 38.912071630172626 ], [ -119.88537702166137, 38.911672021072761 ], [ -119.885172077010097, 38.911612496160949 ], [ -119.885110060949913, 38.911448684084874 ], [ -119.884909054126112, 38.911299177275545 ], [ -119.884611975300842, 38.911237190679685 ], [ -119.8846308741347, 38.910805279757298 ], [ -119.884365493956992, 38.91054594869059 ], [ -119.884351122819837, 38.910347374269755 ], [ -119.884061924200182, 38.910105423612855 ], [ -119.883787884686328, 38.910044050469303 ], [ -119.883723510047659, 38.909934226635521 ], [ -119.883827458246472, 38.909666744008547 ], [ -119.883773322939462, 38.909322968579048 ], [ -119.883876482321881, 38.909073482121066 ], [ -119.883665053564826, 38.908635417657273 ], [ -119.883744391585665, 38.908403312156523 ], [ -119.883549697108776, 38.908109833165938 ], [ -119.883142982738178, 38.907918792384478 ], [ -119.883072120778721, 38.907430431065109 ], [ -119.88309023865331, 38.907016516768714 ], [ -119.883245762811313, 38.906624291476753 ], [ -119.883177263869058, 38.906081941314895 ], [ -119.883330040036583, 38.90469868928961 ], [ -119.882991652628462, 38.904527491179955 ], [ -119.882545986509427, 38.904173251686601 ], [ -119.88235130751076, 38.903879771190851 ], [ -119.882036745736499, 38.903691189858698 ], [ -119.882015895644429, 38.903114078009452 ], [ -119.88208971655952, 38.903007947302065 ], [ -119.881887951171748, 38.902876432605673 ], [ -119.881610609600202, 38.902364533218325 ], [ -119.881153930470049, 38.902262236762205 ], [ -119.880930714314786, 38.902094112241649 ], [ -119.880630524701218, 38.902104102133549 ], [ -119.880663802156221, 38.901870766805885 ], [ -119.880493743952442, 38.901541907077643 ], [ -119.880445145996617, 38.90107215687604 ], [ -119.880268784381997, 38.900887266873156 ], [ -119.88023454750774, 38.900616091274685 ], [ -119.879902493659102, 38.900300915257105 ], [ -119.879932618933481, 38.900139565106258 ], [ -119.879799167747436, 38.900027891497423 ], [ -119.879739537660157, 38.899810088490426 ], [ -119.879791116381796, 38.89968534689654 ], [ -119.879583845701376, 38.899679802380078 ], [ -119.879432096502953, 38.899459534908011 ], [ -119.879398651591117, 38.899170362931081 ], [ -119.87981476663785, 38.899145459647869 ], [ -119.880079919568288, 38.898882291937923 ], [ -119.880407854411061, 38.898764941288789 ], [ -119.880748397488631, 38.8983596495016 ], [ -119.880667312093209, 38.898105238502474 ], [ -119.881050757347296, 38.897773162332989 ], [ -119.881057849145634, 38.897611195917207 ], [ -119.881355475611102, 38.897132685299205 ], [ -119.881391898759446, 38.896827364294644 ], [ -119.881817452932196, 38.896586497880641 ], [ -119.882007987571612, 38.896447452199723 ], [ -119.882036530509296, 38.89632209372963 ], [ -119.882222338154364, 38.89629102539643 ], [ -119.882320755242816, 38.896149517053573 ], [ -119.882736852237258, 38.896124602558892 ], [ -119.883429100569415, 38.895584561759428 ], [ -119.883736347874731, 38.895412596613809 ], [ -119.88387373339728, 38.895434284070447 ], [ -119.884048316635131, 38.895132652628227 ], [ -119.884021150910314, 38.894699510479853 ], [ -119.884326818799934, 38.894563536204075 ], [ -119.88457677900324, 38.894119778250214 ], [ -119.884352004481912, 38.893987653474539 ], [ -119.884316966477428, 38.893734474635686 ], [ -119.883976265481195, 38.893617270154159 ], [ -119.883442482775834, 38.893170593955141 ], [ -119.883143118121666, 38.893162595572214 ], [ -119.882893746586987, 38.893065845540974 ], [ -119.882900833009344, 38.892903878709902 ], [ -119.882556201198895, 38.892876651880066 ], [ -119.882429845960075, 38.89260301478042 ], [ -119.882503654319478, 38.89249688317426 ], [ -119.882241496092675, 38.892165564469771 ], [ -119.882118293346807, 38.891819941883455 ], [ -119.881681556923198, 38.891790250760693 ], [ -119.881571145161431, 38.891679195131182 ], [ -119.881409952452898, 38.891674885959382 ], [ -119.881275726060593, 38.8915812107522 ], [ -119.881171617435783, 38.891326184455842 ], [ -119.880989761625585, 38.89126727021582 ], [ -119.881026181639626, 38.890961949004733 ], [ -119.880868929807932, 38.890867657716321 ], [ -119.881005336533377, 38.89038483639051 ], [ -119.88078924660195, 38.890054746255203 ], [ -119.880855783623019, 38.889588074154346 ], [ -119.880701686287082, 38.889421797600242 ], [ -119.880628487530089, 38.888987423785366 ], [ -119.880490327687838, 38.888983729321225 ], [ -119.880406100089431, 38.888801303410496 ], [ -119.880560804400872, 38.888427075915466 ], [ -119.880506694221538, 38.888083299213442 ], [ -119.880650366981968, 38.887961019547802 ], [ -119.880537598934865, 38.887903952059432 ], [ -119.880587590615903, 38.887815202064793 ], [ -119.880463614282988, 38.8874875744403 ], [ -119.879863971985344, 38.886967051880504 ], [ -119.879870275775744, 38.886823081629515 ], [ -119.880109989988298, 38.88661328448417 ], [ -119.88051543029637, 38.885777310891129 ], [ -119.880776589095944, 38.885604120423878 ], [ -119.880780527627564, 38.885514138918154 ], [ -119.881309141223028, 38.885023785515159 ], [ -119.88136149232453, 38.884881046090086 ], [ -119.882102835178102, 38.884270253960487 ], [ -119.882277395181987, 38.883968623861051 ], [ -119.882563142453506, 38.883760051559612 ], [ -119.882747342456355, 38.883764973653541 ], [ -119.882777451812643, 38.88360362182447 ], [ -119.882870338748887, 38.883588086387313 ], [ -119.882831373037945, 38.883424888860567 ], [ -119.882925046833861, 38.883391357025339 ], [ -119.882934492030586, 38.883175400884532 ], [ -119.882869353138361, 38.883083573545001 ], [ -119.88304055837969, 38.882331418091709 ], [ -119.88313501763551, 38.882279889668183 ], [ -119.883228487972545, 38.881723848118568 ], [ -119.883423699845693, 38.881476819927066 ], [ -119.883457740917549, 38.881225485964983 ], [ -119.883347341544322, 38.881114432406058 ], [ -119.883506150005687, 38.881172727011844 ], [ -119.883814119422112, 38.880982762369406 ], [ -119.884253938096336, 38.880940457360886 ], [ -119.884239567692674, 38.880741882324493 ], [ -119.883988663354572, 38.880681128932771 ], [ -119.88420374673882, 38.880506699621144 ], [ -119.884409389321249, 38.880548226416344 ], [ -119.884469021689767, 38.880766027571894 ], [ -119.884747670327926, 38.880719416468089 ], [ -119.884916704045679, 38.880543756147667 ], [ -119.884949166196833, 38.880328414258081 ], [ -119.885086523390655, 38.880350099152288 ], [ -119.885060353516337, 38.880421469974912 ], [ -119.885285088314035, 38.880553591941215 ], [ -119.885543857142849, 38.880434378587402 ], [ -119.885728049082147, 38.880439295628427 ], [ -119.886434491921577, 38.880097803664022 ], [ -119.886848922244482, 38.880108863357826 ], [ -119.887704500830324, 38.879519099472112 ], [ -119.887370146989028, 38.879257935746196 ], [ -119.887308148970888, 38.879094125013445 ], [ -119.886760298962869, 38.87897140238023 ], [ -119.886593631782262, 38.879093076492573 ], [ -119.886321279504173, 38.878995721002084 ], [ -119.88616797633442, 38.878811455418891 ], [ -119.885982216111429, 38.878842532065946 ], [ -119.885943245064169, 38.878679335279742 ], [ -119.885668536489092, 38.878635967584756 ], [ -119.885649444490141, 38.878545370951876 ], [ -119.885770065156279, 38.878422469048189 ], [ -119.885659666080926, 38.878311417664094 ], [ -119.885089588521183, 38.878170076529706 ], [ -119.884848916337504, 38.877875372162741 ], [ -119.884664731171171, 38.877870454005858 ], [ -119.884464601945282, 38.877702953238135 ], [ -119.884389027619932, 38.877322569759095 ], [ -119.884575570874759, 38.877273499117777 ], [ -119.884601739858567, 38.877202128343455 ], [ -119.884217429642462, 38.877029708761029 ], [ -119.884414197320368, 38.876746685292353 ], [ -119.884354567659287, 38.876528884126003 ], [ -119.883997217435564, 38.876267096863863 ], [ -119.88405112884405, 38.876088362789581 ], [ -119.883652457219583, 38.875717366520149 ], [ -119.883826200763082, 38.87543372897543 ], [ -119.883717382515755, 38.875286683250621 ], [ -119.883555439795487, 38.87530037493746 ], [ -119.883425173562642, 38.875116721236786 ], [ -119.883430680764576, 38.874990746583698 ], [ -119.883594982884404, 38.874923065895103 ], [ -119.883582974490977, 38.874670501579956 ], [ -119.88331457709198, 38.874483157964121 ], [ -119.883351760497433, 38.87415983813387 ], [ -119.883214415779676, 38.874138151688776 ], [ -119.883194540975694, 38.874065551150458 ], [ -119.883271474162086, 38.873887432416211 ], [ -119.883548522821215, 38.873876815822968 ], [ -119.88362230827579, 38.873770682351157 ], [ -119.883456227934758, 38.873351845862487 ], [ -119.883551461229686, 38.873282320145613 ], [ -119.883711826092934, 38.87330462105021 ], [ -119.883784824059859, 38.873216483822581 ], [ -119.883722052125563, 38.873070667983797 ], [ -119.884026051859749, 38.872970683060565 ], [ -119.884054579087532, 38.872845323132942 ], [ -119.884294231738906, 38.872635514512169 ], [ -119.884022481193057, 38.871997647928005 ], [ -119.884502565591049, 38.871560033574113 ], [ -119.884504708285306, 38.870983533749879 ], [ -119.884367369183707, 38.870961848890531 ], [ -119.884375233063025, 38.870781884809638 ], [ -119.884473607335437, 38.870640372495977 ], [ -119.884589497702123, 38.870625449676552 ], [ -119.884603651456274, 38.870301514238776 ], [ -119.884751210960985, 38.870089245357043 ], [ -119.884600288515543, 38.869850989179142 ], [ -119.884754923303646, 38.869476752481788 ], [ -119.885016796185027, 38.869285552797791 ], [ -119.88525014451811, 38.86921971290873 ], [ -119.88583845658512, 38.869469643582939 ], [ -119.886212285198255, 38.869353499021862 ], [ -119.886451133540504, 38.8691616815629 ], [ -119.886932990132905, 38.869210574211579 ], [ -119.887165551067923, 38.869162726864545 ], [ -119.887622031375017, 38.869264991899513 ], [ -119.887740275513764, 38.869196076415513 ], [ -119.888177663469321, 38.869207742870358 ], [ -119.888296692359205, 38.869120830315516 ], [ -119.888688824510311, 38.869113270430695 ], [ -119.88876259711499, 38.869007133113911 ], [ -119.888854678614535, 38.869009588529536 ], [ -119.889080705504099, 38.868583197070244 ], [ -119.889086201441316, 38.868457221597879 ], [ -119.888933696884877, 38.868254963510275 ], [ -119.888970849757982, 38.867931640411619 ], [ -119.889065285253125, 38.86788010611351 ], [ -119.889027881632117, 38.867680917057157 ], [ -119.889477820980062, 38.86740463421917 ], [ -119.889510260771459, 38.867189289833199 ], [ -119.889796702360172, 38.866962699142647 ], [ -119.889808475938025, 38.866692751438976 ], [ -119.889631126786256, 38.8660033611675 ], [ -119.889386548003557, 38.865798649117863 ], [ -119.88939675270079, 38.865564694486785 ], [ -119.889116343091331, 38.86512479995028 ], [ -119.88844854015494, 38.864584487257382 ], [ -119.888174668677578, 38.864523131054639 ], [ -119.887796698070161, 38.864206753490457 ], [ -119.886971949291024, 38.864094664547771 ], [ -119.886393889799209, 38.863610787017684 ], [ -119.885798550214233, 38.863522828941839 ], [ -119.885808765841574, 38.863288875018043 ], [ -119.885588011627632, 38.863066773663043 ], [ -119.885441814953765, 38.862720540112264 ], [ -119.884879720814652, 38.862399238313458 ], [ -119.884512216497768, 38.862371408639902 ], [ -119.884697711441049, 38.861817821163598 ], [ -119.887100287442536, 38.860098217580095 ], [ -119.887381209024298, 38.8599976071729 ], [ -119.887597003948201, 38.85980517166864 ], [ -119.887712090860902, 38.85980824146862 ], [ -119.888288060874544, 38.859283079635524 ], [ -119.888378559683957, 38.859321527937162 ], [ -119.88840471711363, 38.859250155694205 ], [ -119.888613442103349, 38.859219686720905 ], [ -119.888711005730741, 38.859096166108159 ], [ -119.888964194715953, 38.859102917000911 ], [ -119.889601353690608, 38.858759554364291 ], [ -119.890434410223548, 38.858151147030867 ], [ -119.89104277562312, 38.857410624753143 ], [ -119.891709199462085, 38.856923890155443 ], [ -119.892857391089393, 38.856486016226569 ], [ -119.893201070037861, 38.856531202288018 ], [ -119.8932494541789, 38.856478438113463 ], [ -119.89451457557351, 38.856530132636898 ], [ -119.894580491351945, 38.856603956819157 ], [ -119.894743173627802, 38.856572251319335 ], [ -119.895219470884172, 38.856747082988512 ], [ -119.895656785683059, 38.856758718319938 ], [ -119.895723486016365, 38.856814545265536 ], [ -119.895959916572423, 38.856676695144536 ], [ -119.896255999867279, 38.85675664104884 ], [ -119.897176663924455, 38.856781126416415 ], [ -119.89726559941667, 38.856855561242867 ], [ -119.897866380109704, 38.856817482370325 ], [ -119.898385591030561, 38.857065512041721 ], [ -119.899257098406224, 38.857160744340355 ], [ -119.900052519545824, 38.857416106255862 ], [ -119.900141458936119, 38.857490539037208 ], [ -119.900256438240405, 38.858556625669273 ], [ -119.900452645679934, 38.858814082716158 ], [ -119.900548964975158, 38.859249061095646 ], [ -119.900683160137746, 38.859342713096616 ], [ -119.900761937301908, 38.859651102904863 ], [ -119.90104631081104, 38.860000988214132 ], [ -119.90127405011394, 38.861124120980435 ], [ -119.901422667760485, 38.86141634759052 ], [ -119.901820579230787, 38.861805281112687 ], [ -119.901838125444726, 38.861931869446074 ], [ -119.903349462552598, 38.863215196406486 ], [ -119.903576525500014, 38.863293292335811 ], [ -119.903706825611337, 38.863476925078182 ], [ -119.903913995887805, 38.86348242249678 ], [ -119.903966283653347, 38.863339669968731 ], [ -119.904125853421036, 38.863379938937456 ], [ -119.904317816079512, 38.863204857157186 ], [ -119.904408329208863, 38.863243293551704 ], [ -119.904621747489273, 38.863104815476504 ], [ -119.904795744737314, 38.863343658756165 ], [ -119.904675182843988, 38.863466583004367 ], [ -119.90470872381978, 38.863755752751196 ], [ -119.904865951920698, 38.86385001109646 ], [ -119.905096142575758, 38.863856117081106 ], [ -119.905155828344803, 38.864073910202507 ], [ -119.905513983378029, 38.864317636962191 ], [ -119.905598251746696, 38.864500046830763 ], [ -119.905849902362164, 38.864542755484187 ], [ -119.906000887650507, 38.864780986785043 ], [ -119.906652057485189, 38.865176619704705 ], [ -119.907325087196313, 38.865068338383878 ], [ -119.907404291139585, 38.864836210166182 ], [ -119.907710566859876, 38.864682170093538 ], [ -119.907725393013422, 38.864340230392592 ], [ -119.907964168682582, 38.864148365661471 ], [ -119.907994210093676, 38.863987004182214 ], [ -119.909325399373955, 38.863049327192805 ], [ -119.909535688808219, 38.862982827147142 ], [ -119.909565236406507, 38.863014371369566 ], [ -119.909558707692554, 38.862983436834242 ], [ -119.909219663710857, 38.862830316197567 ], [ -119.909093249675905, 38.862556704789021 ], [ -119.909143966606109, 38.862449943181318 ], [ -119.909054231584321, 38.862393513540155 ], [ -119.909186482623539, 38.862000631482907 ], [ -119.908852903786538, 38.861721531987065 ], [ -119.908692554566414, 38.861699266372639 ], [ -119.908469390574936, 38.861531196126677 ], [ -119.908476013856912, 38.860846705971937 ], [ -119.908000433881554, 38.86065392927128 ], [ -119.907907968151605, 38.860128970985862 ], [ -119.90736100010146, 38.859988352497083 ], [ -119.907160862320524, 38.859820890125654 ], [ -119.906939662127897, 38.859076308607989 ], [ -119.906883489152449, 38.858246013796119 ], [ -119.906797663002891, 38.858099598518187 ], [ -119.906909240647778, 38.857652118318953 ], [ -119.906623285202329, 38.857338240055761 ], [ -119.906438765043561, 38.856810840174411 ], [ -119.906260093781498, 38.856679980500658 ], [ -119.905939420025675, 38.856635442884048 ], [ -119.905497040169621, 38.856209308972041 ], [ -119.905456471578006, 38.856082110474404 ], [ -119.905438919646031, 38.855955522373065 ], [ -119.90583956743923, 38.855749936745006 ], [ -119.905853617288727, 38.855425993947883 ], [ -119.906143081667295, 38.855127371338241 ], [ -119.906177804675011, 38.854858029149419 ], [ -119.906293666056797, 38.854843083483985 ], [ -119.906489501029355, 38.854578012577754 ], [ -119.90667168209788, 38.854096369049458 ], [ -119.906609657037407, 38.853932567058528 ], [ -119.906743463077305, 38.853503693508436 ], [ -119.906609269964761, 38.853410048526634 ], [ -119.906530472328996, 38.853101661634554 ], [ -119.906652572967019, 38.852942740745696 ], [ -119.90664126144749, 38.852672177956435 ], [ -119.906531646014898, 38.852543149376601 ], [ -119.906683002984039, 38.852240863779564 ], [ -119.906676372700872, 38.851862319880382 ], [ -119.906549204989076, 38.851606703314786 ], [ -119.906750101323993, 38.850693134715065 ], [ -119.906870636706216, 38.850570207061502 ], [ -119.906816415277959, 38.850226436650743 ], [ -119.9069346093451, 38.850157499455584 ], [ -119.906950211643007, 38.849797562295031 ], [ -119.907143688977499, 38.849586480011631 ], [ -119.907151489475609, 38.849406511381609 ], [ -119.907272801882215, 38.849265586306814 ], [ -119.907109747911619, 38.848774791199062 ], [ -119.907268893303879, 38.848292535572838 ], [ -119.907041479497096, 38.847691929354362 ], [ -119.907318426319975, 38.847681251922509 ], [ -119.907748273608078, 38.847332292268511 ], [ -119.907753732458787, 38.847206314107495 ], [ -119.908144564906294, 38.846694161127502 ], [ -119.908187071164761, 38.846244848628785 ], [ -119.90835596193719, 38.846069147730411 ], [ -119.908364538045262, 38.845871181890772 ], [ -119.908662525988078, 38.845374584701041 ], [ -119.908537699758455, 38.845064979539799 ], [ -119.908612569353721, 38.844400313445291 ], [ -119.908427281780789, 38.843890913381088 ], [ -119.908588743825391, 38.843354664082028 ], [ -119.908481476558578, 38.843171646882965 ], [ -119.908437384540889, 38.842593916985571 ], [ -119.90807346238455, 38.841953660946444 ], [ -119.908208011997672, 38.841506786778417 ], [ -119.908095291099983, 38.841449747662615 ], [ -119.9080188355194, 38.841087370800665 ], [ -119.908016093145946, 38.84061884158583 ], [ -119.908088246342629, 38.84054868302664 ], [ -119.907911169843914, 38.840381833302999 ], [ -119.907855388611125, 38.84007405678269 ], [ -119.907953671145094, 38.839932520379726 ], [ -119.907853426502029, 38.839587530634375 ], [ -119.907892029483008, 38.839228202212986 ], [ -119.908108484498172, 38.839017726411612 ], [ -119.907920873341837, 38.83856231659373 ], [ -119.908056195584564, 38.838097445243342 ], [ -119.907794097844302, 38.837766184688128 ], [ -119.908007430404268, 38.837627696511312 ], [ -119.907988317259594, 38.837537102280649 ], [ -119.908199310404854, 38.837452604454867 ], [ -119.90805148725812, 38.837142389446669 ], [ -119.908051860947396, 38.836601872286892 ], [ -119.908127906990202, 38.836441728897569 ], [ -119.908040542555185, 38.836331308874058 ], [ -119.908209408566719, 38.836155606986978 ], [ -119.908086156660644, 38.835810007820449 ], [ -119.908117740411996, 38.8356126512953 ], [ -119.908406330381169, 38.835332015448849 ], [ -119.90841802038446, 38.835062061519203 ], [ -119.908302971076367, 38.835059013744264 ], [ -119.908264745010896, 38.834877825334864 ], [ -119.908325572142743, 38.834537102826239 ], [ -119.908257693208199, 38.833976759779901 ], [ -119.90859073596134, 38.833733336090901 ], [ -119.908530279521912, 38.833533541304384 ], [ -119.909052847497122, 38.833169013396606 ], [ -119.909578944900076, 38.833255016076272 ], [ -119.909605849098369, 38.83316564059016 ], [ -119.909839836503991, 38.833081748416127 ], [ -119.909941999075016, 38.832850224831773 ], [ -119.910252021773744, 38.832606186694036 ], [ -119.910748450696971, 38.832313029248255 ], [ -119.911165727569184, 38.832252003453171 ], [ -119.911402045769393, 38.832114116973756 ], [ -119.912137555146018, 38.832151597012313 ], [ -119.912422223895732, 38.8319609348911 ], [ -119.912815710582748, 38.831917291340908 ], [ -119.912959210948785, 38.831794963963972 ], [ -119.913440842268699, 38.831843737750162 ], [ -119.913606572429217, 38.83174001506044 ], [ -119.914188017567511, 38.831611249300963 ], [ -119.914530040034251, 38.831692362395948 ], [ -119.915068575878877, 38.831490387367062 ], [ -119.915506521748455, 38.831483945042343 ], [ -119.9159628125431, 38.831586091491225 ], [ -119.916385522465973, 38.831399067146528 ], [ -119.916896380035666, 38.831304457925114 ], [ -119.917039872437385, 38.83118212517968 ], [ -119.91736510359388, 38.831118645489248 ], [ -119.917836155328743, 38.830878839759038 ], [ -119.918230410650438, 38.83081718044631 ], [ -119.918396908512335, 38.830695453440619 ], [ -119.918742815309983, 38.830686568629297 ], [ -119.919002899680848, 38.830531276233472 ], [ -119.919325020630936, 38.830539779383678 ], [ -119.919466954607557, 38.830453437665554 ], [ -119.919989942733821, 38.830611381649703 ], [ -119.920910290553067, 38.830635666277935 ], [ -119.921519379896267, 38.830399487089124 ], [ -119.921664414546186, 38.830241153904069 ], [ -119.922344075173228, 38.829970796386753 ], [ -119.922702388138632, 38.829673944701391 ], [ -119.922818205892739, 38.829658980753308 ], [ -119.922741683522517, 38.829296610384183 ], [ -119.922909721426976, 38.829138882065578 ], [ -119.922904031322872, 38.828201814727478 ], [ -119.922999165068191, 38.828132252303206 ], [ -119.923115235218475, 38.827576765374339 ], [ -119.922919021832968, 38.827319345451237 ], [ -119.923091961494208, 38.826513110754327 ], [ -119.922795447917778, 38.825910711119569 ], [ -119.923166665117279, 38.825848427186251 ], [ -119.923169766548284, 38.825776438354389 ], [ -119.923305483757588, 38.825834069004763 ], [ -119.923474287083195, 38.825658342197002 ], [ -119.923843176959721, 38.825650047682892 ], [ -119.924058767903418, 38.82545753548127 ], [ -119.924454539027579, 38.825359859180793 ], [ -119.92446848930048, 38.825035909009394 ], [ -119.924589724047109, 38.824894962333168 ], [ -119.924701125386221, 38.824447456268238 ], [ -119.924612972970678, 38.824355045256837 ], [ -119.924684559222698, 38.823762348795015 ], [ -119.924557369050319, 38.823506750226819 ], [ -119.924683250275493, 38.82325781986593 ], [ -119.924967075651239, 38.823085121306264 ], [ -119.924996280586015, 38.822941749451942 ], [ -119.925805607254759, 38.822332450747957 ], [ -119.925818000727602, 38.822044494526025 ], [ -119.926104371173494, 38.821277277048466 ], [ -119.926003283418808, 38.82095029672525 ], [ -119.926031939801589, 38.82028439765385 ], [ -119.925965246839411, 38.820228588171673 ], [ -119.926111798736983, 38.82003425342657 ], [ -119.926124964406171, 38.819728299731572 ], [ -119.926220857761209, 38.819640736726875 ], [ -119.92618259145884, 38.819459552263758 ], [ -119.926300715172829, 38.819390592290283 ], [ -119.926408223239534, 38.819033069861788 ], [ -119.926282582827824, 38.818741478522938 ], [ -119.926126194360407, 38.818629254047913 ], [ -119.92616081537308, 38.81835990067097 ], [ -119.926501467076591, 38.817936446954832 ], [ -119.926732288788926, 38.817924507020855 ], [ -119.927039092167988, 38.817752407926307 ], [ -119.927094391299704, 38.817537651623709 ], [ -119.927348990402606, 38.817508318743407 ], [ -119.927639751940987, 38.817173636567595 ], [ -119.92829626006683, 38.816902632332038 ], [ -119.928560915335325, 38.816639331461772 ], [ -119.929057158807424, 38.816346087807013 ], [ -119.929107808984256, 38.816239314240647 ], [ -119.93014319683445, 38.815726019003471 ], [ -119.930736082762792, 38.815327203454174 ], [ -119.930836603249844, 38.815131651908807 ], [ -119.930927845884895, 38.815152068718085 ], [ -119.931216261819714, 38.814871368564852 ], [ -119.931378061840689, 38.81485760460501 ], [ -119.931454803097864, 38.814679445038792 ], [ -119.931405116021139, 38.814227696244103 ], [ -119.93175885492758, 38.813498269246047 ], [ -119.931675342836925, 38.813297879257895 ], [ -119.93153964138429, 38.813240258936013 ], [ -119.93164865795616, 38.812846735128801 ], [ -119.931629701783024, 38.812215617051422 ], [ -119.932024616883936, 38.812135908861798 ], [ -119.932215595195743, 38.811978768851425 ], [ -119.932423394424035, 38.811966212263521 ], [ -119.932591368518672, 38.811808467064836 ], [ -119.932775391771088, 38.811813302757038 ], [ -119.932802257408738, 38.811723920127847 ], [ -119.932966367602035, 38.811656161407612 ], [ -119.933101294921968, 38.811731777426679 ], [ -119.933768379025693, 38.811749302493894 ], [ -119.934315816077699, 38.81187178775965 ], [ -119.934617942996056, 38.811807651431714 ], [ -119.935256622277961, 38.811950546102807 ], [ -119.935995034093622, 38.811915878001052 ], [ -119.936658263822522, 38.81202337400849 ], [ -119.937059975289273, 38.812322199302791 ], [ -119.937427887164105, 38.812872384651783 ], [ -119.938001428598852, 38.812923466766016 ], [ -119.938199975612832, 38.813126869957784 ], [ -119.938640896826385, 38.813048346057435 ], [ -119.939262760721249, 38.813046636116937 ], [ -119.939515027774746, 38.813071268371154 ], [ -119.940011854814799, 38.813300506575963 ], [ -119.940106181241191, 38.813248926094367 ], [ -119.940794746269304, 38.813303009711895 ], [ -119.94102015879281, 38.813417023611365 ], [ -119.941296972527624, 38.813406259825996 ], [ -119.941385905230547, 38.813480661149775 ], [ -119.941638174844442, 38.813505288902157 ], [ -119.941746259982111, 38.813670280481318 ], [ -119.942131160966724, 38.813824506272674 ], [ -119.942374960005495, 38.814047105727553 ], [ -119.942700864337681, 38.81396555356929 ], [ -119.943020607714388, 38.814027981105575 ], [ -119.942969209682474, 38.814152759234169 ], [ -119.943062765269914, 38.814119173906043 ], [ -119.943241406383649, 38.814249976422829 ], [ -119.943561921495828, 38.814294404957899 ], [ -119.944005834650937, 38.814684400577924 ], [ -119.944255030791609, 38.814781013259527 ], [ -119.944358505522018, 38.815053988298679 ], [ -119.944632247006297, 38.815115207242059 ], [ -119.944645245668127, 38.815349778230043 ], [ -119.944864514179969, 38.815607766009613 ], [ -119.944915910170295, 38.815482986980776 ], [ -119.945243357760944, 38.815365432662709 ], [ -119.945349225758321, 38.81504388370174 ], [ -119.945512563617427, 38.814994104805123 ], [ -119.945540184389017, 38.814886721067232 ], [ -119.94591055923442, 38.814842359134971 ], [ -119.946103054677508, 38.814649200246748 ], [ -119.946313168575344, 38.814582626238661 ], [ -119.946367638038438, 38.81438585588316 ], [ -119.946534050384088, 38.814264084916012 ], [ -119.947209625345835, 38.814083560099604 ], [ -119.947352262737795, 38.81397918389235 ], [ -119.947344637685518, 38.813618629238249 ], [ -119.947476572512457, 38.813225688744723 ], [ -119.94778945901173, 38.812909550818127 ], [ -119.948976527115093, 38.812075731431683 ], [ -119.94903175541485, 38.811860961698564 ], [ -119.949466559928169, 38.811385845590102 ], [ -119.949596173402753, 38.811046895025044 ], [ -119.949980354079969, 38.81067856057426 ], [ -119.949909084001192, 38.810190218313082 ], [ -119.949708973440906, 38.810022829354459 ], [ -119.94971435112447, 38.809896845424923 ], [ -119.949879978915973, 38.809793066655949 ], [ -119.94982556691987, 38.809449307052283 ], [ -119.949941347675704, 38.809434314566147 ], [ -119.949931404022806, 38.809127752462707 ], [ -119.949648505525957, 38.808741986847259 ], [ -119.949217608884396, 38.808586583879475 ], [ -119.949220682187615, 38.808514593078307 ], [ -119.949438457782435, 38.808268035500916 ], [ -119.949581079917223, 38.808163655876974 ], [ -119.949718324322021, 38.808185260030484 ], [ -119.949910022605337, 38.808010091239758 ], [ -119.95027267923814, 38.808145691029665 ], [ -119.950323291667857, 38.808038906601645 ], [ -119.950580922321237, 38.807937530316657 ], [ -119.951014122022599, 38.808038935028762 ], [ -119.95114675976545, 38.80816852390852 ], [ -119.951396712188085, 38.80824712315944 ], [ -119.951839099354231, 38.80867308500563 ], [ -119.952184134070507, 38.808682094240574 ], [ -119.952358174607241, 38.808920869529373 ], [ -119.952292213077058, 38.809387609923313 ], [ -119.952515330911055, 38.80955559516849 ], [ -119.952881070421896, 38.809619196311054 ], [ -119.952964639412698, 38.80981957345697 ], [ -119.95325369907934, 38.81006134976024 ], [ -119.95386173211773, 38.810383520758442 ], [ -119.954616218342281, 38.811051847678968 ], [ -119.955158324021127, 38.81130022087661 ], [ -119.955468099940134, 38.811596585593811 ], [ -119.955718069481946, 38.811675176221108 ], [ -119.956231047232279, 38.812066927255209 ], [ -119.956842943770056, 38.812299094786781 ], [ -119.957944051585088, 38.812399867058708 ], [ -119.958890265331647, 38.812352451183763 ], [ -119.959256026000659, 38.812416033117103 ], [ -119.959838009837313, 38.812269031848416 ], [ -119.960194583091081, 38.812548585294266 ], [ -119.960627060774883, 38.812667953789102 ], [ -119.960986701104147, 38.812875513475298 ], [ -119.961583270939059, 38.812927079209388 ], [ -119.961716702456201, 38.813038659220318 ], [ -119.962105473653949, 38.813102831214543 ], [ -119.962591668468178, 38.813583946851416 ], [ -119.962821762457352, 38.814130468490703 ], [ -119.963394632222375, 38.814739960813121 ], [ -119.963390807573845, 38.814829950405091 ], [ -119.963612439322134, 38.815033911864354 ], [ -119.963586375162151, 38.815105305131524 ], [ -119.963860136299175, 38.815166479618178 ], [ -119.964104775154041, 38.815371038594847 ], [ -119.964563340505265, 38.815418999984381 ], [ -119.964674541143211, 38.815511980773579 ], [ -119.965176824035211, 38.815615130044051 ], [ -119.966376132785626, 38.81557423395143 ], [ -119.966448204034734, 38.815504035692342 ], [ -119.966909064609638, 38.815497994040683 ], [ -119.966981899318242, 38.815409797450947 ], [ -119.968634428523146, 38.815542814114686 ], [ -119.968802334973546, 38.815385013965098 ], [ -119.969362848969723, 38.815201371994469 ], [ -119.969441787741516, 38.814969189586641 ], [ -119.969654937024686, 38.814830580609268 ], [ -119.969667913960066, 38.814524614212559 ], [ -119.97000295340284, 38.814227008269839 ], [ -119.970094971343016, 38.814229396813793 ], [ -119.971318258029029, 38.815252124764548 ], [ -119.971479291935879, 38.81525630294837 ], [ -119.971992385162451, 38.815647988964471 ], [ -119.972355126087663, 38.815783523186184 ], [ -119.97244180746678, 38.815911896420261 ], [ -119.972897333738118, 38.816031817684987 ], [ -119.973029264188227, 38.816179381794235 ], [ -119.973280796208215, 38.81622193999511 ], [ -119.973272408884043, 38.816419918858578 ], [ -119.973524704346687, 38.816444478491199 ], [ -119.97362282463304, 38.816302879703031 ], [ -119.974150420541022, 38.816352593248766 ], [ -119.974201766811035, 38.816227799293493 ], [ -119.974507694220279, 38.816073568488193 ], [ -119.974924835703916, 38.816012308400488 ], [ -119.975047481811359, 38.815835308246903 ], [ -119.975253765841316, 38.815858671728442 ], [ -119.975222995173269, 38.815497517200107 ], [ -119.975459902440818, 38.81534149525141 ], [ -119.97558787908595, 38.815038507573476 ], [ -119.975576302244349, 38.814767939699614 ], [ -119.975774814873176, 38.814430743611851 ], [ -119.976053917919927, 38.814365902898132 ], [ -119.976551486349223, 38.814036452316081 ], [ -119.977178701277325, 38.813908553499822 ], [ -119.977559716657197, 38.813612115892028 ], [ -119.977815810682202, 38.813546675110508 ], [ -119.97778045964327, 38.813293509633311 ], [ -119.978340936597931, 38.813109822876925 ], [ -119.97839303406613, 38.812967028456335 ], [ -119.978673651401152, 38.812866184781271 ], [ -119.978655213384556, 38.812757600286055 ], [ -119.978866817045244, 38.812654969810801 ], [ -119.9789932520397, 38.812387973874173 ], [ -119.97925390571352, 38.812214540562508 ], [ -119.979199350317899, 38.811870789036938 ], [ -119.979349547177904, 38.811586389682923 ], [ -119.979555820928354, 38.811609745135335 ], [ -119.979745937525081, 38.811470521228934 ], [ -119.979883199673282, 38.811492090499016 ], [ -119.979886242428492, 38.811420097685321 ], [ -119.979974454267904, 38.811512469326061 ], [ -119.980248978990232, 38.811555607181859 ], [ -119.980325022103429, 38.811935949928632 ], [ -119.980649359225652, 38.811890286007838 ], [ -119.980921604573467, 38.811987417004566 ], [ -119.981165523970759, 38.812209940035949 ], [ -119.981377122646322, 38.81210730478886 ], [ -119.983400721302829, 38.812177634836388 ], [ -119.983860043916096, 38.812207521815914 ], [ -119.984016514810676, 38.812319672057974 ], [ -119.984157578377037, 38.812251245057951 ], [ -119.984478117419968, 38.812295561827789 ], [ -119.98492734782252, 38.812018879588209 ], [ -119.985293894672282, 38.812064382443872 ], [ -119.98546251648294, 38.811888558136296 ], [ -119.985762328542236, 38.811878282380114 ], [ -119.985929430424903, 38.81173845393274 ], [ -119.986204719627153, 38.811763579642694 ], [ -119.986230760061545, 38.811692180332408 ], [ -119.986393306284569, 38.811660341022119 ], [ -119.986638001431615, 38.811864854944382 ], [ -119.986871836943919, 38.811780801521827 ], [ -119.987717159684507, 38.812487298962765 ], [ -119.988061465607103, 38.812514201313938 ], [ -119.988413357559921, 38.812361119241125 ], [ -119.988451780520734, 38.812542289649997 ], [ -119.9886342981778, 38.812583034123584 ], [ -119.988544045887622, 38.813085207340741 ], [ -119.988611032050443, 38.813681526524412 ], [ -119.988947001031548, 38.813906408287792 ], [ -119.988911101983916, 38.814211786743691 ], [ -119.98914747011942, 38.81461427776857 ], [ -119.989004889162374, 38.814718707473425 ], [ -119.989022584857537, 38.814845289294595 ], [ -119.989181345154904, 38.814903438081267 ], [ -119.989194490527183, 38.815138009966695 ], [ -119.989396986839012, 38.81525134028297 ], [ -119.989388644422306, 38.815449322123328 ], [ -119.989271342682486, 38.815500350388788 ], [ -119.989309769008941, 38.815681520585251 ], [ -119.989144180651323, 38.815785357002568 ], [ -119.989361341394186, 38.816097262634251 ], [ -119.989410638936903, 38.816566999696136 ], [ -119.99001309158335, 38.817573521316696 ], [ -119.99021559594371, 38.817686850498447 ], [ -119.990540215544016, 38.818181703858841 ], [ -119.990465131296148, 38.818323911246942 ], [ -119.990548057929786, 38.818542264190107 ], [ -119.990468423939802, 38.818792461700255 ], [ -119.990669416052981, 38.818941786956266 ], [ -119.990966983615152, 38.818985494070809 ], [ -119.991025389722239, 38.819239250389366 ], [ -119.991402856976123, 38.819573302581318 ], [ -119.991326256699736, 38.819751507240873 ], [ -119.991512093390412, 38.820260798571425 ], [ -119.991412751476759, 38.820978954252645 ], [ -119.991225662242627, 38.821046203430669 ], [ -119.990933655168504, 38.821417051953759 ], [ -119.990745806130775, 38.821502298647687 ], [ -119.990663894081095, 38.821806491130353 ], [ -119.990372639151502, 38.822159339620605 ], [ -119.990523833506359, 38.82239747066388 ], [ -119.990509425541575, 38.822739439227604 ], [ -119.990251288541103, 38.823399445412313 ], [ -119.990216401275802, 38.82422736891138 ], [ -119.990016408010462, 38.824600587388751 ], [ -119.990067229097065, 38.825034327328474 ], [ -119.990175444829518, 38.825199278922014 ], [ -119.989659397425726, 38.825420203134428 ], [ -119.98943259556809, 38.825882818464571 ], [ -119.98948720686414, 38.826226566886575 ], [ -119.989249531979652, 38.826400615171572 ], [ -119.98926495344692, 38.826581191807122 ], [ -119.989024241598187, 38.826827232792311 ], [ -119.989104895568659, 38.827099581628126 ], [ -119.989611853090196, 38.827094640279796 ], [ -119.989721587837991, 38.827223595692459 ], [ -119.989999214040523, 38.827194719862909 ], [ -119.990312239330862, 38.827419006577237 ], [ -119.990148393927726, 38.828027389613098 ], [ -119.990278106295733, 38.828228931228075 ], [ -119.990223743490617, 38.828425726107717 ], [ -119.990334998314523, 38.828518684396904 ], [ -119.990305920567337, 38.828662077657974 ], [ -119.990550682574565, 38.828866585629704 ], [ -119.990468000699295, 38.829188775598041 ], [ -119.990580015460978, 38.829263735378014 ], [ -119.990341573954268, 38.829455783836188 ], [ -119.990306427249365, 38.829743163625217 ], [ -119.990210594694148, 38.829830781798108 ], [ -119.99039012292873, 38.829943518501494 ], [ -119.990730977859016, 38.830600950942198 ], [ -119.991061721286769, 38.830951817780175 ], [ -119.991227603042617, 38.831388523271798 ], [ -119.991560627298867, 38.831685393899761 ], [ -119.991618284699214, 38.831957148277382 ], [ -119.992418618965772, 38.832644436337858 ], [ -119.993078355530159, 38.832841614025398 ], [ -119.993234126934652, 38.832971752297162 ], [ -119.993830897882461, 38.833023160562071 ], [ -119.995280414976492, 38.834159577874793 ], [ -119.995874168838483, 38.834282969705818 ], [ -119.996046144905847, 38.834575682420393 ], [ -119.996480336595653, 38.834658928483854 ], [ -119.996785086840944, 38.835081182188041 ], [ -119.996759046754121, 38.835152583688476 ], [ -119.99702761807238, 38.835339673223729 ], [ -119.997214740797816, 38.835272416154133 ], [ -119.997209441986257, 38.835398405071636 ], [ -119.997384453806248, 38.83561912241904 ], [ -119.997305577493051, 38.83585132574369 ], [ -119.997506630410399, 38.836000641320837 ], [ -119.997568854515094, 38.836164403105037 ], [ -119.997457882575077, 38.836611995525807 ], [ -119.997632897921193, 38.836832712609606 ], [ -119.997767187633869, 38.836926256589962 ], [ -119.997861507709459, 38.836874629155211 ], [ -119.998205936478627, 38.836901506296257 ], [ -119.998442113946467, 38.836763437416735 ], [ -119.998649225036573, 38.8367687637244 ], [ -119.998909926716209, 38.836595288752164 ], [ -119.999024988204795, 38.836598247385744 ], [ -119.999180778729936, 38.83672837839935 ], [ -119.999546707060063, 38.836791840154781 ], [ -119.999587756658201, 38.837459557656196 ], [ -119.998902233283943, 38.837874361407899 ], [ -119.998915410003065, 38.83810893283983 ], [ -119.998815792419663, 38.83828655012379 ], [ -119.998894224407792, 38.838612889031118 ], [ -119.999288030876244, 38.839109497989405 ], [ -119.999403096453293, 38.839112456410511 ], [ -119.999645650281977, 38.839370942768596 ], [ -119.999921052396417, 38.839396040432668 ], [ -119.999915001171928, 38.839540028022334 ], [ -120.000130763128851, 38.839887914150928 ], [ -120.000265061795375, 38.839981455571085 ], [ -120.00044916913852, 38.839986187539438 ], [ -120.000738512901165, 38.840227856354694 ], [ -120.000898851272822, 38.840249994674373 ], [ -120.000269166906818, 38.840432008392511 ], [ -120.000875081574875, 38.840267401741492 ], [ -120.001560195396664, 38.840411130944723 ], [ -120.001724314371614, 38.840343275782352 ], [ -120.001775633202143, 38.840218468898172 ], [ -120.002217007600535, 38.840680254477938 ], [ -120.002768580431635, 38.84071243898974 ], [ -120.002835354438318, 38.840768207538801 ], [ -120.003002495795073, 38.840628356586436 ], [ -120.003139066648259, 38.84066789939979 ], [ -120.003380883872708, 38.840944377176022 ], [ -120.003371061398383, 38.841178357686822 ], [ -120.003710225505117, 38.841331208985501 ], [ -120.003614392205961, 38.841418838058168 ], [ -120.003696626431392, 38.841655182073644 ], [ -120.003484211266638, 38.841775853660607 ], [ -120.003230645997689, 38.842327897769813 ], [ -120.00340720385951, 38.84251261027476 ] ], [ [ -119.999424516254379, 38.860639643942605 ], [ -119.999305783883869, 38.860605270036309 ], [ -119.998998194131062, 38.860795556150535 ], [ -119.998925347697977, 38.860883771876402 ], [ -119.999328046802887, 38.860623860373252 ], [ -119.999441254312487, 38.860671816062208 ], [ -119.999441632860169, 38.860662816874495 ], [ -119.999424516254379, 38.860639643942605 ] ], [ [ -119.996137449601946, 38.861965178979048 ], [ -119.9962095426216, 38.861894963508185 ], [ -119.996114429189618, 38.861964586369474 ], [ -119.995883467076212, 38.861976658337255 ], [ -119.996137449601946, 38.861965178979048 ] ], [ [ -119.995020263419818, 38.862329052674802 ], [ -119.995061071876293, 38.86235187511889 ], [ -119.995454695159893, 38.862307957565797 ], [ -119.995020263419818, 38.862329052674802 ] ], [ [ -119.983760978484185, 38.89140729911194 ], [ -119.983761064861255, 38.891375940074262 ], [ -119.983691878662057, 38.89140945871992 ], [ -119.983760978484185, 38.89140729911194 ] ], [ [ -119.971046960542225, 38.919370527379677 ], [ -119.971063886882078, 38.919460063206174 ], [ -119.971219795315335, 38.919590235185417 ], [ -119.971088457020713, 38.919424666043724 ], [ -119.971293505576682, 38.919484043578599 ], [ -119.971046960542225, 38.919370527379677 ] ], [ [ -119.97121673055193, 38.920103448018828 ], [ -119.97125132187206, 38.91993338847832 ], [ -119.971219795315335, 38.919590235185417 ], [ -119.97121673055193, 38.920103448018828 ] ], [ [ -120.001352265760445, 38.845360708418923 ], [ -120.001325314530405, 38.845375459812452 ], [ -120.001583173646523, 38.845348623418161 ], [ -120.001352265760445, 38.845360708418923 ] ], [ [ -120.001163606920244, 38.845463968032938 ], [ -120.000925891828999, 38.845638038204527 ], [ -120.001242214835415, 38.845420943233712 ], [ -120.001163606920244, 38.845463968032938 ] ], [ [ -119.999220582732136, 38.851125688135809 ], [ -119.999291904311164, 38.85107346849324 ], [ -119.999284938500381, 38.851062993455066 ], [ -119.999220582732136, 38.851125688135809 ] ], [ [ -119.99879083016512, 38.850934458002101 ], [ -119.998767813252542, 38.850933866055875 ], [ -119.998819415226308, 38.850971228869085 ], [ -119.998876780488558, 38.850972704148667 ], [ -119.99879083016512, 38.850934458002101 ] ], [ [ -119.998307475143235, 38.850922026180257 ], [ -119.998685283150522, 38.850964725369252 ], [ -119.998674988583204, 38.850949496618455 ], [ -119.998767813252542, 38.850933866055875 ], [ -119.998307475143235, 38.850922026180257 ] ], [ [ -119.999742137668591, 38.85187367279908 ], [ -119.999788754272345, 38.851861011397482 ], [ -119.999744990150461, 38.851805832647187 ], [ -119.999742137668591, 38.85187367279908 ] ], [ [ -119.999535876837868, 38.852395045685697 ], [ -119.999716232036107, 38.852489772093456 ], [ -120.000127519141898, 38.852572417072466 ], [ -119.999535876837868, 38.852395045685697 ] ], [ [ -119.999485746071073, 38.851943310162611 ], [ -119.999436231453259, 38.852380309362893 ], [ -119.99950043801141, 38.852141884414017 ], [ -119.999535876837868, 38.852395045685697 ], [ -119.999485746071073, 38.851943310162611 ] ], [ [ -119.999555671098733, 38.851924318212312 ], [ -119.999477398420382, 38.851936338828736 ], [ -119.999485746071073, 38.851943310162611 ], [ -119.999555671098733, 38.851924318212312 ] ], [ [ -119.999745343131067, 38.854113487871878 ], [ -119.999861021904579, 38.854146979852096 ], [ -119.999766990773736, 38.85402259529971 ], [ -119.999783640956295, 38.853626630454741 ], [ -119.999745343131067, 38.854113487871878 ] ], [ [ -119.999875269153804, 38.854187539823457 ], [ -119.999760179241008, 38.85418458090858 ], [ -119.999896989756905, 38.854218985997797 ], [ -119.999897530332746, 38.854206129995781 ], [ -119.999919791523297, 38.854224720164233 ], [ -119.999876134080338, 38.854166970220483 ], [ -119.999875269153804, 38.854187539823457 ] ], [ [ -119.999744289271774, 38.854126884822968 ], [ -119.999734133871868, 38.854255982712708 ], [ -119.999760179241008, 38.85418458090858 ], [ -119.999744289271774, 38.854126884822968 ] ], [ [ -119.99920396299234, 38.854260368498394 ], [ -119.999129686672703, 38.854289220662636 ], [ -119.999734133871868, 38.854255982712708 ], [ -119.99920396299234, 38.854260368498394 ] ], [ [ -119.998899429714598, 38.85437866205514 ], [ -119.998921690683446, 38.854397252405477 ], [ -119.998857280972459, 38.854467667363572 ], [ -119.999016558013352, 38.854333164632415 ], [ -119.998899429714598, 38.85437866205514 ] ], [ [ -119.998551130810654, 38.854441775570031 ], [ -119.998753750572405, 38.854555094007928 ], [ -119.998761924034312, 38.854548191908172 ], [ -119.998551130810654, 38.854441775570031 ] ], [ [ -119.998492676999092, 38.854188022132348 ], [ -119.998450881239862, 38.854154514959255 ], [ -119.998500301388916, 38.854221120408127 ], [ -119.998492676999092, 38.854188022132348 ] ], [ [ -119.997850905320306, 38.853558906370651 ], [ -119.997905124599072, 38.853579885846464 ], [ -119.997743389932765, 38.853375961805689 ], [ -119.997935403435719, 38.853741258707437 ], [ -119.997850905320306, 38.853558906370651 ] ], [ [ -119.998664595957067, 38.852994644410451 ], [ -119.998613214972423, 38.852965908187088 ], [ -119.997106494419711, 38.8535073208797 ], [ -119.997254716699146, 38.853489513528523 ], [ -119.997513213190118, 38.853370039764741 ], [ -119.997559248533236, 38.853371224209155 ], [ -119.998664595957067, 38.852994644410451 ] ], [ [ -119.996038213671312, 38.8530596784274 ], [ -119.996030120659242, 38.853064858115864 ], [ -119.996282383010282, 38.853050079379145 ], [ -119.996038213671312, 38.8530596784274 ] ], [ [ -119.995449178704177, 38.853115892853374 ], [ -119.995586552030062, 38.853158291730892 ], [ -119.995468753716636, 38.853115174222062 ], [ -119.995449178704177, 38.853115892853374 ] ], [ [ -119.995650216860724, 38.853440536617867 ], [ -119.99564802621704, 38.853340052878799 ], [ -119.995622798487148, 38.853318983156484 ], [ -119.995650216860724, 38.853440536617867 ] ], [ [ -119.995582286252116, 38.853806824358877 ], [ -119.99565588674794, 38.853700612171821 ], [ -119.995652517953758, 38.853546086762584 ], [ -119.995582286252116, 38.853806824358877 ] ], [ [ -119.995765670603859, 38.853829563452351 ], [ -119.996088677375013, 38.853819860745034 ], [ -119.995582286252116, 38.853806824358877 ], [ -119.995765670603859, 38.853829563452351 ] ], [ [ -119.9966881013967, 38.853784207768435 ], [ -119.996670940701108, 38.853672687001243 ], [ -119.996631201732129, 38.853682731595647 ], [ -119.9966881013967, 38.853784207768435 ] ], [ [ -119.998492506570699, 38.855379231555403 ], [ -119.998494040001617, 38.855251110542788 ], [ -119.998427229957215, 38.855228194618611 ], [ -119.998492506570699, 38.855379231555403 ] ], [ [ -119.996874828704406, 38.857587806698788 ], [ -119.996992707355446, 38.857458949704714 ], [ -119.996837561092093, 38.857592839731943 ], [ -119.997567208855457, 38.858110123008672 ], [ -119.996874828704406, 38.857587806698788 ] ], [ [ -119.996813097889216, 38.857613951219797 ], [ -119.996953137077639, 38.857785856092271 ], [ -119.996834383070748, 38.85759558233211 ], [ -119.996813097889216, 38.857613951219797 ] ], [ [ -119.997089866746123, 38.857953697447442 ], [ -119.997561906347514, 38.858236111473516 ], [ -119.997066770474277, 38.857925345877014 ], [ -119.997089866746123, 38.857953697447442 ] ], [ [ -119.994990579000699, 38.858007763020957 ], [ -119.995074294622825, 38.858071855120549 ], [ -119.99501359811353, 38.858008355801644 ], [ -119.995024887213901, 38.857937295891041 ], [ -119.994985650853422, 38.85801157104153 ], [ -119.994990579000699, 38.858007763020957 ] ], [ [ -119.995905474870227, 38.857076374209534 ], [ -119.995923345099143, 38.857048545376877 ], [ -119.995166116676955, 38.857669944436161 ], [ -119.995129946904783, 38.85773841508221 ], [ -119.995905474870227, 38.857076374209534 ] ], [ [ -119.996076679500007, 38.856845153864533 ], [ -119.996084297434919, 38.856797196654419 ], [ -119.99605624368381, 38.856845855156529 ], [ -119.996076679500007, 38.856845153864533 ] ], [ [ -119.996316211838234, 38.856077948263035 ], [ -119.996129790293082, 38.856127203145775 ], [ -119.996269417031627, 38.85609476159695 ], [ -119.99627103688988, 38.856111019351026 ], [ -119.996316211838234, 38.856077948263035 ] ], [ [ -119.995866103444627, 38.855734833311409 ], [ -119.995845706974094, 38.855759533205095 ], [ -119.99600456234262, 38.855817676195755 ], [ -119.995866103444627, 38.855734833311409 ] ], [ [ -119.996338186569261, 38.855555996433509 ], [ -119.996339847494383, 38.855544855695918 ], [ -119.995910482758049, 38.855666491604779 ], [ -119.995918551445214, 38.855671319279686 ], [ -119.995886499900664, 38.855710133413488 ], [ -119.996338186569261, 38.855555996433509 ] ], [ [ -119.995545550387618, 38.855072817456985 ], [ -119.995569205781464, 38.855211879389202 ], [ -119.995810280427534, 38.855506371392018 ], [ -119.995545550387618, 38.855072817456985 ] ], [ [ -119.995799105674223, 38.854677262923857 ], [ -119.995513793949385, 38.854886131569138 ], [ -119.995513793949428, 38.854886131569124 ], [ -119.995799105674223, 38.854677262923857 ] ], [ [ -119.99521455848182, 38.854878426865582 ], [ -119.995373411363062, 38.85493657062522 ], [ -119.995399733112478, 38.854927113315696 ], [ -119.99521455848182, 38.854878426865582 ] ], [ [ -119.994547641746834, 38.854961962591624 ], [ -119.994632282612571, 38.855025592800047 ], [ -119.994839445932541, 38.855030927956726 ], [ -119.994547641746834, 38.854961962591624 ] ], [ [ -119.993767185273541, 38.854228542645984 ], [ -119.994185568641342, 38.854689766067501 ], [ -119.994387309912625, 38.854841429946447 ], [ -119.993767185273541, 38.854228542645984 ] ], [ [ -119.99308543024371, 38.853859200792392 ], [ -119.993112562106361, 38.853905373491692 ], [ -119.993767185273541, 38.854228542645984 ], [ -119.99308543024371, 38.853859200792392 ] ], [ [ -119.993187683262931, 38.85376316642877 ], [ -119.993176823742758, 38.853738034428432 ], [ -119.993069560679189, 38.853832194116727 ], [ -119.993076727577886, 38.853844390680152 ], [ -119.993187683262931, 38.85376316642877 ] ], [ [ -119.993243578774937, 38.853530374758435 ], [ -119.993246185993314, 38.853468505618871 ], [ -119.993124698145323, 38.85361740081575 ], [ -119.993243578774937, 38.853530374758435 ] ], [ [ -119.993438337646438, 38.853283142995458 ], [ -119.993513457430566, 38.853140935657656 ], [ -119.993364433666557, 38.853323580816493 ], [ -119.993438337646438, 38.853283142995458 ] ], [ [ -119.994600247129185, 38.850862645857049 ], [ -119.994787413572723, 38.850795394547418 ], [ -119.994483646971062, 38.85089567860377 ], [ -119.994600247129185, 38.850862645857049 ] ], [ [ -119.994746495711865, 38.850502948703181 ], [ -119.994726701393432, 38.850595634723092 ], [ -119.994787413572723, 38.850795394547418 ], [ -119.994746495711865, 38.850502948703181 ] ], [ [ -119.995076220571661, 38.849955992581528 ], [ -119.99478410475416, 38.850326845246869 ], [ -119.994777565155871, 38.850357466835575 ], [ -119.995076220571661, 38.849955992581528 ] ], [ [ -119.99573989878138, 38.849201465413067 ], [ -119.995780070576302, 38.849109257167804 ], [ -119.99597026194273, 38.848970010303695 ], [ -119.995732522619008, 38.849144068830299 ], [ -119.995643265179552, 38.849298900721749 ], [ -119.99573989878138, 38.849201465413067 ] ], [ [ -119.996108805381255, 38.84869249796531 ], [ -119.996072933598555, 38.84872040318006 ], [ -119.99597026194273, 38.848970010303695 ], [ -119.996108805381255, 38.84869249796531 ] ], [ [ -119.997327948640546, 38.845725699867145 ], [ -119.997337588322949, 38.845783433472995 ], [ -119.997353235497613, 38.845672296869495 ], [ -119.997353235497641, 38.845672296869459 ], [ -119.997255874059917, 38.845795916890431 ], [ -119.997327948640546, 38.845725699867145 ] ], [ [ -119.994853985855514, 38.851950251183986 ], [ -119.995187874271835, 38.852229116640473 ], [ -119.994852749236586, 38.851949218347329 ], [ -119.994818840261715, 38.852237631658816 ], [ -119.994853985855514, 38.851950251183986 ] ], [ [ -119.998832646877474, 38.854322890981074 ], [ -119.998899429714584, 38.854378662055126 ], [ -119.99882667556318, 38.854230074152795 ], [ -119.998832646877474, 38.854322890981074 ] ], [ [ -119.99820783097681, 38.853838356042004 ], [ -119.998751684052337, 38.854076916176865 ], [ -119.998729670473011, 38.85403195689269 ], [ -119.99820783097681, 38.853838356042004 ] ], [ [ -119.998167095922881, 38.853711183212091 ], [ -119.998126118236982, 38.853699318395655 ], [ -119.99820783097681, 38.853838356042004 ], [ -119.998167095922881, 38.853711183212091 ] ], [ [ -119.998823401245616, 38.852899242490878 ], [ -119.998717901396475, 38.852976483456366 ], [ -119.998936107862292, 38.852902141011839 ], [ -119.998823401245616, 38.852899242490878 ] ], [ [ -119.998971347568514, 38.85266881509002 ], [ -119.998961903656863, 38.852893352405559 ], [ -119.998985281090498, 38.852885387725934 ], [ -119.998971347568514, 38.85266881509002 ] ], [ [ -119.998457088290621, 38.852295231805101 ], [ -119.998382955299093, 38.852286041198354 ], [ -119.998971347568514, 38.85266881509002 ], [ -119.998457088290621, 38.852295231805101 ] ], [ [ -119.998273706720354, 38.852272497061776 ], [ -119.997478999940839, 38.852540338203937 ], [ -119.99747737157692, 38.852536616604432 ], [ -119.997438497183836, 38.852583697228674 ], [ -119.998345982878661, 38.852281457539561 ], [ -119.998273706720354, 38.852272497061776 ] ], [ [ -119.997349226953105, 38.852338802756748 ], [ -119.997427863127243, 38.852423465657353 ], [ -119.997372594619591, 38.852297149753099 ], [ -119.997349226953105, 38.852338802756748 ] ], [ [ -119.997153169756359, 38.851932860693005 ], [ -119.997290969695541, 38.852110595585003 ], [ -119.997247773857296, 38.852011870895282 ], [ -119.997153169756359, 38.851932860693005 ] ], [ [ -119.996371165563971, 38.852065641555107 ], [ -119.997039521446155, 38.851837945077364 ], [ -119.997025176305456, 38.851825964426702 ], [ -119.996371165563971, 38.852065641555107 ] ], [ [ -119.99564518818724, 38.852312962498317 ], [ -119.995730100725197, 38.852284035411778 ], [ -119.995184084565821, 38.85231910829561 ], [ -119.99564518818724, 38.852312962498317 ] ], [ [ -119.999369992126518, 38.851846640951436 ], [ -119.999323512600142, 38.851782983890025 ], [ -119.999352183855123, 38.851831768755908 ], [ -119.999369992126518, 38.851846640951436 ] ], [ [ -119.99886121695036, 38.851691845136664 ], [ -119.998550557198783, 38.851347901999794 ], [ -119.998562480349761, 38.85143308525295 ], [ -119.99886121695036, 38.851691845136664 ] ], [ [ -119.998279158361626, 38.851047422842015 ], [ -119.998098808740863, 38.85095269441193 ], [ -119.998057587995547, 38.850946644492097 ], [ -119.998279158361626, 38.851047422842015 ] ], [ [ -119.997914514993823, 38.850925645717567 ], [ -119.99780110353575, 38.85090900022513 ], [ -119.997521114396903, 38.850991886103657 ], [ -119.997914514993823, 38.850925645717567 ] ], [ [ -119.997447109917758, 38.84617921248249 ], [ -119.997379197729856, 38.846032638017043 ], [ -119.997530384622209, 38.846938105448793 ], [ -119.997447109917758, 38.84617921248249 ] ], [ [ -119.998774176077092, 38.851330422669321 ], [ -119.998784605122552, 38.85136829337776 ], [ -119.998848526142694, 38.851206209743694 ], [ -119.998774176077092, 38.851330422669321 ] ], [ [ -119.998814154138088, 38.851475593714426 ], [ -119.998840741223219, 38.851496212125461 ], [ -119.998807491117873, 38.851451398540995 ], [ -119.998814154138088, 38.851475593714426 ] ], [ [ -119.999278820823747, 38.851721775162197 ], [ -119.99926541330538, 38.851703412541021 ], [ -119.999126553360327, 38.851717859695952 ], [ -119.999278820823747, 38.851721775162197 ] ], [ [ -119.997202069254797, 38.852662438349391 ], [ -119.996170326163707, 38.852975123616467 ], [ -119.99606959446416, 38.853039594083903 ], [ -119.997202069254797, 38.852662438349391 ] ], [ [ -119.996716338618342, 38.857697453277318 ], [ -119.996134714740421, 38.85819938146529 ], [ -119.99637096917246, 38.85806132017796 ], [ -119.996716338618342, 38.857697453277318 ] ], [ [ -119.995233011177334, 38.858193366946715 ], [ -119.995258469522184, 38.858212857547102 ], [ -119.996134714740421, 38.85819938146529 ], [ -119.995233011177334, 38.858193366946715 ] ], [ [ -119.996499315040339, 38.855560143725484 ], [ -119.996415094942847, 38.855378386383208 ], [ -119.996415042378388, 38.855378544875705 ], [ -119.996495526536762, 38.855650135437571 ], [ -119.996499315040339, 38.855560143725484 ] ], [ [ -119.996821010564389, 38.854602565100144 ], [ -119.99665228948389, 38.854663188632038 ], [ -119.996814173582379, 38.854649337060522 ], [ -119.99671604034674, 38.854790954291659 ], [ -119.996810385598636, 38.85473932881267 ], [ -119.996821010564389, 38.854602565100144 ] ], [ [ -119.99682329226043, 38.854573195193048 ], [ -119.996860676593101, 38.854091980526036 ], [ -119.99677419827816, 38.85450416548899 ], [ -119.99682329226043, 38.854573195193048 ] ], [ [ -119.997207467765946, 38.857178578129115 ], [ -119.99710564715005, 38.857335490960985 ], [ -119.997213004000258, 38.857218134622883 ], [ -119.997207467765946, 38.857178578129115 ] ], [ [ -119.99703469083596, 38.857084391587286 ], [ -119.997199265109145, 38.857119969935816 ], [ -119.997195288067161, 38.857091553841897 ], [ -119.997209004209523, 38.857077538133971 ], [ -119.99703469083596, 38.857084391587286 ] ], [ [ -119.99638145733438, 38.856854394873459 ], [ -119.996577567590535, 38.856985567401821 ], [ -119.996444758954752, 38.856856024215205 ], [ -119.99638145733438, 38.856854394873459 ] ], [ [ -119.997307765459183, 38.856764284970616 ], [ -119.997273894461813, 38.857011230553788 ], [ -119.997315685130161, 38.856968527008696 ], [ -119.997307765459183, 38.856764284970616 ] ], [ [ -119.997097034960333, 38.855593544362328 ], [ -119.997232018568653, 38.855552364922048 ], [ -119.997121568425072, 38.855558139991523 ], [ -119.997130658881943, 38.855342159752162 ], [ -119.997097034960333, 38.855593544362328 ] ], [ [ -120.003281092422199, 38.853417399989745 ], [ -120.003365770719682, 38.853376331576669 ], [ -120.003386171904651, 38.853329494188287 ], [ -120.003281092422199, 38.853417399989745 ] ], [ [ -120.00328730621743, 38.853049994934999 ], [ -120.003224640171098, 38.853444778895309 ], [ -120.003248897002919, 38.853433014525393 ], [ -120.00328730621743, 38.853049994934999 ] ], [ [ -120.003234883620436, 38.852652255496658 ], [ -120.003594919381896, 38.852766604921413 ], [ -120.003509582684075, 38.852695345185822 ], [ -120.003122063680067, 38.852595304606901 ], [ -120.002993788042545, 38.852577172050744 ], [ -120.00321262198888, 38.852633665941958 ], [ -120.003156759610121, 38.852866463740341 ], [ -120.003234883620436, 38.852652255496658 ] ], [ [ -120.002632646906093, 38.852726877887989 ], [ -120.002847892460764, 38.853255683257466 ], [ -120.002864671602865, 38.85323733768228 ], [ -120.002639253222554, 38.852702957377765 ], [ -120.002632646906093, 38.852726877887989 ] ], [ [ -120.002667754464056, 38.852531084513501 ], [ -120.002360732027398, 38.852487683477769 ], [ -120.002365509800427, 38.852503801664284 ], [ -120.001673472656805, 38.852522058716325 ], [ -120.002249666170997, 38.852518843757103 ], [ -120.002244542313719, 38.852553233769619 ], [ -120.002667754464056, 38.852531084513501 ] ], [ [ -120.001316031220171, 38.853037966449499 ], [ -120.001401370732353, 38.852965513894574 ], [ -120.001673472656805, 38.852522058716325 ], [ -120.001316031220171, 38.853037966449499 ] ], [ [ -120.000711919401056, 38.853470313952435 ], [ -120.000803990489416, 38.853472680306822 ], [ -120.000854296523144, 38.853429971688811 ], [ -120.000711919401056, 38.853470313952435 ] ], [ [ -120.000861956528908, 38.852536409469806 ], [ -120.000843330576899, 38.852536762369404 ], [ -120.000829469186556, 38.852555397929613 ], [ -120.000861956528908, 38.852536409469806 ] ], [ [ -120.002350051275442, 38.85245165111165 ], [ -120.002372315015549, 38.852341815621863 ], [ -120.002284782171287, 38.8522314598723 ], [ -120.002350051275442, 38.85245165111165 ] ], [ [ -120.00242275995619, 38.85675797160642 ], [ -120.002429584088034, 38.856773331988009 ], [ -120.002438958765239, 38.856759801711625 ], [ -120.00242275995619, 38.85675797160642 ] ], [ [ -120.002042122230037, 38.85690987139764 ], [ -120.002391187168143, 38.85682874939782 ], [ -120.002409358557642, 38.856802523053567 ], [ -120.002042122230037, 38.85690987139764 ] ], [ [ -120.000262096803596, 38.856883204862569 ], [ -120.000245135922086, 38.856899726840794 ], [ -120.000140951348158, 38.857185334243511 ], [ -120.000262096803596, 38.856883204862569 ] ], [ [ -120.000511453922513, 38.85668730448149 ], [ -120.000461386565561, 38.856689071407317 ], [ -120.00031721961345, 38.856829508413959 ], [ -120.000511453922513, 38.85668730448149 ] ], [ [ -120.002310313325751, 38.856561685042621 ], [ -120.002307749561751, 38.85655699328025 ], [ -120.001938373135033, 38.856636938016763 ], [ -120.002310313325751, 38.856561685042621 ] ], [ [ -120.002361786944249, 38.856431601179757 ], [ -120.002525269638056, 38.856581840165013 ], [ -120.002324211856717, 38.85634284134985 ], [ -120.002340280684621, 38.856395012994618 ], [ -120.002269711909406, 38.856429235902908 ], [ -120.002284092025192, 38.856474120032566 ], [ -120.002361786944249, 38.856431601179757 ] ], [ [ -120.002250900025359, 38.855780109554814 ], [ -120.002245606221621, 38.855906098611079 ], [ -120.002188048095348, 38.855900747322586 ], [ -120.002269920947597, 38.856166571218878 ], [ -120.002250900025359, 38.855780109554814 ] ], [ [ -120.001442225432896, 38.855831404144318 ], [ -120.000541475856849, 38.855880326467727 ], [ -120.001864126411007, 38.855870631165729 ], [ -120.001442225432896, 38.855831404144318 ] ], [ [ -120.002004929950118, 38.855053075996935 ], [ -120.000531002943774, 38.855033217903213 ], [ -120.00050345467568, 38.855049026180879 ], [ -120.002004929950118, 38.855053075996935 ] ], [ [ -120.002605340548385, 38.854473909950798 ], [ -120.002508731081718, 38.85457953563553 ], [ -120.002727373142704, 38.854340487900259 ], [ -120.002452496826095, 38.854505526045621 ], [ -120.002605340548385, 38.854473909950798 ] ], [ [ -120.002798558608134, 38.854262658302218 ], [ -120.002844594749675, 38.854263840686194 ], [ -120.002763454302666, 38.854248969802207 ], [ -120.002783695721817, 38.854278908442247 ], [ -120.002798558608134, 38.854262658302218 ] ], [ [ -120.003394737795745, 38.853564461302632 ], [ -120.003358211590893, 38.8535563161998 ], [ -120.003261604530678, 38.853661942616114 ], [ -120.003394737795745, 38.853564461302632 ] ], [ [ -120.002524193711196, 38.855101790437452 ], [ -120.002901888410591, 38.85509413415803 ], [ -120.002655938494513, 38.85507172971392 ], [ -120.002671705041152, 38.855088222064424 ], [ -120.002524317671813, 38.855100840614064 ], [ -120.002524193711196, 38.855101790437452 ] ], [ [ -120.002963508711943, 38.854282288675371 ], [ -120.002958929079469, 38.854284795020057 ], [ -120.003058143182457, 38.854665718330011 ], [ -120.002963508711943, 38.854282288675371 ] ], [ [ -120.002888661097202, 38.854271916848681 ], [ -120.002851383541142, 38.854402378687453 ], [ -120.002958929079469, 38.854284795020057 ], [ -120.002888661097202, 38.854271916848681 ] ], [ [ -119.998358949621149, 38.857914277401925 ], [ -119.998381211486588, 38.857932867883967 ], [ -119.998367399990698, 38.857932512614909 ], [ -119.998380454197459, 38.85795086625027 ], [ -119.998425987678303, 38.85796404938079 ], [ -119.998426492530399, 38.857952050469464 ], [ -119.998448754425439, 38.857970640939627 ], [ -119.998315183228769, 38.857859098060942 ], [ -119.998347818692736, 38.857904982159475 ], [ -119.998358949621149, 38.857914277401925 ] ], [ [ -119.998354345790432, 38.857914158978254 ], [ -119.998358697189815, 38.857920276857293 ], [ -119.998358949621149, 38.857914277401925 ], [ -119.998354345790432, 38.857914158978254 ] ], [ [ -119.998895649426842, 38.859797023585799 ], [ -119.998654162021793, 38.859595368164989 ], [ -119.998833880584485, 38.85983464933971 ], [ -119.998895649426842, 38.859797023585799 ] ], [ [ -119.998499972151535, 38.859323296702101 ], [ -119.998504025924802, 38.859395472344907 ], [ -119.998525171804388, 38.859423626695737 ], [ -119.998499972151535, 38.859323296702101 ] ], [ [ -119.998666375798976, 38.858823077161325 ], [ -119.998733162487284, 38.858878848455582 ], [ -119.998766782971444, 38.858627463328425 ], [ -119.998490851174424, 38.859160901503479 ], [ -119.998495621338421, 38.859245832326074 ], [ -119.998666375798976, 38.858823077161325 ] ], [ [ -119.998986376724801, 38.858885360802176 ], [ -119.998987133886416, 38.858867362428718 ], [ -119.998897327545848, 38.858810999251453 ], [ -119.998733162487284, 38.858878848455582 ], [ -119.998986376724801, 38.858885360802176 ] ], [ [ -119.999378157315064, 38.858336882532328 ], [ -119.999378157315064, 38.858336882532349 ], [ -119.999362964076084, 38.858281717590621 ], [ -119.999329560992706, 38.858335632908279 ], [ -119.999378157315064, 38.858336882532328 ] ], [ [ -119.999689519903598, 38.858056602948508 ], [ -119.999406475908486, 38.858211485777247 ], [ -119.99938365502851, 38.858248320646894 ], [ -119.999689519903598, 38.858056602948508 ] ], [ [ -120.003348152965032, 38.857087560265768 ], [ -120.003026643233525, 38.857061285638949 ], [ -120.003324377952922, 38.857104967589912 ], [ -120.003348573292328, 38.857146129121475 ], [ -120.003372683972785, 38.857052154484926 ], [ -120.003463247935073, 38.857090515829626 ], [ -120.003328158046827, 38.85701497533676 ], [ -120.003272663588206, 38.856998910710402 ], [ -120.003348152965032, 38.857087560265768 ] ], [ [ -120.004167767409257, 38.857324819367342 ], [ -120.004196820381253, 38.857328419552033 ], [ -120.003443252897725, 38.85701793091571 ], [ -120.003251184354028, 38.856973686921243 ], [ -120.003269722447385, 38.856995456830752 ], [ -120.003328914063573, 38.85699697688591 ], [ -120.003328158046827, 38.85701497533676 ], [ -120.004167767409257, 38.857324819367342 ] ], [ [ -120.003309138885328, 38.85727546733829 ], [ -120.003364367856321, 38.857250137446393 ], [ -120.003353873876961, 38.857200728331662 ], [ -120.003309138885328, 38.85727546733829 ] ], [ [ -120.000920058941261, 38.858250217675604 ], [ -120.000926505955761, 38.858232543910091 ], [ -120.002654468575727, 38.858240905493467 ], [ -120.000351023408356, 38.85821775209677 ], [ -120.000920058941261, 38.858250217675604 ] ], [ [ -120.00028261336054, 38.858250391259517 ], [ -120.000232899628614, 38.858286786978205 ], [ -120.000351023408356, 38.85821775209677 ], [ -120.00028261336054, 38.858250391259517 ] ], [ [ -119.999508324514082, 38.858529417011667 ], [ -119.999544522143111, 38.858582957885538 ], [ -119.99957962260379, 38.858566861476803 ], [ -119.999508324514082, 38.858529417011667 ] ], [ [ -120.005616460273089, 38.857398038185217 ], [ -120.005687959509416, 38.857428322137011 ], [ -120.005961747452233, 38.85740689789052 ], [ -120.005661743115468, 38.857417218026164 ], [ -120.005629008916586, 38.857183531704742 ], [ -120.005625374543456, 38.857185656030026 ], [ -120.005616460273089, 38.857398038185217 ] ], [ [ -120.005389313177361, 38.857512490739282 ], [ -120.0054945652371, 38.857557071089829 ], [ -120.005551589352748, 38.857498790930272 ], [ -120.005496076206995, 38.857521074120072 ], [ -120.005389313177361, 38.857512490739282 ] ], [ [ -120.004539379346056, 38.857352376981744 ], [ -120.004351164351391, 38.857347545413667 ], [ -120.004533251449587, 38.857370108850283 ], [ -120.004539379346056, 38.857352376981744 ] ], [ [ -120.002897761121133, 38.86055860629542 ], [ -120.002615098824421, 38.860419106696185 ], [ -120.002856171880183, 38.860570389991338 ], [ -120.002897761121133, 38.86055860629542 ] ], [ [ -120.002425166548591, 38.8603253705745 ], [ -120.0022705077875, 38.860249042374754 ], [ -120.002132387866681, 38.860245494033279 ], [ -120.002425166548591, 38.8603253705745 ] ], [ [ -120.000294808110837, 38.860193980528216 ], [ -120.000736494358151, 38.8600114275892 ], [ -120.000748526985191, 38.860058263966017 ], [ -120.000807824199242, 38.859959207396649 ], [ -120.00076178447155, 38.859958024065065 ], [ -120.000294808110837, 38.860193980528216 ] ], [ [ -119.999515992579248, 38.86053860403495 ], [ -119.999504482567275, 38.860538308072762 ], [ -119.999529572765312, 38.860580994862957 ], [ -119.9995890155013, 38.860537478706142 ], [ -119.999493729634068, 38.860520013732774 ], [ -119.999515992579248, 38.86053860403495 ] ], [ [ -119.998912235685637, 38.859786920251274 ], [ -119.998973051928203, 38.85974987466939 ], [ -119.998953675733546, 38.859727119015986 ], [ -119.998912235685637, 38.859786920251274 ] ], [ [ -120.000247151218431, 38.85904390307202 ], [ -120.000266357989346, 38.859085346474757 ], [ -120.000300844459559, 38.859012523615796 ], [ -120.000247151218431, 38.85904390307202 ] ], [ [ -120.000209646742718, 38.859205099590639 ], [ -120.000183961478839, 38.859227648724712 ], [ -120.000192786603449, 38.859240701861154 ], [ -120.000209646742718, 38.859205099590639 ] ], [ [ -120.000916561141423, 38.85825980649652 ], [ -120.000420396978569, 38.858760070931339 ], [ -120.000874413979787, 38.858375347920415 ], [ -120.000916561141423, 38.85825980649652 ] ], [ [ -120.000807479245069, 38.860287731785469 ], [ -120.000815709408172, 38.860319767052502 ], [ -120.001021375887731, 38.860361088652667 ], [ -120.000807479245069, 38.860287731785469 ] ], [ [ -119.996619362732474, 38.862013619383141 ], [ -119.996634573759223, 38.862009310588469 ], [ -119.996462766969685, 38.86190148174839 ], [ -119.996619362732474, 38.862013619383141 ] ], [ [ -119.996825686512864, 38.861955174274691 ], [ -119.996783537023646, 38.861945773552982 ], [ -119.996677671659114, 38.861997102325709 ], [ -119.996825686512864, 38.861955174274691 ] ], [ [ -119.997078256181254, 38.862061465400267 ], [ -119.996966184897204, 38.861986509906835 ], [ -119.996900953487852, 38.861971961240954 ], [ -119.997078256181254, 38.862061465400267 ] ], [ [ -119.997131820306421, 38.86187242380214 ], [ -119.997039792625174, 38.861880297228367 ], [ -119.996966184897204, 38.861986509906835 ], [ -119.997131820306421, 38.86187242380214 ] ], [ [ -119.998170525920855, 38.861296784626845 ], [ -119.998211521425489, 38.861280947510458 ], [ -119.997660292993388, 38.86137374689288 ], [ -119.998170525920855, 38.861296784626845 ] ], [ [ -119.998802708045687, 38.86105256170579 ], [ -119.998734371210503, 38.861041020645082 ], [ -119.998680690954146, 38.861099699431122 ], [ -119.998802708045687, 38.86105256170579 ] ], [ [ -119.996052946368266, 38.861274315057265 ], [ -119.996051908731488, 38.861260281551388 ], [ -119.99559267147427, 38.861220738633769 ], [ -119.996052946368266, 38.861274315057265 ] ], [ [ -119.994962378439283, 38.861412406628858 ], [ -119.99492598191506, 38.862276324908159 ], [ -119.994969500796927, 38.862300663247012 ], [ -119.994962378439283, 38.861412406628858 ] ], [ [ -119.995486997613085, 38.861211639257611 ], [ -119.995454900418849, 38.86120887540968 ], [ -119.99485258529829, 38.861283454330589 ], [ -119.995486997613085, 38.861211639257611 ] ], [ [ -119.994952958915718, 38.863277008815835 ], [ -119.994938008977286, 38.863303650539947 ], [ -119.99495182146876, 38.863304006255596 ], [ -119.994952958915718, 38.863277008815835 ] ], [ [ -119.994951442319433, 38.863313005402134 ], [ -119.994974842288428, 38.863304599111387 ], [ -119.994977875453728, 38.863232605936894 ], [ -119.99495182146876, 38.863304006255596 ], [ -119.994951442319433, 38.863313005402134 ] ], [ [ -119.992423246501843, 38.876265728266361 ], [ -119.992468890162627, 38.876385822201534 ], [ -119.992488524989596, 38.876357499872235 ], [ -119.992423246501843, 38.876265728266361 ] ], [ [ -119.992372538121131, 38.87648423808411 ], [ -119.992390350693427, 38.87649911147826 ], [ -119.992414894305284, 38.876463708586229 ], [ -119.992372538121131, 38.87648423808411 ] ], [ [ -119.991393960479755, 38.876077031450876 ], [ -119.991200646486647, 38.876288259824676 ], [ -119.991272759582984, 38.876218048324368 ], [ -119.99128049478432, 38.876224970845442 ], [ -119.991393960479755, 38.876077031450876 ] ], [ [ -119.991511643220278, 38.874926927916114 ], [ -119.991039472005482, 38.876284103372434 ], [ -119.991050098893339, 38.87628437743107 ], [ -119.991511643220278, 38.874926927916114 ] ], [ [ -119.992131786199138, 38.874978952162799 ], [ -119.991562249014294, 38.874820126068066 ], [ -119.991563008478835, 38.874802127866531 ], [ -119.991470910658606, 38.874799753139733 ], [ -119.992131786199138, 38.874978952162799 ] ], [ [ -119.991899405899886, 38.874194957330054 ], [ -119.991814516186864, 38.874304114589791 ], [ -119.991717782891669, 38.874495658242992 ], [ -119.991899405899886, 38.874194957330054 ] ], [ [ -119.992891350824308, 38.872818378286709 ], [ -119.992959194827563, 38.872715927499499 ], [ -119.992751689547688, 38.872850814347004 ], [ -119.992891350824308, 38.872818378286709 ] ], [ [ -119.994357072227132, 38.870604923154275 ], [ -119.994174328828038, 38.870815425590742 ], [ -119.993050344922807, 38.872578281777301 ], [ -119.994357072227132, 38.870604923154275 ] ], [ [ -119.98467169277022, 38.869885563129586 ], [ -119.984733851110789, 38.869878634716294 ], [ -119.984486749882706, 38.869898801336376 ], [ -119.984133797030012, 38.870069856684367 ], [ -119.984555818059519, 38.869900586331255 ], [ -119.984427612377218, 38.869978643529222 ], [ -119.98467169277022, 38.869885563129586 ] ], [ [ -119.985538948259844, 38.870088149826188 ], [ -119.985157452967726, 38.869844062136202 ], [ -119.98508179886278, 38.869850236818131 ], [ -119.985538948259844, 38.870088149826188 ] ], [ [ -119.98394335309689, 38.870658974380916 ], [ -119.983994323199482, 38.870642820125639 ], [ -119.984190686189166, 38.870359611392992 ], [ -119.98394335309689, 38.870658974380916 ] ], [ [ -119.983625194667425, 38.870651295841796 ], [ -119.983784071385273, 38.870709456278782 ], [ -119.983826121777895, 38.870696129079803 ], [ -119.983625194667425, 38.870651295841796 ] ], [ [ -119.983405805576794, 38.870933908259076 ], [ -119.983654490879644, 38.871048444024233 ], [ -119.983663197911767, 38.871025666198129 ], [ -119.983405805576794, 38.870933908259076 ] ], [ [ -119.983457305232889, 38.870248780709616 ], [ -119.983433977521628, 38.870267979314832 ], [ -119.983405805576794, 38.870933908259076 ], [ -119.983457305232889, 38.870248780709616 ] ], [ [ -119.974792532869557, 38.870675961198096 ], [ -119.974773742336509, 38.870674382018507 ], [ -119.974587269311115, 38.870723600232765 ], [ -119.974792532869557, 38.870675961198096 ] ], [ [ -119.974933374638582, 38.870714556292526 ], [ -119.975393830468491, 38.870726493362966 ], [ -119.974897759873286, 38.870684804548375 ], [ -119.974933374638582, 38.870714556292526 ] ], [ [ -119.977330240202221, 38.8713033462911 ], [ -119.977077681107374, 38.871238592066419 ], [ -119.976869711067835, 38.871251221506284 ], [ -119.977330240202221, 38.8713033462911 ] ], [ [ -119.978521267489256, 38.871438143456032 ], [ -119.978316347806356, 38.871378783488453 ], [ -119.977997214831873, 38.871378834180625 ], [ -119.978521267489256, 38.871438143456032 ] ], [ [ -119.981152723086893, 38.871166868334299 ], [ -119.981137359534799, 38.871163522470248 ], [ -119.98087953353712, 38.871264957912452 ], [ -119.981152723086893, 38.871166868334299 ] ], [ [ -119.981386803587682, 38.871260064912931 ], [ -119.981480639273997, 38.871238281150632 ], [ -119.981283825461318, 38.871195419627419 ], [ -119.981386803587682, 38.871260064912931 ] ], [ [ -119.981592487729927, 38.871301421526184 ], [ -119.981982357221199, 38.871347542069394 ], [ -119.981549382608776, 38.871253251779081 ], [ -119.981592487729927, 38.871301421526184 ] ], [ [ -119.982687308153032, 38.871639010582555 ], [ -119.982684650664439, 38.871635971899394 ], [ -119.982321610758234, 38.871500458790152 ], [ -119.982687308153032, 38.871639010582555 ] ], [ [ -119.982813651115492, 38.871855520905768 ], [ -119.982926483036493, 38.87191249185117 ], [ -119.982827958514676, 38.871799835627378 ], [ -119.982813651115492, 38.871855520905768 ] ], [ [ -119.981558528171732, 38.904759447174186 ], [ -119.980269393011099, 38.904708064558108 ], [ -119.981972376091861, 38.904788172897462 ], [ -119.981558528171732, 38.904759447174186 ] ], [ [ -119.980257511009412, 38.904568763455806 ], [ -119.98018876050989, 38.9046519241518 ], [ -119.980264772229262, 38.904653891907472 ], [ -119.980257511009412, 38.904568763455806 ] ], [ [ -119.978972548372184, 38.904326850593151 ], [ -119.97891726687287, 38.904510894932336 ], [ -119.978944545234796, 38.904530425838985 ], [ -119.978972548372184, 38.904326850593151 ] ], [ [ -119.979116284023362, 38.90400020972195 ], [ -119.979073742654649, 38.90398994961356 ], [ -119.979054347786757, 38.904054520244621 ], [ -119.979116284023362, 38.90400020972195 ] ], [ [ -119.978989637216415, 38.903969665047697 ], [ -119.978977838684344, 38.903978292621055 ], [ -119.979019029450185, 38.903976753880428 ], [ -119.978989637216415, 38.903969665047697 ] ], [ [ -119.978224601703403, 38.903988458923912 ], [ -119.978095244134792, 38.904048169744819 ], [ -119.978106379114593, 38.904057467039465 ], [ -119.978083345498078, 38.904056870336916 ], [ -119.978083484345376, 38.904053597993702 ], [ -119.978066497979782, 38.904061438795395 ], [ -119.978079155689855, 38.904072007517897 ], [ -119.978223838080453, 38.904006456814088 ], [ -119.978508682786227, 38.903995817583876 ], [ -119.978224601703403, 38.903988458923912 ] ], [ [ -119.978059548215953, 38.90407427151704 ], [ -119.978059261840897, 38.90408102072476 ], [ -119.978073368388877, 38.904074629542066 ], [ -119.978059548215953, 38.90407427151704 ] ], [ [ -119.978059964761286, 38.904064454487653 ], [ -119.977965886355207, 38.904107880413001 ], [ -119.977791667421542, 38.904409667200227 ], [ -119.97803615839797, 38.90410355650706 ], [ -119.978035750922203, 38.904091672691827 ], [ -119.978051263281685, 38.904084644590398 ], [ -119.978059548215953, 38.90407427151704 ], [ -119.978059964761286, 38.904064454487653 ] ], [ [ -119.978032819465071, 38.90470419752711 ], [ -119.978061368062981, 38.904838782657286 ], [ -119.978046056665292, 38.904392234180236 ], [ -119.978032819465071, 38.90470419752711 ] ], [ [ -119.977766463517085, 38.905003597259388 ], [ -119.978066668164388, 38.904993357124539 ], [ -119.978066142658548, 38.904978031044358 ], [ -119.977766463517085, 38.905003597259388 ] ], [ [ -119.976425148843418, 38.905094961420197 ], [ -119.976545862762137, 38.905032204809679 ], [ -119.976473508960851, 38.905042161928414 ], [ -119.976061120423708, 38.905241871940731 ], [ -119.976165662416307, 38.905232376467296 ], [ -119.976612476433147, 38.90502774619678 ], [ -119.976425148843418, 38.905094961420197 ] ], [ [ -119.97503503707398, 38.905510223039187 ], [ -119.97491647838882, 38.90532611136949 ], [ -119.975024003504473, 38.905509076368155 ], [ -119.975012370164819, 38.905560464686303 ], [ -119.975022750892677, 38.905558942650302 ], [ -119.97503503707398, 38.905510223039187 ] ], [ [ -119.973437217898123, 38.904924742082329 ], [ -119.973562572163473, 38.90480279666609 ], [ -119.973509025057581, 38.90480312638374 ], [ -119.973436112911543, 38.904924744245527 ], [ -119.973437217898123, 38.904924742082329 ] ], [ [ -119.975215818378629, 38.904793344093299 ], [ -119.976577105544337, 38.904774582134166 ], [ -119.975192784585857, 38.904792746811076 ], [ -119.975142523091606, 38.904793057001534 ], [ -119.975215818378629, 38.904793344093299 ] ], [ [ -119.975078104114047, 38.904468029088065 ], [ -119.975067577306604, 38.90448319981742 ], [ -119.975072867734568, 38.904496279269985 ], [ -119.975078104114047, 38.904468029088065 ] ], [ [ -119.975287874920014, 38.9041826120976 ], [ -119.975282971058647, 38.904172783123741 ], [ -119.975249339530535, 38.904221251727286 ], [ -119.975287874920014, 38.9041826120976 ] ], [ [ -119.975224124821878, 38.904054835424461 ], [ -119.975243691607204, 38.904054796807301 ], [ -119.975188626414237, 38.904044696593758 ], [ -119.975264388016626, 38.904135536484468 ], [ -119.975224124821878, 38.904054835424461 ] ], [ [ -119.975134293041634, 38.903870229791401 ], [ -119.975096164533312, 38.9039338323227 ], [ -119.975133280556435, 38.903978335476495 ], [ -119.975134293041634, 38.903870229791401 ] ], [ [ -119.974611295819813, 38.903282201222517 ], [ -119.974600967180379, 38.903263294384608 ], [ -119.974777979203552, 38.903700930310833 ], [ -119.974611295819813, 38.903282201222517 ] ], [ [ -119.974461531059603, 38.903008052000537 ], [ -119.974301827846816, 38.902967874392168 ], [ -119.97449203860694, 38.903063897225209 ], [ -119.974461531059603, 38.903008052000537 ] ], [ [ -119.974401606173487, 38.902790285803661 ], [ -119.974396995456232, 38.902767234646227 ], [ -119.974301827846816, 38.902967874392168 ], [ -119.974401606173487, 38.902790285803661 ] ], [ [ -119.974595711585465, 38.902020560715378 ], [ -119.974603357380047, 38.902025359266183 ], [ -119.974593000609715, 38.902003690151695 ], [ -119.974594074128461, 38.902022920602377 ], [ -119.974595711585465, 38.902020560715378 ] ], [ [ -119.974457524832957, 38.901734459751083 ], [ -119.974445184708202, 38.901764409364759 ], [ -119.974581852544517, 38.901803989314963 ], [ -119.974457524832957, 38.901734459751083 ] ], [ [ -119.974541511950918, 38.901620116763169 ], [ -119.97449660182123, 38.901639619295572 ], [ -119.9744718454576, 38.901699703406933 ], [ -119.974541511950918, 38.901620116763169 ] ], [ [ -119.974785990191691, 38.901340824255705 ], [ -119.974791341105387, 38.9012148393657 ], [ -119.974667243862029, 38.9014764806915 ], [ -119.974785990191691, 38.901340824255705 ] ], [ [ -119.976175911138185, 38.899016546512378 ], [ -119.976270330873007, 38.898964940922902 ], [ -119.976015451569396, 38.898994369416585 ], [ -119.976201693079673, 38.899035925472312 ], [ -119.976175911138185, 38.899016546512378 ] ], [ [ -119.976313338863562, 38.899038126403745 ], [ -119.976496066692704, 38.89907889792967 ], [ -119.976270330873007, 38.898964940922902 ], [ -119.976313338863562, 38.899038126403745 ] ], [ [ -119.975357460399664, 38.89874308096239 ], [ -119.975345984528758, 38.898758961443825 ], [ -119.975656874395739, 38.898750843847438 ], [ -119.975357460399664, 38.89874308096239 ] ], [ [ -119.975165747415801, 38.899008375112381 ], [ -119.975207805711165, 38.89900946567262 ], [ -119.975264631138813, 38.898871539230164 ], [ -119.975165747415801, 38.899008375112381 ] ], [ [ -119.97483491658204, 38.89927006128525 ], [ -119.974873893814689, 38.899271072067584 ], [ -119.974910984236629, 38.899254964535878 ], [ -119.974888035056011, 38.899242130040236 ], [ -119.97483491658204, 38.89927006128525 ] ], [ [ -119.973959261583673, 38.899445729255206 ], [ -119.974290449102526, 38.899436117125937 ], [ -119.974331743071204, 38.89940592222802 ], [ -119.973959261583673, 38.899445729255206 ] ], [ [ -119.971786924865356, 38.899749525874306 ], [ -119.971199643581627, 38.900004543956058 ], [ -119.971872817015154, 38.899763016559767 ], [ -119.971786924865356, 38.899749525874306 ] ], [ [ -119.970612060362825, 38.900660853427389 ], [ -119.970641583033952, 38.900656706202739 ], [ -119.970832730499396, 38.900499511092967 ], [ -119.970612060362825, 38.900660853427389 ] ], [ [ -119.969588448414797, 38.900557281906764 ], [ -119.969606658980226, 38.900593790278911 ], [ -119.970068836629395, 38.900569760494129 ], [ -119.969588448414797, 38.900557281906764 ] ], [ [ -119.970623029019521, 38.897182944721543 ], [ -119.970554396793702, 38.897285140412407 ], [ -119.969856123161819, 38.900149829330722 ], [ -119.970623029019521, 38.897182944721543 ] ], [ [ -119.971313511836684, 38.896241809403755 ], [ -119.972671225771165, 38.894132948172036 ], [ -119.970970306748512, 38.896665831089848 ], [ -119.971313511836684, 38.896241809403755 ] ], [ [ -119.975328208753027, 38.890026088292075 ], [ -119.975347703133181, 38.890005570145838 ], [ -119.975330339911295, 38.890016671387734 ], [ -119.975328208753027, 38.890026088292075 ] ], [ [ -119.976835460694389, 38.888907699748998 ], [ -119.976848563094322, 38.889142269380606 ], [ -119.976858489391248, 38.888908296503701 ], [ -119.976859205225509, 38.888891423459235 ], [ -119.976220676684974, 38.889270138499612 ], [ -119.976835460694389, 38.888907699748998 ] ], [ [ -119.977071215741873, 38.889328215894032 ], [ -119.977098370992366, 38.889336987156014 ], [ -119.976848563094322, 38.889142269380606 ], [ -119.977071215741873, 38.889328215894032 ] ], [ [ -119.976870385516847, 38.888899595922197 ], [ -119.97697745051677, 38.888821290628485 ], [ -119.976860020711072, 38.888890939784972 ], [ -119.976870385516847, 38.888899595922197 ] ], [ [ -119.982291005986454, 38.886240972360497 ], [ -119.982297796519475, 38.886220338187258 ], [ -119.981946279813272, 38.886355387051111 ], [ -119.981481720371463, 38.886594859092504 ], [ -119.982291005986454, 38.886240972360497 ] ], [ [ -119.982232249644753, 38.886384161484536 ], [ -119.982247237423621, 38.886381811233299 ], [ -119.982244881497479, 38.886381128992483 ], [ -119.982246518048456, 38.886376156081568 ], [ -119.982232249644753, 38.886384161484536 ] ], [ [ -119.982941055348391, 38.886273010526381 ], [ -119.98271077562535, 38.886267055108043 ], [ -119.98247690976865, 38.886345795779782 ], [ -119.982941055348391, 38.886273010526381 ] ], [ [ -119.983410756963906, 38.886068943627869 ], [ -119.983153640428384, 38.886152383826953 ], [ -119.98283734509215, 38.886000062546053 ], [ -119.983152878534582, 38.886170381854029 ], [ -119.983410756963906, 38.886068943627869 ] ], [ [ -119.984001309121226, 38.885433448014666 ], [ -119.983568730845647, 38.885604567184018 ], [ -119.983048405664746, 38.885915432057807 ], [ -119.984001309121226, 38.885433448014666 ] ], [ [ -119.986095879911005, 38.884174407048157 ], [ -119.986232132999532, 38.88399789828383 ], [ -119.985979911018035, 38.884259247642127 ], [ -119.986095879911005, 38.884174407048157 ] ], [ [ -119.986300428331319, 38.88390942483646 ], [ -119.98622122073364, 38.883907378768058 ], [ -119.986262702904995, 38.883958296417333 ], [ -119.986300428331319, 38.88390942483646 ] ], [ [ -119.986033259194329, 38.882929564947091 ], [ -119.98598929931201, 38.883022311241213 ], [ -119.985981310502666, 38.883612897239324 ], [ -119.986033259194329, 38.882929564947091 ] ], [ [ -119.986977359519514, 38.880314710147736 ], [ -119.98678910106257, 38.880318496767003 ], [ -119.986392330428615, 38.880434373170537 ], [ -119.986977359519514, 38.880314710147736 ] ], [ [ -119.9872526667084, 38.880258397093357 ], [ -119.987364754658941, 38.88033336245762 ], [ -119.987231161991843, 38.880221806272957 ], [ -119.987205163579063, 38.880268113734019 ], [ -119.9872526667084, 38.880258397093357 ] ], [ [ -119.988131303075519, 38.880353153405238 ], [ -119.988102352369907, 38.88033438828068 ], [ -119.987364754658941, 38.88033336245762 ], [ -119.988131303075519, 38.880353153405238 ] ], [ [ -119.988975284463962, 38.880951506077778 ], [ -119.988264963009158, 38.881654324900786 ], [ -119.988443610203078, 38.881532369530689 ], [ -119.988901643491118, 38.881057712103825 ], [ -119.98899983140447, 38.880916104056489 ], [ -119.988858798004713, 38.880824691999777 ], [ -119.988975284463962, 38.880951506077778 ] ], [ [ -119.989024378319797, 38.880880702028826 ], [ -119.988984407817838, 38.88073552839618 ], [ -119.98899983140447, 38.880916104056489 ], [ -119.989024378319797, 38.880880702028826 ] ], [ [ -119.989198486675676, 38.880578893224801 ], [ -119.989229549689639, 38.880438828682081 ], [ -119.989098779161964, 38.880756497765582 ], [ -119.989198486675676, 38.880578893224801 ] ], [ [ -119.989369331525737, 38.879808538040749 ], [ -119.989868506596366, 38.879698426960118 ], [ -119.989860478491835, 38.879641033009605 ], [ -119.989750409818328, 38.879627382527261 ], [ -119.989858198414538, 38.879695027484637 ], [ -119.989393877844989, 38.879773135907065 ], [ -119.98935466720819, 38.879609964221927 ], [ -119.989322917446557, 38.880017825335159 ], [ -119.989369331525737, 38.879808538040749 ] ], [ [ -119.990335436410362, 38.879310948337015 ], [ -119.990587961357718, 38.879335479928095 ], [ -119.990336196305989, 38.879292950169663 ], [ -119.990148189574583, 38.87937818907119 ], [ -119.990335436410362, 38.879310948337015 ] ], [ [ -119.990607947942593, 38.879408066535198 ], [ -119.99062667261083, 38.879401342400762 ], [ -119.990587961357718, 38.879335479928095 ], [ -119.990607947942593, 38.879408066535198 ] ], [ [ -119.975152322719921, 38.901944906984824 ], [ -119.975398351509426, 38.90190883097678 ], [ -119.97458787852247, 38.90191193571372 ], [ -119.974587879623101, 38.901911955429966 ], [ -119.975222949986289, 38.901910703039093 ], [ -119.975152322719921, 38.901944906984824 ] ], [ [ -119.975102537235799, 38.902574234261017 ], [ -119.975130156496718, 38.902466844473224 ], [ -119.975146532813227, 38.902563240763207 ], [ -119.975152322719921, 38.901944906984824 ], [ -119.975102537235799, 38.902574234261017 ] ], [ [ -119.982253203815404, 38.9041468016447 ], [ -119.981878575596312, 38.904109765116409 ], [ -119.981870093845075, 38.904119227293059 ], [ -119.982253203815404, 38.9041468016447 ] ], [ [ -119.981816669343587, 38.904103644816054 ], [ -119.981460292646076, 38.904068411331053 ], [ -119.98158598859726, 38.904111521174244 ], [ -119.981816669343587, 38.904103644816054 ] ], [ [ -119.981249698696388, 38.903996183673577 ], [ -119.981205095850498, 38.903849417116298 ], [ -119.981245060222975, 38.903994592805006 ], [ -119.981249698696388, 38.903996183673577 ] ], [ [ -119.989111922293191, 38.880991067847823 ], [ -119.989113451051864, 38.880986420599086 ], [ -119.989032596734248, 38.881069613650048 ], [ -119.989204788131914, 38.880975446607557 ], [ -119.98936065162161, 38.881105593032039 ], [ -119.989205548357916, 38.880957448464073 ], [ -119.989111922293191, 38.880991067847823 ] ], [ [ -119.987471098981217, 38.882453194562579 ], [ -119.98766800657549, 38.882309131799239 ], [ -119.987627239085143, 38.882304075257764 ], [ -119.987787353061847, 38.88212019789291 ], [ -119.987471098981217, 38.882453194562579 ] ], [ [ -119.987729995120006, 38.882054479786021 ], [ -119.987796339025351, 38.88210987823723 ], [ -119.98786970142946, 38.882025627277557 ], [ -119.987660914976274, 38.882052696202869 ], [ -119.987665073814, 38.882032211862452 ], [ -119.987566526119906, 38.882104312367296 ], [ -119.987729995120006, 38.882054479786021 ] ], [ [ -119.989886737276208, 38.879607060930667 ], [ -119.989929556440316, 38.879642815199304 ], [ -119.990183602247086, 38.879631351382081 ], [ -119.990268855097227, 38.879628006707833 ], [ -119.989886737276208, 38.879607060930667 ] ], [ [ -119.989735467835658, 38.879872038632037 ], [ -119.990157536461439, 38.87970275002683 ], [ -119.990161973194915, 38.879690597066592 ], [ -119.989910519085527, 38.879758838939473 ], [ -119.98992347635965, 38.879786800473717 ], [ -119.989735467835658, 38.879872038632037 ] ], [ [ -119.989841062647713, 38.879554947685769 ], [ -119.989678550869243, 38.87958228583782 ], [ -119.989716657876244, 38.879606200754004 ], [ -119.989840492627053, 38.879568446304553 ], [ -119.989841062647713, 38.879554947685769 ] ], [ [ -119.989661292521816, 38.88053678211201 ], [ -119.989799757003098, 38.880604797772492 ], [ -119.989552242201015, 38.880389826245718 ], [ -119.989661292521816, 38.88053678211201 ] ], [ [ -119.987222274363802, 38.882715189112709 ], [ -119.987145401341749, 38.882796130394468 ], [ -119.986922957384479, 38.883102954591394 ], [ -119.987222274363802, 38.882715189112709 ] ], [ [ -119.987645494737137, 38.881872120520946 ], [ -119.987682514071054, 38.881946309786358 ], [ -119.987719138452533, 38.881765915409147 ], [ -119.987645494737137, 38.881872120520946 ] ], [ [ -119.988459365158135, 38.88061387050017 ], [ -119.988580252604848, 38.880729336843494 ], [ -119.988616747208866, 38.88070802157366 ], [ -119.988459365158135, 38.88061387050017 ] ], [ [ -119.988156221348575, 38.880696134089469 ], [ -119.988150902949556, 38.880716836613047 ], [ -119.988459365158135, 38.88061387050017 ], [ -119.988156221348575, 38.880696134089469 ] ], [ [ -119.987333976684283, 38.882152360929538 ], [ -119.987192012430526, 38.882238783778256 ], [ -119.987364785498457, 38.88216046097007 ], [ -119.987333976684283, 38.882152360929538 ] ], [ [ -119.987300299575352, 38.88240373983858 ], [ -119.987561962086303, 38.882212301043083 ], [ -119.987394772751472, 38.882168345001965 ], [ -119.987490599722349, 38.882264511687978 ], [ -119.987300299575352, 38.88240373983858 ] ], [ [ -119.981183550860806, 38.903775524423871 ], [ -119.981280517425276, 38.903702079553142 ], [ -119.981172220144401, 38.903766064303028 ], [ -119.981183550860806, 38.903775524423871 ] ], [ [ -119.981136639674034, 38.90378708608884 ], [ -119.9811595345234, 38.903793714953778 ], [ -119.981181936671376, 38.903776747048788 ], [ -119.981162080127163, 38.903776233176451 ], [ -119.981162261764112, 38.903771947952727 ], [ -119.981136639674034, 38.90378708608884 ] ], [ [ -119.981089927781412, 38.903846436628001 ], [ -119.981152465093345, 38.903799069500941 ], [ -119.981066894169658, 38.903845840516745 ], [ -119.981075070130103, 38.903823462779023 ], [ -119.981067657070454, 38.903827842578806 ], [ -119.980491498947245, 38.903994099763509 ], [ -119.980530253948814, 38.903994110064794 ], [ -119.981089927781412, 38.903846436628001 ] ], [ [ -119.977719474909406, 38.901926763406514 ], [ -119.97772830149016, 38.902046548076981 ], [ -119.977757332610651, 38.901958374284732 ], [ -119.977719474909406, 38.901926763406514 ] ], [ [ -119.977437162937051, 38.90189602579801 ], [ -119.977655530464958, 38.901873370217253 ], [ -119.977645986526198, 38.901865401081821 ], [ -119.977437162937051, 38.90189602579801 ] ], [ [ -119.977315888054818, 38.902037024769356 ], [ -119.9769987740045, 38.901902683567627 ], [ -119.976535569558067, 38.901950737731624 ], [ -119.977021043032053, 38.901921278333148 ], [ -119.977292855107919, 38.902036427936729 ], [ -119.977303274005507, 38.902097746027259 ], [ -119.977437162937051, 38.90189602579801 ], [ -119.977315888054818, 38.902037024769356 ] ], [ [ -119.976919860442905, 38.902675398359627 ], [ -119.977234741619725, 38.902200998007821 ], [ -119.977120930597607, 38.90228422026766 ], [ -119.976919860442905, 38.902675398359627 ] ], [ [ -119.976054644220568, 38.902959272922239 ], [ -119.976040889545715, 38.903283234342524 ], [ -119.976067745838733, 38.903367118485484 ], [ -119.976063158719469, 38.903301829294527 ], [ -119.976083388016193, 38.90329649252913 ], [ -119.976054644220568, 38.902959272922239 ] ], [ [ -119.976093958035605, 38.903740199568155 ], [ -119.976084192376717, 38.903601204117862 ], [ -119.976047875590055, 38.903661786408534 ], [ -119.976093958035605, 38.903740199568155 ] ], [ [ -119.976099976464369, 38.903825860228721 ], [ -119.976096381596975, 38.903774694277303 ], [ -119.975786865429185, 38.903835196524433 ], [ -119.976099976464369, 38.903825860228721 ] ], [ [ -119.975247544134902, 38.904054789203521 ], [ -119.975869828839365, 38.904053559323295 ], [ -119.975270956302609, 38.904038032112162 ], [ -119.975321609540757, 38.903931239570525 ], [ -119.975247544134902, 38.904054789203521 ] ], [ [ -119.984555879620558, 38.885702156834775 ], [ -119.984527381458122, 38.885868985178426 ], [ -119.984549025845965, 38.885864139298207 ], [ -119.984555879620558, 38.885702156834775 ] ], [ [ -119.983615722944108, 38.886128296364603 ], [ -119.983756937576715, 38.886059876439369 ], [ -119.983710332339854, 38.886139751304334 ], [ -119.983823645840928, 38.886029461334246 ], [ -119.983687853807069, 38.886058090352321 ], [ -119.983615722944108, 38.886128296364603 ] ], [ [ -119.981963538313281, 38.892020044226058 ], [ -119.981774478877398, 38.892044541181136 ], [ -119.981958717414642, 38.892049307620304 ], [ -119.981963538313281, 38.892020044226058 ] ], [ [ -119.981405529659426, 38.891848266220705 ], [ -119.981445636038728, 38.891881756316771 ], [ -119.981477458710671, 38.891886531474 ], [ -119.981405529659426, 38.891848266220705 ] ], [ [ -119.98134975844647, 38.891818596654858 ], [ -119.981224899028049, 38.891752172872962 ], [ -119.981233201561679, 38.891760270460864 ], [ -119.981091973040662, 38.89182868672448 ], [ -119.98134975844647, 38.891818596654858 ] ], [ [ -119.981811231706743, 38.891721173234934 ], [ -119.981936506977078, 38.891702792964018 ], [ -119.981641616058454, 38.89167737116842 ], [ -119.981811231706743, 38.891721173234934 ] ], [ [ -119.982017766581947, 38.891690870552722 ], [ -119.982020786122547, 38.891672541382562 ], [ -119.982001568090567, 38.891581955655148 ], [ -119.981996824679868, 38.891693943154984 ], [ -119.982017766581947, 38.891690870552722 ] ], [ [ -119.98194295090849, 38.891514374281471 ], [ -119.981911736478267, 38.891525578560042 ], [ -119.981930986097353, 38.891537659371522 ], [ -119.98194295090849, 38.891514374281471 ] ], [ [ -119.982030854203529, 38.891384037961956 ], [ -119.982017576906898, 38.891203997823595 ], [ -119.982009953698523, 38.891383977747182 ], [ -119.982030854203529, 38.891384037961956 ] ], [ [ -119.9820029328733, 38.891005424137489 ], [ -119.982016776038847, 38.891001382580185 ], [ -119.981980818175231, 38.890983230779263 ], [ -119.982003556022732, 38.891013874081693 ], [ -119.9820029328733, 38.891005424137489 ] ], [ [ -119.981990758065436, 38.890897002894967 ], [ -119.981915388965007, 38.890895053092017 ], [ -119.981941387307856, 38.890930090587418 ], [ -119.981990758065436, 38.890897002894967 ] ], [ [ -119.982197840469254, 38.890758218157771 ], [ -119.982015542044607, 38.890857880815865 ], [ -119.982010248208169, 38.890883940819222 ], [ -119.982197840469254, 38.890758218157771 ] ], [ [ -119.981912180144704, 38.89042650950541 ], [ -119.981945279345183, 38.890733666936619 ], [ -119.981982423794676, 38.890741953744936 ], [ -119.981912180144704, 38.89042650950541 ] ], [ [ -119.980968436724382, 38.889303010258139 ], [ -119.981136305608715, 38.889113055141529 ], [ -119.98109044377928, 38.889144008086021 ], [ -119.980639041346294, 38.889662804792593 ], [ -119.980966149129813, 38.889357004201244 ], [ -119.981049114691558, 38.889575363741869 ], [ -119.980968436724382, 38.889303010258139 ] ], [ [ -119.97974652325135, 38.889847949615579 ], [ -119.980264750976232, 38.890131630409776 ], [ -119.980275937711212, 38.890108036030391 ], [ -119.97974652325135, 38.889847949615579 ] ], [ [ -119.979818002981489, 38.889778387464141 ], [ -119.979768747336195, 38.889749720276974 ], [ -119.97974652325135, 38.889847949615579 ], [ -119.979818002981489, 38.889778387464141 ] ], [ [ -119.979325492525703, 38.889491740438075 ], [ -119.979323467384305, 38.889494659995421 ], [ -119.979376576036302, 38.889521471856263 ], [ -119.979325492525703, 38.889491740438075 ] ], [ [ -119.979274357652685, 38.889565459248054 ], [ -119.979318508189635, 38.889611646689914 ], [ -119.979323467384305, 38.889494659995428 ], [ -119.979274357652685, 38.889565459248054 ] ], [ [ -119.979676863131004, 38.890947478521241 ], [ -119.979676195592234, 38.8909632267315 ], [ -119.979745283857312, 38.890965015380196 ], [ -119.979676863131004, 38.890947478521241 ] ], [ [ -119.979372235306471, 38.891063463145265 ], [ -119.979639614071417, 38.891054335170161 ], [ -119.979653244458063, 38.891020387918203 ], [ -119.979372235306471, 38.891063463145265 ] ], [ [ -119.979215607315481, 38.890951301364005 ], [ -119.979048591573545, 38.890935061676309 ], [ -119.979372235306471, 38.891063463145265 ], [ -119.979215607315481, 38.890951301364005 ] ], [ [ -119.978555024089701, 38.892393628350085 ], [ -119.978168182144586, 38.89285028078443 ], [ -119.979418434428325, 38.89160519045685 ], [ -119.979431265577702, 38.891573234317285 ], [ -119.978555024089701, 38.892393628350085 ] ], [ [ -119.977888332109032, 38.893105055683257 ], [ -119.977901918995258, 38.893115436923026 ], [ -119.977921873568647, 38.893095565405901 ], [ -119.977888332109032, 38.893105055683257 ] ], [ [ -119.977020867358135, 38.892416946240928 ], [ -119.976957300179379, 38.892393677794317 ], [ -119.977377128397109, 38.892714460489692 ], [ -119.977020867358135, 38.892416946240928 ] ], [ [ -119.976838782639533, 38.892249538624093 ], [ -119.976852343716885, 38.892313481905518 ], [ -119.976930572113844, 38.892373255247065 ], [ -119.976838782639533, 38.892249538624093 ] ], [ [ -119.976857689258111, 38.892187496579787 ], [ -119.976833132196745, 38.892222895589846 ], [ -119.976835533634485, 38.892234218879445 ], [ -119.976857689258111, 38.892187496579787 ] ], [ [ -119.977279096828141, 38.892036256948025 ], [ -119.976906803305155, 38.892116698540597 ], [ -119.976897155911004, 38.892130605300324 ], [ -119.977279096828141, 38.892036256948025 ] ], [ [ -119.978114906781798, 38.891355219888148 ], [ -119.978119245936171, 38.891344233382831 ], [ -119.97783473577411, 38.891438050743254 ], [ -119.977830396569843, 38.891449037235923 ], [ -119.978114906781798, 38.891355219888148 ] ], [ [ -119.97859152404925, 38.890989193050508 ], [ -119.978476377027889, 38.890986210807398 ], [ -119.97847790343684, 38.890950214938194 ], [ -119.978444475416694, 38.891051765558316 ], [ -119.97859152404925, 38.890989193050508 ] ], [ [ -119.976610293296119, 38.891791513548732 ], [ -119.976667222683474, 38.891786171417678 ], [ -119.97793206830822, 38.890773917279127 ], [ -119.976610293296119, 38.891791513548732 ] ], [ [ -119.975081866053216, 38.891034048729075 ], [ -119.975107215039472, 38.891061060234911 ], [ -119.975491074550675, 38.891251189555412 ], [ -119.975081866053216, 38.891034048729075 ] ], [ [ -119.97553017733452, 38.891271422182612 ], [ -119.975494894370811, 38.891161200134242 ], [ -119.975491074550675, 38.891251189555412 ], [ -119.97553017733452, 38.891271422182612 ] ], [ [ -119.974968021224313, 38.890771862217761 ], [ -119.974978972062402, 38.890823505007354 ], [ -119.975494894370811, 38.891161200134242 ], [ -119.974968021224313, 38.890771862217761 ] ], [ [ -119.974937426621992, 38.890749253847787 ], [ -119.97491861962709, 38.890735356107768 ], [ -119.974864589804895, 38.890802521337527 ], [ -119.974937426621992, 38.890749253847787 ] ], [ [ -119.979233640552764, 38.889438281008545 ], [ -119.979278032256687, 38.888934934606404 ], [ -119.979183004802934, 38.88954507612349 ], [ -119.979233640552764, 38.889438281008545 ] ], [ [ -119.979849792614004, 38.888499294810302 ], [ -119.979398516461401, 38.888811930233352 ], [ -119.979604623913033, 38.888611349809295 ], [ -119.979496734446499, 38.888670331531166 ], [ -119.979184391291199, 38.888968545372968 ], [ -119.979327904441362, 38.888846137372902 ], [ -119.979278032256687, 38.888934934606404 ], [ -119.979849792614004, 38.888499294810302 ] ], [ [ -119.979992794184867, 38.888471329203725 ], [ -119.980012518531524, 38.888467471864544 ], [ -119.98004093981956, 38.888372819690659 ], [ -119.979949869027195, 38.888422607576985 ], [ -119.980015569522024, 38.888395479992624 ], [ -119.979992794184867, 38.888471329203725 ] ], [ [ -119.980102913405673, 38.888205992821419 ], [ -119.980390373008845, 38.888401226525176 ], [ -119.980275748265072, 38.88824005532048 ], [ -119.980116073835319, 38.888199886779191 ], [ -119.98017357139544, 38.887931109397051 ], [ -119.980102913405673, 38.888205992821419 ] ], [ [ -119.980242656755166, 38.887932897635068 ], [ -119.98026386629553, 38.887898698174872 ], [ -119.98017357139544, 38.887931109397051 ], [ -119.980242656755166, 38.887932897635068 ] ], [ [ -119.980270936137643, 38.887887298353675 ], [ -119.98041392120237, 38.8876567400577 ], [ -119.980345447655694, 38.887683310234529 ], [ -119.980270936137643, 38.887887298353675 ] ], [ [ -119.980982463660482, 38.887339442171857 ], [ -119.98100302462359, 38.887339974240639 ], [ -119.980985956959302, 38.887324000054413 ], [ -119.980982463660482, 38.887339442171857 ] ], [ [ -119.981199885107102, 38.887202271188194 ], [ -119.981204365134701, 38.887228632139582 ], [ -119.981298828032948, 38.887151868436071 ], [ -119.981199885107102, 38.887202271188194 ] ], [ [ -119.981359199094243, 38.887102808765306 ], [ -119.981409170603015, 38.887062200062992 ], [ -119.981424509032962, 38.887015594178649 ], [ -119.981359199094243, 38.887102808765306 ] ], [ [ -119.981578753459999, 38.88686839278882 ], [ -119.981740551014482, 38.886660030734987 ], [ -119.981654698488725, 38.88670819815254 ], [ -119.981514054731363, 38.886896014843039 ], [ -119.981601019294473, 38.886886986581104 ], [ -119.982318867090783, 38.887355999841425 ], [ -119.981578753459999, 38.88686839278882 ] ], [ [ -119.982162570686796, 38.886423255373408 ], [ -119.98237466640704, 38.886582681003759 ], [ -119.982175241299743, 38.886416146439828 ], [ -119.982162570686796, 38.886423255373408 ] ], [ [ -119.983761066866307, 38.89137521213744 ], [ -119.983761067058538, 38.891375142351365 ], [ -119.983394779193134, 38.891347723613983 ], [ -119.983716432100493, 38.891374058113854 ], [ -119.983761066866307, 38.89137521213744 ] ], [ [ -119.983010716332757, 38.891195902454164 ], [ -119.983030877685906, 38.891230207065291 ], [ -119.98330647067958, 38.891255351530681 ], [ -119.983010716332757, 38.891195902454164 ] ], [ [ -119.98289498651782, 38.891172639572986 ], [ -119.9828992249669, 38.889983579798461 ], [ -119.982887198844196, 38.890812083826724 ], [ -119.982893462326146, 38.891208635587518 ], [ -119.982875747273823, 38.891208177438756 ], [ -119.982927558219728, 38.891414576145188 ], [ -119.982962550240686, 38.89140645507829 ], [ -119.982931138488638, 38.891407804845407 ], [ -119.98289498651782, 38.891172639572986 ] ], [ [ -119.982415532446581, 38.890775228804991 ], [ -119.982436986280391, 38.890799196949899 ], [ -119.982445880481805, 38.890777600195023 ], [ -119.982415532446581, 38.890775228804991 ] ], [ [ -119.982348008442884, 38.890904677561586 ], [ -119.982399769699001, 38.890889565483619 ], [ -119.982406778024014, 38.890872548033762 ], [ -119.982348008442884, 38.890904677561586 ] ], [ [ -119.982781626300522, 38.8894940600049 ], [ -119.982645738574945, 38.889436492347137 ], [ -119.982790648747766, 38.889506275576785 ], [ -119.982763169780014, 38.889385476347996 ], [ -119.982781626300522, 38.8894940600049 ] ], [ [ -119.982603458115449, 38.889237203887646 ], [ -119.982585034975244, 38.889236727387285 ], [ -119.982763169780014, 38.889385476347996 ], [ -119.982603458115449, 38.889237203887646 ] ], [ [ -119.98252358291144, 38.889246796480315 ], [ -119.98253897712658, 38.889235536123671 ], [ -119.982515948203286, 38.889234940485075 ], [ -119.98252358291144, 38.889246796480315 ] ], [ [ -119.982469890358757, 38.889233749194261 ], [ -119.982113785231505, 38.889476785936466 ], [ -119.982515948203286, 38.889234940485075 ], [ -119.982469890358757, 38.889233749194261 ] ], [ [ -119.981618301748696, 38.88930114074774 ], [ -119.981393631151661, 38.889061764729917 ], [ -119.981614008897097, 38.889301697003148 ], [ -119.981618301748696, 38.88930114074774 ] ], [ [ -119.981398968051508, 38.888935778805624 ], [ -119.981306410957956, 38.888998247683638 ], [ -119.981398205639294, 38.888953776795006 ], [ -119.981411970188049, 38.888944900263517 ], [ -119.981023491073003, 38.888547690918799 ], [ -119.981398968051508, 38.888935778805624 ] ], [ [ -119.980451587748405, 38.88844280146639 ], [ -119.980644914694523, 38.888420467864059 ], [ -119.980423008187117, 38.888423391223178 ], [ -119.980451587748405, 38.88844280146639 ] ], [ [ -119.984637098317165, 38.889200696869423 ], [ -119.984567048287985, 38.889251938483547 ], [ -119.984636233150596, 38.889248331565788 ], [ -119.984637098317165, 38.889200696869423 ] ], [ [ -119.984639083160687, 38.889091413866701 ], [ -119.984589824670962, 38.889087278891715 ], [ -119.984637168477349, 38.889196833953278 ], [ -119.984639083160687, 38.889091413866701 ] ], [ [ -119.984496077991281, 38.888205075859901 ], [ -119.984459998943791, 38.888201569332622 ], [ -119.984653470577129, 38.888299232637067 ], [ -119.984496077991281, 38.888205075859901 ] ], [ [ -119.984243524749033, 38.888180529937493 ], [ -119.983895048490254, 38.888243592259528 ], [ -119.984364147167014, 38.888192253430518 ], [ -119.984243524749033, 38.888180529937493 ] ], [ [ -119.983463663247775, 38.888608830809716 ], [ -119.983471261646471, 38.888614722599762 ], [ -119.983475310102648, 38.888598969904677 ], [ -119.983463663247775, 38.888608830809716 ] ], [ [ -119.98256429242717, 38.889182137734046 ], [ -119.982573807959241, 38.889194134534854 ], [ -119.98268172325389, 38.889131121800595 ], [ -119.983253465528506, 38.888695464556761 ], [ -119.983288345204571, 38.888720234120292 ], [ -119.983324837581804, 38.888643256935318 ], [ -119.98256429242717, 38.889182137734046 ] ], [ [ -119.984361617749272, 38.887385629063296 ], [ -119.984496666194289, 38.887250151371816 ], [ -119.984467357418595, 38.887249393809206 ], [ -119.984372959282751, 38.887301006982121 ], [ -119.984361617749272, 38.887385629063296 ] ], [ [ -119.983845592936945, 38.88723332092907 ], [ -119.983720764499495, 38.887258542704963 ], [ -119.984467357418595, 38.887249393809206 ], [ -119.983845592936945, 38.88723332092907 ] ], [ [ -119.983427274287095, 38.887312593980873 ], [ -119.983448960506863, 38.887300737090236 ], [ -119.983445005780922, 38.887264044239281 ], [ -119.983427274287095, 38.887312593980873 ] ], [ [ -119.98343032170547, 38.88724060186788 ], [ -119.983442513157684, 38.887240917097579 ], [ -119.983384092624945, 38.886698874694524 ], [ -119.983427274287095, 38.887312593980873 ], [ -119.98343032170547, 38.88724060186788 ] ], [ [ -119.983553669364426, 38.886505064288627 ], [ -119.98358635578613, 38.886352228770789 ], [ -119.983384092624945, 38.886698874694524 ], [ -119.983553669364426, 38.886505064288627 ] ], [ [ -119.98336123681311, 38.887238815542347 ], [ -119.983358189325202, 38.887310807650763 ], [ -119.983425709944413, 38.887325870982629 ], [ -119.983427274287095, 38.887312593980873 ], [ -119.98336123681311, 38.887238815542347 ] ], [ [ -119.982441197497351, 38.888278067855708 ], [ -119.982455739926053, 38.888267964304745 ], [ -119.981982750754554, 38.887671624282547 ], [ -119.982441197497351, 38.888278067855708 ] ], [ [ -119.985513529903912, 38.887042199777653 ], [ -119.985525519704325, 38.887085752142745 ], [ -119.985606404322596, 38.887026581763067 ], [ -119.985513529903912, 38.887042199777653 ] ], [ [ -119.985632859378143, 38.885856112404404 ], [ -119.985576196279084, 38.885818216888161 ], [ -119.985606404322596, 38.887026581763067 ], [ -119.985632859378143, 38.885856112404404 ] ], [ [ -119.9816722120039, 38.888000161492009 ], [ -119.981716479224517, 38.887971036992234 ], [ -119.98172081368601, 38.88797612771171 ], [ -119.981793187568613, 38.887792844327379 ], [ -119.9816722120039, 38.888000161492009 ] ], [ [ -119.981881189188627, 38.888164484234281 ], [ -119.982039440763472, 38.888350345119143 ], [ -119.982046662261169, 38.888339933271773 ], [ -119.981881189188627, 38.888164484234281 ] ], [ [ -119.981207484449882, 38.887246986507293 ], [ -119.981215033722293, 38.887291407161648 ], [ -119.981484511861197, 38.887460539267408 ], [ -119.981207484449882, 38.887246986507293 ] ], [ [ -119.981642065775546, 38.888019995417537 ], [ -119.981665662258976, 38.888004470727687 ], [ -119.981602465398211, 38.887977696675094 ], [ -119.981642065775546, 38.888019995417537 ] ], [ [ -119.981022472707821, 38.887358176328476 ], [ -119.981534827482875, 38.887905449778316 ], [ -119.981537587709653, 38.887840284624069 ], [ -119.981022472707821, 38.887358176328476 ] ], [ [ -119.981270551274349, 38.888157694199506 ], [ -119.981479332980726, 38.888127060883832 ], [ -119.981627549503756, 38.888029546013406 ], [ -119.981270551274349, 38.888157694199506 ] ], [ [ -119.980910688770166, 38.888389764441513 ], [ -119.980961267661485, 38.888383921267184 ], [ -119.981270551274349, 38.888157694199506 ], [ -119.980910688770166, 38.888389764441513 ] ], [ [ -119.983962201050943, 38.889380445046918 ], [ -119.984443029900859, 38.889367850068567 ], [ -119.983665109654481, 38.889318710938944 ], [ -119.983962201050943, 38.889380445046918 ] ], [ [ -119.982249672561366, 38.889534354199924 ], [ -119.982716515821053, 38.889942819038289 ], [ -119.982450074235302, 38.889701697334573 ], [ -119.982249672561366, 38.889534354199924 ] ], [ [ -119.982793722827452, 38.89138623323818 ], [ -119.982149655925099, 38.891351556285706 ], [ -119.98207459443654, 38.891384163966364 ], [ -119.982793722827452, 38.89138623323818 ] ], [ [ -119.982813856387622, 38.891455221269439 ], [ -119.982814466086069, 38.891440822865363 ], [ -119.982778314493331, 38.891205657572584 ], [ -119.982793722827452, 38.89138623323818 ], [ -119.982813856387622, 38.891455221269439 ] ], [ [ -119.979085061375841, 38.890767743950221 ], [ -119.979151097295471, 38.890841524726511 ], [ -119.979638480787713, 38.89093764075399 ], [ -119.979197919056261, 38.890824719420479 ], [ -119.979191208692043, 38.890817495258055 ], [ -119.97917412666601, 38.890842121049275 ], [ -119.979085061375841, 38.890767743950221 ] ], [ [ -119.978739621278066, 38.890758798383409 ], [ -119.978643755043123, 38.890800440621788 ], [ -119.978874744902228, 38.890834368499625 ], [ -119.978739621278066, 38.890758798383409 ] ], [ [ -119.978581406116589, 38.890519822625443 ], [ -119.97848412348219, 38.89092435046765 ], [ -119.97853830205932, 38.890846246987458 ], [ -119.978504748809598, 38.890860821718995 ], [ -119.978561492031403, 38.890610043502555 ], [ -119.978641542070875, 38.890581312241423 ], [ -119.978581406116589, 38.890519822625443 ] ], [ [ -119.978153668351524, 38.890160662291798 ], [ -119.978420130401275, 38.890137922004314 ], [ -119.977970299236134, 38.890144288097332 ], [ -119.978166046780146, 38.890149358599906 ], [ -119.978153668351524, 38.890160662291798 ] ], [ [ -119.978738977041203, 38.890230262395811 ], [ -119.978740164113304, 38.890202265598212 ], [ -119.978420130401275, 38.890137922004314 ], [ -119.978738977041203, 38.890230262395811 ] ], [ [ -119.977520468103407, 38.890150652451311 ], [ -119.977490411345784, 38.89017373501575 ], [ -119.977550173931888, 38.890150232217415 ], [ -119.977520468103407, 38.890150652451311 ] ], [ [ -119.979077917717106, 38.889848656005313 ], [ -119.97905927435464, 38.889836954670656 ], [ -119.978821545879782, 38.889914087911535 ], [ -119.979077917717106, 38.889848656005313 ] ], [ [ -119.978831010870906, 38.890202616300954 ], [ -119.978855394684643, 38.890203247759572 ], [ -119.978821545879782, 38.889914087911535 ], [ -119.978831010870906, 38.890202616300954 ] ], [ [ -119.977617037626686, 38.889504517094771 ], [ -119.978911998808371, 38.88941193454648 ], [ -119.97759545139651, 38.889497544777484 ], [ -119.977617037626686, 38.889504517094771 ] ], [ [ -119.978683506727037, 38.89045104418372 ], [ -119.978800942231388, 38.890400032363402 ], [ -119.978850659465976, 38.890450868567022 ], [ -119.97879199039248, 38.890387706461787 ], [ -119.978683506727037, 38.89045104418372 ] ], [ [ -119.978658256914073, 38.890575313002266 ], [ -119.978701957154087, 38.890559628232573 ], [ -119.978683506727037, 38.89045104418372 ], [ -119.978658256914073, 38.890575313002266 ] ], [ [ -119.977223111222273, 38.892269036352268 ], [ -119.979026255437148, 38.890932889815275 ], [ -119.978963046960629, 38.890926743695978 ], [ -119.978652217482235, 38.891188959651259 ], [ -119.978540122907546, 38.891113985714966 ], [ -119.978651454315596, 38.891206957588075 ], [ -119.977223111222273, 38.892269036352268 ] ], [ [ -119.980318701341247, 38.893754585748653 ], [ -119.9798021122417, 38.893587749505457 ], [ -119.979798124228523, 38.893597798552747 ], [ -119.980318701341247, 38.893754585748653 ] ], [ [ -119.980554940557056, 38.892693341853324 ], [ -119.980525678977855, 38.892678880882876 ], [ -119.979975391658428, 38.893151114651687 ], [ -119.980554940557056, 38.892693341853324 ] ], [ [ -119.98133722089409, 38.893114290186972 ], [ -119.981485775480465, 38.893153350485008 ], [ -119.980866995155594, 38.892847557344453 ], [ -119.98133722089409, 38.893114290186972 ] ], [ [ -119.981783943000593, 38.892909636106957 ], [ -119.981564472496231, 38.893192241106426 ], [ -119.98155907892847, 38.893189575707183 ], [ -119.981527714182619, 38.893267694223688 ], [ -119.981820415429951, 38.892922146636494 ], [ -119.981783943000593, 38.892909636106957 ] ], [ [ -119.981283957538125, 38.893814745167468 ], [ -119.981281643779781, 38.893814600972533 ], [ -119.981278189389982, 38.893831036094134 ], [ -119.981283957538125, 38.893814745167468 ] ], [ [ -119.976104670580042, 38.893633419064159 ], [ -119.976127955410632, 38.89362801672776 ], [ -119.976105307142944, 38.893618420825035 ], [ -119.976104670580042, 38.893633419064159 ] ], [ [ -119.976088320946332, 38.893611223895263 ], [ -119.976082658881566, 38.893608824918132 ], [ -119.976058100909086, 38.893644223722589 ], [ -119.976088320946332, 38.893611223895263 ] ], [ [ -119.976118445915787, 38.892222390506241 ], [ -119.975718536939979, 38.892410218588047 ], [ -119.97612371285426, 38.892224622107669 ], [ -119.976118445915787, 38.892222390506241 ] ], [ [ -119.97639022038571, 38.892337540845048 ], [ -119.976209037304841, 38.892260774019228 ], [ -119.976252805433546, 38.892315961537747 ], [ -119.97639022038571, 38.892337540845048 ] ], [ [ -119.978253751690218, 38.900583873378828 ], [ -119.978151733335466, 38.900446388696892 ], [ -119.978143934054515, 38.900454904891689 ], [ -119.978253751690218, 38.900583873378828 ] ], [ [ -119.978164657854038, 38.900432276144187 ], [ -119.978214558476139, 38.900420699009572 ], [ -119.978220944649195, 38.900370815326909 ], [ -119.978164657854038, 38.900432276144187 ] ], [ [ -119.978919427157564, 38.903916367655896 ], [ -119.978952045851045, 38.903930185155836 ], [ -119.979131309828276, 38.903813748881269 ], [ -119.978919427157564, 38.903916367655896 ] ], [ [ -119.979157120084153, 38.903686749181162 ], [ -119.979111329842283, 38.903741160761776 ], [ -119.979131309828276, 38.903813748881269 ], [ -119.979157120084153, 38.903686749181162 ] ], [ [ -119.979378438577683, 38.903423759575901 ], [ -119.979289402602888, 38.903529560051638 ], [ -119.97942641371624, 38.90337995766923 ], [ -119.979378438577683, 38.903423759575901 ] ], [ [ -119.979666288515361, 38.903160947800941 ], [ -119.979532793158512, 38.903282831622874 ], [ -119.979758421962288, 38.903163333288965 ], [ -119.979666288515361, 38.903160947800941 ] ], [ [ -119.979950398597893, 38.902918308342571 ], [ -119.979763001227596, 38.903055345778249 ], [ -119.979950398597893, 38.902918308342571 ], [ -119.979950398597893, 38.902918308342571 ] ], [ [ -119.97987650347676, 38.902553789392854 ], [ -119.979818989392029, 38.902822565532311 ], [ -119.979750652837694, 38.902802778552847 ], [ -119.979818226203292, 38.902840563452592 ], [ -119.97987650347676, 38.902553789392854 ] ], [ [ -119.981137069852679, 38.901972616316129 ], [ -119.981103207445628, 38.902029113944558 ], [ -119.98114546936992, 38.901992052553986 ], [ -119.981137069852679, 38.901972616316129 ] ], [ [ -119.98102610498637, 38.902117455951227 ], [ -119.981025034481817, 38.902118313300136 ], [ -119.981032740009809, 38.902475612666734 ], [ -119.98102610498637, 38.902117455951227 ] ], [ [ -119.980194389380415, 38.902670125157393 ], [ -119.980103310799748, 38.902905414329098 ], [ -119.980138402584515, 38.90290290564252 ], [ -119.980194389380415, 38.902670125157393 ] ], [ [ -119.981280002407232, 38.902626153086103 ], [ -119.981222493501576, 38.9028949301238 ], [ -119.981301639908764, 38.902616348866061 ], [ -119.981280002407232, 38.902626153086103 ] ], [ [ -119.980096430507075, 38.903892791434096 ], [ -119.980190854306073, 38.903841182850464 ], [ -119.98019290268428, 38.903792872634966 ], [ -119.980096430507075, 38.903892791434096 ] ], [ [ -119.980071000152151, 38.903800406714915 ], [ -119.980052652770581, 38.903837605051017 ], [ -119.980096430507075, 38.903892791434096 ], [ -119.980071000152151, 38.903800406714915 ] ], [ [ -119.9802491311724, 38.90355440861974 ], [ -119.980232048520875, 38.903473887821377 ], [ -119.980136744769695, 38.903667112645529 ], [ -119.9802491311724, 38.90355440861974 ] ], [ [ -119.980540030668777, 38.903219602868994 ], [ -119.980254472853474, 38.903428423141726 ], [ -119.980241521905725, 38.903454680818378 ], [ -119.980540030668777, 38.903219602868994 ] ], [ [ -119.975199049704528, 38.901387570985918 ], [ -119.97518529191251, 38.901711532237371 ], [ -119.975222846706714, 38.901370170374946 ], [ -119.975199049704528, 38.901387570985918 ] ], [ [ -119.976039252450931, 38.902778697256387 ], [ -119.975993950285599, 38.902759505207051 ], [ -119.976042212402902, 38.902813423346295 ], [ -119.976039252450931, 38.902778697256387 ] ], [ [ -119.975734549652515, 38.902526594286435 ], [ -119.975726723118427, 38.902536365442877 ], [ -119.975767439837654, 38.90266354471003 ], [ -119.975734549652515, 38.902526594286435 ] ], [ [ -119.975794151647548, 38.902452183151482 ], [ -119.975942426554212, 38.902343763184888 ], [ -119.976178183022114, 38.901987812729431 ], [ -119.97616500563565, 38.901989179719287 ], [ -119.975794151647548, 38.902452183151482 ] ], [ [ -119.981296467474522, 38.903869799366895 ], [ -119.981602769533268, 38.903715566353007 ], [ -119.981700243018722, 38.903591964698776 ], [ -119.981296467474522, 38.903869799366895 ] ], [ [ -119.982752362582531, 38.903828638819476 ], [ -119.982805853861493, 38.903620566769426 ], [ -119.98275139952699, 38.903817352854468 ], [ -119.982752362582531, 38.903828638819476 ] ], [ [ -119.982948629842184, 38.903516153473774 ], [ -119.982939823047872, 38.903506316260859 ], [ -119.982805853861493, 38.903620566769426 ], [ -119.982948629842184, 38.903516153473774 ] ], [ [ -119.976682116243353, 38.903930473580047 ], [ -119.976596313476506, 38.903914736477034 ], [ -119.976768902503011, 38.904058846524443 ], [ -119.97674968889541, 38.903968260230165 ], [ -119.976660610729439, 38.903893880869326 ], [ -119.976682116243353, 38.903930473580047 ] ], [ [ -119.976546207115376, 38.90387289803293 ], [ -119.976568476601926, 38.903891492899355 ], [ -119.976570768713245, 38.903837499310164 ], [ -119.976604936969864, 38.903847393737514 ], [ -119.976571532748963, 38.903819501446961 ], [ -119.976546207115376, 38.90387289803293 ] ], [ [ -119.981851376742412, 38.904140107937714 ], [ -119.981523139660709, 38.904506283907637 ], [ -119.98176186820406, 38.904314266577039 ], [ -119.981851376742412, 38.904140107937714 ] ], [ [ -119.974069795415659, 38.90496932295973 ], [ -119.974123290001842, 38.904999238575776 ], [ -119.974331359189961, 38.904986618052881 ], [ -119.974069795415659, 38.90496932295973 ] ], [ [ -119.969926363282269, 38.903376812700195 ], [ -119.969947569886259, 38.903306241277718 ], [ -119.969854966459039, 38.903429011022105 ], [ -119.96994009133229, 38.903379331413042 ], [ -119.969926363282269, 38.903376812700195 ] ], [ [ -119.969984617761156, 38.902549514231104 ], [ -119.970046060136525, 38.902731286643096 ], [ -119.970035277576216, 38.902442724237602 ], [ -119.969938551849324, 38.902548317655707 ], [ -119.969976961089628, 38.902729491802553 ], [ -119.969984617761156, 38.902549514231104 ] ], [ [ -119.969894079554564, 38.903051656511956 ], [ -119.970006948130688, 38.903108641261298 ], [ -119.969896264276784, 38.90303460790372 ], [ -119.969894079554564, 38.903051656511956 ] ], [ [ -119.969503341484469, 38.903564017684182 ], [ -119.96950487310896, 38.903528022191388 ], [ -119.969469557395342, 38.9035451223466 ], [ -119.969503341484469, 38.903564017684182 ] ], [ [ -119.972145120859679, 38.904984580613693 ], [ -119.97216465120259, 38.904966432633174 ], [ -119.971892837324546, 38.904851271005398 ], [ -119.971760669331204, 38.904860709709844 ], [ -119.972073281274106, 38.904946043275594 ], [ -119.971664552092165, 38.904988426001005 ], [ -119.972145120859679, 38.904984580613693 ] ], [ [ -119.967721714875452, 38.906415281297186 ], [ -119.967722341881199, 38.906400555899886 ], [ -119.96756186920959, 38.906378366631124 ], [ -119.967567947941035, 38.906368777415871 ], [ -119.967492766786421, 38.906376570179859 ], [ -119.967721714875452, 38.906415281297186 ] ], [ [ -119.967956514844104, 38.906316554902823 ], [ -119.967777606080318, 38.906185780940049 ], [ -119.967685469747977, 38.906183385842773 ], [ -119.967956514844104, 38.906316554902823 ] ], [ [ -119.967723838800708, 38.90646954689295 ], [ -119.967713750066991, 38.906494024223612 ], [ -119.967956514844104, 38.906316554902823 ], [ -119.967723838800708, 38.90646954689295 ] ], [ [ -119.967693176939932, 38.906543938776437 ], [ -119.967342298955899, 38.906660940375296 ], [ -119.967382809650033, 38.906584379193795 ], [ -119.967202572234584, 38.90672810626905 ], [ -119.967718245584393, 38.906535907252199 ], [ -119.967698320224599, 38.906531460138716 ], [ -119.967693176939932, 38.906543938776437 ] ], [ [ -119.967125164899755, 38.914227739474825 ], [ -119.967157785683341, 38.914241560351677 ], [ -119.967392752288163, 38.914139563965406 ], [ -119.967125164899755, 38.914227739474825 ] ], [ [ -119.967053537930852, 38.913518404538053 ], [ -119.967050234367036, 38.913518059391279 ], [ -119.967067172427946, 38.914203169005717 ], [ -119.967087308698197, 38.914211700421689 ], [ -119.967053537930852, 38.913518404538053 ] ], [ [ -119.96727934427588, 38.913553499940427 ], [ -119.967279832142282, 38.913542046872372 ], [ -119.967224411972879, 38.91353625683157 ], [ -119.96727934427588, 38.913553499940427 ] ], [ [ -119.971038871575871, 38.915711749483499 ], [ -119.971033244872515, 38.915645685243675 ], [ -119.97095803532082, 38.915739133630936 ], [ -119.971015834343135, 38.915711151237154 ], [ -119.971174797817469, 38.91576933207606 ], [ -119.971038871575871, 38.915711749483499 ] ], [ [ -119.970647238712644, 38.915701578678437 ], [ -119.970803904377917, 38.915813753198137 ], [ -119.970846290418621, 38.915793232838844 ], [ -119.970647238712644, 38.915701578678437 ] ], [ [ -119.970386110469988, 38.915334444016636 ], [ -119.970343324301169, 38.915330281305359 ], [ -119.970677934396946, 38.915522199710971 ], [ -119.970386110469988, 38.915334444016636 ] ], [ [ -119.970133468417544, 38.915309863973107 ], [ -119.970127214669063, 38.915301979687698 ], [ -119.970056060090997, 38.915404493115183 ], [ -119.970191413823869, 38.915315501645573 ], [ -119.970133468417544, 38.915309863973107 ] ], [ [ -119.970011388947171, 38.915468851293618 ], [ -119.970022342571696, 38.915494203828068 ], [ -119.970017169923437, 38.915460522589363 ], [ -119.970011388947171, 38.915468851293618 ] ], [ [ -119.970178432512654, 38.915855477355727 ], [ -119.970204169852295, 38.915816193798982 ], [ -119.970131451338631, 38.915746738794837 ], [ -119.970178432512654, 38.915855477355727 ] ], [ [ -119.970010679629411, 38.91602737897329 ], [ -119.97000684949505, 38.916117367553952 ], [ -119.970105509890217, 38.915966780728226 ], [ -119.970010679629411, 38.91602737897329 ] ], [ [ -119.970266458034075, 38.916628604492573 ], [ -119.970284888044702, 38.916629083217728 ], [ -119.9703148192296, 38.916467702142768 ], [ -119.970266458034075, 38.916628604492573 ] ], [ [ -119.970416985616424, 38.916776655332086 ], [ -119.970446150656457, 38.916633271938949 ], [ -119.970423113138452, 38.916632673563818 ], [ -119.970416985616424, 38.916776655332086 ] ], [ [ -119.97196537941079, 38.918870871720237 ], [ -119.971853250594833, 38.918795890201359 ], [ -119.971985355266938, 38.918943460781058 ], [ -119.972058992818475, 38.918296738250497 ], [ -119.97196537941079, 38.918870871720237 ] ], [ [ -119.971211609508728, 38.918663568581159 ], [ -119.971179667492578, 38.91866629097683 ], [ -119.971208814655, 38.918678638142723 ], [ -119.971211609508728, 38.918663568581159 ] ], [ [ -119.970940145738325, 38.918573986693886 ], [ -119.970938231086393, 38.91861898100349 ], [ -119.970993702101921, 38.918599084924949 ], [ -119.970940145738325, 38.918573986693886 ] ], [ [ -119.970936316430155, 38.91866397531269 ], [ -119.970929593422426, 38.918667110073322 ], [ -119.970947352159484, 38.918665596548301 ], [ -119.970936775948047, 38.918653176678511 ], [ -119.970936316430155, 38.91866397531269 ] ], [ [ -119.97102234243431, 38.918810350283856 ], [ -119.97108194272424, 38.918823648664471 ], [ -119.970972615189211, 38.91869526344032 ], [ -119.97102234243431, 38.918810350283856 ] ], [ [ -119.971142721042895, 38.919078592679398 ], [ -119.971134470343912, 38.918885332567982 ], [ -119.971117829352792, 38.918865790837671 ], [ -119.971142721042895, 38.919078592679398 ] ], [ [ -119.971030829589267, 38.919152905330449 ], [ -119.971146021325467, 38.919155896722778 ], [ -119.97114452119682, 38.919120758521316 ], [ -119.971030829589267, 38.919152905330449 ] ], [ [ -119.970987964804806, 38.919256894890864 ], [ -119.971009350787966, 38.919259128387239 ], [ -119.971003961942387, 38.919242295653866 ], [ -119.971030829589267, 38.919152905330449 ], [ -119.970987964804806, 38.919256894890864 ] ], [ [ -119.971343562382103, 38.920656488137595 ], [ -119.971197649752582, 38.920652699146466 ], [ -119.971198651688226, 38.920683355101083 ], [ -119.971343562382103, 38.920656488137595 ] ], [ [ -119.971164737133208, 38.920651844461652 ], [ -119.97116968709345, 38.920661765183333 ], [ -119.971197649752582, 38.920652699146466 ], [ -119.971164737133208, 38.920651844461652 ] ], [ [ -119.970930354193413, 38.920500943240064 ], [ -119.970894844462734, 38.920571930873713 ], [ -119.970901208670384, 38.920572930305305 ], [ -119.970940393033345, 38.920736106421529 ], [ -119.970930354193413, 38.920500943240064 ] ], [ [ -119.970039525187659, 38.92022623169337 ], [ -119.970626275082893, 38.920529754550017 ], [ -119.970745523339929, 38.92054848146168 ], [ -119.970039525187659, 38.92022623169337 ] ], [ [ -119.970007183585153, 38.919360546368381 ], [ -119.970007183585153, 38.919360546368374 ], [ -119.969987122927563, 38.919356070143408 ], [ -119.970011026366961, 38.919390675543674 ], [ -119.970007183585153, 38.919360546368381 ] ], [ [ -119.969907852902793, 38.919127530174542 ], [ -119.969875848591812, 38.919194975984077 ], [ -119.969912346520232, 38.919247814878226 ], [ -119.969907852902793, 38.919127530174542 ] ], [ [ -119.969968001935214, 38.919197370020868 ], [ -119.969987129495465, 38.919201638050886 ], [ -119.969950937392667, 38.919036733789405 ], [ -119.969923541267065, 38.919094468498827 ], [ -119.969968001935214, 38.919197370020868 ] ], [ [ -119.969881876559072, 38.918588968745304 ], [ -119.969875985300405, 38.918588043512507 ], [ -119.969876512196535, 38.918591145933846 ], [ -119.969881876559072, 38.918588968745304 ] ], [ [ -119.969882623625054, 38.918348566212501 ], [ -119.969826920972395, 38.918378053790526 ], [ -119.969841210238911, 38.918383283698923 ], [ -119.969856236480126, 38.918471760162646 ], [ -119.969882623625054, 38.918348566212501 ] ], [ [ -119.969737695926483, 38.917884670685872 ], [ -119.969517859319808, 38.917852372125509 ], [ -119.96970063017605, 38.917893155964691 ], [ -119.969701948013252, 38.917899872230429 ], [ -119.969737695926483, 38.917884670685872 ] ], [ [ -119.969545281200936, 38.917731310406481 ], [ -119.969545281200936, 38.917731310406481 ], [ -119.969517859319808, 38.917852372125509 ], [ -119.969545281200936, 38.917731310406481 ] ], [ [ -119.969205491483848, 38.917334983950248 ], [ -119.969193746760254, 38.91733945750471 ], [ -119.969336657302023, 38.917496564077567 ], [ -119.969205491483848, 38.917334983950248 ] ], [ [ -119.969661396630386, 38.91718944981902 ], [ -119.969705381580965, 38.917144574614873 ], [ -119.969374900066583, 38.917270456177675 ], [ -119.969661396630386, 38.91718944981902 ] ], [ [ -119.970249594793714, 38.916916448300199 ], [ -119.970145344039238, 38.91684385887816 ], [ -119.970114312263661, 38.916882414546777 ], [ -119.970249594793714, 38.916916448300199 ] ], [ [ -119.970183492858908, 38.916732347058804 ], [ -119.970039436040906, 38.916722334096612 ], [ -119.970132452413523, 38.916800000415549 ], [ -119.970183492858908, 38.916732347058804 ] ], [ [ -119.969820307459869, 38.916707102773515 ], [ -119.969566302727344, 38.916782145955523 ], [ -119.969609138998962, 38.916791704651061 ], [ -119.969992769758846, 38.916719090423122 ], [ -119.969820307459869, 38.916707102773515 ] ], [ [ -119.969206472124043, 38.91670375717807 ], [ -119.969079704839402, 38.916807977537431 ], [ -119.969239848760338, 38.916712377892154 ], [ -119.969206472124043, 38.91670375717807 ] ], [ [ -119.968057151240615, 38.916409037478239 ], [ -119.968547113098182, 38.916818160075415 ], [ -119.968623789326131, 38.916850644218172 ], [ -119.968057151240615, 38.916409037478239 ] ], [ [ -119.968743486394686, 38.914372868432267 ], [ -119.968756573280331, 38.914381466607452 ], [ -119.968726148991905, 38.91431579107627 ], [ -119.968627536317626, 38.914387872674745 ], [ -119.968743486394686, 38.914372868432267 ] ], [ [ -119.968702010750988, 38.914263684865205 ], [ -119.968408664554616, 38.914111919994006 ], [ -119.968709691096805, 38.914280264114637 ], [ -119.968702010750988, 38.914263684865205 ] ], [ [ -119.968232035503107, 38.913927152980584 ], [ -119.967932559809867, 38.913919368521903 ], [ -119.968116086084109, 38.913942156739935 ], [ -119.968151105190955, 38.913986309271117 ], [ -119.968232035503107, 38.913927152980584 ] ], [ [ -119.967212715400706, 38.913420929523156 ], [ -119.967215322765099, 38.913432263913116 ], [ -119.967932559809867, 38.913919368521903 ], [ -119.967212715400706, 38.913420929523156 ] ], [ [ -119.969651437346911, 38.914053686547398 ], [ -119.969634204890767, 38.914035660679268 ], [ -119.969449911622718, 38.914030872536152 ], [ -119.969651437346911, 38.914053686547398 ] ], [ [ -119.9696512212914, 38.91409524756164 ], [ -119.969706463770137, 38.914111246406641 ], [ -119.969655944298395, 38.914058401004823 ], [ -119.9696512212914, 38.91409524756164 ] ], [ [ -119.969768594706792, 38.914129240187506 ], [ -119.969863039520419, 38.914077640889616 ], [ -119.96974125709059, 38.914121322927862 ], [ -119.969768594706792, 38.914129240187506 ] ], [ [ -119.971578227492103, 38.915102724115215 ], [ -119.971754487174124, 38.915153766860719 ], [ -119.971619327156063, 38.91507818722117 ], [ -119.971617419209778, 38.915066954331728 ], [ -119.971578227492103, 38.915102724115215 ] ], [ [ -119.970553609217959, 38.918495309187882 ], [ -119.970594573469455, 38.918565011679085 ], [ -119.970776580955629, 38.918623791644173 ], [ -119.970553609217959, 38.918495309187882 ] ], [ [ -119.970416396247629, 38.918416242863671 ], [ -119.970476299221744, 38.918453834018436 ], [ -119.970481884217548, 38.918453979082614 ], [ -119.970416396247629, 38.918416242863671 ] ], [ [ -119.970406408557636, 38.918182241444747 ], [ -119.970390979129448, 38.918219672856942 ], [ -119.970401784043219, 38.918217669587293 ], [ -119.970416396247629, 38.918416242863671 ], [ -119.970406408557636, 38.918182241444747 ] ], [ [ -119.970543076033707, 38.918149269043305 ], [ -119.970428651966586, 38.918128279403916 ], [ -119.970421303701556, 38.918146106150189 ], [ -119.970543076033707, 38.918149269043305 ] ], [ [ -119.97051997851257, 38.917608140721306 ], [ -119.970201278983851, 38.917509774511657 ], [ -119.970198900185707, 38.917491940244247 ], [ -119.970148011355079, 38.917494585110113 ], [ -119.97051997851257, 38.917608140721306 ] ], [ [ -119.969747712708198, 38.915010674859019 ], [ -119.970098671936782, 38.915265994996751 ], [ -119.970002139983436, 38.915144293918729 ], [ -119.969747712708198, 38.915010674859019 ] ], [ [ -119.969057572531071, 38.914579224262951 ], [ -119.96926413780632, 38.914602609371933 ], [ -119.96892296396183, 38.914490786145329 ], [ -119.969057572531071, 38.914579224262951 ] ], [ [ -119.971547919203175, 38.915130386070878 ], [ -119.971572493732793, 38.915144127849523 ], [ -119.971560716039164, 38.915118706579584 ], [ -119.971547919203175, 38.915130386070878 ] ], [ [ -119.971498928574377, 38.915180260863998 ], [ -119.971591696511041, 38.915185575570185 ], [ -119.971585095553664, 38.915171327916511 ], [ -119.971498928574377, 38.915180260863998 ] ], [ [ -119.971179326395259, 38.915120815311276 ], [ -119.971058365463833, 38.915155019840576 ], [ -119.971276285602087, 38.915167505270091 ], [ -119.971179326395259, 38.915120815311276 ] ], [ [ -119.971062652972677, 38.915514173226384 ], [ -119.971140974992949, 38.91548017185049 ], [ -119.971203871055579, 38.915519642100953 ], [ -119.971118375082497, 38.91545335344545 ], [ -119.971062652972677, 38.915514173226384 ] ], [ [ -119.971014161243133, 38.915167519576464 ], [ -119.970945892920824, 38.915186823935088 ], [ -119.970833893477405, 38.915150652037958 ], [ -119.970990435534816, 38.915224015907711 ], [ -119.970985075227716, 38.915350000051816 ], [ -119.971014161243133, 38.915167519576464 ] ], [ [ -119.970998402009798, 38.915488481224578 ], [ -119.971023491935313, 38.915531173893427 ], [ -119.971038581511493, 38.91552462317933 ], [ -119.970998402009798, 38.915488481224578 ] ], [ [ -119.970673875142026, 38.915026336749001 ], [ -119.970707197857919, 38.915031570095657 ], [ -119.970699377727669, 38.915018263272628 ], [ -119.970673875142026, 38.915026336749001 ] ], [ [ -119.969621947749488, 38.914323624129388 ], [ -119.969828512538982, 38.914347008216758 ], [ -119.969625236120038, 38.914297970108237 ], [ -119.969621947749488, 38.914323624129388 ] ], [ [ -119.969646210521645, 38.914134339047827 ], [ -119.969631812852185, 38.914246662065089 ], [ -119.969672617637883, 38.914216834835671 ], [ -119.969646210521645, 38.914134339047827 ] ], [ [ -119.968965620437643, 38.916738948357107 ], [ -119.969185146369099, 38.916698249030524 ], [ -119.969152219410404, 38.916689744443303 ], [ -119.968965620437643, 38.916738948357107 ] ], [ [ -119.971563907734463, 38.920175734109549 ], [ -119.971446785205956, 38.91995883175565 ], [ -119.971434099169457, 38.919974169839385 ], [ -119.971553012923508, 38.920194389445882 ], [ -119.971563907734463, 38.920175734109549 ] ], [ [ -119.971428803920759, 38.92064068395517 ], [ -119.971480242044677, 38.920515896319969 ], [ -119.97143952495432, 38.920388715788825 ], [ -119.971428803920759, 38.92064068395517 ] ], [ [ -119.971110089658524, 38.920542319682752 ], [ -119.971122429396971, 38.920567051086238 ], [ -119.971134660183864, 38.920506922530208 ], [ -119.971110089658524, 38.920542319682752 ] ], [ [ -119.970964746735831, 38.920432188825323 ], [ -119.97116982046758, 38.920241680719101 ], [ -119.971027891041416, 38.920305956123705 ], [ -119.970964746735831, 38.920432188825323 ] ], [ [ -119.970161445147809, 38.918445655594191 ], [ -119.969997114096145, 38.918513457151015 ], [ -119.969987274885838, 38.918546191537203 ], [ -119.970223099102526, 38.918450478832263 ], [ -119.970161445147809, 38.918445655594191 ] ], [ [ -119.970131696847957, 38.917495433025863 ], [ -119.969970901052776, 38.917503789960442 ], [ -119.969806943461151, 38.917615608603555 ], [ -119.970063052216958, 38.917506183835393 ], [ -119.970115891594432, 38.917565212808448 ], [ -119.970131696847957, 38.917495433025863 ] ], [ [ -119.97002168074107, 38.917763907537804 ], [ -119.970076131347199, 38.9177407525559 ], [ -119.970102061968575, 38.91762627011488 ], [ -119.97002168074107, 38.917763907537804 ] ], [ [ -119.969983338802734, 38.9182952500067 ], [ -119.970231306451808, 38.918249276610673 ], [ -119.970077719558333, 38.918245286936511 ], [ -119.969983338802734, 38.9182952500067 ] ], [ [ -119.970405730466197, 38.91920874070393 ], [ -119.970248405099142, 38.919296939437032 ], [ -119.970527416102442, 38.919223367138493 ], [ -119.970405730466197, 38.91920874070393 ] ], [ [ -119.970605356469591, 38.91885357353371 ], [ -119.970684400981085, 38.918781436355843 ], [ -119.970277458931136, 38.918971179893134 ], [ -119.970605356469591, 38.91885357353371 ] ], [ [ -119.970059389189998, 38.919217761692366 ], [ -119.970223721859128, 38.919149960117295 ], [ -119.970017210449981, 38.919208350160325 ], [ -119.970059389189998, 38.919217761692366 ] ], [ [ -119.976090107206858, 38.919500392938239 ], [ -119.976044794672347, 38.919481200531337 ], [ -119.976034854877057, 38.919715172005105 ], [ -119.976090107206858, 38.919500392938239 ] ], [ [ -119.976183026035883, 38.919484784277032 ], [ -119.976047088454848, 38.919427207112726 ], [ -119.976045368118548, 38.919467702176739 ], [ -119.976183026035883, 38.919484784277032 ] ], [ [ -119.977849216209876, 38.918266733945813 ], [ -119.977836456767946, 38.918220382385087 ], [ -119.977684128053752, 38.918352544489331 ], [ -119.977849216209876, 38.918266733945813 ] ], [ [ -119.97796975576378, 38.918143733659612 ], [ -119.97798074414537, 38.918095196372853 ], [ -119.977893107797428, 38.918171231132114 ], [ -119.97796975576378, 38.918143733659612 ] ], [ [ -119.978125933455843, 38.918050484787898 ], [ -119.977978924584491, 38.917927759547581 ], [ -119.978067256765655, 38.918020136345412 ], [ -119.978053324875546, 38.918032223939122 ], [ -119.978125933455843, 38.918050484787898 ] ], [ [ -119.982470156072807, 38.913719799653038 ], [ -119.982490782429849, 38.913704717945627 ], [ -119.982123840760124, 38.913728857623653 ], [ -119.982470156072807, 38.913719799653038 ] ], [ [ -119.978979368930496, 38.917178917466408 ], [ -119.978951839674593, 38.917206517879045 ], [ -119.978994218323365, 38.917191313837556 ], [ -119.978979368930496, 38.917178917466408 ] ], [ [ -119.978320034893045, 38.918334371065107 ], [ -119.978329962706553, 38.918351259927434 ], [ -119.978468192169714, 38.918354840880561 ], [ -119.978320034893045, 38.918334371065107 ] ], [ [ -119.978223939650903, 38.918132301521709 ], [ -119.978179391352569, 38.918095112106471 ], [ -119.978279772139985, 38.918265877338321 ], [ -119.978223939650903, 38.918132301521709 ] ], [ [ -119.963775431368688, 38.863740168650509 ], [ -119.963414676085762, 38.863388052752491 ], [ -119.963331654751954, 38.863326097055058 ], [ -119.96331418999462, 38.863321034901603 ], [ -119.963775431368688, 38.863740168650509 ] ], [ [ -119.963265122080145, 38.863276446108799 ], [ -119.96328730930351, 38.863296608 ], [ -119.963287458038181, 38.863293114644634 ], [ -119.963265122080145, 38.863276446108799 ] ], [ [ -119.958833757392242, 38.86343130017368 ], [ -119.959042633709302, 38.863375021209009 ], [ -119.958905119839187, 38.863379107009621 ], [ -119.958833757392242, 38.86343130017368 ] ], [ [ -119.959079128068566, 38.863289395592801 ], [ -119.958906654614182, 38.863343111622669 ], [ -119.95887020602629, 38.863387205904942 ], [ -119.958905119839187, 38.863379107009621 ], [ -119.959079128068566, 38.863289395592801 ] ], [ [ -119.959423837780193, 38.863104341883222 ], [ -119.959402096752626, 38.863122885028041 ], [ -119.959437378956309, 38.863104694740201 ], [ -119.959423837780193, 38.863104341883222 ] ], [ [ -119.959538937785126, 38.863107341117647 ], [ -119.95951016278228, 38.863106591319649 ], [ -119.959555760229421, 38.863128569111069 ], [ -119.959538937785126, 38.863107341117647 ] ], [ [ -119.959626414602241, 38.863217726660665 ], [ -119.959610012678922, 38.863197029375648 ], [ -119.959593387307095, 38.863226625668588 ], [ -119.959626414602241, 38.863217726660665 ] ], [ [ -119.9638905328639, 38.863743163637331 ], [ -119.963435687843159, 38.863403733010728 ], [ -119.964020993580988, 38.863926735247702 ], [ -119.9638905328639, 38.863743163637331 ] ], [ [ -119.961913417089065, 38.86417097340204 ], [ -119.961890856687148, 38.864159575373996 ], [ -119.961905443877214, 38.864358149907439 ], [ -119.961912343776405, 38.864196170239758 ], [ -119.962097660647757, 38.864264057144517 ], [ -119.961928457361182, 38.86417857208518 ], [ -119.961913110428455, 38.864178172498583 ], [ -119.961913417089065, 38.86417097340204 ] ], [ [ -119.96575180623266, 38.900151250213383 ], [ -119.965888448941698, 38.899920575066169 ], [ -119.965876166302579, 38.899938273234028 ], [ -119.965790171406951, 38.899791895391346 ], [ -119.965852367641915, 38.899955671868305 ], [ -119.965760215081247, 38.900072487516738 ], [ -119.96575180623266, 38.900151250213383 ] ], [ [ -119.965535376902295, 38.901442890109621 ], [ -119.965525696574531, 38.901442638293972 ], [ -119.965548491832962, 38.901475022380176 ], [ -119.965577739945473, 38.901467309031851 ], [ -119.965557642655455, 38.901461486941038 ], [ -119.965558409406711, 38.901443489253985 ], [ -119.965593542703104, 38.901463141505268 ], [ -119.965601912706532, 38.901460934154542 ], [ -119.965399759904074, 38.901263725767912 ], [ -119.965448181362419, 38.901332516058162 ], [ -119.965470880025435, 38.901333106534864 ], [ -119.965459817185177, 38.901349046551076 ], [ -119.965480479339263, 38.901378400328426 ], [ -119.965491612197312, 38.901387698749211 ], [ -119.965513877922206, 38.901406295588011 ], [ -119.965499858144724, 38.901405930886916 ], [ -119.96551309245919, 38.901424732242333 ], [ -119.965513111160703, 38.901424293274395 ], [ -119.965535376902295, 38.901442890109621 ] ], [ [ -119.965486938939463, 38.901387577181524 ], [ -119.965491350374663, 38.901393844300543 ], [ -119.965491612197312, 38.901387698749211 ], [ -119.965486938939463, 38.901387577181524 ] ], [ [ -119.965923028944786, 38.902018276731809 ], [ -119.965900862797582, 38.902064996475978 ], [ -119.966051358765199, 38.902321157645481 ], [ -119.965943291480386, 38.902066100041374 ], [ -119.965923895510826, 38.902065595556252 ], [ -119.965924662186154, 38.902047597864929 ], [ -119.965941361714002, 38.902061545440567 ], [ -119.965923028944786, 38.902018276731809 ] ], [ [ -119.968189578545093, 38.909348345701723 ], [ -119.968132655510374, 38.909336511870592 ], [ -119.96817329701129, 38.909349150988248 ], [ -119.968140299775101, 38.909582522429169 ], [ -119.968189578545093, 38.909348345701723 ] ], [ [ -119.967304134581013, 38.909722944164095 ], [ -119.967333266199276, 38.909707803667636 ], [ -119.967237328590187, 38.909667154362602 ], [ -119.9675421515403, 38.909548956030179 ], [ -119.96721429339253, 38.909666555443771 ], [ -119.967304134581013, 38.909722944164095 ] ], [ [ -119.967887118260208, 38.909730008242057 ], [ -119.967492248784438, 38.909637746782366 ], [ -119.967486298363937, 38.909642096489236 ], [ -119.967810909531224, 38.909736118956282 ], [ -119.967887118260208, 38.909730008242057 ] ], [ [ -119.96710737119119, 38.909856936348767 ], [ -119.967641273382284, 38.910470431558487 ], [ -119.967248098964646, 38.909955716309376 ], [ -119.96710737119119, 38.909856936348767 ] ], [ [ -119.966910236074753, 38.90976675519088 ], [ -119.96699869060545, 38.909780650728138 ], [ -119.966841805334411, 38.909670528579639 ], [ -119.966910236074753, 38.90976675519088 ] ], [ [ -119.966918304041457, 38.909410770510448 ], [ -119.966692245178194, 38.909534276576167 ], [ -119.966714877360388, 38.909546934542604 ], [ -119.966934904536473, 38.909415578917518 ], [ -119.966918304041457, 38.909410770510448 ] ], [ [ -119.966325122574744, 38.909427221972692 ], [ -119.966509403404558, 38.909432014575174 ], [ -119.966262083409333, 38.909383831274276 ], [ -119.966325122574744, 38.909427221972692 ] ], [ [ -119.964956804113001, 38.908526781461909 ], [ -119.96533207192978, 38.908760127342141 ], [ -119.965295422787918, 38.908697750174518 ], [ -119.964956804113001, 38.908526781461909 ] ], [ [ -119.96505854739496, 38.90846741460291 ], [ -119.965028976769233, 38.908456588871296 ], [ -119.964956804113001, 38.908526781461909 ], [ -119.96505854739496, 38.90846741460291 ] ], [ [ -119.965163466325393, 38.908505825073661 ], [ -119.965108447847143, 38.90848568300877 ], [ -119.965141849430623, 38.908513578473269 ], [ -119.965163466325393, 38.908505825073661 ] ], [ [ -119.965305393933733, 38.908463780585087 ], [ -119.965376799205288, 38.908411585424226 ], [ -119.965282359166267, 38.908463181300583 ], [ -119.965392931096815, 38.908574163652801 ], [ -119.965305393933733, 38.908463780585087 ] ], [ [ -119.966143080755799, 38.908287377378059 ], [ -119.965848230523051, 38.908171602477722 ], [ -119.966838758823229, 38.908737892236211 ], [ -119.966143080755799, 38.908287377378059 ] ], [ [ -119.967082420170414, 38.908792274972619 ], [ -119.967051962479985, 38.908785477157636 ], [ -119.96706680803895, 38.90879787491086 ], [ -119.967082420170414, 38.908792274972619 ] ], [ [ -119.96770948400922, 38.909204908495113 ], [ -119.96733632850804, 38.908967041097036 ], [ -119.967604317383319, 38.90917220210175 ], [ -119.96770948400922, 38.909204908495113 ] ], [ [ -119.968038918031638, 38.909255570018857 ], [ -119.967896228298102, 38.909262984907365 ], [ -119.967943516417805, 38.909277691182311 ], [ -119.968038918031638, 38.909255570018857 ] ], [ [ -119.96822703016052, 38.909170371360808 ], [ -119.968204122817951, 38.909166773025746 ], [ -119.968198120160579, 38.909307755064717 ], [ -119.96822703016052, 38.909170371360808 ] ], [ [ -119.967124452348045, 38.909610166659412 ], [ -119.967214293392502, 38.909666555443756 ], [ -119.967107549825755, 38.909465586216037 ], [ -119.967124452348045, 38.909610166659412 ] ], [ [ -119.961102194109145, 38.9161739877241 ], [ -119.9612048106667, 38.916041130749988 ], [ -119.961106035496911, 38.916083999887533 ], [ -119.961102194109145, 38.9161739877241 ] ], [ [ -119.96061149804784, 38.916323360326224 ], [ -119.960897932925363, 38.916096595387984 ], [ -119.960555132960081, 38.916347116150824 ], [ -119.96061149804784, 38.916323360326224 ] ], [ [ -119.960047845533921, 38.916560917273834 ], [ -119.960392300280404, 38.916415743926379 ], [ -119.96000608091974, 38.916542039685552 ], [ -119.960047845533921, 38.916560917273834 ] ], [ [ -119.959074925789366, 38.916121151604372 ], [ -119.959213913566558, 38.916183975741156 ], [ -119.95907116225338, 38.916111897010083 ], [ -119.959074925789366, 38.916121151604372 ] ], [ [ -119.958845351757873, 38.915556621180741 ], [ -119.958960138351173, 38.915838886436731 ], [ -119.958955154737652, 38.915685607095696 ], [ -119.958845351757873, 38.915556621180741 ] ], [ [ -119.954391745057023, 38.914878078298202 ], [ -119.954559786622809, 38.914922294276813 ], [ -119.954446913280393, 38.914865294412955 ], [ -119.954391745057023, 38.914878078298202 ] ], [ [ -119.953169376214049, 38.91465270243048 ], [ -119.953357899022748, 38.914694799915381 ], [ -119.953373348395644, 38.914673519164531 ], [ -119.953169376214049, 38.91465270243048 ] ], [ [ -119.958410049942287, 38.913869635900383 ], [ -119.958171996724943, 38.914043603800884 ], [ -119.958448933596117, 38.913878316906192 ], [ -119.958410049942287, 38.913869635900383 ] ], [ [ -119.958725699911881, 38.913752803372994 ], [ -119.958670369490406, 38.913714265657482 ], [ -119.958598478978942, 38.91378906168633 ], [ -119.958692636993078, 38.913732863848566 ], [ -119.958725699911881, 38.913752803372994 ] ], [ [ -119.958911286630197, 38.913810635092524 ], [ -119.958817541451424, 38.913808190895118 ], [ -119.958838671389202, 38.913820933853216 ], [ -119.958911286630197, 38.913810635092524 ] ], [ [ -119.959594015079986, 38.913702840287108 ], [ -119.959593110266354, 38.913713932103335 ], [ -119.959605236279245, 38.913712212233108 ], [ -119.959594015079986, 38.913702840287108 ] ], [ [ -119.959637927695468, 38.913164523948055 ], [ -119.959594842711368, 38.913692694619193 ], [ -119.959657110007541, 38.913289550555312 ], [ -119.959637927695468, 38.913164523948055 ] ], [ [ -119.960500244201754, 38.912987207937576 ], [ -119.960213052867502, 38.913231970014309 ], [ -119.960546379987136, 38.912972120285993 ], [ -119.960500244201754, 38.912987207937576 ] ], [ [ -119.961061561661694, 38.91280364021393 ], [ -119.960719063199676, 38.91291564797443 ], [ -119.961129672350253, 38.912812101671513 ], [ -119.961061561661694, 38.91280364021393 ] ], [ [ -119.96142860281627, 38.912849237605542 ], [ -119.961197502766552, 38.912820528269357 ], [ -119.961449334615978, 38.912903830456287 ], [ -119.96142860281627, 38.912849237605542 ] ], [ [ -119.961966110003232, 38.913223590612105 ], [ -119.961952289552201, 38.913007019518822 ], [ -119.961967639136006, 38.914268650797339 ], [ -119.961966110003232, 38.913223590612105 ] ], [ [ -119.961868580537185, 38.914428228969953 ], [ -119.961844185281393, 38.914669744344835 ], [ -119.961967639136006, 38.914268650797339 ], [ -119.961868580537185, 38.914428228969953 ] ], [ [ -119.961566017817546, 38.915573473339698 ], [ -119.961592475583686, 38.915487516719011 ], [ -119.961311170621684, 38.915903426571916 ], [ -119.961566017817546, 38.915573473339698 ] ], [ [ -119.960927152700236, 38.914331633356483 ], [ -119.960381959285513, 38.914137251120728 ], [ -119.960208299563192, 38.914132725452255 ], [ -119.960927152700236, 38.914331633356483 ] ], [ [ -119.960059394804972, 38.914091522565748 ], [ -119.959860573936439, 38.913925469324518 ], [ -119.95999264445561, 38.914073052246664 ], [ -119.960059394804972, 38.914091522565748 ] ], [ [ -119.960843419958806, 38.915752840911445 ], [ -119.960853361712452, 38.915775859008285 ], [ -119.960918677551078, 38.915610661135908 ], [ -119.960843419958806, 38.915752840911445 ] ], [ [ -119.958859588557132, 38.913833548486849 ], [ -119.959254709166672, 38.914071834580831 ], [ -119.958964460475812, 38.913848056612053 ], [ -119.958859588557132, 38.913833548486849 ] ], [ [ -119.959514866155573, 38.917700149810187 ], [ -119.959490291069216, 38.917735544335109 ], [ -119.95952600061085, 38.917709448849457 ], [ -119.959514866155573, 38.917700149810187 ] ], [ [ -119.955966421935287, 38.829627359836515 ], [ -119.956109846959478, 38.829504976144136 ], [ -119.955939754895965, 38.82962943628597 ], [ -119.955966421935287, 38.829627359836515 ] ], [ [ -119.956458790324561, 38.829464694060768 ], [ -119.956411266627583, 38.829458783503952 ], [ -119.956109846959478, 38.829504976144136 ], [ -119.956458790324561, 38.829464694060768 ] ], [ [ -119.958459090585208, 38.830052700477538 ], [ -119.958793711785162, 38.830245788059671 ], [ -119.958752079799908, 38.830204477530827 ], [ -119.958459090585208, 38.830052700477538 ] ], [ [ -119.961511083325689, 38.833033056869127 ], [ -119.961323596874635, 38.832961948154086 ], [ -119.961329298351302, 38.83297427076608 ], [ -119.961595044161172, 38.833120989925334 ], [ -119.961511083325689, 38.833033056869127 ] ], [ [ -119.962860247118343, 38.834692913962954 ], [ -119.962742285782809, 38.834956970035428 ], [ -119.962868059340636, 38.834707994319849 ], [ -119.962860247118343, 38.834692913962954 ] ], [ [ -119.962551931327539, 38.856753488222289 ], [ -119.962463719434382, 38.857201635042763 ], [ -119.962470114953476, 38.857231831056914 ], [ -119.962551931327539, 38.856753488222289 ] ], [ [ -119.960550284633825, 38.863169724940988 ], [ -119.960531866418265, 38.863061138973407 ], [ -119.960457463197457, 38.863044519760365 ], [ -119.960550284633825, 38.863169724940988 ] ], [ [ -119.960449103518414, 38.863033243514288 ], [ -119.960560255155954, 38.862935754554925 ], [ -119.960441320371245, 38.86302274493989 ], [ -119.960449103518414, 38.863033243514288 ] ], [ [ -119.949227906868998, 38.828838813038516 ], [ -119.949223338138083, 38.828840644995836 ], [ -119.950275348401121, 38.8289176666202 ], [ -119.950102239535966, 38.828861663906487 ], [ -119.949227906868998, 38.828838813038516 ] ], [ [ -119.950371752255037, 38.82894885423147 ], [ -119.950733420717356, 38.829184457472678 ], [ -119.9504657684828, 38.828979269320605 ], [ -119.950371752255037, 38.82894885423147 ] ], [ [ -119.951415235824413, 38.829400463818132 ], [ -119.952137744411317, 38.829215098481498 ], [ -119.952044928272088, 38.82921871467817 ], [ -119.951415235824413, 38.829400463818132 ] ], [ [ -119.952459775685526, 38.829132477010262 ], [ -119.952584287002779, 38.829100531656351 ], [ -119.952510483331963, 38.829104747423912 ], [ -119.952459775685526, 38.829132477010262 ] ], [ [ -119.954166397559518, 38.829010147922311 ], [ -119.954331331687726, 38.829020331677583 ], [ -119.954242293559957, 38.829005811544029 ], [ -119.954166397559518, 38.829010147922311 ] ], [ [ -119.954589318600256, 38.82906240317817 ], [ -119.955130432473993, 38.829245198061557 ], [ -119.954768428539353, 38.829091611368014 ], [ -119.954589318600256, 38.82906240317817 ] ], [ [ -119.950452499160377, 38.839537311196807 ], [ -119.950665759581085, 38.839398741876415 ], [ -119.950631267445914, 38.839127574874517 ], [ -119.950565306495037, 38.839053780495938 ], [ -119.95012884642999, 38.839024357485258 ], [ -119.950032953488304, 38.839111940032666 ], [ -119.950167181268654, 38.839205536453569 ], [ -119.950158723021843, 38.839403510287198 ], [ -119.950291413690721, 38.839533101833652 ], [ -119.950452499160377, 38.839537311196807 ] ], [ [ -119.948065102817026, 38.857654749601188 ], [ -119.948047496050179, 38.857686084985566 ], [ -119.948078881270973, 38.857871321977839 ], [ -119.948132616922464, 38.857692550721318 ], [ -119.948065102817026, 38.857654749601188 ] ], [ [ -119.947865558509875, 38.858009883756949 ], [ -119.947814012549813, 38.858043787444537 ], [ -119.947742556950487, 38.858130216121971 ], [ -119.948078881270973, 38.857871321977839 ], [ -119.947865558509875, 38.858009883756949 ] ], [ [ -119.944894597988153, 38.858191802518526 ], [ -119.9449002688756, 38.858196543728702 ], [ -119.944931473529124, 38.858185348950947 ], [ -119.944908455426926, 38.858184746297738 ], [ -119.944956803916128, 38.858131959172802 ], [ -119.944971593784217, 38.858170955652348 ], [ -119.945118701253733, 38.858118180100213 ], [ -119.945026628919521, 38.85811576961131 ], [ -119.945215995625148, 38.857949723285834 ], [ -119.945053500675897, 38.85802638485287 ], [ -119.944894597988153, 38.858191802518526 ] ], [ [ -119.947626136424489, 38.858219833074543 ], [ -119.947792601136712, 38.858057870507452 ], [ -119.947628446691155, 38.858165840513372 ], [ -119.947626136424489, 38.858219833074543 ] ], [ [ -119.949482843636005, 38.85898909373401 ], [ -119.949459825176916, 38.858988491967381 ], [ -119.94885152550043, 38.859433325153439 ], [ -119.949677080170432, 38.858901680728856 ], [ -119.949495823682128, 38.858966715135274 ], [ -119.949471860044497, 38.858979911794002 ], [ -119.949482843636005, 38.85898909373401 ] ], [ [ -119.949459910693434, 38.858986492239751 ], [ -119.948987909594251, 38.859246418791194 ], [ -119.949459825176916, 38.858988491967381 ], [ -119.949459910693434, 38.858986492239751 ] ], [ [ -119.950088952416962, 38.859365290896335 ], [ -119.950547042219185, 38.859084292593586 ], [ -119.950682112479655, 38.858966386650337 ], [ -119.950088952416962, 38.859365290896335 ] ], [ [ -119.949823434811876, 38.85964663332782 ], [ -119.949820356505413, 38.859718623538328 ], [ -119.949894799521687, 38.859594445762589 ], [ -119.949892170201935, 38.859655937405456 ], [ -119.950319270088485, 38.859283118847443 ], [ -119.949917818185469, 38.859595047451336 ], [ -119.950088952416962, 38.859365290896335 ], [ -119.949823434811876, 38.85964663332782 ] ], [ [ -119.96711745948646, 38.913174210321088 ], [ -119.967112407641693, 38.913141306188592 ], [ -119.966866121705451, 38.913105114139739 ], [ -119.966879728677839, 38.913148387362561 ], [ -119.96711745948646, 38.913174210321088 ] ], [ [ -119.966861852059509, 38.913146445536064 ], [ -119.96619111814249, 38.912909294966198 ], [ -119.966743826636687, 38.913131721834276 ], [ -119.966742066246255, 38.913133433871032 ], [ -119.966861852059509, 38.913146445536064 ] ], [ [ -119.964215208828236, 38.912939814549937 ], [ -119.964204465098007, 38.913191781351244 ], [ -119.963854316068804, 38.913290773170139 ], [ -119.963560517278054, 38.913797069882293 ], [ -119.963847419365891, 38.913993280020748 ], [ -119.963841279134243, 38.914137260976545 ], [ -119.96326768016921, 38.915149331643562 ], [ -119.963281504623765, 38.915365902689217 ], [ -119.965632811893116, 38.915391060367604 ], [ -119.966002171225071, 38.915382651042613 ], [ -119.966168799214827, 38.915260861986951 ], [ -119.966247027054393, 38.91342510086286 ], [ -119.966161016894404, 38.913278722903108 ], [ -119.965229569056959, 38.912948192927473 ], [ -119.964334994033692, 38.912834826480136 ], [ -119.964215208828236, 38.912939814549937 ] ], [ [ -119.962535105545427, 38.913400567652168 ], [ -119.962832928671816, 38.913511089963862 ], [ -119.962929793783147, 38.913338774741071 ], [ -119.962830738720527, 38.91349835389147 ], [ -119.9625333871804, 38.913380363356865 ], [ -119.962535105545427, 38.913400567652168 ] ], [ [ -119.962167139451026, 38.913268465163718 ], [ -119.962240241136442, 38.913284783098966 ], [ -119.96251974767938, 38.913219991761409 ], [ -119.962167139451026, 38.913268465163718 ] ], [ [ -119.952690525894667, 38.914597648291654 ], [ -119.953133128647977, 38.914308473649001 ], [ -119.952706148011828, 38.914585600161082 ], [ -119.952038090473948, 38.914568144689362 ], [ -119.952690525894667, 38.914597648291654 ] ], [ [ -119.949820521157363, 38.914113788972386 ], [ -119.949728314473134, 38.91410655903627 ], [ -119.950115366633312, 38.914229604259113 ], [ -119.949820521157363, 38.914113788972386 ] ], [ [ -119.94947574845861, 38.914086754928462 ], [ -119.949404292017419, 38.914112370465809 ], [ -119.949611248606772, 38.914097379782291 ], [ -119.94947574845861, 38.914086754928462 ] ], [ [ -119.94869020241623, 38.914120260151165 ], [ -119.947855497234272, 38.914224543867959 ], [ -119.949030754107127, 38.914139426341819 ], [ -119.94869020241623, 38.914120260151165 ] ], [ [ -119.940258816178414, 38.914439913411968 ], [ -119.940232997687815, 38.914451866684587 ], [ -119.940621981021081, 38.914575562251777 ], [ -119.940258816178414, 38.914439913411968 ] ], [ [ -119.933656666314519, 38.916194405228921 ], [ -119.934690988570907, 38.916275645205303 ], [ -119.934717658721496, 38.91627426717681 ], [ -119.933656666314519, 38.916194405228921 ] ], [ [ -119.931822983891337, 38.915274933488497 ], [ -119.932208695602441, 38.915543735019739 ], [ -119.931850973233765, 38.915282080883053 ], [ -119.932183563084692, 38.915056601936705 ], [ -119.931851748876184, 38.915264083804466 ], [ -119.931822983891337, 38.915274933488497 ] ], [ [ -119.928459434646541, 38.916627495814517 ], [ -119.928654379510164, 38.91667538274038 ], [ -119.929299405542778, 38.916692366321143 ], [ -119.928459434646541, 38.916627495814517 ] ], [ [ -119.921760029596044, 38.920401657327922 ], [ -119.921804905253467, 38.920404599511713 ], [ -119.921808018536595, 38.920332611939557 ], [ -119.921760029596044, 38.920401657327922 ] ], [ [ -119.918205528341829, 38.91866535299895 ], [ -119.918212050270014, 38.918688151862099 ], [ -119.918246115462253, 38.918713075193821 ], [ -119.918205528341829, 38.91866535299895 ] ], [ [ -119.906505394753211, 38.912630691763944 ], [ -119.906493388596957, 38.912641634205279 ], [ -119.906523495023805, 38.912648370247908 ], [ -119.906505394753211, 38.912630691763944 ] ], [ [ -119.906217245975427, 38.912893309968126 ], [ -119.906407781403757, 38.912754224565639 ], [ -119.906417697526123, 38.91271061912915 ], [ -119.906217245975427, 38.912893309968126 ] ], [ [ -119.904638353510393, 38.913139697624914 ], [ -119.904797251067961, 38.913197966580327 ], [ -119.905148904217853, 38.913188587536723 ], [ -119.904638353510393, 38.913139697624914 ] ], [ [ -119.897624711949064, 38.921673754877609 ], [ -119.897599932187035, 38.921703660862427 ], [ -119.897950375614101, 38.921610347816362 ], [ -119.897624711949064, 38.921673754877609 ] ], [ [ -119.948651792700034, 38.859561947845712 ], [ -119.948802005037663, 38.859465215112166 ], [ -119.948441545404705, 38.859628520361348 ], [ -119.948651792700034, 38.859561947845712 ] ], [ [ -119.953362127997281, 38.860423752532341 ], [ -119.953312368128223, 38.860417853049789 ], [ -119.953336669694082, 38.86044852454696 ], [ -119.953362127997281, 38.860423752532341 ] ], [ [ -119.966676218480785, 38.912553400113751 ], [ -119.966284604557913, 38.912543215364011 ], [ -119.96668062794555, 38.912570754899946 ], [ -119.966676218480785, 38.912553400113751 ] ], [ [ -119.966217796901361, 38.912487424927512 ], [ -119.966217089005937, 38.912504038155753 ], [ -119.966233516340537, 38.912500552092155 ], [ -119.966217796901361, 38.912487424927512 ] ], [ [ -119.965836180838593, 38.912783798056928 ], [ -119.965984368274405, 38.912553423801043 ], [ -119.96578857448273, 38.912818594893437 ], [ -119.965861063966699, 38.912792596154347 ], [ -119.965836180838593, 38.912783798056928 ] ], [ [ -119.963462673400969, 38.911658994079204 ], [ -119.963564804097743, 38.911967952028789 ], [ -119.963621567543029, 38.912035442450119 ], [ -119.963504139624931, 38.911768179170544 ], [ -119.963466904671151, 38.911651820519644 ], [ -119.963462673400969, 38.911658994079204 ] ], [ [ -119.963256111636753, 38.911095070832545 ], [ -119.963661542137089, 38.911321836568732 ], [ -119.963189307754249, 38.911039278797539 ], [ -119.962846845295275, 38.91095829184475 ], [ -119.962611115820749, 38.91107827688213 ], [ -119.962846077599096, 38.910976289457139 ], [ -119.963210040489187, 38.911093871382619 ], [ -119.963091024439535, 38.911180860758293 ], [ -119.963256111636753, 38.911095070832545 ] ], [ [ -119.962624157266561, 38.90915073298428 ], [ -119.962327774308292, 38.909070944502041 ], [ -119.962174625567087, 38.909117572010622 ], [ -119.96217440032305, 38.909118750827957 ], [ -119.962327006532689, 38.909088942111545 ], [ -119.962636366056515, 38.909188887865817 ], [ -119.962624157266561, 38.90915073298428 ] ], [ [ -119.96226484932177, 38.90889791882028 ], [ -119.962191100536984, 38.909031349940484 ], [ -119.962181204119702, 38.909083143059568 ], [ -119.96226484932177, 38.90889791882028 ] ], [ [ -119.963107123419789, 38.909181325828101 ], [ -119.963143297315909, 38.909132782649571 ], [ -119.962900576506257, 38.909157930498708 ], [ -119.963107123419789, 38.909181325828101 ] ], [ [ -119.963380841974526, 38.908440721143712 ], [ -119.963298301678236, 38.908483616369296 ], [ -119.963297534163786, 38.908501613996854 ], [ -119.963380841974526, 38.908440721143712 ] ], [ [ -119.963916388793308, 38.908049265516937 ], [ -119.963703705578169, 38.908169852823391 ], [ -119.963673608296446, 38.908226725738018 ], [ -119.963916388793308, 38.908049265516937 ] ], [ [ -119.963946329433256, 38.907887886306092 ], [ -119.963937612554517, 38.907934870128727 ], [ -119.963955044884329, 38.90794761317369 ], [ -119.964281089197684, 38.907608317124776 ], [ -119.963946329433256, 38.907887886306092 ] ], [ [ -119.96484391040056, 38.907929262687595 ], [ -119.964935281661084, 38.907949657773692 ], [ -119.964844677508864, 38.907911265032453 ], [ -119.964835110531254, 38.907901763807637 ], [ -119.96484391040056, 38.907929262687595 ] ], [ [ -119.965028954166172, 38.907916059815712 ], [ -119.965036749785696, 38.907899631001541 ], [ -119.964844677508864, 38.907911265032453 ], [ -119.965028954166172, 38.907916059815712 ] ], [ [ -119.96471951137292, 38.907601708645501 ], [ -119.965105728331508, 38.907737881187217 ], [ -119.965088070852332, 38.907791474623885 ], [ -119.965104961293846, 38.907755878847304 ], [ -119.965220133976231, 38.907758875354112 ], [ -119.965216298922613, 38.907848863662821 ], [ -119.965267737047441, 38.90772407859955 ], [ -119.965245469521335, 38.907705481654624 ], [ -119.965243168514775, 38.907759474641871 ], [ -119.96471951137292, 38.907601708645501 ] ], [ [ -119.965513447539863, 38.907910647074004 ], [ -119.965529887708357, 38.907906835316567 ], [ -119.965424377014998, 38.907836259441439 ], [ -119.965513447539863, 38.907910647074004 ] ], [ [ -119.966861683749386, 38.907116902320276 ], [ -119.966881756022531, 38.907109702414694 ], [ -119.966725777399162, 38.907059315423837 ], [ -119.966861683749386, 38.907116902320276 ] ], [ [ -119.968349724524742, 38.907371797589541 ], [ -119.968183072381677, 38.906953060702968 ], [ -119.968322570492205, 38.907378958703447 ], [ -119.968349724524742, 38.907371797589541 ] ], [ [ -119.967853650034357, 38.90656612788041 ], [ -119.967832564530184, 38.906561421863934 ], [ -119.968183072381677, 38.906953060702968 ], [ -119.967853650034357, 38.90656612788041 ] ], [ [ -119.967128584776418, 38.906724751775506 ], [ -119.967154192691851, 38.906746137859699 ], [ -119.96719952315307, 38.906729242696322 ], [ -119.967128584776418, 38.906724751775506 ] ], [ [ -119.965101845928473, 38.906746811187936 ], [ -119.964957504299235, 38.906887196588237 ], [ -119.965124113131637, 38.90676540814944 ], [ -119.965107133402825, 38.906848869317429 ], [ -119.965175196759319, 38.906808071752479 ], [ -119.965101845928473, 38.906746811187936 ] ], [ [ -119.966714169474514, 38.9057076916543 ], [ -119.966731190231002, 38.905691136495797 ], [ -119.96601931880835, 38.905779708953482 ], [ -119.966714169474514, 38.9057076916543 ] ], [ [ -119.966014714068294, 38.905730818816508 ], [ -119.966001505396079, 38.905732805836756 ], [ -119.96601931880835, 38.905779708953482 ], [ -119.966014714068294, 38.905730818816508 ] ], [ [ -119.966823169098106, 38.905314138193212 ], [ -119.966739640533049, 38.905682917345445 ], [ -119.966769683296974, 38.905653696357618 ], [ -119.966762536979601, 38.905654896500863 ], [ -119.966823169098106, 38.905314138193212 ] ], [ [ -119.967482718973201, 38.905529480389944 ], [ -119.967445357620875, 38.905537021361241 ], [ -119.967547222405898, 38.905639263059534 ], [ -119.967564230066699, 38.905614757711987 ], [ -119.967482718973201, 38.905529480389944 ] ], [ [ -119.967645488723548, 38.905497676565112 ], [ -119.967617068661539, 38.905352796713686 ], [ -119.967574859848597, 38.905599441868205 ], [ -119.967645488723548, 38.905497676565112 ] ], [ [ -119.968334107767518, 38.904488570540231 ], [ -119.967880379215018, 38.904855147717846 ], [ -119.968428540292109, 38.904436971861749 ], [ -119.96823966534248, 38.904432063071411 ], [ -119.968334107767518, 38.904488570540231 ] ], [ [ -119.96816286436335, 38.90417782006022 ], [ -119.968066407235966, 38.904139546647301 ], [ -119.968315671042717, 38.904379985561448 ], [ -119.96816286436335, 38.90417782006022 ] ], [ [ -119.967431158970186, 38.904032676536559 ], [ -119.967380494033591, 38.904139465171788 ], [ -119.967453426008404, 38.904051273050925 ], [ -119.967956435738813, 38.904095910696391 ], [ -119.967822726551717, 38.904042855581984 ], [ -119.967431158970186, 38.904032676536559 ] ], [ [ -119.967054960505635, 38.904203072099619 ], [ -119.96688065747685, 38.903964310783927 ], [ -119.967037769640243, 38.904218938387011 ], [ -119.967380494033591, 38.904139465171788 ], [ -119.967054960505635, 38.904203072099619 ] ], [ [ -119.966181379726791, 38.903812322998235 ], [ -119.966183507320821, 38.90382005797801 ], [ -119.966191854877323, 38.903816016368403 ], [ -119.966181379726791, 38.903812322998235 ] ], [ [ -119.96612784855499, 38.903676721561091 ], [ -119.966130524131145, 38.903710574203998 ], [ -119.966133814595366, 38.903710659783734 ], [ -119.96612784855499, 38.903676721561091 ] ], [ [ -119.966044443855154, 38.902771418590156 ], [ -119.965525467690753, 38.902757919395697 ], [ -119.966044194347816, 38.902787664802119 ], [ -119.966044443855154, 38.902771418590156 ] ], [ [ -119.966047820564725, 38.902551548051115 ], [ -119.966044463025071, 38.902550703103017 ], [ -119.966047025453634, 38.902603321174766 ], [ -119.966047820564725, 38.902551548051115 ] ], [ [ -119.965904696196333, 38.901975008020784 ], [ -119.965873313551072, 38.901936476878639 ], [ -119.965911137429899, 38.901990210541086 ], [ -119.965904696196333, 38.901975008020784 ] ], [ [ -119.965664569767114, 38.901600823066218 ], [ -119.965632960332044, 38.901595022280603 ], [ -119.965644689676381, 38.90161168550069 ], [ -119.965664569767114, 38.901600823066218 ] ], [ [ -119.965604957864826, 38.901555240715133 ], [ -119.965679295756402, 38.90159277681613 ], [ -119.96571426996789, 38.901573666964111 ], [ -119.965561401306047, 38.901493362210168 ], [ -119.965578318822352, 38.901517396047005 ], [ -119.965578374925855, 38.901516079143093 ], [ -119.965601407454855, 38.901516678279918 ], [ -119.965589693856174, 38.90153355595681 ], [ -119.965604957864826, 38.901555240715133 ] ], [ [ -119.966048122675048, 38.899690498740881 ], [ -119.966026198966702, 38.899722089054542 ], [ -119.966076623951338, 38.901186703842448 ], [ -119.966048122675048, 38.899690498740881 ] ], [ [ -119.965063144316787, 38.900079282503604 ], [ -119.965018613910303, 38.900042088685375 ], [ -119.964977488392194, 38.900105367395867 ], [ -119.965063144316787, 38.900079282503604 ] ], [ [ -119.965184439048173, 38.899938297076588 ], [ -119.965157257498831, 38.899927622721236 ], [ -119.965063144316787, 38.900079282503604 ], [ -119.965184439048173, 38.899938297076588 ] ], [ [ -119.966015021250868, 38.898302279577351 ], [ -119.965925961543675, 38.898227892682492 ], [ -119.966101781552538, 38.898430659527449 ], [ -119.966015021250868, 38.898302279577351 ] ], [ [ -119.96576397463231, 38.898241697074013 ], [ -119.965763208020448, 38.898259694774346 ], [ -119.965736914295732, 38.898268019678035 ], [ -119.965925961543675, 38.898227892682492 ], [ -119.96576397463231, 38.898241697074013 ] ], [ [ -119.965140675142919, 38.898452307853816 ], [ -119.96544306743543, 38.89819731439394 ], [ -119.965132923795267, 38.898441493066208 ], [ -119.965100916023985, 38.898443432292915 ], [ -119.965140675142919, 38.898452307853816 ] ], [ [ -119.965023224428833, 38.898448139288163 ], [ -119.965029695235984, 38.898486262333364 ], [ -119.965081495577905, 38.898444608898053 ], [ -119.965023224428833, 38.898448139288163 ] ], [ [ -119.963893079547518, 38.89835469735074 ], [ -119.963900736471729, 38.898361736269209 ], [ -119.963903285620916, 38.89835476353921 ], [ -119.963893079547518, 38.89835469735074 ] ], [ [ -119.96380476753626, 38.898226755893113 ], [ -119.963726340794722, 38.898201415964195 ], [ -119.963847824710641, 38.898313095085406 ], [ -119.96380476753626, 38.898226755893113 ] ], [ [ -119.963667559347627, 38.898182423446578 ], [ -119.963622817585843, 38.898167967180527 ], [ -119.963362567217786, 38.898323351549642 ], [ -119.962944391360978, 38.898274572452813 ], [ -119.963589813098082, 38.898401337328927 ], [ -119.963775599195017, 38.898370137780745 ], [ -119.963361799997543, 38.89834134920963 ], [ -119.963667559347627, 38.898182423446578 ] ], [ [ -119.963794795104988, 38.898460725567737 ], [ -119.963601587326934, 38.898485726085994 ], [ -119.963684245371709, 38.898504179240931 ], [ -119.963863889618679, 38.898462523902204 ], [ -119.963775599195017, 38.898370137780745 ], [ -119.963794795104988, 38.898460725567737 ] ], [ [ -119.962743787820287, 38.898235171849088 ], [ -119.962752693326991, 38.89823692099057 ], [ -119.962722291170024, 38.898198576891481 ], [ -119.962490442371617, 38.898228575358331 ], [ -119.962743787820287, 38.898235171849088 ] ], [ [ -119.961309699943712, 38.898341965465811 ], [ -119.961308932204773, 38.89835996309148 ], [ -119.961887788236922, 38.898302969649578 ], [ -119.961309699943712, 38.898341965465811 ] ], [ [ -119.961308385678336, 38.898372774960528 ], [ -119.962992529480232, 38.898349753714996 ], [ -119.961308932204773, 38.89835996309148 ], [ -119.961308385678336, 38.898372774960528 ] ], [ [ -119.960817598377744, 38.897986810942101 ], [ -119.960718497751245, 38.898039277854991 ], [ -119.960846660700525, 38.898005722218073 ], [ -119.960817598377744, 38.897986810942101 ] ], [ [ -119.960211873091325, 38.898133187031434 ], [ -119.959720534147934, 38.898300558790197 ], [ -119.960376114109394, 38.898128919916012 ], [ -119.960211873091325, 38.898133187031434 ] ], [ [ -119.958909058398504, 38.898405530248944 ], [ -119.960251569109445, 38.898387208571165 ], [ -119.959279097091184, 38.89837914111942 ], [ -119.959375063755374, 38.898291554481794 ], [ -119.959256065710946, 38.898378540775859 ], [ -119.95879390150111, 38.898402528119107 ], [ -119.958273378194548, 38.898713273739411 ], [ -119.958839964257976, 38.898403728984647 ], [ -119.958847782952276, 38.898420615795061 ], [ -119.958920124859205, 38.898411258024773 ], [ -119.958909058398504, 38.898405530248944 ] ], [ [ -119.958061399427805, 38.898740692704649 ], [ -119.958070364079674, 38.898755153366935 ], [ -119.958273378194548, 38.898713273739411 ], [ -119.958061399427805, 38.898740692704649 ] ], [ [ -119.957870341115935, 38.898432499702693 ], [ -119.957963488848279, 38.89858275512114 ], [ -119.957865961543916, 38.8983821594042 ], [ -119.957778215650805, 38.898430097186953 ], [ -119.957870341115935, 38.898432499702693 ] ], [ [ -119.957660012588747, 38.897958556589309 ], [ -119.957289975830136, 38.8979849406442 ], [ -119.957669181052296, 38.897977414704194 ], [ -119.957660012588747, 38.897958556589309 ] ], [ [ -119.950284168322227, 38.897149759193923 ], [ -119.95031625733364, 38.897154201618058 ], [ -119.950479784217919, 38.897104423816515 ], [ -119.950284168322227, 38.897149759193923 ] ], [ [ -119.950045281706224, 38.897020994084876 ], [ -119.95015581232218, 38.897131989410674 ], [ -119.950258661675363, 38.897146228030103 ], [ -119.950045281706224, 38.897020994084876 ] ], [ [ -119.949490743835909, 38.897014804914882 ], [ -119.949536293483618, 38.897061738092653 ], [ -119.949644657584216, 38.897047729200139 ], [ -119.949490743835909, 38.897014804914882 ] ], [ [ -119.949428076071413, 38.896896749928416 ], [ -119.94924922576277, 38.896765949663298 ], [ -119.949439060605158, 38.896961551759034 ], [ -119.949428076071413, 38.896896749928416 ] ], [ [ -119.948503959317023, 38.895863595442457 ], [ -119.948427159072068, 38.896041762292732 ], [ -119.948431559570381, 38.896046682094166 ], [ -119.948503959317023, 38.895863595442457 ] ], [ [ -119.944287225935057, 38.892041596442041 ], [ -119.944323249847699, 38.89227676854707 ], [ -119.944311026803263, 38.892024202295957 ], [ -119.943839769354867, 38.891723576212712 ], [ -119.944287225935057, 38.892041596442041 ] ], [ [ -119.942214823032771, 38.882311852898063 ], [ -119.94212580828777, 38.882237449451495 ], [ -119.942389764768549, 38.882532649036882 ], [ -119.942214823032771, 38.882311852898063 ] ], [ [ -119.941917803921527, 38.882250014977664 ], [ -119.941804223636538, 38.882303759777798 ], [ -119.94212580828777, 38.882237449451495 ], [ -119.941917803921527, 38.882250014977664 ] ], [ [ -119.940893082633423, 38.88249341408217 ], [ -119.940982868765289, 38.882549821094692 ], [ -119.941045869913282, 38.882542824543783 ], [ -119.940893082633423, 38.88249341408217 ] ], [ [ -119.916760171053497, 38.868076362402405 ], [ -119.916823588682021, 38.86818450545853 ], [ -119.917020127376119, 38.868277901797086 ], [ -119.916760171053497, 38.868076362402405 ] ], [ [ -119.90996763340479, 38.863322014272747 ], [ -119.910094787725058, 38.863376002257347 ], [ -119.910486890810319, 38.863368367659525 ], [ -119.90996763340479, 38.863322014272747 ] ], [ [ -119.909712886581659, 38.863171998221532 ], [ -119.909777979873738, 38.863241489577398 ], [ -119.909852038741334, 38.863272934173004 ], [ -119.909712886581659, 38.863171998221532 ] ], [ [ -119.943973045145285, 38.818142948987962 ], [ -119.944114834532158, 38.818597104734074 ], [ -119.944206086016834, 38.818617511478479 ], [ -119.944378581453407, 38.818892293397205 ], [ -119.944581781520085, 38.818987701422863 ], [ -119.944842452889446, 38.819354879523999 ], [ -119.945024188636324, 38.819413689491995 ], [ -119.945308639117471, 38.819763471217975 ], [ -119.94562225455077, 38.819969873535065 ], [ -119.945922099603521, 38.819959701801089 ], [ -119.94615523540395, 38.819893730726662 ], [ -119.946181318804463, 38.819822342180792 ], [ -119.946411376580926, 38.819828361033025 ], [ -119.94659003776583, 38.819959159137568 ], [ -119.946848486545761, 38.819839795606356 ], [ -119.94705323117762, 38.819899204300462 ], [ -119.947218886756119, 38.81979543055872 ], [ -119.947424400701792, 38.819836840974936 ], [ -119.947403702171826, 38.81978224640423 ], [ -119.947542505965274, 38.819767858684997 ], [ -119.94759313178912, 38.819661076122998 ], [ -119.947481179303367, 38.819586077380031 ], [ -119.947513413701088, 38.819370707372109 ], [ -119.947385377834365, 38.819133128179175 ], [ -119.947505789058212, 38.819010152958526 ], [ -119.94755724853789, 38.818344841878847 ], [ -119.947789671849009, 38.817756333912072 ], [ -119.947820428818716, 38.817036427941211 ], [ -119.947174051481753, 38.816533044827487 ], [ -119.945911945885896, 38.815887425117936 ], [ -119.944856048370852, 38.815805739664761 ], [ -119.944984839996991, 38.816025323562322 ], [ -119.944985526106578, 38.816547856214306 ], [ -119.944725547408098, 38.816703211231037 ], [ -119.94467184097789, 38.816881982899481 ], [ -119.944164195984172, 38.816904729311318 ], [ -119.944038393980833, 38.817153684139676 ], [ -119.943973045145285, 38.818142948987962 ] ], [ [ -119.965326388637124, 38.898446526080619 ], [ -119.965360172210026, 38.898519475485472 ], [ -119.965363239088688, 38.898447484713749 ], [ -119.965326388637124, 38.898446526080619 ] ], [ [ -119.965248081433472, 38.898444488946673 ], [ -119.965225049904419, 38.898443889779657 ], [ -119.965248212627117, 38.898422746934415 ], [ -119.965148985088945, 38.898454162908848 ], [ -119.965178220083459, 38.898460689121976 ], [ -119.965201507203361, 38.898455289068345 ], [ -119.965202018376075, 38.898443290608093 ], [ -119.965213150762111, 38.898452589039735 ], [ -119.965248081433472, 38.898444488946673 ] ], [ [ -119.965240481489317, 38.901037444723443 ], [ -119.965037071406257, 38.900691203686556 ], [ -119.96470695049922, 38.900862790698248 ], [ -119.965034770817269, 38.900745196728316 ], [ -119.965240481489317, 38.901037444723443 ] ], [ [ -119.964691703227601, 38.903384861867259 ], [ -119.965313139255869, 38.903468390436096 ], [ -119.965242964380423, 38.903435240025068 ], [ -119.964691703227601, 38.903384861867259 ] ], [ [ -119.964576687517678, 38.903044517741961 ], [ -119.964574704259064, 38.903044153772008 ], [ -119.964691703227601, 38.903384861867259 ], [ -119.964576687517678, 38.903044517741961 ] ], [ [ -119.967662806354184, 38.904432697377885 ], [ -119.967709006529319, 38.904394708284919 ], [ -119.967692233872185, 38.904399816165821 ], [ -119.967465730597624, 38.904303839798047 ], [ -119.967669200367013, 38.904399217404411 ], [ -119.967662806354184, 38.904432697377885 ] ], [ [ -119.965196651047208, 38.898569274439105 ], [ -119.964911481294465, 38.89862082208262 ], [ -119.964986299689158, 38.898635872412214 ], [ -119.965196651047208, 38.898569274439105 ] ], [ [ -119.962450122524857, 38.908562707854763 ], [ -119.962461570455787, 38.908549404127498 ], [ -119.96245863681834, 38.908547303031341 ], [ -119.962450122524857, 38.908562707854763 ] ], [ [ -119.962373071853804, 38.908009085418897 ], [ -119.962263273400879, 38.907880102804015 ], [ -119.962230915357765, 38.907866390398297 ], [ -119.962373071853804, 38.908009085418897 ] ], [ [ -119.961710529167746, 38.907346262962065 ], [ -119.961709679687161, 38.907343174009107 ], [ -119.96169247172989, 38.907333187058278 ], [ -119.961710529167746, 38.907346262962065 ] ], [ [ -119.961102345707843, 38.906985018667179 ], [ -119.960975402859901, 38.906897629300808 ], [ -119.961146110058337, 38.907040211631582 ], [ -119.961236645707018, 38.907068638243381 ], [ -119.961124611886135, 38.907003616353222 ], [ -119.961285083366619, 38.907025814458727 ], [ -119.961102345707843, 38.906985018667179 ] ], [ [ -119.96142712841214, 38.906939426714061 ], [ -119.961421404865646, 38.906926173905575 ], [ -119.961285083366619, 38.907025814458727 ], [ -119.96142712841214, 38.906939426714061 ] ], [ [ -119.960464334999202, 38.905184652505554 ], [ -119.96044975095019, 38.904986078813671 ], [ -119.960521155931318, 38.90493388660358 ], [ -119.960541859447162, 38.904935988290056 ], [ -119.960498890530459, 38.904915288828761 ], [ -119.960782973302415, 38.904742514752911 ], [ -119.960968009073156, 38.904729318020273 ], [ -119.961532330340873, 38.904473754722673 ], [ -119.961695867568096, 38.904423961598923 ], [ -119.96173809464895, 38.905055677871289 ], [ -119.961761896560418, 38.904497751863168 ], [ -119.961789920537967, 38.904516499387206 ], [ -119.961764967726737, 38.904425761405712 ], [ -119.961859404579172, 38.904374168236195 ], [ -119.96186681140415, 38.904391318901695 ], [ -119.961997604827133, 38.904377767611528 ], [ -119.962001443469362, 38.904287779518 ], [ -119.961870920976224, 38.904104203984943 ], [ -119.961950769090535, 38.903854037011328 ], [ -119.961805659643531, 38.903471887741198 ], [ -119.961944538689977, 38.902858901981858 ], [ -119.96192389441326, 38.902862368230977 ], [ -119.961930036049594, 38.902718387252953 ], [ -119.961840975593049, 38.90264399723511 ], [ -119.961956907360459, 38.902628999009501 ], [ -119.96187322095453, 38.902428625658949 ], [ -119.962081283336616, 38.902416026784856 ], [ -119.962133489955249, 38.902273245440568 ], [ -119.962041359162129, 38.902270846090737 ], [ -119.961800283053378, 38.901976285550809 ], [ -119.961840482516095, 38.901942018018339 ], [ -119.961801050767264, 38.901958287928132 ], [ -119.961807960161465, 38.901796309320844 ], [ -119.961764198239436, 38.901741116670834 ], [ -119.961623699874565, 38.901791510083974 ], [ -119.961414105244572, 38.901299574960881 ], [ -119.961661318984724, 38.900909626608566 ], [ -119.961393376269143, 38.901244982146807 ], [ -119.961245202963411, 38.900934822835495 ], [ -119.961622164365664, 38.901827505324398 ], [ -119.961228307640638, 38.901871298809723 ], [ -119.961179171066235, 38.901942089247171 ], [ -119.960881283574537, 38.901898293488017 ], [ -119.960908155809591, 38.901808905515892 ], [ -119.960771496619358, 38.901769309837412 ], [ -119.960799904848031, 38.901643926678709 ], [ -119.960633215971427, 38.901613329442036 ], [ -119.960639445588129, 38.901621728379794 ], [ -119.960591076644462, 38.901674520951673 ], [ -119.960034456724301, 38.901750104616688 ], [ -119.960030746002474, 38.90174700497839 ], [ -119.96000835159488, 38.90182149475195 ], [ -119.959844819442068, 38.901871285719466 ], [ -119.95984481944204, 38.901871285719466 ], [ -119.959773417212347, 38.901923477642079 ], [ -119.959835600932294, 38.902087256797905 ], [ -119.959762662002305, 38.902175443880353 ], [ -119.959768793431195, 38.902571991100118 ], [ -119.959629060412269, 38.90260438439519 ], [ -119.959596039891665, 38.9028377526528 ], [ -119.959454001283518, 38.902924138457202 ], [ -119.959601401902447, 38.903252297389649 ], [ -119.959160702088823, 38.903312880399554 ], [ -119.958992575919709, 38.902930127815878 ], [ -119.958815998105635, 38.902745348318803 ], [ -119.959033262530454, 38.903057311732717 ], [ -119.958987196758557, 38.90305611082352 ], [ -119.958986428304229, 38.903074108395757 ], [ -119.958917329634147, 38.903072306996791 ], [ -119.958776058279526, 38.903140694350917 ], [ -119.957751049018995, 38.903924758347308 ], [ -119.957902257550884, 38.904703458587598 ], [ -119.957892263443114, 38.904937426719336 ], [ -119.95769953855384, 38.905130593970945 ], [ -119.957683392847457, 38.905508542386769 ], [ -119.957770145644858, 38.905636928151537 ], [ -119.958221595002755, 38.905864912508399 ], [ -119.958443477431018, 38.906068891841997 ], [ -119.958678402951989, 38.906507439599551 ], [ -119.958680683935938, 38.906993974171577 ], [ -119.959086076299343, 38.907220754440488 ], [ -119.959744080415589, 38.907472135270631 ], [ -119.96055258687052, 38.907439152571918 ], [ -119.960632444071535, 38.907188986960044 ], [ -119.960310745382984, 38.906622058580105 ], [ -119.960344534345893, 38.906370692642035 ], [ -119.960553833220544, 38.90654551196905 ], [ -119.960302307436478, 38.90627950424409 ], [ -119.959890001299385, 38.906214706434817 ], [ -119.959995197826103, 38.905911148829759 ], [ -119.959795576654486, 38.905725770200377 ], [ -119.959671972750627, 38.90538021417219 ], [ -119.95992611123242, 38.905368820210747 ], [ -119.960396770500552, 38.905146856721068 ], [ -119.960670354297989, 38.905400226054716 ], [ -119.960464334999202, 38.905184652505554 ] ], [ [ -119.961696833463364, 38.90505322776832 ], [ -119.961715061059067, 38.905055077926818 ], [ -119.96192159562446, 38.905078474878856 ], [ -119.96173809464895, 38.905055677871289 ], [ -119.961696833463364, 38.90505322776832 ] ], [ [ -119.962289345669234, 38.902403427536406 ], [ -119.962202588057337, 38.902275044905331 ], [ -119.962133489955249, 38.902273245440568 ], [ -119.962289345669234, 38.902403427536406 ] ], [ [ -119.962564203592066, 38.902446620069718 ], [ -119.962576362296218, 38.902480608939982 ], [ -119.962584033229405, 38.902446748932377 ], [ -119.962289345669234, 38.902403427536406 ], [ -119.962564203592066, 38.902446620069718 ] ], [ [ -119.959778040521385, 38.901274964118414 ], [ -119.959345909729066, 38.900738836113312 ], [ -119.959338138554273, 38.9007770228325 ], [ -119.959778040521385, 38.901274964118414 ] ], [ [ -119.959366605396966, 38.900637139585378 ], [ -119.959369152838804, 38.900637607227338 ], [ -119.959396495442462, 38.900490262160488 ], [ -119.959366605396966, 38.900637139585378 ] ], [ [ -119.959279033192814, 38.900447248276429 ], [ -119.959282103434717, 38.900469262791951 ], [ -119.959139301038917, 38.900573646000701 ], [ -119.959301143722627, 38.900455345016177 ], [ -119.959279033192814, 38.900447248276429 ] ], [ [ -119.95889824262278, 38.900279080096588 ], [ -119.959010329071248, 38.90035407256898 ], [ -119.958875979042745, 38.900260482074387 ], [ -119.958909000160531, 38.900027113978744 ], [ -119.958846799751228, 38.900403862254244 ], [ -119.95889824262278, 38.900279080096588 ] ], [ [ -119.958807319181673, 38.900008447483899 ], [ -119.958779256198156, 38.899960669875632 ], [ -119.95879460906346, 38.900006114165954 ], [ -119.958807319181673, 38.900008447483899 ] ], [ [ -119.958782822095841, 38.899737193159609 ], [ -119.958766780752356, 38.899722422199915 ], [ -119.958733197709236, 38.89982433699538 ], [ -119.95875622693363, 38.899892503437215 ], [ -119.958782822095841, 38.899737193159609 ] ], [ [ -119.958904409575027, 38.899594571602655 ], [ -119.958809208901314, 38.899664160162537 ], [ -119.958784381208204, 38.899669009787814 ], [ -119.958771607805247, 38.89970777346705 ], [ -119.958904409575027, 38.899594571602655 ] ], [ [ -119.958433336555075, 38.898891907762525 ], [ -119.958446756599002, 38.898889654750846 ], [ -119.958416166419028, 38.898879155362863 ], [ -119.958433336555075, 38.898891907762525 ] ], [ [ -119.958370983751024, 38.898845597795017 ], [ -119.95837394351345, 38.898842019220666 ], [ -119.958365882484756, 38.898841809036362 ], [ -119.958370983751024, 38.898845597795017 ] ], [ [ -119.958432293053377, 38.898771470165151 ], [ -119.95854668205989, 38.898792470253532 ], [ -119.958724641399243, 38.898728643046596 ], [ -119.958432293053377, 38.898771470165151 ] ], [ [ -119.958870244268056, 38.898676420574354 ], [ -119.958921332945579, 38.898658096854646 ], [ -119.958906621795251, 38.898615761881317 ], [ -119.958870244268056, 38.898676420574354 ] ], [ [ -119.965933101755255, 38.905261569383434 ], [ -119.965948652618778, 38.905273377427108 ], [ -119.965990006485981, 38.905468489009813 ], [ -119.965971686369699, 38.905273976539185 ], [ -119.966062506988123, 38.905307226114047 ], [ -119.966063821380175, 38.905276372942126 ], [ -119.965933101755255, 38.905261569383434 ] ], [ [ -119.966130622510008, 38.905332163250854 ], [ -119.966188728201558, 38.905296820256453 ], [ -119.966098835260283, 38.90532052592507 ], [ -119.966130622510008, 38.905332163250854 ] ], [ [ -119.966272658544341, 38.905245769209003 ], [ -119.966250096599268, 38.905234094657033 ], [ -119.966248985895589, 38.905260168229027 ], [ -119.966272658544341, 38.905245769209003 ] ], [ [ -119.965977788893809, 38.904589465470949 ], [ -119.966009256360636, 38.904392090032225 ], [ -119.965979353848482, 38.90509399971436 ], [ -119.966077557485235, 38.903871355275108 ], [ -119.965977788893809, 38.904589465470949 ] ], [ [ -119.965911371921678, 38.904524676259477 ], [ -119.9659086883063, 38.904587668151109 ], [ -119.965977788893809, 38.904589465470949 ], [ -119.965911371921678, 38.904524676259477 ] ], [ [ -119.967073640448518, 38.905423389696132 ], [ -119.967043503317385, 38.905013567586309 ], [ -119.967010505337953, 38.905246938789084 ], [ -119.967073640448518, 38.905423389696132 ] ], [ [ -119.967168454016303, 38.904922223781789 ], [ -119.966930329273154, 38.904853246433859 ], [ -119.966933700377183, 38.904884589160417 ], [ -119.966736399881484, 38.90518575852299 ], [ -119.966957500515136, 38.904867190373373 ], [ -119.96713947032616, 38.90492597461742 ], [ -119.967043503317385, 38.905013567586309 ], [ -119.967168454016303, 38.904922223781789 ] ], [ [ -119.967396011195021, 38.904894206780888 ], [ -119.967556375409117, 38.904882760502666 ], [ -119.967557777059966, 38.904868869798023 ], [ -119.967396011195021, 38.904894206780888 ] ], [ [ -119.966890707411025, 38.904484862049266 ], [ -119.966921392552436, 38.904770157479668 ], [ -119.966948263711146, 38.90454263285956 ], [ -119.966890707411025, 38.904484862049266 ] ], [ [ -119.965207837578532, 38.907506308793529 ], [ -119.965180194165583, 38.907459258572572 ], [ -119.965134132064691, 38.907612496872382 ], [ -119.965207837578532, 38.907506308793529 ] ], [ [ -119.964334822340135, 38.902654248742266 ], [ -119.964910481402313, 38.902579761222057 ], [ -119.964321644213086, 38.902634942720709 ], [ -119.964334822340135, 38.902654248742266 ] ], [ [ -119.964235085490429, 38.902508133479344 ], [ -119.964270793699797, 38.90256044635953 ], [ -119.964244830145319, 38.90250838707837 ], [ -119.964235085490429, 38.902508133479344 ] ], [ [ -119.963920836334765, 38.902535990137906 ], [ -119.964213393379993, 38.902491194270951 ], [ -119.96409418705251, 38.902255823359781 ], [ -119.964092806194401, 38.902288219147863 ], [ -119.963879357042899, 38.901886276048238 ], [ -119.964199531628097, 38.902489190578365 ], [ -119.963920836334765, 38.902535990137906 ] ], [ [ -119.963454693792315, 38.902861198821952 ], [ -119.963538499981553, 38.902850355583389 ], [ -119.963920836334765, 38.902535990137906 ], [ -119.963454693792315, 38.902861198821952 ] ], [ [ -119.963304888224272, 38.903125982255176 ], [ -119.963410534289821, 38.902892006850394 ], [ -119.963398000491537, 38.902900751089604 ], [ -119.963386806894917, 38.902796629338269 ], [ -119.963304888224272, 38.903125982255176 ] ], [ [ -119.963269790545766, 38.903203713045819 ], [ -119.963285872464326, 38.903168096462444 ], [ -119.963245001855128, 38.903167032481107 ], [ -119.963269790545766, 38.903203713045819 ] ], [ [ -119.962996464080462, 38.903124526768934 ], [ -119.963183030236394, 38.903075331049841 ], [ -119.962994627731675, 38.903102936153047 ], [ -119.962996464080462, 38.903124526768934 ] ], [ [ -119.964872185932933, 38.898612917479014 ], [ -119.964946903678339, 38.898552836117403 ], [ -119.964785334079366, 38.898595446420948 ], [ -119.964872185932933, 38.898612917479014 ] ], [ [ -119.96477231874276, 38.898598878907521 ], [ -119.964663857558364, 38.898627482903827 ], [ -119.96442663918566, 38.89878346894384 ], [ -119.96477231874276, 38.898598878907521 ] ], [ [ -119.964051991570017, 38.898773719223854 ], [ -119.96387203318757, 38.89865489093885 ], [ -119.963975019265263, 38.898771715969914 ], [ -119.964051991570017, 38.898773719223854 ] ], [ [ -119.963778356758795, 38.898593035214475 ], [ -119.963701331492132, 38.898542174328753 ], [ -119.963664748097756, 38.898590671180195 ], [ -119.963719563519888, 38.898602908515699 ], [ -119.963778356758795, 38.898593035214475 ] ], [ [ -119.96471382895497, 38.900160282045071 ], [ -119.964551131048879, 38.899974234261954 ], [ -119.964729958690469, 38.900322860428048 ], [ -119.96471382895497, 38.900160282045071 ] ], [ [ -119.964697699268939, 38.899997703658876 ], [ -119.964679014407736, 38.899976000451844 ], [ -119.964713828954942, 38.900160282045043 ], [ -119.964697699268939, 38.899997703658876 ] ], [ [ -119.964316346254407, 38.899516513856177 ], [ -119.964412374539691, 38.899703724764677 ], [ -119.964613695989172, 38.899900130396873 ], [ -119.964412089037353, 38.899665954352358 ], [ -119.964443896069653, 38.899692521518105 ], [ -119.964316346254407, 38.899516513856177 ] ], [ [ -119.96361135910378, 38.900059520159679 ], [ -119.963753387053075, 38.899973128821792 ], [ -119.963659724713239, 38.900006726188259 ], [ -119.964248456355122, 38.899422831301756 ], [ -119.964238572276798, 38.899409192052623 ], [ -119.964237376379998, 38.899400083345029 ], [ -119.963660491903809, 38.899988728528449 ], [ -119.963149963835221, 38.900606055847234 ], [ -119.96361135910378, 38.900059520159679 ] ], [ [ -119.963792581068645, 38.900334005645412 ], [ -119.963678153590422, 38.900115311644072 ], [ -119.963838610706915, 38.900137505666777 ], [ -119.96361135910378, 38.900059520159679 ], [ -119.963792581068645, 38.900334005645412 ] ], [ [ -119.964567943721903, 38.899796133389806 ], [ -119.964657003796759, 38.899870521326768 ], [ -119.96488962423409, 38.899822521054382 ], [ -119.96465777073189, 38.899852523649841 ], [ -119.964567943721903, 38.899796133389806 ] ], [ [ -119.964701533903735, 38.899907715272199 ], [ -119.964862757852913, 38.899911910200728 ], [ -119.964657003796759, 38.899870521326768 ], [ -119.964701533903735, 38.899907715272199 ] ], [ [ -119.965785315256554, 38.902570642611131 ], [ -119.965973875414974, 38.902532939215462 ], [ -119.965904728404965, 38.9025155378161 ], [ -119.965785315256554, 38.902570642611131 ] ], [ [ -119.965484769465263, 38.902630737282067 ], [ -119.96552967863569, 38.902621757669174 ], [ -119.965466409086403, 38.902614592154293 ], [ -119.965484769465263, 38.902630737282067 ] ], [ [ -119.965039450088327, 38.902258799433042 ], [ -119.965003750583278, 38.902284897058415 ], [ -119.965052223938244, 38.90226385255221 ], [ -119.964716968236402, 38.901709879963285 ], [ -119.965039450088327, 38.902258799433042 ] ], [ [ -119.964388350361148, 38.90119114543554 ], [ -119.964144963909916, 38.900884201656226 ], [ -119.964373952209783, 38.901261921028009 ], [ -119.964388350361148, 38.90119114543554 ] ], [ [ -119.96436746715294, 38.901293798936784 ], [ -119.964336531844737, 38.901303592505229 ], [ -119.964365322387081, 38.901304341728348 ], [ -119.96436746715294, 38.901293798936784 ] ], [ [ -119.964090349270819, 38.901381529133907 ], [ -119.963968401057414, 38.901420135312542 ], [ -119.963730404328146, 38.901594117095527 ], [ -119.964090349270819, 38.901381529133907 ] ], [ [ -119.963705280822637, 38.901691741119691 ], [ -119.96375368902153, 38.901745838731102 ], [ -119.963730404328146, 38.901594117095527 ], [ -119.963705280822637, 38.901691741119691 ] ], [ [ -119.964498103498045, 38.900352862635771 ], [ -119.964499830626764, 38.90034615096706 ], [ -119.964476956018302, 38.900357226237986 ], [ -119.964498103498045, 38.900352862635771 ] ], [ [ -119.964265481091047, 38.900400862043099 ], [ -119.964320215800711, 38.900389568107833 ], [ -119.96423796934198, 38.900370116696102 ], [ -119.964265481091047, 38.900400862043099 ] ], [ [ -119.959625308401073, 38.899451204436232 ], [ -119.959609262954672, 38.899356629661582 ], [ -119.95958308595398, 38.899360015886074 ], [ -119.959583085953952, 38.899360015886025 ], [ -119.959625308401073, 38.899451204436232 ] ], [ [ -119.960168711730276, 38.899923355855783 ], [ -119.960181900528355, 38.899916150259678 ], [ -119.959625308401073, 38.899451204436232 ], [ -119.960168711730276, 38.899923355855783 ] ], [ [ -119.95956132994877, 38.899261150200573 ], [ -119.959540863608382, 38.899268827323723 ], [ -119.959545930284506, 38.899279769951875 ], [ -119.95956132994877, 38.899261150200573 ] ], [ [ -119.95948098727564, 38.899051055290023 ], [ -119.959519368366301, 38.899232231834517 ], [ -119.959445663979423, 38.899338416449197 ], [ -119.959540863608382, 38.899268827323723 ], [ -119.95948098727564, 38.899051055290023 ] ], [ [ -119.96219894426919, 38.899670055914122 ], [ -119.962220921105683, 38.899682622772929 ], [ -119.962220990882514, 38.899680986624141 ], [ -119.962227352116912, 38.899686300170956 ], [ -119.962276926628107, 38.899714647976424 ], [ -119.962302436968429, 38.899712474860607 ], [ -119.96219894426919, 38.899670055914122 ] ], [ [ -119.962141122064537, 38.899621211982208 ], [ -119.96210443953089, 38.899616015843478 ], [ -119.962115287066695, 38.899622218731864 ], [ -119.962141122064537, 38.899621211982208 ] ], [ [ -119.962016774517792, 38.899603597906719 ], [ -119.961706613277215, 38.89984776669575 ], [ -119.962075638311731, 38.899611936096804 ], [ -119.962016774517792, 38.899603597906719 ] ], [ [ -119.96326118365333, 38.899086588553466 ], [ -119.963260864666651, 38.899086453364887 ], [ -119.963261150733373, 38.899086632954713 ], [ -119.96326118365333, 38.899086588553466 ] ], [ [ -119.962536271399401, 38.899677184735339 ], [ -119.962437988111859, 38.89966326307723 ], [ -119.962474341428759, 38.899687583905163 ], [ -119.962536271399401, 38.899677184735339 ] ], [ [ -119.963077621470362, 38.899008793503292 ], [ -119.963077402790859, 38.899009006205752 ], [ -119.963077938225737, 38.899008927747033 ], [ -119.963077621470362, 38.899008793503292 ] ], [ [ -119.962785256776925, 38.898884886192761 ], [ -119.962160333159417, 38.898940684374551 ], [ -119.962807904708569, 38.898894484671217 ], [ -119.962785256776925, 38.898884886192761 ] ], [ [ -119.96162236830159, 38.899074698700318 ], [ -119.961601432932895, 38.899070269372132 ], [ -119.961970707069057, 38.899061869430973 ], [ -119.9600798091586, 38.899066661820505 ], [ -119.96162236830159, 38.899074698700318 ] ], [ [ -119.961994123392657, 38.8991692980427 ], [ -119.961992440181092, 38.899152325559122 ], [ -119.961989900791266, 38.899152457421437 ], [ -119.96193977585159, 38.899141852582666 ], [ -119.961994123392657, 38.8991692980427 ] ], [ [ -119.961924647184503, 38.89960119860222 ], [ -119.962022915253002, 38.899459616835756 ], [ -119.961664387912236, 38.899756578788605 ], [ -119.961924647184503, 38.89960119860222 ] ], [ [ -119.963369852628247, 38.901201661501688 ], [ -119.963361655922199, 38.901119027859977 ], [ -119.963334994894822, 38.901150484718777 ], [ -119.963369852628247, 38.901201661501688 ] ], [ [ -119.963556675452779, 38.901504551851815 ], [ -119.963339618997423, 38.901565927211692 ], [ -119.963549213281127, 38.901517330300663 ], [ -119.963648256057056, 38.901628014110941 ], [ -119.963556675452779, 38.901504551851815 ] ], [ [ -119.962941789611492, 38.901879519748498 ], [ -119.963217550403016, 38.901724908074975 ], [ -119.962935020529159, 38.901861693596523 ], [ -119.962941789611492, 38.901879519748498 ] ], [ [ -119.962989673266208, 38.902005619508017 ], [ -119.963059402916059, 38.902189249090441 ], [ -119.96308104470161, 38.902222469461407 ], [ -119.963084737794844, 38.902135855802285 ], [ -119.962989673266208, 38.902005619508017 ] ], [ [ -119.962536552089119, 38.901472948540487 ], [ -119.96303713763173, 38.902170651800802 ], [ -119.962753866861547, 38.902344787436093 ], [ -119.963059402916059, 38.902189249090441 ], [ -119.962536552089119, 38.901472948540487 ] ], [ [ -119.962044334355127, 38.900549239875424 ], [ -119.962068219610998, 38.900559871704395 ], [ -119.962082136872894, 38.900555633902684 ], [ -119.962044334355127, 38.900549239875424 ] ], [ [ -119.962061908145614, 38.900707852227789 ], [ -119.96210814310993, 38.900705052389718 ], [ -119.962068219610998, 38.900559871704395 ], [ -119.962061908145614, 38.900707852227789 ] ], [ [ -119.960140098310703, 38.901017541249189 ], [ -119.960069791073863, 38.900922215228178 ], [ -119.959637816084083, 38.900524464802054 ], [ -119.959608059965007, 38.900549829371748 ], [ -119.959647543546893, 38.900550858458296 ], [ -119.960140098310703, 38.901017541249189 ] ], [ [ -119.960087468676392, 38.899967742292304 ], [ -119.960144127803616, 38.899936787082652 ], [ -119.960053298180355, 38.899943265120285 ], [ -119.960087468676392, 38.899967742292304 ] ], [ [ -119.959699767229992, 38.899867550228329 ], [ -119.959593058218289, 38.899666575266622 ], [ -119.959837190312413, 38.899889149407976 ], [ -119.959545000200166, 38.899604062791276 ], [ -119.959699767229992, 38.899867550228329 ] ], [ [ -119.959414215665973, 38.899511505900499 ], [ -119.959465312389256, 38.89952631178285 ], [ -119.959438749823917, 38.899500394769333 ], [ -119.959414215665973, 38.899511505900499 ] ], [ [ -119.959227622653486, 38.89958497960334 ], [ -119.959235662206083, 38.899580089844562 ], [ -119.959091737047714, 38.899527384565282 ], [ -119.959227622653486, 38.89958497960334 ] ], [ [ -119.958760860728447, 38.899176424142716 ], [ -119.959031861938669, 38.899309612355538 ], [ -119.958663264227397, 38.899067340749092 ], [ -119.958760860728447, 38.899176424142716 ] ], [ [ -119.959349384549483, 38.899335087904845 ], [ -119.959398064095353, 38.899373210979746 ], [ -119.959407377119788, 38.899366403355906 ], [ -119.959349384549483, 38.899335087904845 ] ], [ [ -119.95859290981123, 38.898939818387326 ], [ -119.958743976364829, 38.899031843043751 ], [ -119.959041081970085, 38.899093641335469 ], [ -119.95859290981123, 38.898939818387326 ] ], [ [ -119.961718397778739, 38.900404157871122 ], [ -119.961555345475574, 38.900274772785707 ], [ -119.96163828613075, 38.900368498075032 ], [ -119.961718397778739, 38.900404157871122 ] ], [ [ -119.959458677246104, 38.900654041467142 ], [ -119.959467611301761, 38.900641170615799 ], [ -119.959417080041078, 38.900646405364071 ], [ -119.959458677246104, 38.900654041467142 ] ], [ [ -119.963364979447192, 38.902593591919235 ], [ -119.963191685594538, 38.902392303889435 ], [ -119.963373311841508, 38.902671099374587 ], [ -119.963364979447192, 38.902593591919235 ] ], [ [ -119.964955696883678, 38.902305759339988 ], [ -119.964922752443584, 38.90229179844939 ], [ -119.964945018280048, 38.902310395399709 ], [ -119.964955696883678, 38.902305759339988 ] ], [ [ -119.96485880150972, 38.902264697871885 ], [ -119.964832155302147, 38.902253405954774 ], [ -119.964383027082235, 38.902511983486207 ], [ -119.96485880150972, 38.902264697871885 ] ], [ [ -119.964722714047824, 38.906814706623074 ], [ -119.964638860508899, 38.906788817239637 ], [ -119.964560801223129, 38.906816815330153 ], [ -119.964722714047824, 38.906814706623074 ] ], [ [ -119.964466526177603, 38.906818043038058 ], [ -119.9644979045664, 38.906738657337144 ], [ -119.963648818236209, 38.907469263471938 ], [ -119.964105397954611, 38.907143686470782 ], [ -119.96409372841768, 38.907134982932966 ], [ -119.964406984044473, 38.906818818393177 ], [ -119.964466526177603, 38.906818043038058 ] ], [ [ -119.964517428362925, 38.906689263039404 ], [ -119.96452905954699, 38.906659836647002 ], [ -119.964500101754652, 38.906643639410412 ], [ -119.964517428362925, 38.906689263039404 ] ], [ [ -119.963638414034634, 38.906997008477731 ], [ -119.963164672327764, 38.90675044684609 ], [ -119.963093206944095, 38.906757142569013 ], [ -119.963638414034634, 38.906997008477731 ] ], [ [ -119.963047966434246, 38.906783443633998 ], [ -119.962846316521521, 38.90708776871589 ], [ -119.962945851473606, 38.907015013920464 ], [ -119.963067057445528, 38.906759592552163 ], [ -119.962981148396594, 38.906767641448596 ], [ -119.963047966434246, 38.906783443633998 ] ], [ [ -119.962237162075937, 38.906329908500965 ], [ -119.962097529672164, 38.906400182401775 ], [ -119.962105880049066, 38.906409752727093 ], [ -119.962237162075937, 38.906329908500965 ] ], [ [ -119.962070060970859, 38.90641400675463 ], [ -119.961934840715287, 38.906482059759028 ], [ -119.9619538438115, 38.906484688357097 ], [ -119.962070060970859, 38.90641400675463 ] ], [ [ -119.961924667341179, 38.906480652528508 ], [ -119.961457845635834, 38.906219522615707 ], [ -119.961793373271277, 38.906462491211073 ], [ -119.961924667341179, 38.906480652528508 ] ], [ [ -119.961447098350504, 38.905930960937127 ], [ -119.961516446444193, 38.905941858823681 ], [ -119.961518782601672, 38.905921362472682 ], [ -119.961516199954076, 38.905932760949334 ], [ -119.961286629251489, 38.905908763147977 ], [ -119.960786178676969, 38.905507491730894 ], [ -119.961217527685932, 38.905906963000824 ], [ -119.961424064484035, 38.905930360923989 ], [ -119.961457845635834, 38.906219522615707 ], [ -119.961447098350504, 38.905930960937127 ] ], [ [ -119.965656121991387, 38.905856432961528 ], [ -119.965669209097243, 38.905878707892008 ], [ -119.965765317736327, 38.905851531821583 ], [ -119.965656121991387, 38.905856432961528 ] ], [ [ -119.965651899214464, 38.905785397555093 ], [ -119.965617433042027, 38.905790582285213 ], [ -119.965631583689003, 38.905814667463524 ], [ -119.965651899214464, 38.905785397555093 ] ], [ [ -119.965219267805978, 38.905614756086948 ], [ -119.965465738136686, 38.90578332675328 ], [ -119.965495785773072, 38.905780212722298 ], [ -119.965219267805978, 38.905614756086948 ] ], [ [ -119.965200068734447, 38.905524168480461 ], [ -119.965038462645666, 38.90559229935252 ], [ -119.965079645379859, 38.905597414440905 ], [ -119.965200068734447, 38.905524168480461 ] ], [ [ -119.964918293821782, 38.905642960616454 ], [ -119.964884792112784, 38.905691227889392 ], [ -119.965029520869706, 38.905596069069901 ], [ -119.964918293821782, 38.905642960616454 ] ], [ [ -119.964660795780333, 38.905665539070455 ], [ -119.964798522239988, 38.905747949915693 ], [ -119.964816283695527, 38.905736271857158 ], [ -119.964660795780333, 38.905665539070455 ] ], [ [ -119.964421523551763, 38.905431056803202 ], [ -119.964483719378762, 38.905559582047523 ], [ -119.964531470265825, 38.905588154752422 ], [ -119.964421523551763, 38.905431056803202 ] ], [ [ -119.964303812190366, 38.905102807443029 ], [ -119.964271793725118, 38.905121644068601 ], [ -119.964287150573966, 38.905153378715148 ], [ -119.964303812190366, 38.905102807443029 ] ], [ [ -119.965676819444923, 38.904617672148774 ], [ -119.96500424541145, 38.904708280622174 ], [ -119.964993454787859, 38.904697082506303 ], [ -119.964950933097469, 38.904722098781846 ], [ -119.965676819444923, 38.904617672148774 ] ], [ [ -119.964670831905721, 38.903597324292967 ], [ -119.964662354686425, 38.903564274441422 ], [ -119.964637966623556, 38.903563639837095 ], [ -119.964480590499292, 38.904009985200005 ], [ -119.964472263386128, 38.904018084332151 ], [ -119.964452187478798, 38.904135369433682 ], [ -119.964670831905721, 38.903597324292967 ] ], [ [ -119.96409634009558, 38.904343835657855 ], [ -119.963975408831672, 38.904501331318038 ], [ -119.964111594904324, 38.90435498740576 ], [ -119.96409634009558, 38.904343835657855 ] ], [ [ -119.963685948890102, 38.904259568109993 ], [ -119.963883275001422, 38.904498933306968 ], [ -119.963626070410356, 38.904582326628628 ], [ -119.963975408831672, 38.904501331318038 ], [ -119.963685948890102, 38.904259568109993 ] ], [ [ -119.963662901201289, 38.903718439584523 ], [ -119.963940850524907, 38.904230167557394 ], [ -119.963642937186762, 38.903645849444366 ], [ -119.963685948890102, 38.904259568109993 ], [ -119.963662901201289, 38.903718439584523 ] ], [ [ -119.963111375349939, 38.904958558884438 ], [ -119.963125483544701, 38.904965682790667 ], [ -119.963626070410356, 38.904582326628628 ], [ -119.963111375349939, 38.904958558884438 ] ], [ [ -119.962953176774306, 38.904881584028018 ], [ -119.963077113942092, 38.905018476350996 ], [ -119.96301799271653, 38.904917840235036 ], [ -119.962953176774306, 38.904881584028018 ] ], [ [ -119.962256339873491, 38.905686898226911 ], [ -119.962264031964338, 38.905699991881228 ], [ -119.963077113942092, 38.905018476350996 ], [ -119.962256339873491, 38.905686898226911 ] ], [ [ -119.963432556405778, 38.903171914955784 ], [ -119.963566918015815, 38.903265500618076 ], [ -119.963501666866819, 38.903268889417845 ], [ -119.963530335613811, 38.903307537771525 ], [ -119.963604814008747, 38.90323956184816 ], [ -119.963432556405778, 38.903171914955784 ] ], [ [ -119.963551303703653, 38.903335804835457 ], [ -119.963606845761632, 38.903410680915194 ], [ -119.963690126409858, 38.903410020336104 ], [ -119.963551303703653, 38.903335804835457 ] ], [ [ -119.96257420704444, 38.90437476562284 ], [ -119.962592634948294, 38.904483351159193 ], [ -119.962818960011106, 38.904733336869818 ], [ -119.96257420704444, 38.90437476562284 ] ], [ [ -119.962802792546086, 38.904066438846073 ], [ -119.962769027755172, 38.904132096189514 ], [ -119.962760009245883, 38.904343568362975 ], [ -119.962802792546086, 38.904066438846073 ] ], [ [ -119.962433703867362, 38.904425159807559 ], [ -119.961897931160422, 38.904463377290782 ], [ -119.961911252423974, 38.904494222886946 ], [ -119.961924665953717, 38.904465956030343 ], [ -119.962433703867362, 38.904425159807559 ] ], [ [ -119.961845167851578, 38.904553458773549 ], [ -119.961873992559887, 38.904572741922081 ], [ -119.961892995101465, 38.904532697216176 ], [ -119.961845167851578, 38.904553458773549 ] ], [ [ -119.9634820249386, 38.903269909508523 ], [ -119.963335820179324, 38.903277502451736 ], [ -119.963028409201655, 38.90345688265996 ], [ -119.963239851050005, 38.903365092211885 ], [ -119.9634820249386, 38.903269909508523 ] ], [ [ -119.9629281096787, 38.903500424140553 ], [ -119.962967742244714, 38.903483219084748 ], [ -119.962452888921518, 38.903434690513819 ], [ -119.9629281096787, 38.903500424140553 ] ], [ [ -119.962840922949241, 38.903819446311303 ], [ -119.962879278653162, 38.903570992249662 ], [ -119.962836776467711, 38.903624862476178 ], [ -119.962840922949241, 38.903819446311303 ] ], [ [ -119.96570294957877, 38.905086810115954 ], [ -119.965847738714061, 38.905196751624239 ], [ -119.965838851360445, 38.90514439803809 ], [ -119.96570294957877, 38.905086810115954 ] ], [ [ -119.965828350874631, 38.904443689697828 ], [ -119.965516368188872, 38.904139350254383 ], [ -119.965732088017262, 38.904402898293732 ], [ -119.965828350874631, 38.904443689697828 ] ], [ [ -119.964749008156133, 38.903675435750969 ], [ -119.964770029582795, 38.903711217198477 ], [ -119.965476275938684, 38.904100239981062 ], [ -119.965446456464178, 38.904071150837495 ], [ -119.964749008156133, 38.903675435750969 ] ], [ [ -119.963796481313153, 38.903289493627085 ], [ -119.963960781591851, 38.903221699490729 ], [ -119.963761262718478, 38.903278115093634 ], [ -119.963796481313153, 38.903289493627085 ] ], [ [ -119.96156917860948, 38.905771982473908 ], [ -119.961581321398654, 38.905781111729361 ], [ -119.961567336201, 38.905707071091278 ], [ -119.961563548343548, 38.905723788860037 ], [ -119.96156917860948, 38.905771982473908 ] ], [ [ -119.961793067124802, 38.90592916202371 ], [ -119.961747920781448, 38.905906364997932 ], [ -119.961792606430109, 38.905939960589905 ], [ -119.961793067124802, 38.90592916202371 ] ], [ [ -119.961784416586539, 38.905951759015466 ], [ -119.961815640307577, 38.905940560530468 ], [ -119.961792606430109, 38.905939960589905 ], [ -119.961784416586539, 38.905951759015466 ] ], [ [ -119.961721969116311, 38.905974155959136 ], [ -119.961729174595561, 38.905971571698203 ], [ -119.961666994933097, 38.905965517005534 ], [ -119.961721969116311, 38.905974155959136 ] ], [ [ -119.963202221797133, 38.907787716839152 ], [ -119.96323678882294, 38.907763068388157 ], [ -119.96323763121147, 38.907743314893104 ], [ -119.96325000175861, 38.907753646731301 ], [ -119.963284355375023, 38.907729150415761 ], [ -119.963284467691636, 38.907726516616286 ], [ -119.963286117098306, 38.907727894194146 ], [ -119.96333055216644, 38.907696209118384 ], [ -119.963120156148477, 38.907794309312173 ], [ -119.963166992687647, 38.907777511085129 ], [ -119.963202221797133, 38.907787716839152 ] ], [ [ -119.963022834393726, 38.90792129338007 ], [ -119.963039817285591, 38.907932983995735 ], [ -119.963091381017648, 38.907881298070819 ], [ -119.963022834393726, 38.90792129338007 ] ], [ [ -119.962599501281204, 38.908505250330109 ], [ -119.962628759392089, 38.908502219017763 ], [ -119.962563493722953, 38.908410431487987 ], [ -119.962599501281204, 38.908505250330109 ] ], [ [ -119.962005883227803, 38.907251600358578 ], [ -119.961932944964218, 38.907230994833334 ], [ -119.962134914681869, 38.907347415102684 ], [ -119.962005883227803, 38.907251600358578 ] ], [ [ -119.960842841591202, 38.906041342281398 ], [ -119.960818271554459, 38.906076737334921 ], [ -119.960748401763951, 38.906092934496463 ], [ -119.96068653821159, 38.906153097263683 ], [ -119.960693243746377, 38.90615869813179 ], [ -119.960872976574592, 38.90611194564449 ], [ -119.96070002964143, 38.906145726960247 ], [ -119.960972304459119, 38.906000364241557 ], [ -119.960842841591202, 38.906041342281398 ] ], [ [ -119.962780536789708, 38.907135850094356 ], [ -119.962560262325297, 38.906930513395992 ], [ -119.962755436605519, 38.907154196925326 ], [ -119.962780536789708, 38.907135850094356 ] ], [ [ -119.962912078040659, 38.90780690940867 ], [ -119.962767937300598, 38.907745827593999 ], [ -119.962960280790455, 38.90787823292613 ], [ -119.962912078040659, 38.90780690940867 ] ], [ [ -119.962169598632144, 38.907373170258928 ], [ -119.962148045031455, 38.907357165270035 ], [ -119.962187258623516, 38.90749975342969 ], [ -119.962169598632144, 38.907373170258928 ] ], [ [ -119.964490701017041, 38.907559719250422 ], [ -119.964621236215066, 38.907743292280138 ], [ -119.964701725048286, 38.907769294735274 ], [ -119.964490701017041, 38.907559719250422 ] ], [ [ -119.963192067926002, 38.912915491074195 ], [ -119.963117916909212, 38.912713056964385 ], [ -119.963113310844349, 38.912821042632281 ], [ -119.963192067926002, 38.912915491074195 ] ], [ [ -119.963740659228634, 38.912711251438083 ], [ -119.963602442598415, 38.912707653482798 ], [ -119.963626246248651, 38.912690255533299 ], [ -119.963496977429827, 38.912711958344786 ], [ -119.963740659228634, 38.912711251438083 ] ], [ [ -119.963952156663709, 38.912710637483258 ], [ -119.964363401736136, 38.912709442583136 ], [ -119.963990269239488, 38.912655734618099 ], [ -119.963952156663709, 38.912710637483258 ] ], [ [ -119.964932757638607, 38.912635784359814 ], [ -119.965111528506256, 38.912663233350322 ], [ -119.965059088751843, 38.912619440358327 ], [ -119.964932757638607, 38.912635784359814 ] ], [ [ -119.960925093283066, 38.910114514859146 ], [ -119.96098866115112, 38.910189189744429 ], [ -119.96128129725922, 38.909936559474204 ], [ -119.960967162216591, 38.910152594419209 ], [ -119.960925093283066, 38.910114514859146 ] ], [ [ -119.960660393759724, 38.909785365677493 ], [ -119.960404342798981, 38.909831630237512 ], [ -119.960659265431232, 38.909802237739321 ], [ -119.96066972238431, 38.909814521942394 ], [ -119.960660393759724, 38.909785365677493 ] ], [ [ -119.958637212102843, 38.910574374893784 ], [ -119.959755461738922, 38.911526390560738 ], [ -119.959289391409726, 38.911099837120865 ], [ -119.959304826998249, 38.91109581006662 ], [ -119.958687420789872, 38.910615685763595 ], [ -119.959181154635701, 38.910394329510673 ], [ -119.959194259951019, 38.910375452394931 ], [ -119.958711224842659, 38.910598288832666 ], [ -119.958674829580616, 38.910586529323425 ], [ -119.95868818952637, 38.91059768821966 ], [ -119.958665154210749, 38.910597087602106 ], [ -119.958665730767024, 38.910583589444393 ], [ -119.95865056607947, 38.910578689644488 ], [ -119.958642887643236, 38.910578489436752 ], [ -119.958642983736596, 38.910576239743847 ], [ -119.958637212102843, 38.910574374893784 ] ], [ [ -119.958552984664735, 38.910547160452161 ], [ -119.958529248658664, 38.910539491177296 ], [ -119.958492949765571, 38.910554924301756 ], [ -119.958552984664735, 38.910547160452161 ] ], [ [ -119.957619372482341, 38.910245498811705 ], [ -119.9576020960981, 38.910245048194206 ], [ -119.957716861954921, 38.910662446014577 ], [ -119.957742604287276, 38.910562467469838 ], [ -119.957735297010728, 38.91055482133055 ], [ -119.957721475841865, 38.910554460848097 ], [ -119.957722052575988, 38.910540962702143 ], [ -119.957717637765512, 38.910536343159002 ], [ -119.957699209545453, 38.910535862512766 ], [ -119.957699978529334, 38.910517864985117 ], [ -119.957630121078182, 38.910263796749277 ], [ -119.957618603485585, 38.91026349633885 ], [ -119.957619372482341, 38.910245498811705 ] ], [ [ -119.957626794543927, 38.910251698261085 ], [ -119.957620141478401, 38.910227501284453 ], [ -119.9577534533678, 38.910179697532392 ], [ -119.957594943799549, 38.910205082557908 ], [ -119.957597106305286, 38.910226900460948 ], [ -119.957619372482341, 38.910245498811705 ], [ -119.957626794543927, 38.910251698261085 ] ], [ [ -119.957551035961188, 38.910225698800318 ], [ -119.95755026694772, 38.910243696326418 ], [ -119.957435091070451, 38.910240692093531 ], [ -119.957362278030374, 38.910314966137946 ], [ -119.957597106305286, 38.910226900460948 ], [ -119.957551035961188, 38.910225698800318 ] ], [ [ -119.958171275027155, 38.911023914969618 ], [ -119.958163728693023, 38.910998416885064 ], [ -119.957716861954921, 38.910662446014577 ], [ -119.958171275027155, 38.911023914969618 ] ], [ [ -119.957817494926914, 38.909926349683673 ], [ -119.957841687508889, 38.909832388319998 ], [ -119.957833308961071, 38.909834024552062 ], [ -119.957817494926914, 38.909926349683673 ] ], [ [ -119.95783592956775, 38.909818724958321 ], [ -119.957967238886297, 38.909659991257882 ], [ -119.957848219291492, 38.909746975137615 ], [ -119.95783592956775, 38.909818724958321 ] ], [ [ -119.957980694399964, 38.909345034387968 ], [ -119.958005694866642, 38.909331378300429 ], [ -119.957981847719935, 38.909318038083846 ], [ -119.957980694399964, 38.909345034387968 ] ], [ [ -119.958280575254236, 38.909402826607042 ], [ -119.958323527135093, 38.90941703635432 ], [ -119.958715120985886, 38.909427247123034 ], [ -119.958280575254236, 38.909402826607042 ] ], [ [ -119.958918592223924, 38.909522640049985 ], [ -119.958999881521066, 38.909514220763228 ], [ -119.958715120985886, 38.909427247123034 ], [ -119.958918592223924, 38.909522640049985 ] ], [ [ -119.959090574311645, 38.909815405211589 ], [ -119.959079068446513, 38.909544841384481 ], [ -119.959087219465601, 38.909540895976434 ], [ -119.959060191909245, 38.90953264108736 ], [ -119.959090574311645, 38.909815405211589 ] ], [ [ -119.95969411572591, 38.909182504636711 ], [ -119.95919318263384, 38.909489605616372 ], [ -119.959290994656712, 38.909442260577471 ], [ -119.95949216126084, 38.90959164521351 ], [ -119.9593140296125, 38.909442861056675 ], [ -119.95969411572591, 38.909182504636711 ] ], [ [ -119.959440711609204, 38.909716427233796 ], [ -119.95949340772215, 38.909782884810049 ], [ -119.95949216126084, 38.90959164521351 ], [ -119.959440711609204, 38.909716427233796 ] ], [ [ -119.959903734845042, 38.90913391533396 ], [ -119.960313501210621, 38.909241720439944 ], [ -119.960269987943192, 38.909197513183543 ], [ -119.959903734845042, 38.90913391533396 ] ], [ [ -119.960852347040017, 38.909502607432749 ], [ -119.960879640064292, 38.909501680582352 ], [ -119.960879268686327, 38.909492952713656 ], [ -119.960852347040017, 38.909502607432749 ] ], [ [ -119.960914504454621, 38.909225117940856 ], [ -119.961055844140375, 38.909206836048043 ], [ -119.960915733471907, 38.909196321803996 ], [ -119.960914504454621, 38.909225117940856 ] ], [ [ -119.961142066116381, 38.909213306269159 ], [ -119.96151003346354, 38.909319909943854 ], [ -119.961283524088444, 38.909223921338871 ], [ -119.961142066116381, 38.909213306269159 ] ], [ [ -119.961674868924248, 38.909357800387021 ], [ -119.961447112229422, 38.909745393983428 ], [ -119.961639795723116, 38.909521483682191 ], [ -119.961674868924248, 38.909357800387021 ] ], [ [ -119.961424927378317, 38.909783147629547 ], [ -119.961389844307874, 38.909842851058876 ], [ -119.961647089457188, 38.909620770472841 ], [ -119.961424927378317, 38.909783147629547 ] ], [ [ -119.96061703636299, 38.909711049403924 ], [ -119.960730291233347, 38.909759044415743 ], [ -119.960753710418103, 38.909750645824481 ], [ -119.96061703636299, 38.909711049403924 ] ], [ [ -119.958313532730529, 38.909651004388479 ], [ -119.958146905798841, 38.909772782302348 ], [ -119.958312763925349, 38.90966900192911 ], [ -119.958313532730529, 38.909651004388479 ] ], [ [ -119.958486281314634, 38.909925772807362 ], [ -119.958155332668611, 38.910115336218631 ], [ -119.958565871220173, 38.909911236770952 ], [ -119.958486281314634, 38.909925772807362 ] ], [ [ -119.961794198886508, 38.912675992618574 ], [ -119.96178809983445, 38.912592971338221 ], [ -119.961761860593612, 38.912605672368976 ], [ -119.961708885528438, 38.911685395134512 ], [ -119.96175657129784, 38.912665863168563 ], [ -119.961794198886508, 38.912675992618574 ] ], [ [ -119.962143492986812, 38.911768785341224 ], [ -119.961963046562985, 38.911673997630821 ], [ -119.961708885528438, 38.911685395134512 ], [ -119.962143492986812, 38.911768785341224 ] ], [ [ -119.96146957457654, 38.912556724157142 ], [ -119.961508464296458, 38.912599071712933 ], [ -119.961619612841375, 38.912628993451591 ], [ -119.96146957457654, 38.912556724157142 ] ], [ [ -119.961299846754741, 38.912313432439475 ], [ -119.96128808981841, 38.912359102079485 ], [ -119.961409788976454, 38.912491622668561 ], [ -119.961299846754741, 38.912313432439475 ] ], [ [ -119.961204395680085, 38.912158728153564 ], [ -119.961137510741167, 38.912161727095594 ], [ -119.961237348982266, 38.912212137973917 ], [ -119.961204395680085, 38.912158728153564 ] ], [ [ -119.960814322397511, 38.912112529986601 ], [ -119.960724956152603, 38.912164666843225 ], [ -119.960724956152603, 38.912164666843225 ], [ -119.960814322397511, 38.912112529986601 ] ], [ [ -119.960942561161829, 38.911809572191046 ], [ -119.961005532654738, 38.911414825805771 ], [ -119.960899562492486, 38.911736381500489 ], [ -119.96073908063903, 38.911714182459086 ], [ -119.960944865758904, 38.911755579456887 ], [ -119.960814322397511, 38.912112529986601 ], [ -119.960942561161829, 38.911809572191046 ] ], [ [ -119.960403533213082, 38.911471210169438 ], [ -119.960311025939745, 38.911505782953057 ], [ -119.960402764885828, 38.911489207739372 ], [ -119.96073908063903, 38.911714182459086 ], [ -119.960403533213082, 38.911471210169438 ] ], [ [ -119.959866797618488, 38.911619380390967 ], [ -119.959867480699543, 38.911603382559349 ], [ -119.959845567395959, 38.911620287935548 ], [ -119.959866029151613, 38.911637377951493 ], [ -119.959842993474737, 38.91163677755295 ], [ -119.959843633868658, 38.91162177958617 ], [ -119.959822365063147, 38.911638187740657 ], [ -119.959842225001367, 38.911654775112986 ], [ -119.959819189319404, 38.911654174709525 ], [ -119.959819787025452, 38.911640176607563 ], [ -119.959694535179324, 38.911736803864535 ], [ -119.959862024417717, 38.911650823991614 ], [ -119.960153214826818, 38.911392616462301 ], [ -119.959914405871174, 38.911584586050949 ], [ -119.95989910642416, 38.911578984354982 ], [ -119.95989197202654, 38.911584488309948 ], [ -119.959913637417287, 38.91160258361235 ], [ -119.959890601750629, 38.911601983223647 ], [ -119.959891327518122, 38.911584985527092 ], [ -119.95986876971709, 38.911602388125317 ], [ -119.959889833290248, 38.911619980784593 ], [ -119.959866797618488, 38.911619380390967 ] ], [ [ -119.959327754108656, 38.91182154070102 ], [ -119.959268716529408, 38.911955393941831 ], [ -119.959294690702635, 38.911942060424892 ], [ -119.959276302304218, 38.911946322531584 ], [ -119.959327754108656, 38.91182154070102 ] ], [ [ -119.958269785128422, 38.911292037905234 ], [ -119.958288101993531, 38.911325976788874 ], [ -119.958355670944172, 38.911363773951571 ], [ -119.958269785128422, 38.911292037905234 ] ], [ [ -119.958167971042883, 38.911057879562648 ], [ -119.958183688627017, 38.911071007743594 ], [ -119.958160653169188, 38.911070407020411 ], [ -119.958160781316252, 38.911067407431503 ], [ -119.958137657587471, 38.91109805111406 ], [ -119.95815988428653, 38.911088404554093 ], [ -119.95822736718884, 38.911213442586785 ], [ -119.958177564495898, 38.91104516625628 ], [ -119.958167971042883, 38.911057879562648 ] ], [ [ -119.961993767541856, 38.909486946408784 ], [ -119.961849414756855, 38.909472890869438 ], [ -119.961806136688367, 38.909504522902786 ], [ -119.961993767541856, 38.909486946408784 ] ], [ [ -119.962128101105392, 38.90936105732645 ], [ -119.96210203217565, 38.909497487947448 ], [ -119.962102032175622, 38.909497487947448 ], [ -119.962168833796298, 38.909553280526268 ], [ -119.962128101105392, 38.90936105732645 ] ], [ [ -119.963904981901408, 38.912643458347169 ], [ -119.963867817166417, 38.912649698011379 ], [ -119.963934557345539, 38.912647715448074 ], [ -119.963904981901408, 38.912643458347169 ] ], [ [ -119.963086241578807, 38.912644666265003 ], [ -119.963075683148048, 38.91262186936369 ], [ -119.962979700354524, 38.912709458271692 ], [ -119.963086241578807, 38.912644666265003 ] ], [ [ -119.962103561484497, 38.912704660352588 ], [ -119.962042660437149, 38.912717581858381 ], [ -119.962979700354524, 38.912709458271692 ], [ -119.962103561484497, 38.912704660352588 ] ], [ [ -119.961880840074073, 38.912548080600011 ], [ -119.961923245454813, 38.912569491690896 ], [ -119.961914668289381, 38.912267318244787 ], [ -119.961903148705773, 38.912537282128902 ], [ -119.961880840074073, 38.912548080600011 ] ], [ [ -119.962015103383649, 38.91261587199466 ], [ -119.962082829223149, 38.912650067598825 ], [ -119.962113500850847, 38.912641756414509 ], [ -119.962015103383649, 38.91261587199466 ] ], [ [ -119.962181199464865, 38.912623411878926 ], [ -119.962311857791647, 38.91258800678451 ], [ -119.962224117143194, 38.912581676961331 ], [ -119.962181199464865, 38.912623411878926 ] ], [ [ -119.962815971878129, 38.912462958527698 ], [ -119.962852999922802, 38.912435895304156 ], [ -119.962906749119639, 38.91225711883893 ], [ -119.962815971878129, 38.912462958527698 ] ], [ [ -119.962195758197922, 38.91204281284157 ], [ -119.962133510285298, 38.912002754111398 ], [ -119.962548923385654, 38.911995554936873 ], [ -119.962053136976181, 38.911998778377573 ], [ -119.962195758197922, 38.91204281284157 ] ], [ [ -119.962763155764691, 38.9118389751251 ], [ -119.96307567149681, 38.911540813060576 ], [ -119.962548923385654, 38.911995554936873 ], [ -119.962763155764691, 38.9118389751251 ] ], [ [ -119.961926955674897, 38.911979356751452 ], [ -119.96193893408585, 38.912022910972716 ], [ -119.961996063173601, 38.911981156713175 ], [ -119.962005081909297, 38.911983941270414 ], [ -119.96204874371908, 38.911916070445507 ], [ -119.961926955674897, 38.911979356751452 ] ], [ [ -119.961803294392624, 38.911264914873875 ], [ -119.96180279728874, 38.911268031297965 ], [ -119.961938477433719, 38.911168864978386 ], [ -119.961961513313625, 38.911092246687652 ], [ -119.961803294392624, 38.911264914873875 ] ], [ [ -119.961761868890065, 38.911524616862039 ], [ -119.961691993846031, 38.911540814370682 ], [ -119.961802924509641, 38.911529322828173 ], [ -119.961796609198203, 38.911306825404104 ], [ -119.961761868890065, 38.911524616862039 ] ], [ [ -119.961583727693267, 38.9113758358328 ], [ -119.961269852763962, 38.911431702881572 ], [ -119.961275960366194, 38.911437445726762 ], [ -119.961600483137644, 38.911401368231068 ], [ -119.961583727693267, 38.9113758358328 ] ], [ [ -119.962037796489426, 38.909925843458105 ], [ -119.96208046001756, 38.909929184264904 ], [ -119.962075157885252, 38.909586876037203 ], [ -119.962037796489426, 38.909925843458105 ] ], [ [ -119.960059552220059, 38.910885682900961 ], [ -119.959842928339128, 38.91095542100355 ], [ -119.960072880367463, 38.910895426251223 ], [ -119.960059552220059, 38.910885682900961 ] ], [ [ -119.961494723194107, 38.910032759554497 ], [ -119.961649856031102, 38.909949940544585 ], [ -119.961598329283433, 38.909952825952068 ], [ -119.961494723194107, 38.910032759554497 ] ], [ [ -119.961189322303511, 38.910290511416818 ], [ -119.96117843360031, 38.910276779825573 ], [ -119.961171983271427, 38.910281756285094 ], [ -119.961189322303511, 38.910290511416818 ] ], [ [ -119.961213636898137, 38.910321174190166 ], [ -119.961207071955585, 38.910312895241788 ], [ -119.961067743935928, 38.910497549272186 ], [ -119.961213636898137, 38.910321174190166 ] ], [ [ -119.960628536217044, 38.910522140861154 ], [ -119.960418913355198, 38.910570731313477 ], [ -119.961067743935928, 38.910497549272186 ], [ -119.960628536217044, 38.910522140861154 ] ], [ [ -119.959574637735528, 38.910183592183564 ], [ -119.960137879052922, 38.9106715131146 ], [ -119.959605011411938, 38.910189167330699 ], [ -119.959574637735528, 38.910183592183564 ] ], [ [ -119.96194257969178, 38.912036166605091 ], [ -119.961946919700395, 38.912051947119757 ], [ -119.962062098987801, 38.912054947018262 ], [ -119.96194257969178, 38.912036166605091 ] ], [ [ -119.956944430064198, 38.910390050718604 ], [ -119.956880951670101, 38.910436441522982 ], [ -119.957036570915704, 38.910392454508909 ], [ -119.957079834300814, 38.910420887703182 ], [ -119.95721313400449, 38.910370898003279 ], [ -119.956944430064198, 38.910390050718604 ] ], [ [ -119.956803141979648, 38.910458434949085 ], [ -119.956823150190061, 38.91045277950181 ], [ -119.956899898006043, 38.91035285376676 ], [ -119.956634202858368, 38.910634203038512 ], [ -119.956803141979648, 38.910458434949085 ] ], [ [ -119.955709042977404, 38.909619093914962 ], [ -119.955932408456519, 38.909488790503538 ], [ -119.955899477785991, 38.909479923289453 ], [ -119.955709042977404, 38.909619093914962 ] ], [ [ -119.955275531885974, 38.909641574553795 ], [ -119.955376201228489, 38.909720718281434 ], [ -119.955315140483663, 38.909662865493203 ], [ -119.955709042977404, 38.909619093914962 ], [ -119.955275531885974, 38.909641574553795 ] ], [ [ -119.954561915542754, 38.909481043852267 ], [ -119.954805576287896, 38.909458233996759 ], [ -119.954770768759602, 38.909450461439697 ], [ -119.954561915542754, 38.909481043852267 ] ], [ [ -119.955754622672245, 38.908229326234043 ], [ -119.955764418357404, 38.908261597743795 ], [ -119.955767520074247, 38.908251283934199 ], [ -119.955754622672245, 38.908229326234043 ] ], [ [ -119.955613973090863, 38.908067100694076 ], [ -119.955660041956662, 38.908068303063395 ], [ -119.955629334020131, 38.908016022799544 ], [ -119.955613973090863, 38.908067100694076 ] ], [ [ -119.955386706801733, 38.907989098588715 ], [ -119.955640854701102, 38.907977714376479 ], [ -119.955681970403504, 38.90794766618226 ], [ -119.955386706801733, 38.907989098588715 ] ], [ [ -119.95581748327217, 38.907621972455622 ], [ -119.955719067248211, 38.907920555015799 ], [ -119.955759873744768, 38.907890732717654 ], [ -119.95581748327217, 38.907621972455622 ] ], [ [ -119.956008681605809, 38.907464803880295 ], [ -119.955933424094596, 38.907606980608314 ], [ -119.956140779512495, 38.907410312139881 ], [ -119.956008681605809, 38.907464803880295 ] ], [ [ -119.956143027073651, 38.907350114329986 ], [ -119.956166128506183, 38.907386269510972 ], [ -119.956173767767709, 38.907379023935654 ], [ -119.956143027073651, 38.907350114329986 ] ], [ [ -119.955912831253855, 38.906989841393461 ], [ -119.955971875271061, 38.907082249877753 ], [ -119.955958812262594, 38.907013062836256 ], [ -119.955912831253855, 38.906989841393461 ] ], [ [ -119.955607914939833, 38.90713002823599 ], [ -119.955872196899548, 38.906969320104253 ], [ -119.955845949841361, 38.90695606471899 ], [ -119.955607914939833, 38.90713002823599 ] ], [ [ -119.955184014500915, 38.90787570234658 ], [ -119.955143332668939, 38.907748517341957 ], [ -119.955154829621904, 38.907985352759056 ], [ -119.955242106931152, 38.907908202237714 ], [ -119.955184014500915, 38.90787570234658 ] ], [ [ -119.954841495457543, 38.908262328758617 ], [ -119.95484168534783, 38.90826216090344 ], [ -119.954842257872201, 38.908261271055899 ], [ -119.954841495457543, 38.908262328758617 ] ], [ [ -119.954853837202094, 38.908047258980446 ], [ -119.954935865399449, 38.908115780947057 ], [ -119.954943666008788, 38.908103656767103 ], [ -119.954868756596966, 38.907966900292145 ], [ -119.954853837202094, 38.908047258980446 ] ], [ [ -119.954771705060864, 38.907810886262958 ], [ -119.954790005972114, 38.907823130622184 ], [ -119.954768565128376, 38.907783987425994 ], [ -119.954771705060864, 38.907810886262958 ] ], [ [ -119.954575171851616, 38.907553509133919 ], [ -119.954677516849941, 38.907617765834246 ], [ -119.954562848808976, 38.9074084218705 ], [ -119.954575171851616, 38.907553509133919 ] ], [ [ -119.954476478177455, 38.907319277759036 ], [ -119.954534465201704, 38.907356603079748 ], [ -119.954531229379469, 38.907350695566521 ], [ -119.954476478177455, 38.907319277759036 ] ], [ [ -119.954483861637897, 38.906992580145804 ], [ -119.954500207632691, 38.907102679154647 ], [ -119.954562199952079, 38.906778414484698 ], [ -119.954483861637897, 38.906992580145804 ] ], [ [ -119.954316076588611, 38.906701119192974 ], [ -119.954334169244959, 38.906718408008231 ], [ -119.954562199952079, 38.906778414484698 ], [ -119.954316076588611, 38.906701119192974 ] ], [ [ -119.953793671994774, 38.906416012928482 ], [ -119.953803351996839, 38.90642409945071 ], [ -119.953816936810156, 38.906411215210625 ], [ -119.953817475705947, 38.906398616977825 ], [ -119.953824251707601, 38.906404277542123 ], [ -119.953840971467741, 38.906388420012199 ], [ -119.953841279405566, 38.906381221021853 ], [ -119.953845151406625, 38.906384455629272 ], [ -119.953865006109808, 38.906365624808103 ], [ -119.953865083093575, 38.906363825060509 ], [ -119.953866051093868, 38.906364633712165 ], [ -119.954033248168486, 38.906206058221379 ], [ -119.953984101359637, 38.906276845173068 ], [ -119.95441718283638, 38.90585573154452 ], [ -119.953746064537555, 38.906450804813602 ], [ -119.953305275452706, 38.907051890258131 ], [ -119.953670033913497, 38.906610977435861 ], [ -119.953643920389368, 38.906682365766706 ], [ -119.953748207726605, 38.906508517037729 ], [ -119.953719181278686, 38.906540190641948 ], [ -119.953769868271976, 38.906433408873717 ], [ -119.953768071921075, 38.906475402980696 ], [ -119.953792902137053, 38.906434010403387 ], [ -119.953793671994774, 38.906416012928482 ] ], [ [ -119.953976342641099, 38.906997345761823 ], [ -119.954015678978237, 38.907022666327656 ], [ -119.953643920389368, 38.906682365766706 ], [ -119.953976342641099, 38.906997345761823 ] ], [ [ -119.954414160861717, 38.905387195467036 ], [ -119.954414279071244, 38.9054055225591 ], [ -119.95445355080021, 38.905420101171565 ], [ -119.954414160861717, 38.905387195467036 ] ], [ [ -119.95460403493766, 38.90310391920643 ], [ -119.954564016789462, 38.904039789049058 ], [ -119.954649999681678, 38.903087294324095 ], [ -119.954488101321033, 38.903118910024453 ], [ -119.95460403493766, 38.90310391920643 ] ], [ [ -119.954164159990341, 38.902605959527051 ], [ -119.95465008508107, 38.903086348275757 ], [ -119.954651639651871, 38.903069126846979 ], [ -119.954164159990341, 38.902605959527051 ] ], [ [ -119.953682784115855, 38.902539336572062 ], [ -119.953658073114752, 38.902558218153601 ], [ -119.954164159990341, 38.902605959527051 ], [ -119.953682784115855, 38.902539336572062 ] ], [ [ -119.95315835894823, 38.90294004444339 ], [ -119.953162913475694, 38.90337258543893 ], [ -119.95320884909944, 38.904454840246828 ], [ -119.953164453340477, 38.903336590491243 ], [ -119.953204210564337, 38.902905009979918 ], [ -119.95315835894823, 38.90294004444339 ] ], [ [ -119.951819163285776, 38.904280293870329 ], [ -119.951820651126681, 38.904278520278318 ], [ -119.95181780662648, 38.904279386086799 ], [ -119.951819163285776, 38.904280293870329 ] ], [ [ -119.950914490294409, 38.90488146989108 ], [ -119.951035254584127, 38.904596239982922 ], [ -119.950908530460438, 38.904863191166044 ], [ -119.950881121670832, 38.904857069442151 ], [ -119.950914490294409, 38.90488146989108 ] ], [ [ -119.950742673890616, 38.904966961092754 ], [ -119.950855927737365, 38.904851442397444 ], [ -119.950817167848172, 38.904842785395289 ], [ -119.950676697758396, 38.904974563146418 ], [ -119.950742673890616, 38.904966961092754 ] ], [ [ -119.948593536563266, 38.905613446027381 ], [ -119.948945978494663, 38.905460507088463 ], [ -119.948500246543617, 38.905612273962284 ], [ -119.948593536563266, 38.905613446027381 ] ], [ [ -119.946938514328338, 38.905592641788289 ], [ -119.948035167290186, 38.905606429745951 ], [ -119.947004999034931, 38.905553862430331 ], [ -119.946938514328338, 38.905592641788289 ] ], [ [ -119.945663563156231, 38.9056334645989 ], [ -119.945783691495862, 38.905610543429702 ], [ -119.945688234944939, 38.905609479025856 ], [ -119.945663563156231, 38.9056334645989 ] ], [ [ -119.934816521854216, 38.913360110315338 ], [ -119.9348778191832, 38.913265891033738 ], [ -119.934593403740109, 38.913529012986835 ], [ -119.934816521854216, 38.913360110315338 ] ], [ [ -119.933505374409208, 38.914352643940482 ], [ -119.933852757903011, 38.9140896802448 ], [ -119.933421533660493, 38.914358602296637 ], [ -119.933505374409208, 38.914352643940482 ] ], [ [ -119.932537636050128, 38.914867721963255 ], [ -119.932726558658103, 38.914746567907436 ], [ -119.932681280810215, 38.914745377205243 ], [ -119.932537636050128, 38.914867721963255 ] ], [ [ -119.959457876496501, 38.901753094890488 ], [ -119.959639831551002, 38.901811890302753 ], [ -119.959639447423328, 38.90182088909625 ], [ -119.959658019230005, 38.901814228232091 ], [ -119.959457876496501, 38.901753094890488 ] ], [ [ -119.959369137562447, 38.902221205245539 ], [ -119.959183773261969, 38.902232425405579 ], [ -119.959344233300698, 38.902254625743396 ], [ -119.959369137562447, 38.902221205245539 ] ], [ [ -119.959177779863026, 38.902372806512759 ], [ -119.959169404749332, 38.902377693179893 ], [ -119.959177626185564, 38.902376406028267 ], [ -119.959177779863026, 38.902372806512759 ] ], [ [ -119.95767145689311, 38.899310175864386 ], [ -119.957973174182357, 38.899263991495665 ], [ -119.957602361955423, 38.89930837383276 ], [ -119.95767145689311, 38.899310175864386 ] ], [ [ -119.957657655200265, 38.899658663888012 ], [ -119.957658359929525, 38.90015666188102 ], [ -119.957705932030407, 38.900662395569654 ], [ -119.957679755367664, 38.899635665938099 ], [ -119.957657655200265, 38.899658663888012 ] ], [ [ -119.957613803697996, 38.900659992809224 ], [ -119.957613034962606, 38.900677990365871 ], [ -119.957474842449813, 38.90067438608687 ], [ -119.95747311271441, 38.900714880583941 ], [ -119.957733224615012, 38.900671215285037 ], [ -119.957705932030407, 38.900662395569654 ], [ -119.957613803697996, 38.900659992809224 ] ], [ [ -119.957573659982259, 38.900040341321557 ], [ -119.957596182691034, 38.899992881785501 ], [ -119.957602332438697, 38.899848901315615 ], [ -119.957573659982259, 38.900040341321557 ] ], [ [ -119.95748702245946, 38.900045725511951 ], [ -119.957550840889596, 38.900088425319126 ], [ -119.957563048310391, 38.900062702062421 ], [ -119.95748702245946, 38.900045725511951 ] ], [ [ -119.957387358378156, 38.900023470465221 ], [ -119.957315956387944, 38.900075660898743 ], [ -119.957282411573146, 38.900152486856683 ], [ -119.957442173614496, 38.900035710751169 ], [ -119.957387358378156, 38.900023470465221 ] ], [ [ -119.957403439835886, 38.900726576545352 ], [ -119.957443252911816, 38.90071989314405 ], [ -119.957373840856363, 38.90069977908788 ], [ -119.957403439835886, 38.900726576545352 ] ], [ [ -119.957793449915002, 38.900740987882692 ], [ -119.957809903819324, 38.900695994452576 ], [ -119.957780366368794, 38.900686449324425 ], [ -119.957793449915002, 38.900740987882692 ] ], [ [ -119.958239216825774, 38.901443961787827 ], [ -119.958229495996832, 38.901360718121474 ], [ -119.957853320444428, 38.900990556311193 ], [ -119.958239216825774, 38.901443961787827 ] ], [ [ -119.958292444290393, 38.901506500387057 ], [ -119.958627962032594, 38.901208949295913 ], [ -119.958273497193815, 38.901484238870331 ], [ -119.958292444290393, 38.901506500387057 ] ], [ [ -119.958851252816629, 38.900765968523999 ], [ -119.958783830111528, 38.900798608025049 ], [ -119.958805758871165, 38.900822491610647 ], [ -119.958851252816629, 38.900765968523999 ] ], [ [ -119.958951970787538, 38.900640832995556 ], [ -119.958943623855987, 38.900622025796594 ], [ -119.958937277206957, 38.900659088848329 ], [ -119.958951970787538, 38.900640832995556 ] ], [ [ -119.956328810083292, 38.90806773786688 ], [ -119.956466247554062, 38.908089341588848 ], [ -119.956467016782199, 38.908071344074244 ], [ -119.956328810083292, 38.90806773786688 ] ], [ [ -119.958498994666982, 38.901734961204355 ], [ -119.95849051317947, 38.901727876211076 ], [ -119.958207974960416, 38.901864649910117 ], [ -119.958498994666982, 38.901734961204355 ] ], [ [ -119.958264697875293, 38.902070960734271 ], [ -119.958194139723929, 38.902188606031629 ], [ -119.958267849156897, 38.902082422446114 ], [ -119.958264697875293, 38.902070960734271 ] ], [ [ -119.908201726658874, 38.883649582734556 ], [ -119.908378904635342, 38.883816435379231 ], [ -119.908320362089526, 38.884103163416498 ], [ -119.908400754288905, 38.884375555860494 ], [ -119.908281721817261, 38.88446248870973 ], [ -119.908287571347046, 38.884859027953503 ], [ -119.907861392160015, 38.885117994708637 ], [ -119.907707618178833, 38.885474268013773 ], [ -119.907749765879728, 38.885565472504041 ], [ -119.907487887819613, 38.885756722849031 ], [ -119.90750388527016, 38.88591930405078 ], [ -119.907665849897143, 38.885905579913434 ], [ -119.907819224629122, 38.886089819928898 ], [ -119.907809853790241, 38.886305781061708 ], [ -119.908141194550439, 38.886638877365236 ], [ -119.908126358595368, 38.886980815892763 ], [ -119.908506099527315, 38.88726114157604 ], [ -119.909890043684356, 38.887243755661807 ], [ -119.910058254019702, 38.887086053946092 ], [ -119.91006761831197, 38.88687009238344 ], [ -119.909852960413318, 38.886504057301337 ], [ -119.90985920357079, 38.886360082940861 ], [ -119.910121077944652, 38.886168827116158 ], [ -119.910155808964163, 38.885899484972271 ], [ -119.910444608171034, 38.88561885414066 ], [ -119.910726383761116, 38.885500193806493 ], [ -119.910954305262777, 38.885560281524647 ], [ -119.911283692195241, 38.885406845555899 ], [ -119.911429648823287, 38.885230535053076 ], [ -119.911364470418007, 38.885138722088165 ], [ -119.911542031471811, 38.884765055919047 ], [ -119.911434701190771, 38.884582039694543 ], [ -119.911100233245492, 38.884320939705852 ], [ -119.910804018264272, 38.884241026466945 ], [ -119.910754066186968, 38.884329791107348 ], [ -119.910501562633215, 38.884305087004485 ], [ -119.910381752501152, 38.884410018919475 ], [ -119.910246718580453, 38.884334372786526 ], [ -119.910273645519553, 38.88424499856945 ], [ -119.910364968356902, 38.884265434633029 ], [ -119.910264663864396, 38.883920446180284 ], [ -119.910571018720205, 38.883766402119598 ], [ -119.910696288172147, 38.883535492218378 ], [ -119.910683403976833, 38.883300923847962 ], [ -119.910569836922008, 38.883261881511494 ], [ -119.91089178900026, 38.882747900024533 ], [ -119.910688838820221, 38.882111914242103 ], [ -119.910458588055931, 38.882105816889869 ], [ -119.91041643857217, 38.882014613274798 ], [ -119.91084258976575, 38.881755635924414 ], [ -119.910871854791296, 38.881612270984341 ], [ -119.911149713781498, 38.881583593033383 ], [ -119.911340523661408, 38.88090398045609 ], [ -119.911253884059917, 38.880775564294559 ], [ -119.910842560226513, 38.880692603736897 ], [ -119.910555721051296, 38.880396728525724 ], [ -119.910099131542793, 38.880294549202468 ], [ -119.909836101670692, 38.879981285376893 ], [ -119.909720979810587, 38.87997823605626 ], [ -119.909576975440601, 38.879578036981329 ], [ -119.909062245768666, 38.87922206885461 ], [ -119.90833171915844, 38.879058572347802 ], [ -119.907676896591411, 38.879275444873663 ], [ -119.907354559273585, 38.879266900659907 ], [ -119.906793014626359, 38.878927699147098 ], [ -119.907011540749778, 38.879203754852931 ], [ -119.906987332171937, 38.879761654658708 ], [ -119.907024790480719, 38.879960839912712 ], [ -119.907136007511568, 38.880053875733459 ], [ -119.907114922867393, 38.88053978845759 ], [ -119.907349451547958, 38.880978425028601 ], [ -119.907341642760755, 38.881158392717829 ], [ -119.907145731181558, 38.881423461166655 ], [ -119.907434121228377, 38.881683350777763 ], [ -119.907331870035136, 38.8819148673116 ], [ -119.907504356634121, 38.882189701671756 ], [ -119.907491862626628, 38.882477649953586 ], [ -119.907823966029355, 38.882792749788884 ], [ -119.908251681310873, 38.883560819289343 ], [ -119.908201726658874, 38.883649582734556 ] ], [ [ -119.912427919734384, 38.876554512974892 ], [ -119.912596097869724, 38.876396806091968 ], [ -119.912920761844646, 38.876351344677666 ], [ -119.912972263675684, 38.87622658490799 ], [ -119.912943362447919, 38.875829435179526 ], [ -119.912720145848951, 38.875661371204629 ], [ -119.912756418028138, 38.875356033504922 ], [ -119.912647896680127, 38.874668496779279 ], [ -119.912727875619893, 38.874418368119194 ], [ -119.912551488298817, 38.874233525513624 ], [ -119.912650592760301, 38.874073990522803 ], [ -119.912589318776497, 38.87389219404195 ], [ -119.912183488474483, 38.873683261553346 ], [ -119.911539227693211, 38.873125683817769 ], [ -119.910411920671493, 38.873077819597015 ], [ -119.91003264649251, 38.873320020381406 ], [ -119.909974902004208, 38.873588753477307 ], [ -119.909905055039701, 38.873604921067304 ], [ -119.909938619365832, 38.873894089941096 ], [ -119.90986019157441, 38.874108222665122 ], [ -119.909989746244264, 38.874309846396798 ], [ -119.910092781330633, 38.875123362403926 ], [ -119.910337452737764, 38.875328034471018 ], [ -119.910333552907431, 38.875418018657747 ], [ -119.910826799755185, 38.875737377218229 ], [ -119.911064457170767, 38.876104019528398 ], [ -119.91122561923342, 38.876108286336375 ], [ -119.911737220317377, 38.876536232027505 ], [ -119.912427919734384, 38.876554512974892 ] ], [ [ -119.958055855795251, 38.898869104974374 ], [ -119.958083746532793, 38.898834452235519 ], [ -119.958168100805366, 38.898951880790122 ], [ -119.958107546595457, 38.898817055245551 ], [ -119.958122769914738, 38.898816133851739 ], [ -119.958082970963872, 38.898789504979213 ], [ -119.958055855795251, 38.898869104974374 ] ], [ [ -119.958565315738312, 38.900718588303953 ], [ -119.958465991192469, 38.900682215574186 ], [ -119.958285332345454, 38.900694396504385 ], [ -119.958565315738312, 38.900718588303953 ] ], [ [ -119.95785376694873, 38.900710168954618 ], [ -119.957819651179847, 38.900699144343292 ], [ -119.957818786409717, 38.900719391598265 ], [ -119.95785376694873, 38.900710168954618 ] ], [ [ -119.957563818644317, 38.90041319925561 ], [ -119.95758834213926, 38.900493990711198 ], [ -119.957577733184124, 38.900424823168905 ], [ -119.957563818644317, 38.90041319925561 ] ], [ [ -119.959808315332609, 38.901860135694015 ], [ -119.959719998988817, 38.901833159780551 ], [ -119.95972965684652, 38.901868284289314 ], [ -119.959808315332609, 38.901860135694015 ] ], [ [ -119.954153543679155, 38.909982880868853 ], [ -119.954007477250357, 38.910043129097026 ], [ -119.95414722721614, 38.910010743265801 ], [ -119.954153543679155, 38.909982880868853 ] ], [ [ -119.954010971125754, 38.910332902148035 ], [ -119.953646551844841, 38.910394054829787 ], [ -119.954011020763204, 38.910337018979995 ], [ -119.954010971125754, 38.910332902148035 ] ], [ [ -119.953345150933345, 38.910912874913272 ], [ -119.953325387494161, 38.910998347302652 ], [ -119.953439168916489, 38.910929165508627 ], [ -119.953459680389102, 38.910776699593725 ], [ -119.953368522810038, 38.910963355430326 ], [ -119.953345150933345, 38.910912874913272 ] ], [ [ -119.953311213278823, 38.911059647419698 ], [ -119.953281422151989, 38.911188486569813 ], [ -119.953337786502175, 38.91114272828905 ], [ -119.953311213278823, 38.911059647419698 ] ], [ [ -119.953216837911413, 38.911240917895739 ], [ -119.953146584720031, 38.911201614456495 ], [ -119.953147342293306, 38.911281894315138 ], [ -119.953146657711557, 38.911297892047635 ], [ -119.953216837911413, 38.911240917895739 ] ], [ [ -119.947384329517377, 38.913086936344456 ], [ -119.947347572566727, 38.913096002679779 ], [ -119.947373507908367, 38.913094842920749 ], [ -119.947384329517377, 38.913086936344456 ] ], [ [ -119.94549571615579, 38.913309640341147 ], [ -119.9454269140723, 38.913314144702291 ], [ -119.94505061704956, 38.913484464918803 ], [ -119.94549571615579, 38.913309640341147 ] ], [ [ -119.953590152404288, 38.904802500075064 ], [ -119.953878457356879, 38.90506536408261 ], [ -119.953743170731727, 38.904901217260722 ], [ -119.953857567785761, 38.904922222271807 ], [ -119.953590152404288, 38.904802500075064 ] ], [ [ -119.953330487598606, 38.908079550580538 ], [ -119.953234499830415, 38.908167131286511 ], [ -119.953212555672522, 38.908258212715836 ], [ -119.953352751971693, 38.908098149680569 ], [ -119.953397656632632, 38.908111162657896 ], [ -119.95339658327282, 38.908094310918351 ], [ -119.953330487598606, 38.908079550580538 ] ], [ [ -119.95325837094525, 38.907609209988287 ], [ -119.953277315917802, 38.907621885720268 ], [ -119.953356667880414, 38.907467636831264 ], [ -119.95325837094525, 38.907609209988287 ] ], [ [ -119.95324226696377, 38.907446631178075 ], [ -119.953175474548104, 38.907390833825957 ], [ -119.95321461258672, 38.907554014298306 ], [ -119.95324226696377, 38.907446631178075 ] ], [ [ -119.952845364611406, 38.907021859262223 ], [ -119.952837539554608, 38.907054337889534 ], [ -119.95285710618235, 38.907023484347768 ], [ -119.952842483701062, 38.907005742549821 ], [ -119.952845364611406, 38.907021859262223 ] ], [ [ -119.95263049826859, 38.906115367313113 ], [ -119.952619716201781, 38.906367331695726 ], [ -119.952699987295702, 38.906493758560607 ], [ -119.95263049826859, 38.906115367313113 ] ], [ [ -119.950959550444779, 38.904914419603415 ], [ -119.951042107185856, 38.904974788142098 ], [ -119.951109006840639, 38.904957735817163 ], [ -119.950959550444779, 38.904914419603415 ] ], [ [ -119.953940463930394, 38.905140597997146 ], [ -119.953930959743275, 38.905129066373618 ], [ -119.953352189667385, 38.905493308105669 ], [ -119.953512773706152, 38.905435727649028 ], [ -119.953940463930394, 38.905140597997146 ] ], [ [ -119.953184914362993, 38.905553287501085 ], [ -119.953233454642742, 38.905535882597 ], [ -119.953172268859561, 38.905478716089632 ], [ -119.953184914362993, 38.905553287501085 ] ], [ [ -119.952448682211497, 38.904975509914323 ], [ -119.952654442315293, 38.905016920614941 ], [ -119.952434310787652, 38.904947782457093 ], [ -119.952448682211497, 38.904975509914323 ] ], [ [ -119.952293610233255, 38.904827317751362 ], [ -119.952324353089736, 38.90482019324633 ], [ -119.95228436920975, 38.904761011853893 ], [ -119.952293610233255, 38.904827317751362 ] ], [ [ -119.951838007896441, 38.904292903390072 ], [ -119.952258326396318, 38.90457414977552 ], [ -119.951924382144881, 38.904295160428497 ], [ -119.951838007896441, 38.904292903390072 ] ], [ [ -119.952821490763668, 38.907579780402031 ], [ -119.952908866762542, 38.907585666449151 ], [ -119.9527332046911, 38.907487386161932 ], [ -119.952821490763668, 38.907579780402031 ] ], [ [ -119.953131566716792, 38.909292793083196 ], [ -119.9532343653173, 38.909248182130447 ], [ -119.953304579821506, 38.909476558741325 ], [ -119.953278894713591, 38.909285380384233 ], [ -119.9532351353933, 38.909230184673554 ], [ -119.953140686070697, 38.909281770308944 ], [ -119.953125963921309, 38.909016605789446 ], [ -119.953128546774721, 38.909290270326139 ], [ -119.953131566716792, 38.909292793083196 ] ], [ [ -119.953123408696314, 38.908745873736862 ], [ -119.9531573902171, 38.90848718127522 ], [ -119.953122340133348, 38.908632658511841 ], [ -119.953123408696314, 38.908745873736862 ] ], [ [ -119.953433075124451, 38.910532619831415 ], [ -119.953383475247264, 38.910747130268824 ], [ -119.953529836076157, 38.910427041652625 ], [ -119.953433075124451, 38.910532619831415 ] ], [ [ -119.955672465706215, 38.910046833392116 ], [ -119.95564758350487, 38.909977841438845 ], [ -119.955567476486223, 38.909901943697825 ], [ -119.955672465706215, 38.910046833392116 ] ], [ [ -119.956697154783157, 38.910779986164151 ], [ -119.956601936385638, 38.91084957211968 ], [ -119.956569462219818, 38.910842628637312 ], [ -119.956614076922207, 38.910885256727461 ], [ -119.956697154783157, 38.910779986164151 ] ], [ [ -119.956388649397852, 38.910803967852267 ], [ -119.95613425657919, 38.910749573902301 ], [ -119.956144307007733, 38.910765560606251 ], [ -119.956388649397852, 38.910803967852267 ] ], [ [ -119.959536670489442, 38.912768405552939 ], [ -119.959468999395398, 38.912834207510222 ], [ -119.959483657710578, 38.912859159048317 ], [ -119.959536670489442, 38.912768405552939 ] ], [ [ -119.959559294773172, 38.91298790896068 ], [ -119.959629047013465, 38.91310664125848 ], [ -119.9596210290361, 38.913054381458338 ], [ -119.959559294773172, 38.91298790896068 ] ], [ [ -119.958038555660664, 38.911229381119739 ], [ -119.958420257148973, 38.911618625668517 ], [ -119.958195959827876, 38.911323573938162 ], [ -119.958038555660664, 38.911229381119739 ] ], [ [ -119.95608331805397, 38.912510287975756 ], [ -119.95616412540015, 38.912459729973357 ], [ -119.956178723729863, 38.912356614624251 ], [ -119.95608331805397, 38.912510287975756 ] ], [ [ -119.956197163650927, 38.912226363649694 ], [ -119.956236441209086, 38.912223020708943 ], [ -119.95619748761294, 38.912218785756082 ], [ -119.956197163650927, 38.912226363649694 ] ], [ [ -119.956335052938272, 38.912214627734919 ], [ -119.956521203420749, 38.912198783988288 ], [ -119.956597979594576, 38.912133355133292 ], [ -119.956335052938272, 38.912214627734919 ] ], [ [ -119.954022688687758, 38.911304756297724 ], [ -119.954017618312065, 38.910884213921712 ], [ -119.953999653243628, 38.911304154750546 ], [ -119.954295264742299, 38.911401961850657 ], [ -119.954022688687758, 38.911304756297724 ] ], [ [ -119.95399811336317, 38.911340149677038 ], [ -119.954078706347232, 38.911612517804464 ], [ -119.953999653243628, 38.911304154750546 ], [ -119.95399811336317, 38.911340149677038 ] ], [ [ -119.954479053207564, 38.912104532067069 ], [ -119.954403453643963, 38.912107472011492 ], [ -119.954377338465008, 38.912178860397404 ], [ -119.954479053207564, 38.912104532067069 ] ], [ [ -119.953988040972476, 38.912114642094508 ], [ -119.954012715169199, 38.912050214730151 ], [ -119.953930558409411, 38.912116912080023 ], [ -119.953941969562791, 38.912113438961029 ], [ -119.954377338465008, 38.912178860397404 ], [ -119.953988040972476, 38.912114642094508 ] ], [ [ -119.954091886831733, 38.911843486874417 ], [ -119.954095595596627, 38.911833802756966 ], [ -119.954092271797165, 38.911834488142865 ], [ -119.954091886831733, 38.911843486874417 ] ], [ [ -119.954101622337248, 38.911818066065671 ], [ -119.954117848163165, 38.911775698048359 ], [ -119.954026475719061, 38.911755294420892 ], [ -119.954101622337248, 38.911818066065671 ] ], [ [ -119.953388342744944, 38.912116997394286 ], [ -119.953822171006124, 38.91221841579425 ], [ -119.953778409596509, 38.912163220222119 ], [ -119.953795402849806, 38.912158048154176 ], [ -119.953388342744944, 38.912116997394286 ] ], [ [ -119.953254749490441, 38.91200540253854 ], [ -119.953222540924401, 38.91168024504541 ], [ -119.953244292955489, 38.911686748422696 ], [ -119.953233322902491, 38.911428280750997 ], [ -119.953193919191833, 38.911735146609153 ], [ -119.953254749490441, 38.91200540253854 ] ], [ [ -119.953144877796433, 38.911339486151896 ], [ -119.953141951197267, 38.911407876457126 ], [ -119.953233322902491, 38.911428280750997 ], [ -119.953144877796433, 38.911339486151896 ] ], [ [ -119.909925273914922, 38.936378168515375 ], [ -119.910183432781295, 38.936276904669562 ], [ -119.91011821364124, 38.93618508985702 ], [ -119.909957697613351, 38.936162819372704 ], [ -119.909457385047631, 38.936527925843464 ], [ -119.909424177697289, 38.936761271399391 ], [ -119.909954942078258, 38.936757319136817 ], [ -119.909986584179521, 38.936559966643749 ], [ -119.910104142677014, 38.936509029471985 ], [ -119.909944407696145, 38.936468762297743 ], [ -119.909925273914922, 38.936378168515375 ] ] ], [ [ [ -119.999874512342402, 38.854205538226012 ], [ -119.999875269153804, 38.854187539823457 ], [ -119.999897530332746, 38.854206129995781 ], [ -119.999874512342402, 38.854205538226012 ] ] ], [ [ [ -120.005519095384685, 38.857521664824091 ], [ -120.0054945652371, 38.857557071089829 ], [ -120.005496076206995, 38.857521074120072 ], [ -120.005519095384685, 38.857521664824091 ] ] ], [ [ [ -119.998381211486588, 38.857932867883967 ], [ -119.998426492530399, 38.857952050469464 ], [ -119.998380454197459, 38.85795086625027 ], [ -119.998381211486588, 38.857932867883967 ] ] ], [ [ [ -119.998810399176961, 38.859781727152409 ], [ -119.998811156407157, 38.859763728784678 ], [ -119.998833418942439, 38.859782319202836 ], [ -119.998810399176961, 38.859781727152409 ] ] ], [ [ [ -119.999538255535981, 38.860557194333332 ], [ -119.999515235505783, 38.860556602411975 ], [ -119.999515992579248, 38.86053860403495 ], [ -119.999538255535981, 38.860557194333332 ] ] ], [ [ [ -120.001465887811037, 38.860750886827063 ], [ -120.001488151363205, 38.86076947677531 ], [ -120.001465131223412, 38.860768885235572 ], [ -120.001465887811037, 38.860750886827063 ] ] ], [ [ [ -119.979397753547772, 38.888829928189914 ], [ -119.979374724822193, 38.888829331937004 ], [ -119.979375487741606, 38.888811333980826 ], [ -119.979397753547772, 38.888829928189914 ] ] ], [ [ [ -119.979350933171375, 38.888846733635241 ], [ -119.979351696097282, 38.88882873567956 ], [ -119.979373961902084, 38.888847329893082 ], [ -119.979350933171375, 38.888846733635241 ] ] ], [ [ [ -119.978182454644184, 38.92888775051582 ], [ -119.978141721597268, 38.928760571815907 ], [ -119.977743899061977, 38.928894404442815 ], [ -119.977515011662618, 38.92885243771525 ], [ -119.977472750867534, 38.92876125443221 ], [ -119.977611000422669, 38.928764837199836 ], [ -119.977730794932626, 38.928659835881049 ], [ -119.977670843438517, 38.928442070931752 ], [ -119.977815971915476, 38.928283673167577 ], [ -119.977706115607319, 38.928154703125266 ], [ -119.977779061771599, 38.928066505326676 ], [ -119.977737565431937, 38.927957324325881 ], [ -119.977880399630195, 38.927852919854672 ], [ -119.978154602470156, 38.927914077567188 ], [ -119.97820527080313, 38.927807284653611 ], [ -119.978366559902014, 38.927811463435717 ], [ -119.978500986715332, 38.927905034177456 ], [ -119.97848340983829, 38.928318984041091 ], [ -119.97861936610569, 38.928376559042505 ], [ -119.978658571480665, 38.928539733251263 ], [ -119.978770722593467, 38.92861470901132 ], [ -119.978458954451412, 38.928894914226056 ], [ -119.978182454644184, 38.92888775051582 ] ] ], [ [ [ -119.978809630587705, 38.930958006971203 ], [ -119.978973983581326, 38.9308901939227 ], [ -119.979086138592606, 38.93096516951374 ], [ -119.979082317885698, 38.931055158618967 ], [ -119.978809630587705, 38.930958006971203 ] ] ], [ [ [ -119.978549513969583, 38.932194483584396 ], [ -119.978664727599039, 38.93219746839241 ], [ -119.978587956413463, 38.932375655610443 ], [ -119.978697820398565, 38.932504625063856 ], [ -119.978604884789945, 38.932520235045374 ], [ -119.978400556759027, 38.932442870945259 ], [ -119.978403614166339, 38.932370879723663 ], [ -119.978472742503882, 38.932372670715267 ], [ -119.978549513969583, 38.932194483584396 ] ] ], [ [ [ -119.976575686865758, 38.93304421057428 ], [ -119.976571097868685, 38.933152197211385 ], [ -119.976478925906349, 38.933149807672066 ], [ -119.976532937342682, 38.933467614551418 ], [ -119.97697287131983, 38.933468911481093 ], [ -119.977152627980217, 38.933581676426904 ], [ -119.977250153276998, 38.933458080977111 ], [ -119.977482878202707, 38.933410059845464 ], [ -119.977753279033465, 38.933561208237784 ], [ -119.97792146162837, 38.933403408013717 ], [ -119.977950620666007, 38.933260022763982 ], [ -119.978224844128334, 38.93332118109393 ], [ -119.978221786436706, 38.9333931722919 ], [ -119.978057426852743, 38.933460983995907 ], [ -119.977745739978118, 38.934281716985538 ], [ -119.977462545304789, 38.93551759216939 ], [ -119.977254386618284, 38.935530214691745 ], [ -119.977195298411843, 38.935834982320536 ], [ -119.977033226523389, 38.93584879897324 ], [ -119.97702787296538, 38.93597478337557 ], [ -119.976730596739571, 38.935913024509524 ], [ -119.976795139282075, 38.936022803234195 ], [ -119.976742932465029, 38.936165590620398 ], [ -119.976903475443933, 38.936187769940801 ], [ -119.97691275241371, 38.936512327121754 ], [ -119.976725340190768, 38.936579539224937 ], [ -119.97664549911876, 38.936829715719028 ], [ -119.976251453047325, 38.93687355239215 ], [ -119.97621607500561, 38.936620388832331 ], [ -119.97601097328392, 38.936561017978164 ], [ -119.976086990976725, 38.936400830759304 ], [ -119.975972535895082, 38.936379845385297 ], [ -119.975975596186387, 38.936307854373837 ], [ -119.975814288199814, 38.936303671526602 ], [ -119.975787418606288, 38.936393062707708 ], [ -119.975533934383165, 38.936386489141498 ], [ -119.975589204451765, 38.936171711417259 ], [ -119.975342608099069, 38.936003157763906 ], [ -119.975203579522741, 38.936017569494624 ], [ -119.975011575338314, 38.936192765266668 ], [ -119.97496931406377, 38.936101581128895 ], [ -119.974784197420362, 38.936114796879629 ], [ -119.974648995560258, 38.936039219272786 ], [ -119.974502312442254, 38.936233607458036 ], [ -119.97427493502002, 38.93615563809481 ], [ -119.974225785150793, 38.936226433247796 ], [ -119.973947726794094, 38.936255253822537 ], [ -119.973834803933244, 38.936198270946143 ], [ -119.973738800088498, 38.936285867670165 ], [ -119.973420013494973, 38.936187507021742 ], [ -119.973107354145995, 38.935945163886061 ], [ -119.973073519186343, 38.935656004387802 ], [ -119.972959832187641, 38.935617018429951 ], [ -119.972853803710706, 38.935398055330879 ], [ -119.972534256487137, 38.93531769015469 ], [ -119.972452805123751, 38.935063329548612 ], [ -119.972547276930754, 38.935011729265597 ], [ -119.972654002552915, 38.93467216566463 ], [ -119.972889031428153, 38.934570160881542 ], [ -119.972778409562025, 38.934459183989233 ], [ -119.972908176318953, 38.93412021818537 ], [ -119.972746107917558, 38.934134029001605 ], [ -119.9727990866987, 38.933973245916007 ], [ -119.972718401425979, 38.933700887761368 ], [ -119.972558631557959, 38.933660705238566 ], [ -119.972562460863742, 38.933570716716183 ], [ -119.972424202624296, 38.933567127599943 ], [ -119.972477181617734, 38.933406344659389 ], [ -119.97236349850121, 38.933367358263133 ], [ -119.972292071820632, 38.933419556717546 ], [ -119.972249049583027, 38.933346369460871 ], [ -119.972298199187989, 38.933275575110528 ], [ -119.972435690961618, 38.933297162057016 ], [ -119.97230049693944, 38.933221582006773 ], [ -119.972351178202359, 38.933114792223066 ], [ -119.972284347286006, 38.933059004473336 ], [ -119.97249632831651, 38.932956402044837 ], [ -119.97240875223828, 38.932846023073452 ], [ -119.972573881065159, 38.932760221780669 ], [ -119.972511645367334, 38.932596447922471 ], [ -119.972811200858374, 38.932604223748221 ], [ -119.972897245804361, 38.932750597859759 ], [ -119.973011694007781, 38.932771585996711 ], [ -119.973066968095566, 38.932556809545446 ], [ -119.973275883947693, 38.932526196460699 ], [ -119.973311250374167, 38.932779360568446 ], [ -119.973702978104754, 38.932789526158146 ], [ -119.973722193189687, 38.932880112724412 ], [ -119.974160772771341, 38.932873474929494 ], [ -119.974249882520056, 38.932947857224214 ], [ -119.974250170211434, 38.932959451386331 ], [ -119.974610066867783, 38.932614867103794 ], [ -119.975160798163998, 38.932683205191545 ], [ -119.975555586349429, 38.932621373524618 ], [ -119.975643167213818, 38.932731750318247 ], [ -119.975716885956174, 38.932625556399252 ], [ -119.975854377786703, 38.932647139305587 ], [ -119.975893578471059, 38.932810314182696 ], [ -119.976074861621314, 38.932887085139704 ], [ -119.976560292240762, 38.932863635468351 ], [ -119.976627126498812, 38.932919420893668 ], [ -119.976690901659879, 38.933047197384823 ], [ -119.976575686865758, 38.93304421057428 ] ], [ [ -119.976049617797059, 38.93348101135458 ], [ -119.976047322866989, 38.933535004643147 ], [ -119.976161464677332, 38.933479753464958 ], [ -119.976049617797059, 38.93348101135458 ] ], [ [ -119.975796143878682, 38.933474438767952 ], [ -119.975748274921344, 38.933480172016118 ], [ -119.976047322866989, 38.933535004643147 ], [ -119.975796143878682, 38.933474438767952 ] ] ], [ [ [ -119.963944509459708, 38.898734886652939 ], [ -119.963945276543626, 38.898716888984438 ], [ -119.963967541055354, 38.898735486076291 ], [ -119.963944509459708, 38.898734886652939 ] ] ], [ [ [ -119.965513877922206, 38.901406295588011 ], [ -119.965536143658682, 38.901424892422902 ], [ -119.965513111160703, 38.901424293274395 ], [ -119.965513877922206, 38.901406295588011 ] ] ], [ [ [ -119.965535376902295, 38.901442890109621 ], [ -119.965536143658682, 38.901424892422902 ], [ -119.965558409406711, 38.901443489253985 ], [ -119.965535376902295, 38.901442890109621 ] ] ], [ [ [ -119.959033262530454, 38.903057311732717 ], [ -119.959055526980507, 38.903075909753881 ], [ -119.959032494087708, 38.903075309305706 ], [ -119.959033262530454, 38.903057311732717 ] ] ], [ [ [ -119.961761896560418, 38.904497751863168 ], [ -119.961738863150302, 38.904497151930585 ], [ -119.961718900953628, 38.904424561539052 ], [ -119.961761896560418, 38.904497751863168 ] ] ], [ [ [ -119.954575171851616, 38.907553509133919 ], [ -119.954576711232789, 38.907517514164716 ], [ -119.954599745465515, 38.907518115549195 ], [ -119.954575171851616, 38.907553509133919 ] ] ], [ [ [ -119.959221822168999, 38.911062040488233 ], [ -119.959222590782787, 38.911044042936695 ], [ -119.959244857646837, 38.911062641001941 ], [ -119.959221822168999, 38.911062040488233 ] ] ], [ [ [ -119.959267124522484, 38.911081239063321 ], [ -119.959244089038179, 38.91108063855377 ], [ -119.959244857646837, 38.911062641001941 ], [ -119.959267124522484, 38.911081239063321 ] ] ], [ [ [ -119.959266355918913, 38.911099236615456 ], [ -119.959267124522484, 38.911081239063321 ], [ -119.959289391409726, 38.911099837120865 ], [ -119.959266355918913, 38.911099236615456 ] ] ], [ [ [ -119.961470656799662, 38.923210442245306 ], [ -119.961492927879974, 38.923229040023585 ], [ -119.961469888420368, 38.923228439796844 ], [ -119.961470656799662, 38.923210442245306 ] ] ], [ [ [ -119.945003610837702, 38.858115166977761 ], [ -119.945025858176905, 38.858133767088191 ], [ -119.945002840089273, 38.858133164454252 ], [ -119.945003610837702, 38.858115166977761 ] ] ], [ [ [ -119.944287225935057, 38.892041596442041 ], [ -119.944287997796636, 38.892023599082243 ], [ -119.944310254947482, 38.892042199656146 ], [ -119.944287225935057, 38.892041596442041 ] ] ], [ [ [ -119.880607493823007, 38.902103486227894 ], [ -119.88062973649231, 38.902122098381064 ], [ -119.880606705608329, 38.90212148247501 ], [ -119.880607493823007, 38.902103486227894 ] ] ], [ [ [ -119.953697873834756, 38.904882016738739 ], [ -119.953698643673874, 38.9048640192606 ], [ -119.95372090719701, 38.904882618262583 ], [ -119.953697873834756, 38.904882016738739 ] ] ], [ [ [ -119.953720137363007, 38.904900615741013 ], [ -119.95372090719701, 38.904882618262583 ], [ -119.953743170731727, 38.904901217260722 ], [ -119.953720137363007, 38.904900615741013 ] ] ], [ [ [ -119.953695377495123, 38.906557586569249 ], [ -119.953696147380853, 38.906539589096376 ], [ -119.953718411398754, 38.90655818811522 ], [ -119.953695377495123, 38.906557586569249 ] ] ], [ [ [ -119.95369460760871, 38.906575584042052 ], [ -119.953671573700007, 38.906574982491186 ], [ -119.953672343592231, 38.906556985018753 ], [ -119.95369460760871, 38.906575584042052 ] ] ] ] } }
]
}
