{
"type": "FeatureCollection",
"name": "X04793",
"crs": { "type": "name", "properties": { "name": "urn:ogc:def:crs:OGC:1.3:CRS84" } },
"features": [
{ "type": "Feature", "properties": { "part": "direct", "crossing_id": "X04793", "area_ac": 10042.6, "n_upstream": null }, "geometry": { "type": "MultiPolygon", "coordinates": [ [ [ [ -120.014394284348541, 38.801244733434778 ], [ -120.014416533871369, 38.801263320477865 ], [ -120.014393532617575, 38.801262732239778 ], [ -120.014394284348541, 38.801244733434778 ] ] ], [ [ [ -120.014372034837251, 38.801226146387897 ], [ -120.014394284348541, 38.801244733434778 ], [ -120.014371283101198, 38.801244145192534 ], [ -120.014372034837251, 38.801226146387897 ] ] ], [ [ [ -120.014349785337515, 38.801207559337115 ], [ -120.014372034837251, 38.801226146387897 ], [ -120.014349033596318, 38.801225558141518 ], [ -120.014349785337515, 38.801207559337115 ] ] ], [ [ [ -120.04763075369172, 38.784828592853444 ], [ -120.047606271144616, 38.784864010155708 ], [ -120.047607757025972, 38.784828011359522 ], [ -120.04763075369172, 38.784828592853444 ] ] ], [ [ [ -120.00584170843365, 38.704628813269949 ], [ -120.006464154316618, 38.704590709482467 ], [ -120.00693300796101, 38.704927050152037 ], [ -120.007186431176336, 38.704915524227559 ], [ -120.007679762429689, 38.705216452563583 ], [ -120.008010803446311, 38.705549259106895 ], [ -120.008001794187919, 38.705765247044667 ], [ -120.008109889908511, 38.705930179379124 ], [ -120.008775738306795, 38.70650579452289 ], [ -120.009277342484097, 38.706608727638475 ], [ -120.010009868672995, 38.707240097506165 ], [ -120.01087901691929, 38.707352430005649 ], [ -120.011344909699261, 38.707760750527427 ], [ -120.011504208219122, 38.7078008620867 ], [ -120.012208546447994, 38.708557625034693 ], [ -120.012262465170039, 38.708919368606622 ], [ -120.012335128810363, 38.708831135771412 ], [ -120.012636008287799, 38.708784775356868 ], [ -120.013486705786491, 38.708788507492059 ], [ -120.013675724436922, 38.708667211768464 ], [ -120.01380980669812, 38.708760730337289 ], [ -120.014040271799018, 38.708748602852154 ], [ -120.014402572297115, 38.708883990099835 ], [ -120.014547145007214, 38.708725520590789 ], [ -120.014756885868181, 38.708658807357089 ], [ -120.014736910964132, 38.708586223974478 ], [ -120.014761380812814, 38.708550812776558 ], [ -120.014823553120934, 38.708714565614869 ], [ -120.015096215811027, 38.708793605490413 ], [ -120.015161385332135, 38.70888536177393 ], [ -120.016123948363244, 38.708964005732099 ], [ -120.017266311972122, 38.70969588942247 ], [ -120.017790924728999, 38.709799373796677 ], [ -120.018182196958719, 38.709791343025906 ], [ -120.018457636673233, 38.710356938766353 ], [ -120.019762883154002, 38.711597466527117 ], [ -120.020076272724154, 38.711803661689139 ], [ -120.0206481383306, 38.712430868116179 ], [ -120.020828930520892, 38.712507551793607 ], [ -120.020934822541989, 38.712726471221146 ], [ -120.021425276517419, 38.713099342312994 ], [ -120.021594857741491, 38.713446012796346 ], [ -120.023244071384028, 38.714713290087197 ], [ -120.023331483058016, 38.7148236269786 ], [ -120.023344554687597, 38.715616763313207 ], [ -120.023540113235242, 38.715892019976529 ], [ -120.02383354650955, 38.716025623849738 ], [ -120.02414173797807, 38.716357803770848 ], [ -120.024025004100011, 38.717507998302558 ], [ -120.02410644370282, 38.717762328523015 ], [ -120.024528023428402, 38.718133432468917 ], [ -120.024679136980836, 38.718371518711834 ], [ -120.025259307843925, 38.718800714051113 ], [ -120.025271827733164, 38.71905328843188 ], [ -120.025102039868599, 38.71926518370261 ], [ -120.024950566240335, 38.720144220428587 ], [ -120.025636669477535, 38.720792330883768 ], [ -120.025786298396298, 38.721066414444522 ], [ -120.026079010139384, 38.721218012819151 ], [ -120.026222668548286, 38.721636089855949 ], [ -120.028538310835089, 38.723478824478434 ], [ -120.02888072175179, 38.723541588938723 ], [ -120.029332049337782, 38.723751268382578 ], [ -120.029903483887011, 38.723837872220336 ], [ -120.030148025250355, 38.724042290585999 ], [ -120.030510434892577, 38.724177631805681 ], [ -120.031195268191851, 38.724303148562797 ], [ -120.03130568019364, 38.724414064236541 ], [ -120.031811173241096, 38.7244269098844 ], [ -120.031877868276169, 38.724482659379326 ], [ -120.031858490571864, 38.724950641887922 ], [ -120.032010387292658, 38.725170720606009 ], [ -120.03199995340924, 38.725422711193858 ], [ -120.032418637640788, 38.72586578694434 ], [ -120.032573396086576, 38.726572430778333 ], [ -120.033167717458426, 38.727218166562814 ], [ -120.0332958997014, 38.727455659607308 ], [ -120.033260256355973, 38.727761064815034 ], [ -120.033541092148198, 38.728200635514639 ], [ -120.033593637671544, 38.728598371719855 ], [ -120.033744801948657, 38.728836447922752 ], [ -120.033942442234093, 38.730174818021482 ], [ -120.034142548055485, 38.730342063438421 ], [ -120.034201801569026, 38.730577805317857 ], [ -120.03429572922559, 38.73164326744687 ], [ -120.034473605239924, 38.731791929657348 ], [ -120.034466156898603, 38.731971923133571 ], [ -120.034619564962398, 38.732156000435957 ], [ -120.034588282613385, 38.732911973043436 ], [ -120.03480318442594, 38.733277793852515 ], [ -120.035053728766826, 38.733338208674482 ], [ -120.03560663295309, 38.73387477169593 ], [ -120.036057300586734, 38.73410242752972 ], [ -120.036095816025522, 38.734283587453092 ], [ -120.037157934136204, 38.735301538335762 ], [ -120.038492214571775, 38.735857905986059 ], [ -120.03911410666359, 38.736396201999206 ], [ -120.039519583303573, 38.736604680900086 ], [ -120.040209014372721, 38.736622153321839 ], [ -120.040710880562457, 38.736724961024116 ], [ -120.0411400884675, 38.736916017353138 ], [ -120.041519620252757, 38.737195905240846 ], [ -120.041706442962436, 38.737128564067426 ], [ -120.042166067875428, 38.737140204333443 ], [ -120.042378100090403, 38.737019445641799 ], [ -120.043043812872057, 38.737054319041505 ], [ -120.044350810713482, 38.736600906151622 ], [ -120.044313722246301, 38.736942314984255 ], [ -120.0445968873033, 38.737327864094901 ], [ -120.044847455210757, 38.737388258740985 ], [ -120.045000901550011, 38.737572323759004 ], [ -120.045456077300344, 38.737691948236673 ], [ -120.045584317684288, 38.737929429760889 ], [ -120.045808196276127, 38.738079238703975 ], [ -120.045924588675888, 38.738046145937453 ], [ -120.045988338784667, 38.73817388625136 ], [ -120.046447972175557, 38.738185509944756 ], [ -120.046544350707237, 38.738079837317549 ], [ -120.046646645869345, 38.738388734806136 ], [ -120.046828274136658, 38.73844738207228 ], [ -120.046870528189402, 38.738538541845195 ], [ -120.047573321829475, 38.738790546587225 ], [ -120.047884685261266, 38.73905067272905 ], [ -120.048771344424239, 38.739307317402513 ], [ -120.049377776368118, 38.739664986344565 ], [ -120.050532826690286, 38.740108580608208 ], [ -120.050992474366566, 38.740120186918475 ], [ -120.051594461266788, 38.740027274819013 ], [ -120.051828729187264, 38.739925078472446 ], [ -120.051270501971246, 38.740631718709928 ], [ -120.05121862555248, 38.741333122584152 ], [ -120.051649390984849, 38.742046710789886 ], [ -120.051760640312551, 38.743256744774143 ], [ -120.051857778777801, 38.743691635787684 ], [ -120.052014219197687, 38.743803694270802 ], [ -120.052074281176672, 38.744021429760828 ], [ -120.051951974795927, 38.744757092639141 ], [ -120.052146978035935, 38.745050307236191 ], [ -120.052093602436358, 38.745229142951558 ], [ -120.052276777129563, 38.746368918371729 ], [ -120.052426557387207, 38.746642972854261 ], [ -120.052433246063472, 38.747039543985693 ], [ -120.052668301004971, 38.747477914835869 ], [ -120.052981941413236, 38.747684030459837 ], [ -120.053152490092998, 38.748012662948774 ], [ -120.053599601664757, 38.748330254282138 ], [ -120.053655969133189, 38.748637987188459 ], [ -120.053629312061332, 38.749285973030844 ], [ -120.05337724165166, 38.749820162162209 ], [ -120.053315718331831, 38.750196993872287 ], [ -120.051749760226798, 38.75134667970044 ], [ -120.051458365349504, 38.751717707064628 ], [ -120.051132853869603, 38.751799579873357 ], [ -120.050998651549918, 38.752264666289889 ], [ -120.050717627109577, 38.752383697752592 ], [ -120.050735424355906, 38.752510275070506 ], [ -120.050550050827781, 38.752541630208412 ], [ -120.050564882414704, 38.752740205720031 ], [ -120.050446984776158, 38.752809301273672 ], [ -120.050444019257057, 38.752881299445292 ], [ -120.050813285445031, 38.752854588378995 ], [ -120.051129907617224, 38.752988711324818 ], [ -120.051907018360041, 38.753675006635049 ], [ -120.051912961275065, 38.75408957685697 ], [ -120.051783946335888, 38.754428667126135 ], [ -120.05191223459569, 38.754666143108203 ], [ -120.051855885389983, 38.754916976393929 ], [ -120.05196341061199, 38.755099873376103 ], [ -120.051943401798724, 38.755585861486985 ], [ -120.051656436166965, 38.755848891144119 ], [ -120.051698705336605, 38.755940049577973 ], [ -120.051598602522475, 38.756135723293568 ], [ -120.051224130545677, 38.756288432994815 ], [ -120.051102520893096, 38.756447526686678 ], [ -120.050918619891178, 38.756442882916538 ], [ -120.050653151855585, 38.756742489352924 ], [ -120.050711735144347, 38.756996224456948 ], [ -120.050361727701713, 38.757113512595382 ], [ -120.050551564363857, 38.757532727089412 ], [ -120.050685043495434, 38.757644207652227 ], [ -120.050911957998181, 38.757722011071813 ], [ -120.050982404846934, 38.757687753498217 ], [ -120.050918630496469, 38.757560015250213 ], [ -120.051105499718474, 38.757492660975657 ], [ -120.051329449127124, 38.757642461748866 ], [ -120.051480738133932, 38.758439084925648 ], [ -120.051638691157052, 38.758515145821001 ], [ -120.05147332542289, 38.758619080346698 ], [ -120.051088454829028, 38.758465216481575 ], [ -120.051004656985484, 38.758264899636714 ], [ -120.050782189300605, 38.758079099140048 ], [ -120.050598284164806, 38.758074454702481 ], [ -120.050336516106839, 38.75828406242627 ], [ -120.049822617346294, 38.758469282217 ], [ -120.049742526989604, 38.758737532713319 ], [ -120.049178937464092, 38.75901158549047 ], [ -120.048867475175442, 38.759310025346437 ], [ -120.048561946507732, 38.759464468322712 ], [ -120.048363196568587, 38.759819810018222 ], [ -120.048079911182739, 38.759992832110697 ], [ -120.048004265427124, 38.760153084143454 ], [ -120.047796624443848, 38.760165853457224 ], [ -120.047700215856722, 38.760271525675002 ], [ -120.04721596676211, 38.760295319039315 ], [ -120.047210770028371, 38.760421315310083 ], [ -120.047117329912609, 38.760454989131304 ], [ -120.047130667338706, 38.760689563465469 ], [ -120.047374637020539, 38.760911950977849 ], [ -120.047390944746368, 38.761074527431965 ], [ -120.047336800496268, 38.761271359075593 ], [ -120.047074268597711, 38.761498958010378 ], [ -120.047224798887868, 38.761755019551458 ], [ -120.04694076046151, 38.761946037879362 ], [ -120.046779835338725, 38.761941968384413 ], [ -120.046420885851148, 38.762275236826213 ], [ -120.046305196187788, 38.762290328981329 ], [ -120.046182822161782, 38.762467416018559 ], [ -120.046249562469072, 38.762523158821992 ], [ -120.046219146001931, 38.762702571777965 ], [ -120.0460537628163, 38.76280649786947 ], [ -120.046254727332212, 38.762955726970937 ], [ -120.046266576456617, 38.763226300109814 ], [ -120.046560986854644, 38.763341855774833 ], [ -120.046646262321289, 38.763506176507654 ], [ -120.046572094471856, 38.763630428361843 ], [ -120.046842032005358, 38.76378140085523 ], [ -120.046649201391801, 38.763992743013723 ], [ -120.046711487734939, 38.76415648229343 ], [ -120.046492694880044, 38.764439240485643 ], [ -120.046331764222288, 38.764435170154954 ], [ -120.046325822440537, 38.764579165675599 ], [ -120.046207900738153, 38.764648255897463 ], [ -120.045840058303867, 38.764638951021169 ], [ -120.045789620836473, 38.764745784415105 ], [ -120.045303112265728, 38.764823566887479 ], [ -120.045159226899983, 38.764964071972756 ], [ -120.045233355527031, 38.765398384940283 ], [ -120.045884514939132, 38.765234677020651 ], [ -120.046145543231276, 38.765601644458982 ], [ -120.046397695619874, 38.76562604059523 ], [ -120.0464622107297, 38.765735781687575 ], [ -120.046836742641773, 38.765583089823444 ], [ -120.04715935183637, 38.765573229624223 ], [ -120.047562043822595, 38.765853684915534 ], [ -120.047726689878417, 38.765767756383056 ], [ -120.047863148437699, 38.765807242627524 ], [ -120.048015174376005, 38.766027304528308 ], [ -120.047964738985371, 38.766134138929452 ], [ -120.048377828914766, 38.766162599116917 ], [ -120.048532083820163, 38.766328662016917 ], [ -120.048782013433097, 38.766407051548484 ], [ -120.048818347041532, 38.766642206774975 ], [ -120.049086816427433, 38.766829173592285 ], [ -120.049145400080363, 38.767082909208014 ], [ -120.048793113428786, 38.767254188849599 ], [ -120.048638838355529, 38.767646690822097 ], [ -120.048385193234722, 38.76765829815416 ], [ -120.048441548019042, 38.767966032411252 ], [ -120.048372574216387, 38.767964289028342 ], [ -120.048295434880202, 38.768160539677233 ], [ -120.047764407135986, 38.768201170342202 ], [ -120.047478115752085, 38.768446187191941 ], [ -120.046972305053743, 38.768433397138359 ], [ -120.046687495585772, 38.768642413027052 ], [ -120.046681553626783, 38.768786408490094 ], [ -120.046497621685262, 38.7687817565267 ], [ -120.04637820729684, 38.768886845468252 ], [ -120.046441239369429, 38.769032585488553 ], [ -120.046172731565832, 38.769404176296511 ], [ -120.04577370012251, 38.769592282268746 ], [ -120.045201136371105, 38.769523740987637 ], [ -120.044588486451829, 38.76986860115629 ], [ -120.044557318225458, 38.770066012590938 ], [ -120.044417137013198, 38.770116519217318 ], [ -120.044452713935968, 38.770369674574937 ], [ -120.044237608891422, 38.770562430236524 ], [ -120.044154507635767, 38.770902672602283 ], [ -120.043845200848722, 38.771147097523098 ], [ -120.043544815183452, 38.771175529045905 ], [ -120.043423905161646, 38.771316613344425 ], [ -120.043028574780919, 38.771414712334639 ], [ -120.042995170079621, 38.771666121203204 ], [ -120.042829017143418, 38.771788040948429 ], [ -120.042776338099173, 38.771948870630617 ], [ -120.042542694478584, 38.772033044329376 ], [ -120.042453700259514, 38.771958717548237 ], [ -120.042177047233977, 38.771969728386196 ], [ -120.042121390651204, 38.772202555098978 ], [ -120.042231145442244, 38.772331462575913 ], [ -120.041926290167368, 38.772467885782497 ], [ -120.041827623263643, 38.772627549989529 ], [ -120.041343289850801, 38.772651315572347 ], [ -120.041139333220414, 38.772574074882598 ], [ -120.040722489216321, 38.77263558437361 ], [ -120.040489585554099, 38.77270175444805 ], [ -120.040482885860285, 38.772863748323736 ], [ -120.040314492578162, 38.773039662140029 ], [ -120.04003709082545, 38.773068667038068 ], [ -120.039982170806056, 38.773283493074587 ], [ -120.039585336098853, 38.773417578367663 ], [ -120.03930942213276, 38.773410582864521 ], [ -120.039210748091932, 38.773570244555238 ], [ -120.038976350498899, 38.773672410012622 ], [ -120.038489774988165, 38.773750161293044 ], [ -120.038219820049306, 38.773599168914821 ], [ -120.037729518783578, 38.773766913387242 ], [ -120.037291163172142, 38.773791828382038 ], [ -120.037265189276354, 38.773863242047604 ], [ -120.037377918268646, 38.773920156755388 ], [ -120.037633076230179, 38.773872575766418 ], [ -120.037744315291846, 38.773965488673312 ], [ -120.037860025262404, 38.773950405846669 ], [ -120.037990532390197, 38.774133898181503 ], [ -120.038334682946882, 38.774160645767502 ], [ -120.03821375756614, 38.774301724001326 ], [ -120.038171393532224, 38.774769121977336 ], [ -120.037705567582393, 38.774901450684489 ], [ -120.037653619602096, 38.775044278168885 ], [ -120.038140204695125, 38.774966530772744 ], [ -120.0383226611049, 38.775007195065442 ], [ -120.038699493292285, 38.77480053428016 ], [ -120.038997660890857, 38.774826113788549 ], [ -120.039277304072641, 38.774743113773106 ], [ -120.039320311556651, 38.774816276959172 ], [ -120.039616990176697, 38.774877853490302 ], [ -120.039802425905421, 38.774846518290836 ], [ -120.039912180128198, 38.774975427893601 ], [ -120.040187355729387, 38.775000421517483 ], [ -120.040275606540135, 38.775092749358784 ], [ -120.040530767214847, 38.775045162130226 ], [ -120.040642756379214, 38.775120073163457 ], [ -120.040940926316978, 38.775145647784541 ], [ -120.041063255876026, 38.775527129566555 ], [ -120.041157462994221, 38.775475462233246 ], [ -120.041139679683553, 38.775348884328928 ], [ -120.041418578549539, 38.775283878495891 ], [ -120.041566958238732, 38.775035383364596 ], [ -120.04205577228241, 38.774903621463821 ], [ -120.042156674282722, 38.774689959199257 ], [ -120.042122592450738, 38.774400804857073 ], [ -120.042239046499006, 38.774367718337842 ], [ -120.042242766550743, 38.77427772162121 ], [ -120.043051990594634, 38.774190107396571 ], [ -120.043427318227799, 38.774019429333123 ], [ -120.043624648846531, 38.77370009804546 ], [ -120.04427217077928, 38.773626399313649 ], [ -120.044672715785779, 38.773402300857285 ], [ -120.045013150148961, 38.773519025652412 ], [ -120.045518995867326, 38.773531825587881 ], [ -120.04573336394796, 38.773357067267447 ], [ -120.046104223172421, 38.773294376591871 ], [ -120.046469138459216, 38.773375680033674 ], [ -120.046757682488504, 38.773076668488059 ], [ -120.04710777494823, 38.772959394737555 ], [ -120.047370351152651, 38.772731797762923 ], [ -120.047508307821133, 38.772735286029516 ], [ -120.047843572847569, 38.772419434771891 ], [ -120.048073499737157, 38.772425247489103 ], [ -120.04833235881749, 38.772287645369595 ], [ -120.048525950942505, 38.772058301920552 ], [ -120.049042179298795, 38.771819093793688 ], [ -120.049188298578656, 38.771624585912086 ], [ -120.049534669740268, 38.771597301760536 ], [ -120.050002680856551, 38.771410925624778 ], [ -120.050046439755292, 38.771466085766818 ], [ -120.050300840291357, 38.771436475866231 ], [ -120.050229637251562, 38.771488731896149 ], [ -120.050211088855903, 38.771938718922193 ], [ -120.05041579642679, 38.771997944592272 ], [ -120.050614569580475, 38.772201165805633 ], [ -120.050774776498301, 38.772223230408429 ], [ -120.051065522313081, 38.772428773746348 ], [ -120.051193836600433, 38.772666251054794 ], [ -120.051376295954441, 38.772706895010131 ], [ -120.051554305759595, 38.772855535684293 ], [ -120.051639602878424, 38.773019853430199 ], [ -120.051604743924756, 38.773307264858964 ], [ -120.051784238819195, 38.773419906246332 ], [ -120.051568401323436, 38.773630675248185 ], [ -120.051460111802669, 38.774024341790373 ], [ -120.051293966791178, 38.77414627389782 ], [ -120.051265039569287, 38.774289689180968 ], [ -120.051415609203602, 38.774545746472882 ], [ -120.051380006490646, 38.774851157195258 ], [ -120.051511292477784, 38.775016636316927 ], [ -120.051568406277653, 38.775306369990261 ], [ -120.051836172708903, 38.775511331291725 ], [ -120.051824306539544, 38.775799323211729 ], [ -120.051914798721015, 38.775837644381184 ], [ -120.051909607370661, 38.775963640850215 ], [ -120.05204534605889, 38.77602112249366 ], [ -120.05189254984802, 38.776377629225081 ], [ -120.051980076307061, 38.77648794834839 ], [ -120.051787965340367, 38.776681298359193 ], [ -120.051819861918588, 38.777024449827181 ], [ -120.051499426040508, 38.776980322438277 ], [ -120.051425250952278, 38.77710457691088 ], [ -120.051243522323077, 38.777045933136613 ], [ -120.051045472838837, 38.777383277599483 ], [ -120.050788825357571, 38.777466886697958 ], [ -120.050402364420705, 38.77790758031415 ], [ -120.050284423588124, 38.777976673811153 ], [ -120.050124204086387, 38.777954608054515 ], [ -120.04978892119496, 38.778270464982349 ], [ -120.049462542992231, 38.77837032744214 ], [ -120.049291187733019, 38.778618252211075 ], [ -120.04908052337754, 38.778703019449573 ], [ -120.048935109297474, 38.779438090691983 ], [ -120.049107932678496, 38.779712731469452 ], [ -120.049245160619037, 38.779734217650095 ], [ -120.049165039197277, 38.780002465881964 ], [ -120.049232539835785, 38.780040208128327 ], [ -120.049217691609982, 38.780400196901233 ], [ -120.049435766560492, 38.780693998972886 ], [ -120.049430551582631, 38.781378558763549 ], [ -120.049096712298507, 38.782216977459456 ], [ -120.048455772534098, 38.782687268535071 ], [ -120.048142712374698, 38.78302170006922 ], [ -120.047977252041662, 38.783684189909245 ], [ -120.047956452911066, 38.784188173298233 ], [ -120.047642640554756, 38.784540602468184 ], [ -120.047607757025972, 38.784828011359522 ], [ -120.046771000654275, 38.784464504592037 ], [ -120.045305915573636, 38.784265275076855 ], [ -120.044676088058466, 38.78446555321807 ], [ -120.043471343919151, 38.784651271527984 ], [ -120.042411196701963, 38.785237039757384 ], [ -120.041990557132365, 38.785388547343672 ], [ -120.04180658332325, 38.785383886330308 ], [ -120.041010547411645, 38.785706060285264 ], [ -120.040851059078449, 38.785665981965273 ], [ -120.040683379195599, 38.785823895545498 ], [ -120.040544653416461, 38.785838397516592 ], [ -120.040394755847586, 38.786122888481209 ], [ -120.040408815345771, 38.78633946273284 ], [ -120.040175865968806, 38.786405630279162 ], [ -120.040264129899953, 38.786497958525707 ], [ -120.040256681559413, 38.786677951258191 ], [ -120.040040768904532, 38.786888695611061 ], [ -120.039165285050714, 38.78746109648295 ], [ -120.038924878996426, 38.787707253830163 ], [ -120.038671162264393, 38.787718837149512 ], [ -120.038425536318229, 38.788090988040793 ], [ -120.038442571183154, 38.788235565293292 ], [ -120.038254118349286, 38.788338893820345 ], [ -120.038292659779614, 38.788520052928973 ], [ -120.037875720104509, 38.788581548348809 ], [ -120.03775476762263, 38.788722624808912 ], [ -120.037765837008209, 38.789011195901523 ], [ -120.03717896129497, 38.789284594796193 ], [ -120.037196739435529, 38.789411172902433 ], [ -120.036977826382753, 38.789693907668287 ], [ -120.036491139045182, 38.789771646050319 ], [ -120.036230701505417, 38.789945216547423 ], [ -120.035961310582081, 38.790334776713429 ], [ -120.035607384508523, 38.790542008573375 ], [ -120.035116823840923, 38.791268295309941 ], [ -120.034529919757475, 38.791541679658849 ], [ -120.034450474106308, 38.791791915457573 ], [ -120.03385535074726, 38.792263286832032 ], [ -120.033739610290013, 38.792278364444869 ], [ -120.033759622577904, 38.792350945360148 ], [ -120.033433159293679, 38.792450759358147 ], [ -120.033424198763356, 38.792666749079686 ], [ -120.033043520809755, 38.792963383646381 ], [ -120.032699127930258, 38.793495174589204 ], [ -120.031237312477359, 38.794322881464858 ], [ -120.030843333558579, 38.794384934961826 ], [ -120.03070085256978, 38.79448941994616 ], [ -120.030030131650264, 38.794562450052872 ], [ -120.029859416047998, 38.794792342420536 ], [ -120.029530693381929, 38.794946142031371 ], [ -120.029005258510551, 38.795401242602324 ], [ -120.028587524439189, 38.795480701925271 ], [ -120.02846354951653, 38.795693763639058 ], [ -120.027961102245939, 38.796149444375494 ], [ -120.027514376536487, 38.796372306424537 ], [ -120.027224906353823, 38.796689261488552 ], [ -120.026822678298288, 38.796949290006971 ], [ -120.026576957421824, 38.797321411756357 ], [ -120.026588729257682, 38.79759198279659 ], [ -120.026698491138418, 38.797720904831827 ], [ -120.026532997043887, 38.797824798395446 ], [ -120.026526259745737, 38.79798678952357 ], [ -120.026334769718659, 38.798162092999313 ], [ -120.026173766186659, 38.798157991934382 ], [ -120.025867272081427, 38.798330365107574 ], [ -120.025857538058673, 38.798564352128984 ], [ -120.026033307028584, 38.798767028623381 ], [ -120.025978320614783, 38.798981844806811 ], [ -120.025796560936314, 38.798923160216333 ], [ -120.025536813032957, 38.799078705267334 ], [ -120.025193299246595, 38.799033916492633 ], [ -120.024385276308877, 38.799085396606543 ], [ -120.024197524189802, 38.799170701355649 ], [ -120.023762008004795, 38.799123563213065 ], [ -120.02361950731985, 38.799228038693116 ], [ -120.0232047436985, 38.799235481743146 ], [ -120.021509436294778, 38.799030079473212 ], [ -120.02010039387045, 38.799138266813209 ], [ -120.019796132740979, 38.799256626560215 ], [ -120.019243365151368, 38.799260532513571 ], [ -120.019049602873707, 38.799489819820757 ], [ -120.018885595204537, 38.799557704136575 ], [ -120.018688077888342, 38.799876985161482 ], [ -120.01843131465489, 38.799960518113188 ], [ -120.018498065423401, 38.800016277008766 ], [ -120.018458549556826, 38.800411664840816 ], [ -120.01852680208637, 38.800431425984016 ], [ -120.018448790583079, 38.80064565020092 ], [ -120.018563796292298, 38.800648587315756 ], [ -120.018731559914883, 38.800490709182647 ], [ -120.019148581813354, 38.800429285688367 ], [ -120.019236083209336, 38.800539628148435 ], [ -120.01939709108386, 38.800543738983357 ], [ -120.019469096207615, 38.800473505139806 ], [ -120.019881615567684, 38.800520072364698 ], [ -120.019828860200647, 38.800680888120581 ], [ -120.019551345247265, 38.80070983962122 ], [ -120.019461591840283, 38.800653494043203 ], [ -120.019297581782027, 38.800721378836336 ], [ -120.019129818783256, 38.800879257806102 ], [ -120.019196570934994, 38.800935016349897 ], [ -120.019123063989767, 38.801041247758072 ], [ -120.018894552393903, 38.80099937670748 ], [ -120.018980552879412, 38.801145717122239 ], [ -120.018950796320098, 38.801307119703225 ], [ -120.019038298388722, 38.801417462327748 ], [ -120.019176306804638, 38.80142098621431 ], [ -120.019210301195642, 38.801710142937587 ], [ -120.018901523831289, 38.80193649308864 ], [ -120.018967526130737, 38.802010250664097 ], [ -120.018861257804105, 38.802349879865979 ], [ -120.018856485703523, 38.803016425577788 ], [ -120.01868346112208, 38.803300295692807 ], [ -120.019257010168573, 38.803350977578248 ], [ -120.019283764977445, 38.803261570491053 ], [ -120.019513784997514, 38.803267443294914 ], [ -120.019555286085051, 38.80337661110147 ], [ -120.019784556099808, 38.803400482272203 ], [ -120.020075328884346, 38.803606103374861 ], [ -120.020416609450663, 38.803704904621128 ], [ -120.022257534609778, 38.803733858075176 ], [ -120.022768831282207, 38.803620772355529 ], [ -120.02479527387969, 38.803618380635449 ], [ -120.025339088092167, 38.803830437418945 ], [ -120.02619220886865, 38.804356678357031 ], [ -120.026327017749878, 38.804990744602591 ], [ -120.026317282917219, 38.805224731454622 ], [ -120.025845244174661, 38.805500995369641 ], [ -120.02496514264206, 38.805622714322595 ], [ -120.024288317814509, 38.80583969860055 ], [ -120.022748892813951, 38.806863512952525 ], [ -120.021031154583227, 38.806639511290925 ], [ -120.020364064344861, 38.806622486340544 ], [ -120.01978298284709, 38.806751797621125 ], [ -120.019750973328144, 38.806967196877984 ], [ -120.01915562491682, 38.807438483372259 ], [ -120.019208870478309, 38.807818221648652 ], [ -120.01946614620698, 38.808275241512504 ], [ -120.019631675129531, 38.808171359498822 ], [ -120.019883964066111, 38.808195818361355 ], [ -120.020001984086008, 38.808126759038331 ], [ -120.020110247679227, 38.808291684993691 ], [ -120.019551405063964, 38.808439580608045 ], [ -120.019568403750256, 38.80858415886194 ], [ -120.019195089336321, 38.808700753282245 ], [ -120.018933038691216, 38.808910278002244 ], [ -120.018921776702598, 38.809180260832406 ], [ -120.019121304221358, 38.809365536269993 ], [ -120.019173048861589, 38.809781272217421 ], [ -120.019399336317818, 38.809877140367128 ], [ -120.019886926639089, 38.809781480800233 ], [ -120.020145225447564, 38.809661948348065 ], [ -120.020172732531876, 38.809554542316171 ], [ -120.020617313293783, 38.809385709626774 ], [ -120.020841350661243, 38.809535571663375 ], [ -120.021199165521921, 38.80923839613564 ], [ -120.021382447041802, 38.809261090897593 ], [ -120.022166328004346, 38.808686494324547 ], [ -120.022719169315536, 38.808682577401505 ], [ -120.024389684497066, 38.808382827755707 ], [ -120.02465246722258, 38.808155291100832 ], [ -120.024779474464111, 38.807870239314838 ], [ -120.025083016573063, 38.807769866804001 ], [ -120.025677581667551, 38.80731654761783 ], [ -120.026288402517082, 38.807025801885473 ], [ -120.026975715459656, 38.806556820323621 ], [ -120.027133948711906, 38.80607436227826 ], [ -120.026849134640059, 38.805724765686918 ], [ -120.026992393107449, 38.805602287689318 ], [ -120.027174919164949, 38.805642972066657 ], [ -120.027213438776968, 38.805824133630054 ], [ -120.027417471390805, 38.805901401432386 ], [ -120.02749600935374, 38.806227726426073 ], [ -120.028160855033491, 38.806298707558895 ], [ -120.028494677709432, 38.806577476258333 ], [ -120.028376668005436, 38.806646544614509 ], [ -120.028392187732763, 38.806827120342923 ], [ -120.028680755121144, 38.807086718475972 ], [ -120.028841030861415, 38.807108815898218 ], [ -120.028806803469763, 38.807378215767116 ], [ -120.028921072845819, 38.807399142135651 ], [ -120.028825317401669, 38.807486795379539 ], [ -120.028593785215421, 38.807516938411119 ], [ -120.028607060557079, 38.807751511170174 ], [ -120.028341297816453, 38.808051053353388 ], [ -120.028182318918795, 38.808551512052176 ], [ -120.028042798630651, 38.808583996275416 ], [ -120.028105822485287, 38.808729745247547 ], [ -120.027989305764208, 38.808762815024188 ], [ -120.028099086127014, 38.808891736304318 ], [ -120.028133118418268, 38.809180891671808 ], [ -120.028360165603971, 38.809258743838335 ], [ -120.028332670852393, 38.80936615229561 ], [ -120.028466205319205, 38.809477659868193 ], [ -120.028418503027595, 38.810071041579398 ], [ -120.028551290473956, 38.810200548108696 ], [ -120.028477786638746, 38.810306785438279 ], [ -120.028540812690466, 38.810452534233015 ], [ -120.028476841185622, 38.810883339245635 ], [ -120.028561375502363, 38.811065671638737 ], [ -120.028369104637378, 38.811258975932368 ], [ -120.028186563630712, 38.811218292864964 ], [ -120.028021039022889, 38.81132218718372 ], [ -120.026824791701287, 38.811291725469736 ], [ -120.026423439006251, 38.810975195664305 ], [ -120.024264754405763, 38.810830097489507 ], [ -120.024106720836855, 38.810753996713544 ], [ -120.023253305194302, 38.810786291799737 ], [ -120.02273295840061, 38.811115364468051 ], [ -120.022432398757786, 38.811143734497229 ], [ -120.021676998157602, 38.811034373734451 ], [ -120.021587980699181, 38.810960030406292 ], [ -120.021310425975258, 38.810988984497712 ], [ -120.021222159241759, 38.810896642019408 ], [ -120.020825079955017, 38.811030653106627 ], [ -120.020741316180505, 38.810830317008197 ], [ -120.020487516672873, 38.810841857381035 ], [ -120.019950908327459, 38.811008340126676 ], [ -120.020125937753775, 38.811229024562763 ], [ -120.020288470849223, 38.811197137375572 ], [ -120.020168194180641, 38.811320193373767 ], [ -120.020029415958064, 38.811334668774165 ], [ -120.020002658394517, 38.811424075842666 ], [ -120.01986763307788, 38.811348556719238 ], [ -120.01989739322957, 38.811187154228243 ], [ -120.019740114581197, 38.811093048829768 ], [ -120.019531572464572, 38.811123760554871 ], [ -120.019083224211528, 38.811382582787751 ], [ -120.018881917224718, 38.811791856560426 ], [ -120.018629817269442, 38.81286649940985 ], [ -120.018535543977976, 38.812918145672029 ], [ -120.018608038668503, 38.813388465702765 ], [ -120.018855839818613, 38.813520920518464 ], [ -120.019085141862362, 38.81354479430631 ], [ -120.019194912403208, 38.813673723530236 ], [ -120.019050122301536, 38.813832188321932 ], [ -120.019090125987347, 38.813977354022732 ], [ -120.018918574821129, 38.814225225331171 ], [ -120.018937825657574, 38.81431580703957 ], [ -120.01919088670877, 38.814322269385784 ], [ -120.019006022050121, 38.815993223989885 ], [ -120.019305101243916, 38.816000861350517 ], [ -120.01935787132129, 38.815840046691058 ], [ -120.019564925758544, 38.815845333534988 ], [ -120.020035290998337, 38.816163648565592 ], [ -120.020350580552403, 38.817991516624907 ], [ -120.020496614938992, 38.818355604528705 ], [ -120.020514854479202, 38.819022736547666 ], [ -120.020744925450686, 38.819028608920085 ], [ -120.021025513932415, 38.818927662015675 ], [ -120.021214823956413, 38.818806367098325 ], [ -120.021290599257668, 38.818646138658451 ], [ -120.02140413334358, 38.81868507184614 ], [ -120.021353595152434, 38.820449547522657 ], [ -120.021202040116322, 38.820770004192056 ], [ -120.020844915010898, 38.821049178088487 ], [ -120.020804642270519, 38.821462564383125 ], [ -120.020896673815727, 38.821464913281424 ], [ -120.020938936460425, 38.821556081952835 ], [ -120.021172017948416, 38.821489958395858 ], [ -120.021284805844928, 38.821546890713925 ], [ -120.021370833376324, 38.821693230091377 ], [ -120.021662432543934, 38.821880850943657 ], [ -120.021634171267493, 38.822006255891111 ], [ -120.021750712533446, 38.821973193496881 ], [ -120.022012552344322, 38.822322216262414 ], [ -120.021963534407092, 38.822393037696401 ], [ -120.021778718320135, 38.822406340275315 ], [ -120.021805478689387, 38.822316933019778 ], [ -120.021623664690409, 38.822258239920494 ], [ -120.02138607778619, 38.822432357417242 ], [ -120.021325800788219, 38.822773161351371 ], [ -120.021394825744139, 38.822774922773668 ], [ -120.021434838088283, 38.822920087863785 ], [ -120.021360559073699, 38.823044318425531 ], [ -120.021387061353849, 38.823513462854081 ], [ -120.021524362175626, 38.823534984494877 ], [ -120.021804967801643, 38.823434036438549 ], [ -120.021984533649288, 38.823546725951452 ], [ -120.022149345608554, 38.823460840716251 ], [ -120.022354921995486, 38.823502121213387 ], [ -120.022572753380288, 38.824354524298258 ], [ -120.022871118305048, 38.824380152773941 ], [ -120.023094455548161, 38.824548011067655 ], [ -120.024164865158525, 38.824287017779127 ], [ -120.024346686562936, 38.82434570718565 ], [ -120.024625042578506, 38.824298749024862 ], [ -120.026027835943538, 38.824352517071901 ], [ -120.026146627529542, 38.8242654535903 ], [ -120.026701089043499, 38.824225524687037 ], [ -120.02776024802246, 38.824234481880858 ], [ -120.028215933394819, 38.824354192713642 ], [ -120.028311713513219, 38.824266541110241 ], [ -120.028251467241262, 38.824607349772236 ], [ -120.02815868214303, 38.824623005467622 ], [ -120.028032402975839, 38.824890060625847 ], [ -120.028175493391259, 38.8253261364653 ], [ -120.02801796499719, 38.825790594187964 ], [ -120.027449258585364, 38.826172508803459 ], [ -120.027286693515521, 38.826204404680219 ], [ -120.026593939612212, 38.826799371815909 ], [ -120.025799616648968, 38.827067422338615 ], [ -120.024789435801893, 38.826987623162807 ], [ -120.023453371346733, 38.826989595222116 ], [ -120.023357581648696, 38.827077242421161 ], [ -120.023079214039328, 38.827124197077481 ], [ -120.022909643467301, 38.827876628137652 ], [ -120.022653532116081, 38.827942167396074 ], [ -120.022669038476195, 38.828122742926503 ], [ -120.022548735349773, 38.828245800106878 ], [ -120.022611012178842, 38.828409550720316 ], [ -120.022680793030958, 38.828393312739706 ], [ -120.022529722221336, 38.829254322899907 ], [ -120.022567488396831, 38.829453484251808 ], [ -120.022498456918228, 38.829451723269329 ], [ -120.022564486673517, 38.829525479659374 ], [ -120.02249820341568, 38.830010274624875 ], [ -120.022243585015616, 38.830039814952535 ], [ -120.02238814890211, 38.830439898881004 ], [ -120.022479441659982, 38.830460245832946 ], [ -120.022336873683344, 38.830564716717035 ], [ -120.022377641821564, 38.830691882718973 ], [ -120.022307858630683, 38.830708120421306 ], [ -120.022324114792085, 38.830870697069138 ], [ -120.022436918023189, 38.830927628814905 ], [ -120.0223578728543, 38.831718403838494 ], [ -120.022255319994798, 38.831968039327982 ], [ -120.022388884531708, 38.832079554777387 ], [ -120.022526952557399, 38.832083077030219 ], [ -120.022500939149253, 38.83215448537036 ], [ -120.022871372303612, 38.83210988079837 ], [ -120.022960416121649, 38.832184224007079 ], [ -120.023128249048511, 38.832026342830694 ], [ -120.023133501532143, 38.831900350856188 ], [ -120.023271569305209, 38.831903872215399 ], [ -120.023314590671333, 38.831977041391994 ], [ -120.023431147848314, 38.831943977979002 ], [ -120.023543203421156, 38.832018907606773 ], [ -120.023667017215971, 38.832364406862887 ], [ -120.023758312829926, 38.832384752919346 ], [ -120.023725548531019, 38.83261815132888 ], [ -120.023816094284172, 38.832656496214852 ], [ -120.023942160860116, 38.832947998653253 ], [ -120.023638507972166, 38.833048363533628 ], [ -120.023553213767599, 38.832884026494817 ], [ -120.02327857507133, 38.832840986424451 ], [ -120.023138254356667, 38.832891461555135 ], [ -120.023042455898278, 38.832979108090981 ], [ -120.023101735731416, 38.833214853930478 ], [ -120.022916141139163, 38.833246156040815 ], [ -120.02280333394954, 38.833189224618586 ], [ -120.022755059099737, 38.833242047163857 ], [ -120.022926395328327, 38.833552723384223 ], [ -120.022900381683584, 38.833624131792455 ], [ -120.022738548296402, 38.833638021702313 ], [ -120.022735546297298, 38.8337100170694 ], [ -120.022507679326083, 38.833650150249007 ], [ -120.02253669555779, 38.833506746589002 ], [ -120.022443897801026, 38.833522397211787 ], [ -120.022355603556036, 38.833430054742642 ], [ -120.022033438845369, 38.833421835188609 ], [ -120.022031186831668, 38.833475831681412 ], [ -120.02246240620795, 38.833630977298313 ], [ -120.022366605903642, 38.83371862319752 ], [ -120.022402121407055, 38.833971781051865 ], [ -120.022287061689681, 38.833968845610293 ], [ -120.022221779050653, 38.83387709012834 ], [ -120.022035431738303, 38.833926389581698 ], [ -120.022075191029359, 38.834630105350264 ], [ -120.022305805566404, 38.835176528656035 ], [ -120.022354575273454, 38.835664258386892 ], [ -120.02227427773235, 38.835932479459295 ], [ -120.022406348029079, 38.836079992773129 ], [ -120.022350564157747, 38.83631280331911 ], [ -120.022527910141733, 38.836479489577975 ], [ -120.022565678837012, 38.836678650867469 ], [ -120.023104975794283, 38.837557270624366 ], [ -120.02278779109956, 38.837981611375341 ], [ -120.022652714187132, 38.837906093675144 ], [ -120.02253614678078, 38.837939155882786 ], [ -120.022337285619813, 38.837735884747744 ], [ -120.022125662663697, 38.837838593243333 ], [ -120.022278496958762, 38.838040690427214 ], [ -120.022201949674084, 38.83821891714188 ], [ -120.022317766952938, 38.838203854114752 ], [ -120.022338528093854, 38.838258437723127 ], [ -120.022264983670382, 38.838364669190433 ], [ -120.022422323658049, 38.838458773306009 ], [ -120.022276735874669, 38.838635238639085 ], [ -120.022295995597034, 38.83872581989305 ], [ -120.022157914765558, 38.838722296863956 ], [ -120.022152659283307, 38.838848288579236 ], [ -120.022033837659293, 38.838935346654971 ], [ -120.022138394237103, 38.839190266075434 ], [ -120.022277977496287, 38.839157791528535 ], [ -120.022528124476366, 38.839236245376313 ], [ -120.022673712980463, 38.839059779768995 ], [ -120.022738249884043, 38.839169533962085 ], [ -120.022968386178562, 38.83917540449989 ], [ -120.022970637941967, 38.839121408013838 ], [ -120.023156247966881, 38.83909010644544 ], [ -120.023473185338133, 38.839224315763261 ], [ -120.023711576378957, 38.83903219761099 ], [ -120.023826644398554, 38.839035131969034 ], [ -120.023931957958908, 38.839272051192467 ], [ -120.0241353296515, 38.839367326828288 ], [ -120.024418002947357, 38.839770929620506 ], [ -120.024697920097921, 38.839687976055714 ], [ -120.024551584847799, 38.839882443172627 ], [ -120.024751208315749, 38.840067712096328 ], [ -120.024867778379843, 38.840034647781671 ], [ -120.024825501198663, 38.839943480154801 ], [ -120.024895293082778, 38.839927241301567 ], [ -120.024809988719724, 38.839762904911723 ], [ -120.025153696594842, 38.839807702263613 ], [ -120.025277766282002, 38.839594648873742 ], [ -120.02523548879185, 38.839503481379182 ], [ -120.025396585309778, 38.839507587388773 ], [ -120.025473126337999, 38.83932935835152 ], [ -120.026326884226478, 38.839297060570104 ], [ -120.02651399298, 38.839229755848152 ], [ -120.026853202018572, 38.839382541472929 ], [ -120.026709122120678, 38.839523014893068 ], [ -120.026752151185832, 38.839596183038566 ], [ -120.026635582603589, 38.839629249301495 ], [ -120.026628835481915, 38.839791239283571 ], [ -120.026536030149558, 38.839806892861347 ], [ -120.026548548177999, 38.840059463584367 ], [ -120.026290145865431, 38.840179005764575 ], [ -120.0262588841682, 38.840376407043138 ], [ -120.026046508473726, 38.840497121403445 ], [ -120.025921689400761, 38.840728174483381 ], [ -120.025928206060044, 38.841124736128805 ], [ -120.025828649556374, 38.841302378893928 ], [ -120.026025048656905, 38.842118192810098 ], [ -120.02597227015977, 38.842279009685228 ], [ -120.026220182872379, 38.842411452779153 ], [ -120.026359770985607, 38.842378973537279 ], [ -120.026678978388702, 38.842459178258565 ], [ -120.026798550504097, 38.842354116622055 ], [ -120.026936638937372, 38.842357634440418 ], [ -120.027001185209286, 38.842467386596226 ], [ -120.027231333018719, 38.842473249151311 ], [ -120.027425945045167, 38.842225954386386 ], [ -120.027913001197575, 38.842148268907117 ], [ -120.028532150373096, 38.842218088538687 ], [ -120.028812073160523, 38.842135125318656 ], [ -120.02924860365502, 38.842164255849802 ], [ -120.029368920685911, 38.842041192481346 ], [ -120.029193584975488, 38.842379071229104 ], [ -120.02897200817344, 38.843274330116301 ], [ -120.028801911872435, 38.843486215638883 ], [ -120.028867960431697, 38.843559969073944 ], [ -120.028812939270438, 38.843774784141715 ], [ -120.028276095246483, 38.843941295388802 ], [ -120.028058465659228, 38.844188005352038 ], [ -120.027294461541331, 38.844276655169871 ], [ -120.027506625184614, 38.844714490652848 ], [ -120.027433830587697, 38.844802726434132 ], [ -120.027794584044969, 38.844992094311486 ], [ -120.027764822601341, 38.845153498155945 ], [ -120.027599965092534, 38.845239389343391 ], [ -120.027876153338553, 38.845246423358688 ], [ -120.027928180726917, 38.845103604501773 ], [ -120.028231131290156, 38.845021229310198 ], [ -120.028471029227617, 38.844793104052847 ], [ -120.02879774271841, 38.844693314418691 ], [ -120.029061402407336, 38.844447774857898 ], [ -120.029248522687013, 38.844380466229914 ], [ -120.029368094589699, 38.844275401966598 ], [ -120.029280527761543, 38.844165065094607 ], [ -120.029290266422123, 38.843931079174986 ], [ -120.029478134196594, 38.843845771192207 ], [ -120.029560662927011, 38.843523547991119 ], [ -120.029860609179821, 38.843513163913791 ], [ -120.030288361876288, 38.843199725448017 ], [ -120.030294352673934, 38.84305573395865 ], [ -120.030160755748497, 38.842944226450513 ], [ -120.030310078313875, 38.842677756278455 ], [ -120.030247773199051, 38.842514008938075 ], [ -120.030352562509265, 38.842210369487937 ], [ -120.030320760465699, 38.841867218391606 ], [ -120.030965919676376, 38.841865614929219 ], [ -120.031245838598693, 38.841782645697521 ], [ -120.031343137021807, 38.841658994690647 ], [ -120.031967525231664, 38.841602803305335 ], [ -120.032202909579453, 38.841482663161045 ], [ -120.032185881629118, 38.841338086139011 ], [ -120.032336689606225, 38.841035614929254 ], [ -120.03230338158734, 38.840728461912775 ], [ -120.032743825307705, 38.8401090305358 ], [ -120.032824089657936, 38.839840801058962 ], [ -120.033494661669252, 38.839227217047281 ], [ -120.034108725909363, 38.838864445195519 ], [ -120.034185992494201, 38.838668210527921 ], [ -120.034396854335611, 38.838583478592255 ], [ -120.034360547092788, 38.83834832181892 ], [ -120.03454764654812, 38.838281003803054 ], [ -120.034695446998569, 38.838050524850594 ], [ -120.034760163651427, 38.837601718621471 ], [ -120.03459549465812, 38.837129066344843 ], [ -120.034607456257916, 38.836841081936925 ], [ -120.034838495424509, 38.836270375156985 ], [ -120.035329241387402, 38.836102661538909 ], [ -120.035767981201673, 38.836077769215812 ], [ -120.035949842733871, 38.836136441985936 ], [ -120.036222411254641, 38.835674895069566 ], [ -120.036690884447736, 38.835488591981438 ], [ -120.037289962592013, 38.83548578269211 ], [ -120.037647102475532, 38.835206559350333 ], [ -120.03763006412315, 38.835061982614342 ], [ -120.037745873959764, 38.835046903929808 ], [ -120.037638887795111, 38.835404549233346 ], [ -120.037479292402921, 38.835364462313159 ], [ -120.037123644922815, 38.835607686936072 ], [ -120.0370366797071, 38.836037911977634 ], [ -120.036724065087157, 38.836354299861789 ], [ -120.037238426085963, 38.836727718634229 ], [ -120.037390555390928, 38.836947796704443 ], [ -120.037317781166635, 38.837036039547613 ], [ -120.037641460312699, 38.837008219435958 ], [ -120.037475139496024, 38.837130124037948 ], [ -120.03753297631512, 38.837401862547679 ], [ -120.037810492718279, 38.837931429178809 ], [ -120.03803764113178, 38.838009266180912 ], [ -120.037965613297132, 38.838079510325933 ], [ -120.038078441009404, 38.838136427819293 ], [ -120.038073960468225, 38.838244422289847 ], [ -120.038433218884862, 38.838469755411523 ], [ -120.038776931711297, 38.838514512713033 ], [ -120.03884895924584, 38.83844426805738 ], [ -120.039170405028671, 38.838470441215421 ], [ -120.03928920604811, 38.838383364823301 ], [ -120.039611398173037, 38.838391537660961 ], [ -120.039706438494093, 38.8383218761767 ], [ -120.040141460332919, 38.838386963428178 ], [ -120.040462277529997, 38.837872575937602 ], [ -120.040468246687524, 38.837728582989264 ], [ -120.0408046112439, 38.837394769091041 ], [ -120.041776502854717, 38.836734721183525 ], [ -120.0422434787817, 38.836584393821859 ], [ -120.04319456954093, 38.835869752380724 ], [ -120.043245067876569, 38.835762923362211 ], [ -120.043752843615223, 38.835739749769488 ], [ -120.043702346044469, 38.835846579038567 ], [ -120.043812194264333, 38.835975487756961 ], [ -120.044450598815345, 38.836135800260237 ], [ -120.043425258707231, 38.836974697564351 ], [ -120.043277488203742, 38.837205188808703 ], [ -120.043016885727056, 38.837378767093632 ], [ -120.043013158265026, 38.837468762899647 ], [ -120.042517199321566, 38.837762503222024 ], [ -120.042365695803994, 38.838082988853941 ], [ -120.04206278919294, 38.838165402642204 ], [ -120.041822956581711, 38.838393558659682 ], [ -120.041139145543241, 38.838772621659935 ], [ -120.041396663686157, 38.839229600942318 ], [ -120.041815284306409, 38.839690663136899 ], [ -120.041897645210923, 38.839926985163409 ], [ -120.042207912819109, 38.84022313731721 ], [ -120.043026090799188, 38.839937562827949 ], [ -120.04354731394433, 38.839590406442476 ], [ -120.043801215491825, 38.839578819803826 ], [ -120.043980111938751, 38.839709477304552 ], [ -120.044084749161868, 38.839964380136557 ], [ -120.043983002723607, 38.840196037771712 ], [ -120.04341276605679, 38.840614026584035 ], [ -120.042716365445955, 38.840740527076242 ], [ -120.042643593427343, 38.840828773299428 ], [ -120.043082361623988, 38.840803854515549 ], [ -120.043409784143265, 38.840686023214779 ], [ -120.044217618332326, 38.840093871549485 ], [ -120.04439726203266, 38.840206529306755 ], [ -120.044389809817332, 38.840386521054292 ], [ -120.043577500835084, 38.84108666876832 ], [ -120.043367386749466, 38.841153418253462 ], [ -120.043081517954562, 38.841380410439044 ], [ -120.042825373020577, 38.84144599268965 ], [ -120.042841677000197, 38.841608568146896 ], [ -120.042667150707956, 38.841928470571808 ], [ -120.042307756756216, 38.842261705863564 ], [ -120.0418622662541, 38.842448613511294 ], [ -120.041468025899476, 38.842510692391009 ], [ -120.040370765103546, 38.842302691587761 ], [ -120.039609777391348, 38.842319427120891 ], [ -120.038983146349324, 38.842429656647568 ], [ -120.038770784366903, 38.842550394747654 ], [ -120.038738062111364, 38.842783798766263 ], [ -120.038984508654266, 38.842952213867953 ], [ -120.039911087910724, 38.842831574424366 ], [ -120.039645977348769, 38.843113138449631 ], [ -120.039686035980139, 38.84325829874458 ], [ -120.039333340835, 38.843429532233678 ], [ -120.038777985869828, 38.843487514573262 ], [ -120.038453666024438, 38.84297478057659 ], [ -120.038437371972677, 38.842812204918566 ], [ -120.038281493887325, 38.842682123129244 ], [ -120.037679367090945, 38.842756931372776 ], [ -120.03744622803589, 38.842823085583426 ], [ -120.037325923001347, 38.842946157765802 ], [ -120.037236850794685, 38.842871824529269 ], [ -120.036536682926823, 38.84308828199859 ], [ -120.0363525615345, 38.843083606596089 ], [ -120.035815738191602, 38.843250153462883 ], [ -120.035741460187197, 38.843374392960904 ], [ -120.035679141911089, 38.843210648026108 ], [ -120.035077008749667, 38.843285442545444 ], [ -120.03479559224067, 38.843404418915718 ], [ -120.034695306036923, 38.843600068939352 ], [ -120.034675281762944, 38.843527488135194 ], [ -120.034258763259345, 38.843570958370194 ], [ -120.033998115878646, 38.843744514564555 ], [ -120.033840748404273, 38.843650425082515 ], [ -120.03309453303136, 38.843865691251409 ], [ -120.032937166570107, 38.84377160058807 ], [ -120.032681753276421, 38.843819160858544 ], [ -120.032722546144328, 38.843946324016457 ], [ -120.032555452128122, 38.844086219482712 ], [ -120.032063895827378, 38.844271917778208 ], [ -120.032014871112978, 38.844342743005242 ], [ -120.032082420713039, 38.84438049684988 ], [ -120.030761356640681, 38.845121667273432 ], [ -120.029929592201768, 38.845731131844722 ], [ -120.029042041177718, 38.846573403805181 ], [ -120.028856413447343, 38.846604714042257 ], [ -120.028688556289666, 38.846762602269699 ], [ -120.028397589433325, 38.846556996052769 ], [ -120.028343313414894, 38.846753811763257 ], [ -120.02858974711701, 38.846922248306861 ], [ -120.028802887959372, 38.846783531112735 ], [ -120.028847421749319, 38.846820700861223 ], [ -120.028390628514032, 38.847277537851234 ], [ -120.027820246081603, 38.847695444167151 ], [ -120.027586333054515, 38.847779576503044 ], [ -120.02755656957406, 38.847940980163223 ], [ -120.027346421743644, 38.848007699332918 ], [ -120.02722159208254, 38.848238753195062 ], [ -120.02680354331352, 38.848318193243628 ], [ -120.026648195452481, 38.848728648599511 ], [ -120.02653536135908, 38.848671719837093 ], [ -120.026562127810323, 38.848582311991976 ], [ -120.026424027390959, 38.848578793259989 ], [ -120.02637124406337, 38.848739610008693 ], [ -120.02618935990084, 38.848680921457465 ], [ -120.025564156608738, 38.848755078071406 ], [ -120.025342241607959, 38.848551224219797 ], [ -120.024745308338794, 38.848499971306573 ], [ -120.024467607377233, 38.848528927044683 ], [ -120.024437085993654, 38.848708328424081 ], [ -120.024087331671893, 38.848807517887785 ], [ -120.023976751433693, 38.848696590276937 ], [ -120.023813382507612, 38.84874647793648 ], [ -120.023588470015426, 38.848614616189906 ], [ -120.023221704667819, 38.848569225553135 ], [ -120.022918733819864, 38.848651586866403 ], [ -120.022759118833704, 38.84861147903969 ], [ -120.02263952994933, 38.848716535789301 ], [ -120.022618766045795, 38.84866195219022 ], [ -120.022456147346219, 38.848693839122518 ], [ -120.022182951295221, 38.848614796623821 ], [ -120.022030847621664, 38.848394699964977 ], [ -120.021804437463189, 38.848298832509968 ], [ -120.021549001906834, 38.848346367435042 ], [ -120.021212768916044, 38.848121570264929 ], [ -120.021233052981628, 38.847635603390536 ], [ -120.021386926353543, 38.847261153871202 ], [ -120.021577065249986, 38.847121863037088 ], [ -120.021608343983559, 38.846924463838278 ], [ -120.021098506691672, 38.846442984370206 ], [ -120.02086909868892, 38.846419110458655 ], [ -120.020693236228965, 38.846216423562687 ], [ -120.02057890834979, 38.846195486896711 ], [ -120.020552412586582, 38.845726343741134 ], [ -120.020466360969166, 38.845580003204986 ], [ -120.020842875591214, 38.845391417789109 ], [ -120.021254151580052, 38.845473987691967 ], [ -120.021267672880143, 38.845150009621911 ], [ -120.020840896041747, 38.844886864554233 ], [ -120.020678285423813, 38.844918749333061 ], [ -120.020771849760536, 38.844885101966554 ], [ -120.020806134451462, 38.844615707862445 ], [ -120.020625768372255, 38.844521013643003 ], [ -120.020634784189909, 38.844305028353688 ], [ -120.020726093849191, 38.84432537731626 ], [ -120.020775880732103, 38.844236558498771 ], [ -120.020706083789094, 38.844252794673167 ], [ -120.020732855446823, 38.844163388329939 ], [ -120.020618530805763, 38.844142451825711 ], [ -120.020625292603157, 38.843980462850176 ], [ -120.02077014483524, 38.843821999088213 ], [ -120.02061504970581, 38.843673896109856 ], [ -120.020585548381561, 38.84327674792253 ], [ -120.020497245372951, 38.843184403798929 ], [ -120.020359156150619, 38.84318087830561 ], [ -120.020333135840374, 38.843252285799394 ], [ -120.020198052088432, 38.843176765024076 ], [ -120.01982831138146, 38.843203359934279 ], [ -120.019488349494736, 38.843068552599703 ], [ -120.019541143120819, 38.842907739277194 ], [ -120.019426069313056, 38.842904800453013 ], [ -120.019478111368912, 38.842761985915921 ], [ -120.019343029481263, 38.842686464217032 ], [ -120.01930301294739, 38.842541298565614 ], [ -120.019308274147406, 38.842415307257035 ], [ -120.019402587272211, 38.842363662112923 ], [ -120.019264499773925, 38.842360135387786 ], [ -120.019199214148202, 38.842268378178595 ], [ -120.019230496427468, 38.842070979650956 ], [ -120.019482152736828, 38.842113442747625 ], [ -120.019809616125599, 38.841995679500279 ], [ -120.020177847812505, 38.842005081946418 ], [ -120.0201748423368, 38.842077077042362 ], [ -120.020336695245234, 38.84206319148214 ], [ -120.020448762586668, 38.842138124469237 ], [ -120.020522313893977, 38.842031894466857 ], [ -120.020526070293187, 38.841941900567562 ], [ -120.020183107369135, 38.841879090525872 ], [ -120.02018611281531, 38.841807095426894 ], [ -120.02000575448308, 38.841712400521544 ], [ -120.020034028636061, 38.841586996756433 ], [ -120.019871425348214, 38.841618880708175 ], [ -120.019649548206132, 38.841415017324209 ], [ -120.019748368478517, 38.841255379219362 ], [ -120.019570266611623, 38.841106687406693 ], [ -120.019739631890189, 38.840912814901564 ], [ -120.019808202953016, 38.84037402710841 ], [ -120.01961159790676, 38.840116755122409 ], [ -120.019153575450304, 38.840051003839974 ], [ -120.018548450430913, 38.84019770845152 ], [ -120.018112690710069, 38.8401505397606 ], [ -120.017970096402493, 38.840255004139678 ], [ -120.017607138244941, 38.840119603925196 ], [ -120.017443785471144, 38.840169483324289 ], [ -120.017438521404799, 38.840295474467304 ], [ -120.017319691812773, 38.840382527399086 ], [ -120.017134828517882, 38.84039582070934 ], [ -120.016614535552165, 38.84016630635606 ], [ -120.016454497069191, 38.839585640825696 ], [ -120.016119072918301, 38.839342832222691 ], [ -120.01590969394222, 38.839391532732357 ], [ -120.015450927963457, 38.83934376592736 ], [ -120.015332850255888, 38.839412818110375 ], [ -120.014964633555138, 38.83940340091614 ], [ -120.014591900793079, 38.839501974705506 ], [ -120.014385531518656, 38.839478677665575 ], [ -120.014252719766944, 38.839349154434714 ], [ -120.01399957124174, 38.839342677906259 ], [ -120.013231089586398, 38.83953922905232 ], [ -120.013537795466917, 38.839366898343506 ], [ -120.014188196077669, 38.839239396058062 ], [ -120.014472637778496, 38.839048475291165 ], [ -120.014981943431977, 38.83898943087587 ], [ -120.015217345268098, 38.838869325756285 ], [ -120.016486842796212, 38.838811695780592 ], [ -120.016895066858297, 38.838966274349367 ], [ -120.017198753826321, 38.838865928483436 ], [ -120.017520941662909, 38.838874162334562 ], [ -120.017551474522861, 38.83869476302354 ], [ -120.017397900763527, 38.838510658877048 ], [ -120.01724763460831, 38.837696010567967 ], [ -120.017176937390659, 38.836631144183968 ], [ -120.016785721723807, 38.836621145150993 ], [ -120.016620872377104, 38.836707021183464 ], [ -120.01602254228041, 38.836691725142146 ], [ -120.015761879373343, 38.836865239997877 ], [ -120.015440453534268, 38.836839002938653 ], [ -120.015763384056257, 38.836829242562636 ], [ -120.015931243831247, 38.836671372912548 ], [ -120.016370741400394, 38.8366285552422 ], [ -120.016675923059054, 38.836492212875775 ], [ -120.017183705178226, 38.83646915550775 ], [ -120.017234242218322, 38.83636233931346 ], [ -120.017349305259884, 38.83636527988314 ], [ -120.017396379065175, 38.835789908092089 ], [ -120.017855124140155, 38.835837666418577 ], [ -120.017858131284086, 38.83576567139778 ], [ -120.018158796316982, 38.835737317427125 ], [ -120.018210834719028, 38.83559450319742 ], [ -120.018645815310336, 38.835659669226501 ], [ -120.018925721840006, 38.835576729093759 ], [ -120.018958503736343, 38.835343332808293 ], [ -120.019073565317981, 38.835346271615187 ], [ -120.019009037262535, 38.835236515690717 ], [ -120.019094888740611, 38.834283755949095 ], [ -120.019220468227829, 38.834034711598882 ], [ -120.019385308300357, 38.833948831490673 ], [ -120.019227982145296, 38.833854723765192 ], [ -120.018919059187141, 38.83408106739153 ], [ -120.018809260150405, 38.833952137078327 ], [ -120.01844332518354, 38.833888735635107 ], [ -120.018045358884237, 38.834040730309169 ], [ -120.017826516317115, 38.833764869314479 ], [ -120.01794637647842, 38.833101266922164 ], [ -120.017881100300173, 38.833009509250338 ], [ -120.017514419330823, 38.83296410386783 ], [ -120.017472155325407, 38.832872934015796 ], [ -120.017483432313782, 38.832602952639071 ], [ -120.017783332306294, 38.832592597864753 ], [ -120.018018707990166, 38.832472485957197 ], [ -120.018201295755247, 38.832513186726707 ], [ -120.018323868488295, 38.832336138368198 ], [ -120.018087279759925, 38.831933698693859 ], [ -120.01809930566057, 38.83164571835033 ], [ -120.018008012878013, 38.831625367962843 ], [ -120.018038077774904, 38.830905417085326 ], [ -120.018729155504374, 38.830905053201043 ], [ -120.018669140244086, 38.830687304488443 ], [ -120.018372254333556, 38.830625666746727 ], [ -120.018517082362379, 38.830467204596623 ], [ -120.018579168673185, 38.829531855590815 ], [ -120.018493138587033, 38.829385514177439 ], [ -120.018243781952464, 38.829289054316888 ], [ -120.018202270393488, 38.829179885947305 ], [ -120.01804194977116, 38.82915777215166 ], [ -120.018044204451598, 38.829103775815106 ], [ -120.017745070783761, 38.829096133072134 ], [ -120.01787873819066, 38.827550001931755 ], [ -120.017916490693679, 38.827749164291973 ], [ -120.018077559644468, 38.827753279354539 ], [ -120.018367955259819, 38.827418356244031 ], [ -120.018301931804274, 38.827344597703359 ], [ -120.018401301485753, 38.826067859080133 ], [ -120.01821722697332, 38.826063156814016 ], [ -120.018254513300946, 38.825721767561319 ], [ -120.018025924257145, 38.825679891859828 ], [ -120.018034941872088, 38.825463906384236 ], [ -120.017850117465812, 38.825477202388974 ], [ -120.017928162686971, 38.825262980505428 ], [ -120.018066968435946, 38.825248508721806 ], [ -120.018037947722235, 38.825391911223534 ], [ -120.018129232655383, 38.825412261291866 ], [ -120.018114489404937, 38.82521368676997 ], [ -120.018257803432704, 38.825091221991428 ], [ -120.018274334021299, 38.824695248488425 ], [ -120.018344863371169, 38.824661014191456 ], [ -120.018235830190051, 38.824514084974503 ], [ -120.018302886090467, 38.824011294178632 ], [ -120.018217613882925, 38.823846953928829 ], [ -120.018253395653275, 38.823541562117221 ], [ -120.018185872902691, 38.823503801212802 ], [ -120.018237432872311, 38.822820434577054 ], [ -120.018029607091989, 38.822833143384621 ], [ -120.017988850384924, 38.822705976197746 ], [ -120.017695003822737, 38.822572342813025 ], [ -120.017638003037419, 38.822282598527686 ], [ -120.017298894375813, 38.822129789700661 ], [ -120.017304155277955, 38.822003798181221 ], [ -120.01702083560582, 38.821618180235419 ], [ -120.016747748121858, 38.821539129017054 ], [ -120.016509696883062, 38.821172684823026 ], [ -120.016394658383319, 38.821169744387575 ], [ -120.016195107229279, 38.820984463585468 ], [ -120.015674955043707, 38.820754950090731 ], [ -120.015433903876129, 38.820460499037431 ], [ -120.015225332780105, 38.820491201865316 ], [ -120.014093016497142, 38.820029810415917 ], [ -120.013601152623139, 38.819674885547343 ], [ -120.013499660895562, 38.819347965133638 ], [ -120.012942546692642, 38.818901278163374 ], [ -120.013074889443729, 38.818490251079432 ], [ -120.013445255088143, 38.818445673783287 ], [ -120.013546310979564, 38.818232043466899 ], [ -120.013853673580044, 38.818041708989014 ], [ -120.014193507600325, 38.818176528115835 ], [ -120.014448085561824, 38.818147003768487 ], [ -120.014497107563514, 38.818076185627866 ], [ -120.014795442158089, 38.818101833633143 ], [ -120.015102049058029, 38.81792949447118 ], [ -120.015470907107954, 38.817920908111923 ], [ -120.015853750036243, 38.818128894074263 ], [ -120.016106072116898, 38.818153362412311 ], [ -120.016238098687012, 38.818300881296636 ], [ -120.01608276743768, 38.818711324589003 ], [ -120.016135249327519, 38.819109062097652 ], [ -120.016468327801903, 38.819405863976932 ], [ -120.016437803620292, 38.819585263736208 ], [ -120.016528329011109, 38.819623613546241 ], [ -120.016631338428198, 38.819914534307038 ], [ -120.016956447029543, 38.819850771208301 ], [ -120.017104721692419, 38.820160866354186 ], [ -120.017289532331432, 38.820147570981653 ], [ -120.017492090097477, 38.820260854765912 ], [ -120.017704881965827, 38.820680705651313 ], [ -120.018141274576976, 38.820709872490852 ], [ -120.018421121861792, 38.820626931092889 ], [ -120.018410604477992, 38.820878914444421 ], [ -120.01822353814795, 38.820946207946818 ], [ -120.018201750301955, 38.821468173323382 ], [ -120.018234525094698, 38.821234776590451 ], [ -120.01839933570642, 38.821148896592042 ], [ -120.018381586792444, 38.821022317222052 ], [ -120.018796476519498, 38.82101489636738 ], [ -120.018820513068761, 38.820438934212333 ], [ -120.0184278829676, 38.82046494178843 ], [ -120.018524420264455, 38.820359299626865 ], [ -120.01843314156784, 38.820338950103391 ], [ -120.018496434277111, 38.819926152747136 ], [ -120.018431168328149, 38.819834395651782 ], [ -120.018524699957581, 38.819800748706477 ], [ -120.018587240300377, 38.819405950045613 ], [ -120.018501221061982, 38.819259608899756 ], [ -120.018439240150684, 38.818537305558479 ], [ -120.018561034930357, 38.81837825443219 ], [ -120.018426749742034, 38.818284734439743 ], [ -120.018456517031069, 38.81812333272547 ], [ -120.018301479308491, 38.817975228499918 ], [ -120.018164190288758, 38.817953703508344 ], [ -120.017951402758072, 38.817533853505516 ], [ -120.01826025361558, 38.817307509179116 ], [ -120.017887642089164, 38.817406098561904 ], [ -120.0172602793686, 38.816435115133821 ], [ -120.01724553878401, 38.816236540406464 ], [ -120.017154265712051, 38.816216190092547 ], [ -120.016614436525572, 38.815355548098459 ], [ -120.016551431552742, 38.815209793756949 ], [ -120.016781489425881, 38.81521567345181 ], [ -120.01706582471067, 38.815024741622928 ], [ -120.016336242156186, 38.813744835084236 ], [ -120.016205726404721, 38.813561318943172 ], [ -120.016113705424416, 38.813558966749781 ], [ -120.016075211303118, 38.813377802677557 ], [ -120.016144978475523, 38.813361568048904 ], [ -120.015907706629676, 38.812977124587228 ], [ -120.015793433069916, 38.812956185285941 ], [ -120.015302057318323, 38.813141820538888 ], [ -120.015177560074662, 38.812814313117741 ], [ -120.014565004412034, 38.81204189237166 ], [ -120.014660031122034, 38.811972250603397 ], [ -120.014417507576582, 38.81171379595434 ], [ -120.014537042506731, 38.811608745086815 ], [ -120.014837605940997, 38.811580395604885 ], [ -120.015362952644566, 38.811683918876099 ], [ -120.015732530075979, 38.811657331611379 ], [ -120.015782297625364, 38.811568513840179 ], [ -120.015944833052032, 38.811536632814231 ], [ -120.01614014327096, 38.811271355156393 ], [ -120.016254414289904, 38.811292294020596 ], [ -120.016303429403251, 38.811221474791807 ], [ -120.016191413114001, 38.81114653956768 ], [ -120.015353174355965, 38.809161147090748 ], [ -120.015364449806341, 38.8088911651381 ], [ -120.015864814156856, 38.808489542664759 ], [ -120.015899090927718, 38.808220148589349 ], [ -120.016115891930383, 38.807991456138517 ], [ -120.016104912139099, 38.807702887147613 ], [ -120.016198428484174, 38.807669241421969 ], [ -120.015776395972111, 38.807298093081798 ], [ -120.015825408549034, 38.807227273922159 ], [ -120.015622889250707, 38.807113988591787 ], [ -120.01540713865414, 38.806766130366015 ], [ -120.015480657417271, 38.806659901841506 ], [ -120.015348652435975, 38.80651238275869 ], [ -120.015439457861532, 38.805992181705001 ], [ -120.015366988526864, 38.805521860311849 ], [ -120.015420509672211, 38.805343048419289 ], [ -120.015283997395684, 38.805303522184701 ], [ -120.015180259139925, 38.805030599461062 ], [ -120.014677211752456, 38.804945664244201 ], [ -120.014588209105739, 38.804871316095941 ], [ -120.014030887833471, 38.804983188362556 ], [ -120.013478077357533, 38.804987065226136 ], [ -120.013296314245977, 38.804928361012976 ], [ -120.012995778623477, 38.804956707636094 ], [ -120.012703517614042, 38.804787067050036 ], [ -120.012565503519667, 38.804783535262509 ], [ -120.012218211269854, 38.804828701356534 ], [ -120.011959918332806, 38.804948216508443 ], [ -120.011197076745958, 38.805018778469737 ], [ -120.010671785700083, 38.804915238516813 ], [ -120.010496800618256, 38.804694541458936 ], [ -120.010271295058899, 38.804580658362994 ], [ -120.010252809992721, 38.804472076906187 ], [ -120.009956040271078, 38.804410422107601 ], [ -120.009673165689776, 38.80346624013449 ], [ -120.009418981471754, 38.802937206645453 ], [ -120.009304726099913, 38.802916261668656 ], [ -120.009285489721904, 38.802825678823417 ], [ -120.008964219845708, 38.802799429949879 ], [ -120.008831482251878, 38.802669902934433 ], [ -120.008416700486265, 38.802677292548971 ], [ -120.008154643033222, 38.802886792865479 ], [ -120.007970629898765, 38.802882076808217 ], [ -120.007617317098465, 38.80307121899255 ], [ -120.007227042005738, 38.803043196505492 ], [ -120.006507960287422, 38.803168903806984 ], [ -120.005826586394335, 38.803493771716603 ], [ -120.005221753169494, 38.803640419180063 ], [ -120.004703645422907, 38.803915414620334 ], [ -120.003705510325659, 38.804106016085548 ], [ -120.003300894582395, 38.80441995400453 ], [ -120.003114614360129, 38.804469225976177 ], [ -120.003084065672326, 38.804648621559842 ], [ -120.002733750890343, 38.80476575362411 ], [ -120.002683217988775, 38.804872564062677 ], [ -120.002377396193168, 38.805026873355374 ], [ -120.002103634481614, 38.804965789413664 ], [ -120.001777828924602, 38.80504751200602 ], [ -120.001688840224631, 38.804973154545436 ], [ -120.00148182063964, 38.804967837266446 ], [ -120.001149217977002, 38.805211545268826 ], [ -120.000289826142122, 38.805387663123923 ], [ -120.000191773686467, 38.805529287277153 ], [ -120.000028491037412, 38.805579145200447 ], [ -119.999851271886953, 38.805412429100173 ], [ -119.999711747135905, 38.805444879184932 ], [ -119.999464011185694, 38.805312386066568 ], [ -119.998817681417748, 38.805349825441674 ], [ -119.998337658051241, 38.805265411805237 ], [ -119.998162711497613, 38.805044697738943 ], [ -119.997709473335348, 38.80487088049636 ], [ -119.997341440424719, 38.804861414789492 ], [ -119.99659447394113, 38.804553912097681 ], [ -119.995399887332056, 38.804487136151195 ], [ -119.995289417628655, 38.804376185111174 ], [ -119.995508539346133, 38.804093537541654 ], [ -119.995745365517777, 38.803937470852176 ], [ -119.99606436401379, 38.804017751621409 ], [ -119.997011973534001, 38.803934023984262 ], [ -119.997225794366571, 38.803777362437366 ], [ -119.997456567465392, 38.80376528021111 ], [ -119.997648141198027, 38.803590027700047 ], [ -119.997993921931837, 38.803580902157947 ], [ -119.998558809987884, 38.803289121675327 ], [ -119.998940437297335, 38.802974609424993 ], [ -119.999123693528944, 38.802997338260887 ], [ -119.999506072343138, 38.802664825432387 ], [ -119.999668593042585, 38.802632966526531 ], [ -119.999789643498701, 38.802491933768337 ], [ -119.999590941804044, 38.802288629274294 ], [ -119.999603784911884, 38.801982653777706 ], [ -120.000058180471541, 38.80157991797283 ], [ -119.999806679737986, 38.801537418842791 ], [ -119.999628715093564, 38.80138870128696 ], [ -119.999638535872336, 38.801154719982392 ], [ -119.999903631844504, 38.800873245214348 ], [ -120.000160417446168, 38.800789754045923 ], [ -120.000124990125173, 38.80053659195967 ], [ -120.000455307651805, 38.800346881717076 ], [ -120.000484349953425, 38.800203484055544 ], [ -120.000675151310531, 38.80004622438674 ], [ -120.001339552070263, 38.799576806475585 ], [ -120.001831619528616, 38.799373228794991 ], [ -120.002641554279109, 38.798727360741623 ], [ -120.002989575350639, 38.798664223554283 ], [ -120.003650176554245, 38.798284784437122 ], [ -120.005174214425352, 38.798179746234169 ], [ -120.005649677517795, 38.798372122276788 ], [ -120.007090399278653, 38.798607264199212 ], [ -120.007357361101214, 38.798830323970442 ], [ -120.007631104931136, 38.798891394882716 ], [ -120.008013824945479, 38.79909940221161 ], [ -120.008367521165638, 38.799450808662556 ], [ -120.008549266082355, 38.79950951988949 ], [ -120.009039464996903, 38.799900458061956 ], [ -120.009138244953746, 38.799740826627342 ], [ -120.009265637330856, 38.798897243474741 ], [ -120.009428145878175, 38.798865370440922 ], [ -120.009319167531132, 38.798718434614784 ], [ -120.009353461790027, 38.798449042865478 ], [ -120.009464698531971, 38.798541982455284 ], [ -120.009510699084046, 38.798543160798353 ], [ -120.009403979737854, 38.79834222885961 ], [ -120.00946955523986, 38.797875440148637 ], [ -120.009240307597764, 38.797851549525461 ], [ -120.008972590078557, 38.797646492669777 ], [ -120.008765590311299, 38.797641189132733 ], [ -120.008433394039997, 38.797326370875929 ], [ -120.009528354012872, 38.797570639964505 ], [ -120.009737612129598, 38.797521945922711 ], [ -120.0096248708616, 38.797465004104737 ], [ -120.00961316337353, 38.797194433895463 ], [ -120.009137696193278, 38.797002073860938 ], [ -120.009095461391766, 38.796910901754615 ], [ -120.008818711503594, 38.796921829419531 ], [ -120.008592479492378, 38.796825942751632 ], [ -120.008416766122565, 38.796623242072457 ], [ -120.009194989577665, 38.796733271299374 ], [ -120.009375222741426, 38.796827978485808 ], [ -120.00976621812211, 38.796837993755339 ], [ -120.009727746502136, 38.796656828134907 ], [ -120.010068892831754, 38.795656556099154 ], [ -120.010433119798208, 38.795755973634115 ], [ -120.010902137461329, 38.795551766554794 ], [ -120.010993382411144, 38.795572120706055 ], [ -120.01105485627393, 38.795753874872347 ], [ -120.011016808146394, 38.796113261362805 ], [ -120.011099024751999, 38.796349600648888 ], [ -120.01102024409208, 38.796581818085983 ], [ -120.011607703622971, 38.796849109354255 ], [ -120.012415388898944, 38.797356268011505 ], [ -120.012717396577784, 38.797291924014367 ], [ -120.012753933142463, 38.796968534300412 ], [ -120.012907412114942, 38.797152641685912 ], [ -120.013254666429361, 38.797107471992526 ], [ -120.013849961318144, 38.796636213023845 ], [ -120.013987959859804, 38.79663974267487 ], [ -120.013947222372835, 38.796512574458355 ], [ -120.013192300782904, 38.795844613907903 ], [ -120.013267930387897, 38.794585285986031 ], [ -120.013115959279176, 38.794365181576254 ], [ -120.013164521203819, 38.793753810548203 ], [ -120.013083051955675, 38.79349947366709 ], [ -120.013151604350227, 38.79296068618364 ], [ -120.013393618101134, 38.792678588722332 ], [ -120.013450139357772, 38.792427781942799 ], [ -120.013507269019428, 38.791059871676893 ], [ -120.013401299713294, 38.790840944348091 ], [ -120.013427608847962, 38.790210985578433 ], [ -120.013072426027151, 38.7898955924516 ], [ -120.012980435742392, 38.789893238990111 ], [ -120.012860050183505, 38.788917184193963 ], [ -120.012473919181147, 38.788240636462668 ], [ -120.012293702522626, 38.788145934639225 ], [ -120.01229551830157, 38.7875513853648 ], [ -120.012421780184027, 38.787284345478312 ], [ -120.012291318710837, 38.787100826551715 ], [ -120.012302596836435, 38.786830844332613 ], [ -120.012148388016683, 38.786664735623887 ], [ -120.012155907026241, 38.786484747489538 ], [ -120.011590772284805, 38.786236049278664 ], [ -120.01103918052047, 38.785663370125135 ], [ -120.010813732123992, 38.785549490104962 ], [ -120.010709282765021, 38.78529456321526 ], [ -120.01039937507916, 38.784998339467052 ], [ -120.010363163178582, 38.784763177558297 ], [ -120.010143737514852, 38.784505306079893 ], [ -120.010186294026767, 38.78403792645247 ], [ -120.010285799559639, 38.783860293908518 ], [ -120.009977404268653, 38.783528071715054 ], [ -120.009918198810894, 38.783292320817779 ], [ -120.009470330995214, 38.782992561570914 ], [ -120.009251666210005, 38.782716689911894 ], [ -120.008756309359541, 38.782451747663934 ], [ -120.008550106266583, 38.782428446712743 ], [ -120.008328435752858, 38.78222456857209 ], [ -120.007920548477912, 38.782069972314588 ], [ -120.007457637761476, 38.782130180994294 ], [ -120.00725746024446, 38.781962887825486 ], [ -120.006638104457963, 38.781910974905813 ], [ -120.006420207195106, 38.781617099726127 ], [ -120.00663695116701, 38.781388421988716 ], [ -120.006644482615457, 38.781208434598319 ], [ -120.006809963755032, 38.781104568611283 ], [ -120.006803537238227, 38.780708006790469 ], [ -120.006559635662811, 38.780485537432781 ], [ -120.006564154510954, 38.780377544990316 ], [ -120.006381705874915, 38.780336831240469 ], [ -120.006295000868008, 38.780208481842536 ], [ -120.006353040474821, 38.779921681159557 ], [ -120.006198859855644, 38.779755565559022 ], [ -120.006207145173803, 38.779557579453176 ], [ -120.006035244299028, 38.779264882943352 ], [ -120.006273469423675, 38.779072792644961 ], [ -120.006214279040123, 38.778837040344847 ], [ -120.00629380496639, 38.778586826644073 ], [ -120.006208608393806, 38.778422479756763 ], [ -120.005870481659301, 38.778251647209288 ], [ -120.005684235972396, 38.777201824157061 ], [ -120.005970658827309, 38.775857814753472 ], [ -120.006113888237749, 38.775735360894672 ], [ -120.006080705752709, 38.775428203089078 ], [ -120.005992500388018, 38.775335851126108 ], [ -120.006049782848365, 38.775067049026077 ], [ -120.005851886998613, 38.774845757946885 ], [ -120.005926889960691, 38.774703536706014 ], [ -120.005887683275319, 38.7745403688333 ], [ -120.006022226720688, 38.774075349146138 ], [ -120.006235935300239, 38.773918666054868 ], [ -120.006246477909571, 38.773666683476264 ], [ -120.00614657805113, 38.773303760854738 ], [ -120.005835985687085, 38.77302552603102 ], [ -120.005630564043784, 38.772984222257385 ], [ -120.005546881250112, 38.772783877581276 ], [ -120.005605669041216, 38.772479078085503 ], [ -120.005817114152819, 38.772376391825873 ], [ -120.005802406614478, 38.772177815979155 ], [ -120.005626004330011, 38.771993111832394 ], [ -120.005621841341323, 38.771542553448249 ], [ -120.005537406842691, 38.77136020754287 ], [ -120.00533650934868, 38.771210910939814 ], [ -120.005344041329806, 38.771030923449686 ], [ -120.005110720983751, 38.770556469765495 ], [ -120.004662197487235, 38.770274694215786 ], [ -120.003976600313038, 38.769608455143867 ], [ -120.003762516245374, 38.769224582742723 ], [ -120.003728591564538, 38.768935423223944 ], [ -120.003298552282942, 38.768762225263643 ], [ -120.003326818341137, 38.768636824209629 ], [ -120.003197919120723, 38.768417299445403 ], [ -120.003327190410076, 38.768078273754199 ], [ -120.003190001908337, 38.768056734969683 ], [ -120.003173040829438, 38.767912155160609 ], [ -120.003014369797043, 38.767854028713664 ], [ -120.003053187399601, 38.767476645607942 ], [ -120.002927305698066, 38.767185125735494 ], [ -120.002958586345244, 38.76698772985371 ], [ -120.00310330921144, 38.766829281578772 ], [ -120.003062224381381, 38.766161558639915 ], [ -120.003397261284178, 38.765305289377601 ], [ -120.003410071195844, 38.764999310873925 ], [ -120.003140981001167, 38.764830242667259 ], [ -120.002923899648536, 38.764518364128818 ], [ -120.002889225740745, 38.764247203118607 ], [ -120.002652926499209, 38.763844740489027 ], [ -120.002694003419862, 38.763413361081632 ], [ -120.002548908945045, 38.763031257265517 ], [ -120.002303570421603, 38.762844778809637 ], [ -120.002135490485131, 38.762462084447613 ], [ -120.002254201865355, 38.762375041564638 ], [ -120.00218674385124, 38.762337273690648 ], [ -120.002216516055739, 38.762175875313055 ], [ -120.001619952693019, 38.761583980973469 ], [ -120.001214089069222, 38.760834818246934 ], [ -120.001220874664938, 38.760672829829694 ], [ -120.001111966793133, 38.760525888495771 ], [ -120.001145510194746, 38.76027449685003 ], [ -120.000411045239943, 38.759679055155445 ], [ -120.000223011123481, 38.759223773290152 ], [ -120.000044390955495, 38.759093058299413 ], [ -119.999917025798979, 38.758837533292066 ], [ -119.999049943864833, 38.758112549738151 ], [ -119.999078966298853, 38.757969150958608 ], [ -119.998953869722882, 38.757659629017184 ], [ -119.999010405515193, 38.757408828846394 ], [ -119.999150589763275, 38.757358376956759 ], [ -119.999812682930411, 38.757483497029121 ], [ -120.000701265058737, 38.757145960488735 ], [ -120.001316260147902, 38.756747337984997 ], [ -120.001662567951826, 38.756720193732086 ], [ -120.002088386355894, 38.75644283639091 ], [ -120.002318252413701, 38.756448737088263 ], [ -120.00257637963459, 38.756329236092142 ], [ -120.002850711745538, 38.756372313212943 ], [ -120.003020658524633, 38.756160457614442 ], [ -120.003252783833091, 38.756112360160088 ], [ -120.003328523087305, 38.755952140855982 ], [ -120.003586646920525, 38.755832637477631 ], [ -120.003591166274219, 38.75572464487275 ], [ -120.003850795170806, 38.75556914331446 ], [ -120.00387980669656, 38.755425742862073 ], [ -120.003996997614323, 38.755374695114966 ], [ -120.003982295572243, 38.755176118879369 ], [ -120.00421818236876, 38.755038025452208 ], [ -120.00381798755194, 38.754703432989196 ], [ -120.003628436065554, 38.754284153481066 ], [ -120.003742220979873, 38.753764548011105 ], [ -120.003611837964101, 38.753581021788982 ], [ -120.003752011651585, 38.753530563914545 ], [ -120.003690585925682, 38.753348806946853 ], [ -120.003896703663884, 38.753372113184795 ], [ -120.004231303862767, 38.753074389150129 ], [ -120.004246363560028, 38.752714413408398 ], [ -120.004434764778352, 38.752611137482035 ], [ -120.004420814513026, 38.752394562403026 ], [ -120.004309652519808, 38.752301620486421 ], [ -120.003964119742662, 38.752310774721167 ], [ -120.003920408256661, 38.752255599019293 ], [ -120.00375574573863, 38.752341465062464 ], [ -120.003641572256171, 38.752320517665915 ], [ -120.003534930289092, 38.752119582384957 ], [ -120.00317017936031, 38.752038150674302 ], [ -120.002547318707599, 38.752076220080198 ], [ -120.002322740724964, 38.751944329082491 ], [ -120.001998687920391, 38.751990065054017 ], [ -120.001662200072616, 38.751783227523276 ], [ -120.001275975673693, 38.751665202434872 ], [ -120.000316268376338, 38.750955868410983 ], [ -120.000228852792759, 38.750845514528784 ], [ -120.000290654611092, 38.750468721989549 ], [ -120.000070609693793, 38.75022883462691 ], [ -119.999803089215192, 38.750023763436069 ], [ -119.999574752449206, 38.749981861172841 ], [ -119.999442878473346, 38.749834328328568 ], [ -119.999213034233975, 38.749828422819363 ], [ -119.998623736940644, 38.749615080637646 ], [ -119.998357731739432, 38.749374008966925 ], [ -119.998338920414298, 38.748724874236046 ], [ -119.997993054385802, 38.748193459728775 ], [ -119.998004370710561, 38.747923479242964 ], [ -119.997898505093374, 38.747704540875318 ], [ -119.99707980292942, 38.746926733197313 ], [ -119.997033146634124, 38.745844448063949 ], [ -119.996966461207407, 38.745788679123002 ], [ -119.996974761983097, 38.745590693539867 ], [ -119.997069712398854, 38.745521062576415 ], [ -119.996920150781293, 38.745246945544949 ], [ -119.996961244153809, 38.744815567922139 ], [ -119.99657774187078, 38.744084982590586 ], [ -119.996476826520308, 38.743199500724558 ], [ -119.996481012275737, 38.742550956864577 ], [ -119.996584259794489, 38.742283340505132 ], [ -119.997042042963997, 38.741790604934074 ], [ -119.99660579966519, 38.741220826496253 ], [ -119.99593295633484, 38.740807124071921 ], [ -119.995556613512633, 38.740455099714445 ], [ -119.995213403340301, 38.74041023426124 ], [ -119.995285366879244, 38.740340013248598 ], [ -119.995228501502154, 38.74005026071525 ], [ -119.994565492921495, 38.739402568346151 ], [ -119.994069728758731, 38.739155574866281 ], [ -119.993724260218741, 38.739164701286313 ], [ -119.993583353748988, 38.739233146719322 ], [ -119.993147472070618, 38.739203907900993 ], [ -119.992766618518743, 38.73895986720872 ], [ -119.991675185161128, 38.739202031557525 ], [ -119.991227662275136, 38.738902214421223 ], [ -119.991186236081887, 38.738793038715457 ], [ -119.990752626604376, 38.738709795265017 ], [ -119.989042116019888, 38.737260301222818 ], [ -119.988028437702596, 38.736747676748784 ], [ -119.987583215840871, 38.736393851060306 ], [ -119.987610735992575, 38.736286452366599 ], [ -119.987362498488537, 38.736171941239284 ], [ -119.987121830069057, 38.735877444050686 ], [ -119.986625360328276, 38.735648419380937 ], [ -119.986368530122093, 38.735191341015131 ], [ -119.986277369313598, 38.73517097078733 ], [ -119.986110188947748, 38.734770259271684 ], [ -119.985445040425205, 38.734176515472313 ], [ -119.985362967797954, 38.733940162185789 ], [ -119.98498368386997, 38.733660101033891 ], [ -119.985014235717244, 38.733480708908338 ], [ -119.984927621356405, 38.733352346553325 ], [ -119.985004105791646, 38.731534494871724 ], [ -119.984771034593749, 38.731060008311907 ], [ -119.984744010548752, 38.730608858641496 ], [ -119.984524833657872, 38.730350947270082 ], [ -119.98456497097105, 38.729397025050716 ], [ -119.984472802417599, 38.728854103033044 ], [ -119.9846121812798, 38.728821665097634 ], [ -119.985347949666775, 38.728282096330481 ], [ -119.985707747487439, 38.727931020040678 ], [ -119.985736780246015, 38.727787624520133 ], [ -119.986093546180385, 38.727508541091915 ], [ -119.986179884251698, 38.727096352625125 ], [ -119.9863253132728, 38.726919923907786 ], [ -119.986309147521709, 38.726757343952102 ], [ -119.986648226083389, 38.726351675646434 ], [ -119.986628276209004, 38.726279088588818 ], [ -119.986792895712782, 38.726193244800179 ], [ -119.987122610148646, 38.725463007607274 ], [ -119.987337718742054, 38.725270356657596 ], [ -119.987383106487187, 38.724190440958289 ], [ -119.98748635652484, 38.723922832222542 ], [ -119.987605017784929, 38.723835801897202 ], [ -119.987529755038793, 38.723437462544844 ], [ -119.987945299442643, 38.722853580847612 ], [ -119.987975549502551, 38.72213363637443 ], [ -119.987545540704758, 38.721419841226279 ], [ -119.987698230117985, 38.720522873097735 ], [ -119.987499776490111, 38.720319556035243 ], [ -119.987563876857649, 38.719888774325028 ], [ -119.987510078937902, 38.719527024605128 ], [ -119.987181345675623, 38.719140166014881 ], [ -119.98706316561767, 38.718668646849807 ], [ -119.986755143214893, 38.718336375642586 ], [ -119.986791733017753, 38.7180129933584 ], [ -119.986642262162505, 38.717738865925156 ], [ -119.986556138646648, 38.717051955742534 ], [ -119.986093362884816, 38.716571545697839 ], [ -119.985924706978921, 38.716206831798189 ], [ -119.985721729903446, 38.716111503841205 ], [ -119.985681079786133, 38.715984328085845 ], [ -119.985782809019227, 38.7157527175046 ], [ -119.986086756705006, 38.715634433025961 ], [ -119.986775670238231, 38.715111661499037 ], [ -119.986905661701726, 38.714754651965634 ], [ -119.987073278561908, 38.714596812076913 ], [ -119.987011922679585, 38.714415048320895 ], [ -119.987206292330924, 38.714167807588332 ], [ -119.987512499420973, 38.713995523119138 ], [ -119.987546057850196, 38.713744134692007 ], [ -119.987664701373973, 38.713657103494874 ], [ -119.987710356099527, 38.713117736806758 ], [ -119.987390722407525, 38.712514895959536 ], [ -119.98729958969021, 38.712494527609259 ], [ -119.987261962978607, 38.712295357779134 ], [ -119.987379848194962, 38.712226325403456 ], [ -119.987359900567455, 38.71215373844764 ], [ -119.987858190743864, 38.711788206826469 ], [ -119.987996022725397, 38.711791760662301 ], [ -119.988421612333468, 38.711514442752076 ], [ -119.988968103435084, 38.711096094373701 ], [ -119.989264922202977, 38.710599236423626 ], [ -119.9897944734535, 38.710036302202184 ], [ -119.989948921412463, 38.709643882581005 ], [ -119.990232886362719, 38.709452999250026 ], [ -119.990672362019282, 38.709392248287422 ], [ -119.991466976485611, 38.709088387915244 ], [ -119.992272151658923, 38.708532539688669 ], [ -119.992547804263381, 38.708539636292713 ], [ -119.992773741496876, 38.708635543305974 ], [ -119.993417686787183, 38.7086340995725 ], [ -119.993920033680283, 38.708719099607691 ], [ -119.994634401988449, 38.70868342491859 ], [ -119.994939059947512, 38.708547116708651 ], [ -119.995225270006642, 38.708302224173018 ], [ -119.995734402533358, 38.7082252273688 ], [ -119.996019100965739, 38.708016330290725 ], [ -119.996179897703826, 38.708020464856503 ], [ -119.996557231377736, 38.70779593007714 ], [ -119.996786940421941, 38.707801835446794 ], [ -119.996905563026928, 38.707714793936489 ], [ -119.997345777409976, 38.707636018370067 ], [ -119.99886712551519, 38.706449873827673 ], [ -119.999849955942992, 38.706042680972644 ], [ -120.001288775150428, 38.705178711704555 ], [ -120.002045286399394, 38.705234163736691 ], [ -120.002469685850372, 38.705533344921889 ], [ -120.003064657897298, 38.705602663738922 ], [ -120.003160299169579, 38.705515026139395 ], [ -120.003830949336461, 38.705424118450978 ], [ -120.004068921583809, 38.705232020989662 ], [ -120.004530581390554, 38.70518980429577 ], [ -120.004721859103526, 38.705014526407687 ], [ -120.00492859077832, 38.705019826506671 ], [ -120.00516580735524, 38.704845725575616 ], [ -120.005419230316605, 38.704834203487216 ], [ -120.005608250906562, 38.704712920884049 ], [ -120.005745320236656, 38.704734452216599 ], [ -120.00584170843365, 38.704628813269949 ] ], [ [ -120.024351519562558, 38.847444889536888 ], [ -120.024324750891111, 38.847534296797434 ], [ -120.024604699186966, 38.847451344755925 ], [ -120.024351519562558, 38.847444889536888 ] ], [ [ -120.023793381735189, 38.84204328547137 ], [ -120.024108832416431, 38.842213491238695 ], [ -120.024224655954797, 38.84219842656637 ], [ -120.024027279498526, 38.841959160107308 ], [ -120.023799385375796, 38.841899294803241 ], [ -120.023793381735189, 38.84204328547137 ] ], [ [ -120.018252860878675, 38.839000971746565 ], [ -120.017535683625439, 38.839072736575275 ], [ -120.017682195278439, 38.839977378289262 ], [ -120.017792000780958, 38.840106309834006 ], [ -120.018512195271768, 38.83996254882797 ], [ -120.018473685093568, 38.839781385453819 ], [ -120.018569498596477, 38.839693743341272 ], [ -120.018478195505139, 38.839673392934351 ], [ -120.018361162561249, 38.839165900260333 ], [ -120.018252860878675, 38.839000971746565 ] ], [ [ -120.017588774524825, 38.838353375010009 ], [ -120.01751747894123, 38.838405606972977 ], [ -120.017789878869337, 38.838502657520365 ], [ -120.017808380948466, 38.838611238036627 ], [ -120.018104547264969, 38.838690877183751 ], [ -120.018337688014185, 38.838624761772891 ], [ -120.0182078773624, 38.838423247794985 ], [ -120.017588774524825, 38.838353375010009 ] ], [ [ -120.021786997427498, 38.836568693481169 ], [ -120.021416540486612, 38.836613293639807 ], [ -120.021435047818173, 38.836721873809473 ], [ -120.021587127033342, 38.836941970573392 ], [ -120.021702942312231, 38.836926908077359 ], [ -120.021809747687811, 38.837127831260318 ], [ -120.021924812441583, 38.837130767371505 ], [ -120.021858026027104, 38.837075009268041 ], [ -120.021937575892295, 38.836824787459072 ], [ -120.021875294531327, 38.836661036461905 ], [ -120.021786997427498, 38.836568693481169 ] ], [ [ -120.023463611425569, 38.825638505954778 ], [ -120.022998924551842, 38.825734763020506 ], [ -120.022994423211898, 38.825842756242665 ], [ -120.023779741287498, 38.825790711256808 ], [ -120.025042257173908, 38.825894968658076 ], [ -120.025371135487234, 38.825741188403256 ], [ -120.024475270749292, 38.82568231802896 ], [ -120.024288946525445, 38.825731622047549 ], [ -120.023463611425569, 38.825638505954778 ] ], [ [ -120.018386564249326, 38.821454876340866 ], [ -120.018361302593817, 38.821508285051983 ], [ -120.018430326142209, 38.821510048177771 ], [ -120.018386564249326, 38.821454876340866 ] ], [ [ -120.020744889461966, 38.820686264958788 ], [ -120.020700375524513, 38.820649092781508 ], [ -120.020698123530025, 38.82070308932699 ], [ -120.020744889461966, 38.820686264958788 ] ], [ [ -120.018002769439335, 38.81575138296116 ], [ -120.018023521807734, 38.81580596713134 ], [ -120.018025775428313, 38.815751970672075 ], [ -120.018002769439335, 38.81575138296116 ] ], [ [ -120.017729702742429, 38.81567233481708 ], [ -120.017657679685414, 38.815742566754814 ], [ -120.017748952329541, 38.815762916657981 ], [ -120.017729702742429, 38.81567233481708 ] ], [ [ -120.024059156934712, 38.809131160165933 ], [ -120.023245770957516, 38.809308620282977 ], [ -120.022155336482115, 38.810055584909847 ], [ -120.021807272496986, 38.810118777645663 ], [ -120.021240915816477, 38.810446669816947 ], [ -120.021163649737332, 38.810642896532961 ], [ -120.020934355991187, 38.810619027161486 ], [ -120.020814831800337, 38.810724085037585 ], [ -120.021249665318095, 38.810789235708093 ], [ -120.021315677720253, 38.810862992277151 ], [ -120.021592481773169, 38.810852037046793 ], [ -120.022114331570506, 38.810486971778779 ], [ -120.02232137103023, 38.810492253129148 ], [ -120.022627177276277, 38.810337890894488 ], [ -120.023022000239436, 38.81025787012976 ], [ -120.023995909785796, 38.809543962848494 ], [ -120.024059156934712, 38.809131160165933 ] ], [ [ -120.019660989309827, 38.805811745237911 ], [ -120.019611230951753, 38.805900565089047 ], [ -120.019657987192247, 38.805883740746772 ], [ -120.019660989309827, 38.805811745237911 ] ], [ [ -120.011500749243339, 38.802161688533943 ], [ -120.011061463430465, 38.802204496357639 ], [ -120.010626693423305, 38.802139310065144 ], [ -120.010531676696544, 38.802208949011892 ], [ -120.010920444001854, 38.802272957806615 ], [ -120.011207422627763, 38.802568593589022 ], [ -120.011289645919504, 38.802804932834306 ], [ -120.011272337010226, 38.803218904047469 ], [ -120.011514821892632, 38.803477363967026 ], [ -120.011662290593364, 38.803805463252914 ], [ -120.011798797781665, 38.803844993541723 ], [ -120.011916817628659, 38.80377594237909 ], [ -120.012169839773364, 38.803782418462809 ], [ -120.012305594912391, 38.803839946929898 ], [ -120.012422861999397, 38.803788893999517 ], [ -120.013287162367206, 38.804045243948799 ], [ -120.014433510461359, 38.804164656951741 ], [ -120.014773281342002, 38.804299472096048 ], [ -120.015215585217348, 38.804184655492811 ], [ -120.015131844227227, 38.80398431610319 ], [ -120.015295113982873, 38.803934436464559 ], [ -120.015095611075395, 38.803749155326464 ], [ -120.014709086328381, 38.803631163585749 ], [ -120.014351579313072, 38.803369768513484 ], [ -120.013594771952654, 38.803296356610822 ], [ -120.01342053322216, 38.803057664900592 ], [ -120.012877515877818, 38.802827555389989 ], [ -120.012216484698385, 38.802666495172957 ], [ -120.012150489054733, 38.802592734037162 ], [ -120.011872964693296, 38.802621666845532 ], [ -120.011808474287022, 38.802511908013457 ], [ -120.011692713847168, 38.802526962888429 ], [ -120.011582220668657, 38.802416026361833 ], [ -120.011500749243339, 38.802161688533943 ] ], [ [ -120.016060315170236, 38.802152194713699 ], [ -120.01597131430843, 38.802077847670674 ], [ -120.015922305735927, 38.802148667091309 ], [ -120.016060315170236, 38.802152194713699 ] ], [ [ -120.012599001002556, 38.800676283859076 ], [ -120.012930478930215, 38.801009090224504 ], [ -120.013403727359403, 38.801255432514516 ], [ -120.013879986587355, 38.801429777821554 ], [ -120.014112255003781, 38.801381664631499 ], [ -120.014498014993023, 38.801517656673916 ], [ -120.014601746368641, 38.801790579841168 ], [ -120.014935493683694, 38.802069384601353 ], [ -120.015416271350247, 38.802135731083531 ], [ -120.015707025942419, 38.802341362411717 ], [ -120.015847289903874, 38.802290893826402 ], [ -120.015650795566131, 38.802033618420232 ], [ -120.015332531818416, 38.801935391849959 ], [ -120.015067787653834, 38.801658352541821 ], [ -120.014567770703138, 38.801501422515578 ], [ -120.014415030418945, 38.801299318088361 ], [ -120.014443293716369, 38.801173914682096 ], [ -120.014303782869192, 38.801206382831559 ], [ -120.014078281416431, 38.801092507232006 ], [ -120.013731007929081, 38.801137678603411 ], [ -120.013296241272116, 38.801072502410847 ], [ -120.013091486935238, 38.80101320978968 ], [ -120.012760008209938, 38.800680403851494 ], [ -120.012599001002556, 38.800676283859076 ] ], [ [ -120.005911007457669, 38.80037882322415 ], [ -120.005241722771899, 38.800415710227149 ], [ -120.005028683177088, 38.800554388990967 ], [ -120.004610897498111, 38.800633760143008 ], [ -120.004445366289147, 38.800737620784588 ], [ -120.004052842865846, 38.800763584141208 ], [ -120.003412202893912, 38.801215609473182 ], [ -120.003061905788826, 38.801332743273157 ], [ -120.002043067217471, 38.80146874554881 ], [ -120.001826244004889, 38.801697411062158 ], [ -120.001569456780175, 38.801780905834001 ], [ -120.001455961035987, 38.801741954739981 ], [ -120.001403918662447, 38.801884761860464 ], [ -120.001073596103481, 38.802074474563277 ], [ -120.000750823705374, 38.80208420048077 ], [ -120.000736475061387, 38.80242617344706 ], [ -120.000064148904471, 38.802535024141946 ], [ -119.999952163698978, 38.802460074445889 ], [ -119.999854870413131, 38.802583699948492 ], [ -120.000098821170923, 38.802806184767519 ], [ -120.000223989097051, 38.803115706760238 ], [ -120.000470208632109, 38.803284195199687 ], [ -120.000950977095442, 38.803350601078542 ], [ -120.001347290586267, 38.803234655859988 ], [ -120.001397069079076, 38.803145844592876 ], [ -120.001650841547828, 38.803134344778847 ], [ -120.001657636405795, 38.802972357471255 ], [ -120.001797910465811, 38.802921906227404 ], [ -120.001851462807252, 38.802743101764072 ], [ -120.002153501316357, 38.802678786450805 ], [ -120.002381251487336, 38.802738688710939 ], [ -120.003545661557425, 38.802426240423706 ], [ -120.003914438433227, 38.802417687464448 ], [ -120.004265494049591, 38.802282552643923 ], [ -120.00477454103023, 38.802223542409372 ], [ -120.007220224609028, 38.802106085653151 ], [ -120.008392542286785, 38.802154151296413 ], [ -120.008687794767525, 38.802251807084019 ], [ -120.009032816616838, 38.802260647216421 ], [ -120.008929106273968, 38.801987719933159 ], [ -120.008470585454006, 38.801939935114099 ], [ -120.008340863360132, 38.801738412804042 ], [ -120.007817107895491, 38.801598863669376 ], [ -120.007935880841487, 38.801511817819566 ], [ -120.008302393551773, 38.801557246883839 ], [ -120.008516936722742, 38.801382564612631 ], [ -120.008677191746173, 38.801404689003071 ], [ -120.008864966826238, 38.80131941022907 ], [ -120.008824236445946, 38.801192240567751 ], [ -120.00900824537797, 38.801196955109162 ], [ -120.009011257709659, 38.80112496024217 ], [ -120.008676032472394, 38.800882137010468 ], [ -120.008241273188816, 38.800816942220436 ], [ -120.008018796626658, 38.800631060519542 ], [ -120.007517297284551, 38.800510098543718 ], [ -120.007012031940235, 38.800479127907934 ], [ -120.006708499128422, 38.80057945372662 ], [ -120.005911007457669, 38.80037882322415 ] ], [ [ -120.009158233575889, 38.799813410774533 ], [ -120.009155221533078, 38.799885405667411 ], [ -120.009224223638114, 38.799887173409132 ], [ -120.009158233575889, 38.799813410774533 ] ], [ [ -120.006327258761075, 38.79923634574083 ], [ -120.005929467241529, 38.799388306492666 ], [ -120.004430666984788, 38.799439947805169 ], [ -120.003291573723359, 38.79969900168215 ], [ -120.002636239772997, 38.799952447786438 ], [ -120.002492953440594, 38.800074894767548 ], [ -120.002191681113047, 38.80012121282698 ], [ -120.00112796183619, 38.80077857639845 ], [ -120.000911138043179, 38.801007240201074 ], [ -120.000469589932351, 38.801104003913323 ], [ -120.000091000892027, 38.801346527642849 ], [ -120.000379440025682, 38.801606191030658 ], [ -120.000638493424049, 38.801468703173313 ], [ -120.000798745495771, 38.801490838297298 ], [ -120.000989549817021, 38.801333578253534 ], [ -120.001480120651124, 38.801165999808902 ], [ -120.002480483016967, 38.800921420075348 ], [ -120.002671282211963, 38.800764157059788 ], [ -120.003256866837873, 38.80052693845608 ], [ -120.003928415883294, 38.800436067018076 ], [ -120.004139948545955, 38.80033338761038 ], [ -120.00471496723506, 38.800348142371057 ], [ -120.005325804875085, 38.800057507123682 ], [ -120.005858589815901, 38.799981082816302 ], [ -120.007113077811425, 38.800265502350818 ], [ -120.007297084072206, 38.800270219492781 ], [ -120.007346853027016, 38.800181405271886 ], [ -120.0075086117822, 38.80016753376227 ], [ -120.007912078826848, 38.800430127320887 ], [ -120.009076839496515, 38.800658172147628 ], [ -120.008967859397245, 38.800511235952492 ], [ -120.008957660792433, 38.800204668440841 ], [ -120.008731418466354, 38.800108781668975 ], [ -120.008364159552102, 38.800081352936537 ], [ -120.008277429228571, 38.799953004294174 ], [ -120.008071176206613, 38.799929700557037 ], [ -120.007849456058295, 38.799725819932554 ], [ -120.00744222590636, 38.799553219777401 ], [ -120.006870226477886, 38.799466483943647 ], [ -120.006327258761075, 38.79923634574083 ] ], [ [ -120.018437589997461, 38.799257974510596 ], [ -120.018454585433972, 38.79940255294818 ], [ -120.01846059069166, 38.799258561927253 ], [ -120.018437589997461, 38.799257974510596 ] ], [ [ -120.026518231106948, 38.797626223425972 ], [ -120.026233991866107, 38.797817182518273 ], [ -120.026049988735991, 38.797812495444958 ], [ -120.025837743938069, 38.79793321516317 ], [ -120.025283487271196, 38.797973148149559 ], [ -120.024413966361934, 38.797842880912974 ], [ -120.023651957466313, 38.797895528907453 ], [ -120.023603708763119, 38.797948353046777 ], [ -120.023030947852178, 38.797879695126554 ], [ -120.022466196309225, 38.798171599995548 ], [ -120.020838417712525, 38.79800394669342 ], [ -120.020323408525854, 38.79820702007391 ], [ -120.019863400748804, 38.798195278481415 ], [ -120.019327638456602, 38.798343763472097 ], [ -120.020105151771645, 38.798471720197895 ], [ -120.020749915422286, 38.798470157768811 ], [ -120.021446679329159, 38.798325773984104 ], [ -120.021835437855231, 38.798389745990974 ], [ -120.02206094438823, 38.798503606792757 ], [ -120.023003217077246, 38.798545656490965 ], [ -120.023389730322464, 38.798663620292778 ], [ -120.023988495566812, 38.798660867147063 ], [ -120.024364746215653, 38.798472258924697 ], [ -120.025474016210154, 38.798374400380624 ], [ -120.025686262938834, 38.798253681408049 ], [ -120.025824266087639, 38.798257197203128 ], [ -120.026463995838967, 38.797823040953126 ], [ -120.026518231106948, 38.797626223425972 ] ], [ [ -120.019020684351133, 38.796317903929456 ], [ -120.019042183252949, 38.796354488987078 ], [ -120.019066683874613, 38.796319078454324 ], [ -120.019020684351133, 38.796317903929456 ] ], [ [ -120.043219316274858, 38.776825000225045 ], [ -120.042969357842196, 38.7767465977089 ], [ -120.042872174533727, 38.776870263864517 ], [ -120.043238591145425, 38.77691557924075 ], [ -120.043219316274858, 38.776825000225045 ] ], [ [ -120.000916516641922, 38.750358669148888 ], [ -120.001046887215281, 38.750542197959838 ], [ -120.00131818158431, 38.750657272775001 ], [ -120.00127824145973, 38.750512102462949 ], [ -120.000916516641922, 38.750358669148888 ] ], [ [ -120.001792563145713, 38.748669443097135 ], [ -120.001353604516595, 38.748712227561462 ], [ -120.001207409895571, 38.748906672897547 ], [ -120.001224364976764, 38.749051253060934 ], [ -120.001429715753218, 38.749092561896269 ], [ -120.00152692762245, 38.748968931093451 ], [ -120.001890907459128, 38.749068366038685 ], [ -120.002292186688663, 38.748826413281229 ], [ -120.001792563145713, 38.748669443097135 ] ], [ [ -120.000117483379199, 38.740320080923389 ], [ -119.999863180622356, 38.740349585138162 ], [ -119.9995776042702, 38.740576484647086 ], [ -120.000063983634334, 38.740498887933377 ], [ -120.000117483379199, 38.740320080923389 ] ] ] ] } },
{ "type": "Feature", "properties": { "part": "upstream", "crossing_id": "X04793", "area_ac": 14752.0, "n_upstream": 343.0 }, "geometry": { "type": "MultiPolygon", "coordinates": [ [ [ [ -120.048319882143616, 38.785422598011451 ], [ -120.048572820393048, 38.78598755579867 ], [ -120.048626214496281, 38.786367287364691 ], [ -120.048413297659479, 38.78650605059704 ], [ -120.048476347187432, 38.786651789908078 ], [ -120.048322764540941, 38.78702628921593 ], [ -120.048338333766964, 38.787206864626981 ], [ -120.048219632301979, 38.787293954662736 ], [ -120.048138753907523, 38.787580200803795 ], [ -120.048686954228188, 38.788242713675416 ], [ -120.049211447682509, 38.788364079472636 ], [ -120.05015582778374, 38.788910470341953 ], [ -120.050523040142636, 38.789496329298238 ], [ -120.050643956522293, 38.789913802050947 ], [ -120.052278325717865, 38.789919040072284 ], [ -120.052846610036994, 38.790095549884505 ], [ -120.053089209357807, 38.790353928041192 ], [ -120.053236107447717, 38.790699981305217 ], [ -120.053371132883001, 38.790775461890028 ], [ -120.053445328472463, 38.791209770975698 ], [ -120.053533615725684, 38.791302090021063 ], [ -120.053515074981973, 38.79175207685855 ], [ -120.053648619436089, 38.791863556147021 ], [ -120.053620429076958, 38.791988972066449 ], [ -120.053478726274037, 38.792075486926173 ], [ -120.053470568020856, 38.792273481103834 ], [ -120.053331089561809, 38.792305997345125 ], [ -120.053325155948883, 38.79244999308667 ], [ -120.05352102421088, 38.792725209155044 ], [ -120.053467608790214, 38.792904042970122 ], [ -120.053618963100888, 38.793142099084015 ], [ -120.053661262328134, 38.793791821233434 ], [ -120.053494331061486, 38.793931753930472 ], [ -120.05351362229014, 38.79402233170881 ], [ -120.053303657632398, 38.794089105333718 ], [ -120.053158241180043, 38.794265616900105 ], [ -120.053342239703511, 38.794270260931107 ], [ -120.053452046750891, 38.794399159549499 ], [ -120.05381930299238, 38.794426445893095 ], [ -120.054130919565253, 38.794686563600806 ], [ -120.054359436272989, 38.794728365686957 ], [ -120.054333470240778, 38.794799783299965 ], [ -120.05419695329357, 38.794760302486026 ], [ -120.053894986947029, 38.794824755773952 ], [ -120.053705053525405, 38.794964108286614 ], [ -120.053672411567703, 38.795197520906463 ], [ -120.053387508985892, 38.795406548908801 ], [ -120.053334832586515, 38.795567383041991 ], [ -120.053216864162636, 38.795636478291975 ], [ -120.053184962001282, 38.795851891222881 ], [ -120.053070702251929, 38.79583098903089 ], [ -120.052996508170992, 38.795955243494888 ], [ -120.052808795734904, 38.796040595991634 ], [ -120.052828828412316, 38.796113174395153 ], [ -120.052309462716977, 38.796424389790999 ], [ -120.052236008747485, 38.79653064424685 ], [ -120.052273104848098, 38.796747798951543 ], [ -120.051870219899811, 38.79702591681972 ], [ -120.05186725112911, 38.797097914538043 ], [ -120.051350101081681, 38.797355126902971 ], [ -120.051141609427077, 38.797385897305126 ], [ -120.05112230721484, 38.797853882118616 ], [ -120.050795839440568, 38.797953744587339 ], [ -120.050582148054843, 38.798110509758402 ], [ -120.050304650932745, 38.798139535309481 ], [ -120.050136960035658, 38.798297461855825 ], [ -120.049815688197825, 38.798271325681128 ], [ -120.049718484713551, 38.798394996460672 ], [ -120.049188717407247, 38.798399625881416 ], [ -120.048742038191918, 38.798622571188162 ], [ -120.048642603241717, 38.798800239091037 ], [ -120.048171432282473, 38.79905859929508 ], [ -120.047505797696701, 38.800122856513191 ], [ -120.047464211485121, 38.800572258505539 ], [ -120.047345485763501, 38.800659346566697 ], [ -120.047407800304953, 38.800823085897662 ], [ -120.04729130441882, 38.800856175848722 ], [ -120.047238609668213, 38.801017006403804 ], [ -120.047275691933947, 38.801234162048772 ], [ -120.047102038855797, 38.801536078330905 ], [ -120.046649384350715, 38.801903009161769 ], [ -120.046726520536822, 38.802265323335128 ], [ -120.046144770531697, 38.802412768603254 ], [ -120.046047554793702, 38.802536435778038 ], [ -120.045908053187588, 38.802568942177345 ], [ -120.045904333988702, 38.802658938755556 ], [ -120.045557066872334, 38.802704205352654 ], [ -120.045529600878396, 38.802811619081218 ], [ -120.045249852053885, 38.802894629709982 ], [ -120.044963405824603, 38.803139633332378 ], [ -120.04485062571284, 38.80308272415418 ], [ -120.043934920928081, 38.803509994319228 ], [ -120.043591370998968, 38.803465258460768 ], [ -120.043389559343339, 38.803334020688673 ], [ -120.043020774442695, 38.803342698441504 ], [ -120.041767555193246, 38.803022658946048 ], [ -120.041606538470859, 38.803018578718408 ], [ -120.041254797550963, 38.803171827774641 ], [ -120.040911251419288, 38.803127084150738 ], [ -120.040701994294324, 38.80317583426222 ], [ -120.040481657970133, 38.802936013243311 ], [ -120.040401978398748, 38.802922219065636 ], [ -120.040569196170324, 38.803046341076886 ], [ -120.040455674753289, 38.803007427018734 ], [ -120.040077947957926, 38.803232086181261 ], [ -120.038961045526179, 38.804068631949953 ], [ -120.038569254522926, 38.804076712017412 ], [ -120.038265745143448, 38.804177121038414 ], [ -120.038167021923968, 38.804336779353577 ], [ -120.037358817770581, 38.804946905337196 ], [ -120.037330592430564, 38.805072315750039 ], [ -120.036790331569051, 38.805328875164619 ], [ -120.03562361912816, 38.806254213843467 ], [ -120.035416589433737, 38.806248956544543 ], [ -120.035111573411186, 38.806385355049947 ], [ -120.034327219885483, 38.806419486084138 ], [ -120.033852960905449, 38.806749780591673 ], [ -120.033578413957471, 38.806706768316026 ], [ -120.03312267017111, 38.807145638743357 ], [ -120.033084722853104, 38.807505035961583 ], [ -120.032894715704273, 38.807644351408101 ], [ -120.032710686185581, 38.80763967383362 ], [ -120.032614187530967, 38.807745329438873 ], [ -120.032475417872675, 38.807759820027165 ], [ -120.031999646543568, 38.808126104397182 ], [ -120.031898661084583, 38.808339753759284 ], [ -120.03178364161613, 38.808336829284855 ], [ -120.031756152405876, 38.808444238780424 ], [ -120.03147412432584, 38.808581211998415 ], [ -120.031491894906338, 38.808707790402082 ], [ -120.031301133785604, 38.808865102039363 ], [ -120.031362669275708, 38.809046847634448 ], [ -120.031249144122938, 38.80900792447374 ], [ -120.03124465792466, 38.809115918815245 ], [ -120.031335179096672, 38.809154256983845 ], [ -120.031225217453994, 38.809583894266837 ], [ -120.031339316909694, 38.81016337417195 ], [ -120.031221303622985, 38.810232445244154 ], [ -120.031255348905162, 38.810521600166084 ], [ -120.031033351775946, 38.810876315613577 ], [ -120.031148375249757, 38.810879240986537 ], [ -120.031301930781964, 38.811063326838529 ], [ -120.031425752838615, 38.811408818980837 ], [ -120.031166717012923, 38.811546375924181 ], [ -120.031291286857382, 38.811873869143533 ], [ -120.031451574285555, 38.811895963417989 ], [ -120.031355815428853, 38.811983618565478 ], [ -120.031420344190167, 38.812093367957736 ], [ -120.031368351996932, 38.812236190293618 ], [ -120.031458129356949, 38.812292527557226 ], [ -120.031713429134328, 38.812244965340817 ], [ -120.031821726107907, 38.812409881636917 ], [ -120.031633946045588, 38.812495197156402 ], [ -120.03152340624689, 38.812384277853887 ], [ -120.031445417803639, 38.812598511404104 ], [ -120.031167111340935, 38.812645487895033 ], [ -120.031323661549933, 38.812757577638962 ], [ -120.031272416392554, 38.812882400845467 ], [ -120.030536993727594, 38.812845677445495 ], [ -120.030260863426733, 38.812900549161618 ], [ -120.030318725364523, 38.813110395832965 ], [ -120.029901635744665, 38.813171856604491 ], [ -120.029804376905119, 38.813295508361335 ], [ -120.029572077779505, 38.813343651601009 ], [ -120.029209036089341, 38.813766846259682 ], [ -120.0295339169014, 38.814261601346217 ], [ -120.029077349671482, 38.814718451605295 ], [ -120.029204907878338, 38.814973950721473 ], [ -120.029093840141911, 38.815055370577788 ], [ -120.029217436667466, 38.815226522289684 ], [ -120.029253719996603, 38.815461680342686 ], [ -120.02920920450218, 38.81542451133766 ], [ -120.029204714196069, 38.815532505360324 ], [ -120.028944910481215, 38.815688055528334 ], [ -120.028984186850892, 38.815851217628442 ], [ -120.028865413201714, 38.815938284796374 ], [ -120.028681363014144, 38.815933600039266 ], [ -120.028541371360461, 38.816151943007064 ], [ -120.028556600362492, 38.816164658808283 ], [ -120.028533594020331, 38.816164073165808 ], [ -120.028098719688941, 38.81609894814855 ], [ -120.028532845447856, 38.816182072156451 ], [ -120.028222533192064, 38.816444443166169 ], [ -120.028627865037095, 38.81611241873177 ], [ -120.028641888821383, 38.816328992263024 ], [ -120.028909732315029, 38.816534008399664 ], [ -120.028926002422835, 38.816696584934412 ], [ -120.029088281380083, 38.816781796442122 ], [ -120.029155319239607, 38.816720439449114 ], [ -120.029243603334805, 38.816812776532394 ], [ -120.028920014500699, 38.8168405768957 ], [ -120.029266609900532, 38.816813362043227 ], [ -120.029362933127473, 38.81726626457116 ], [ -120.02922339600066, 38.817298749514833 ], [ -120.029158842338532, 38.817406748325013 ], [ -120.029172891905162, 38.817405572444329 ], [ -120.029273705671258, 38.817750481031901 ], [ -120.029223201286584, 38.817857303966392 ], [ -120.029160704160105, 38.817837132276708 ], [ -120.029289228281442, 38.81793105652762 ], [ -120.029171948282226, 38.817982125866827 ], [ -120.02911994660947, 38.818124946729611 ], [ -120.02921796216377, 38.817983296941662 ], [ -120.029327757925799, 38.818112217534683 ], [ -120.029277253329766, 38.818219040479917 ], [ -120.029457567522812, 38.818313719525214 ], [ -120.029424082766354, 38.81856512000904 ], [ -120.02951012416996, 38.818711453963665 ], [ -120.029440160475843, 38.819286250887281 ], [ -120.029643484905634, 38.819381515249333 ], [ -120.029557997833862, 38.819775736762949 ], [ -120.029390957542617, 38.819915630179445 ], [ -120.029497762640517, 38.820116546679344 ], [ -120.029493272018513, 38.820224540643508 ], [ -120.029327727467859, 38.820328435930172 ], [ -120.029367755069188, 38.820473598932942 ], [ -120.029158439792823, 38.82052232589929 ], [ -120.029052186116019, 38.820861964277121 ], [ -120.028470930140898, 38.820751241552379 ], [ -120.028640290678254, 38.820797425777521 ], [ -120.028742602881678, 38.821106336781433 ], [ -120.028732711551498, 38.821136490432856 ], [ -120.028940691093766, 38.821327595372495 ], [ -120.029102495759219, 38.821313695685141 ], [ -120.02916478282485, 38.821477443321569 ], [ -120.029028980215415, 38.821419932768443 ], [ -120.02898112566649, 38.821449120173618 ], [ -120.029051239676704, 38.821438517362459 ], [ -120.029231561405311, 38.821533197020223 ], [ -120.029201816384017, 38.82169460230643 ], [ -120.029083032804934, 38.821781669248047 ], [ -120.029098555151734, 38.821962244676548 ], [ -120.029297395251206, 38.822165503787282 ], [ -120.029547492557214, 38.822243940737529 ], [ -120.029374457937237, 38.822527825739826 ], [ -120.02969058808381, 38.822680015045172 ], [ -120.029793655503454, 38.822970926336289 ], [ -120.029930958463581, 38.822992438141547 ], [ -120.029925719628082, 38.823118431086854 ], [ -120.030036272396472, 38.823229352283136 ], [ -120.029411296479807, 38.823303538728119 ], [ -120.029757923326216, 38.823276323669781 ], [ -120.030082289691109, 38.823230523149775 ], [ -120.030100808136126, 38.823339102542306 ], [ -120.030284129300767, 38.823361784806714 ], [ -120.030281136000696, 38.823433780794424 ], [ -120.030534980196734, 38.823422220833912 ], [ -120.030455478064269, 38.823672450778595 ], [ -120.030555744144152, 38.823476803177435 ], [ -120.030736072993548, 38.823571480761693 ], [ -120.030709323107786, 38.823660890471345 ], [ -120.030915654158235, 38.82368415709103 ], [ -120.030957182799924, 38.823793321664262 ], [ -120.031143497955995, 38.823744006598666 ], [ -120.03113751299442, 38.823887998675822 ], [ -120.031344592956131, 38.823893265555874 ], [ -120.03155448526843, 38.824385090635282 ], [ -120.031928436585886, 38.824809015054363 ], [ -120.031959496107348, 38.825170165605826 ], [ -120.031841457636972, 38.825239236199067 ], [ -120.031836969734726, 38.825347230298071 ], [ -120.031796064196456, 38.825346190095601 ], [ -120.031825106156589, 38.825466803718058 ], [ -120.031832481808422, 38.825455224394581 ], [ -120.032465527791587, 38.825741591147832 ], [ -120.032741641910988, 38.82574861071447 ], [ -120.032806183936003, 38.825858359688773 ], [ -120.03305704595509, 38.825918790698204 ], [ -120.033294450942236, 38.826303203863645 ], [ -120.032771786484105, 38.826686315021895 ], [ -120.033317460646586, 38.826303788696229 ], [ -120.033856986158128, 38.826623807101043 ], [ -120.033795268397299, 38.827000617557104 ], [ -120.0338858131298, 38.827038954589938 ], [ -120.033855327936067, 38.82721836029809 ], [ -120.034106195695074, 38.827278789261484 ], [ -120.034011913090552, 38.827330447613711 ], [ -120.034056691251166, 38.827732243670823 ], [ -120.034088256321667, 38.8277107663789 ], [ -120.034201064836196, 38.827767686945883 ], [ -120.034195796751405, 38.827800984148638 ], [ -120.034528439224815, 38.827649878578043 ], [ -120.034712520552048, 38.82765455530312 ], [ -120.034959654348185, 38.827804977806785 ], [ -120.035375332775814, 38.827779500404382 ], [ -120.035603193726757, 38.827839341824173 ], [ -120.035621721373133, 38.827947920642707 ], [ -120.036070722273081, 38.828229593835466 ], [ -120.036017231395931, 38.82840841595587 ], [ -120.036246588856557, 38.828432258058669 ], [ -120.03634575964449, 38.828593488302197 ], [ -120.036404674355111, 38.828508344233718 ], [ -120.036680800147607, 38.828515354907601 ], [ -120.036975455866781, 38.828630943610158 ], [ -120.037172096415162, 38.828888187978997 ], [ -120.037466754510419, 38.829003775525592 ], [ -120.03752458669473, 38.829275514108154 ], [ -120.037711659151171, 38.829208189875253 ], [ -120.038398995639014, 38.829297704323999 ], [ -120.038531707460152, 38.829985757556052 ], [ -120.038683081429454, 38.830223832865656 ], [ -120.038747636408786, 38.830333578996424 ], [ -120.038864931038589, 38.830282500650178 ], [ -120.039324406962066, 38.830312174621461 ], [ -120.039387470581616, 38.830457918685077 ], [ -120.040307917854349, 38.830481262542328 ], [ -120.040872010191109, 38.830765835987059 ], [ -120.041237207997156, 38.830847166392772 ], [ -120.041505887040657, 38.831034157563607 ], [ -120.042214022021966, 38.831178231146488 ], [ -120.042415906833384, 38.831309473409988 ], [ -120.042536830444774, 38.8317269528861 ], [ -120.04306765014401, 38.832005538139818 ], [ -120.043546362530805, 38.83182460088458 ], [ -120.043635994929375, 38.832998045277826 ], [ -120.043568629021934, 38.831843182954628 ], [ -120.044477260499065, 38.831595923823855 ], [ -120.047531919447721, 38.831258817799984 ], [ -120.048037430649785, 38.831289622005912 ], [ -120.048744839965067, 38.831451655814199 ], [ -120.049392885984247, 38.8313779495967 ], [ -120.050544213885388, 38.831389031018062 ], [ -120.050816637494336, 38.831486005235931 ], [ -120.052521736675502, 38.83147502203262 ], [ -120.053805198440372, 38.831633552717683 ], [ -120.055063427459032, 38.831286925772908 ], [ -120.056554741794002, 38.831432652226134 ], [ -120.056848702800465, 38.831566191799823 ], [ -120.057219860126423, 38.831503477761736 ], [ -120.058319982012065, 38.83163931810865 ], [ -120.05852189947386, 38.831770533690189 ], [ -120.059047468851119, 38.831873868173794 ], [ -120.059737866887318, 38.832449823706334 ], [ -120.059919741455587, 38.832508459539063 ], [ -120.059973917946209, 38.832311624897507 ], [ -120.060186955951565, 38.832172845963548 ], [ -120.060527649620155, 38.831730973528543 ], [ -120.060688733755327, 38.831735030188206 ], [ -120.061486697293745, 38.831376741756358 ], [ -120.062156264865507, 38.831339542396684 ], [ -120.062648400045759, 38.831135710888518 ], [ -120.062902270963448, 38.831124081359938 ], [ -120.063795293863592, 38.831254658491474 ], [ -120.064386204815591, 38.831449703340539 ], [ -120.064846445070785, 38.831461277936697 ], [ -120.06507952440451, 38.831395066406841 ], [ -120.065930229401403, 38.831434472459023 ], [ -120.066293985185681, 38.831551724751691 ], [ -120.066358584673793, 38.831661457277541 ], [ -120.066587227050903, 38.831703240064698 ], [ -120.066968822382719, 38.831947065636022 ], [ -120.067334061088772, 38.832028315704818 ], [ -120.067487755006354, 38.832212358745849 ], [ -120.067761685476214, 38.832273295237329 ], [ -120.067982201014672, 38.832513070770979 ], [ -120.068297724034522, 38.832683159717455 ], [ -120.069331070264525, 38.832763164835477 ], [ -120.069518863998482, 38.832677789204737 ], [ -120.069934566412599, 38.83265218927481 ], [ -120.071036214307853, 38.832751912037459 ], [ -120.071292305520629, 38.832686265523776 ], [ -120.072281845639978, 38.832711090830337 ], [ -120.072722036226153, 38.832650058859421 ], [ -120.072974436655244, 38.832674406873572 ], [ -120.07342509811491, 38.832919943618542 ], [ -120.073654487150478, 38.832943713190964 ], [ -120.074376730175032, 38.832745600828126 ], [ -120.074673682226063, 38.832807098210033 ], [ -120.075257108543383, 38.832623519260906 ], [ -120.075370697159642, 38.832662401844239 ], [ -120.075888031298021, 38.832405090908203 ], [ -120.076282192677894, 38.832342892255284 ], [ -120.076541962857434, 38.832187235377909 ], [ -120.07665628845514, 38.832208116991261 ], [ -120.076848493646779, 38.832014730813491 ], [ -120.078292941568208, 38.831618460428459 ], [ -120.078960299906328, 38.83163516361914 ], [ -120.079278792061984, 38.831733224692307 ], [ -120.079834770290717, 38.831657044797012 ], [ -120.079969900517128, 38.831732498227666 ], [ -120.080658065771146, 38.831803766815973 ], [ -120.080799819646387, 38.831717221232253 ], [ -120.081399614402557, 38.831696184277092 ], [ -120.08207285934003, 38.831568871266811 ], [ -120.082494436731153, 38.83139922762463 ], [ -120.082933877576394, 38.831356156273038 ], [ -120.083184807905852, 38.831416481808716 ], [ -120.084255137311132, 38.831154932773416 ], [ -120.084578779573363, 38.831126980630984 ], [ -120.084759204071133, 38.831221578107353 ], [ -120.085308561996612, 38.831307370473858 ], [ -120.085585445342019, 38.831296266102846 ], [ -120.085982532176871, 38.831162034607878 ], [ -120.086189643423594, 38.831167205080412 ], [ -120.086278020726127, 38.831259502345681 ], [ -120.086603866076601, 38.831177544925637 ], [ -120.086833255573168, 38.831201288538445 ], [ -120.087625220322835, 38.830986815118649 ], [ -120.088075666284766, 38.830673725581647 ], [ -120.088679855333751, 38.830544651270571 ], [ -120.08889283532794, 38.830405817507433 ], [ -120.090099004075839, 38.830201656734161 ], [ -120.09044198607063, 38.83026426148971 ], [ -120.091618539335869, 38.830221510750476 ], [ -120.092247197191583, 38.83005699100066 ], [ -120.092650128219049, 38.829778736171413 ], [ -120.092878783276007, 38.829820467791421 ], [ -120.093620297577601, 38.8297128060209 ], [ -120.094763998262422, 38.829344876900642 ], [ -120.0952041540164, 38.829283758509455 ], [ -120.095651629295915, 38.829042638073823 ], [ -120.096367925018114, 38.828988385892124 ], [ -120.09771977455776, 38.829166152803801 ], [ -120.098036090646374, 38.82931816347503 ], [ -120.098265479421954, 38.829341884527359 ], [ -120.099054814908726, 38.829757906340269 ], [ -120.099543537508637, 38.83020248987593 ], [ -120.099702430731938, 38.830260492894269 ], [ -120.100065134056521, 38.830972216860829 ], [ -120.100311694491722, 38.831140506671986 ], [ -120.100494690114871, 38.831739655230109 ], [ -120.101475108216349, 38.83255680938813 ], [ -120.101682591134448, 38.833120527721299 ], [ -120.102285320096684, 38.833027383081649 ], [ -120.102739743381193, 38.83318280984227 ], [ -120.103384847638594, 38.833180802673922 ], [ -120.103698273616075, 38.833404799639567 ], [ -120.104252056335639, 38.833382503338242 ], [ -120.104589229435206, 38.833589068825326 ], [ -120.104889135049689, 38.833578489737157 ], [ -120.105018458887031, 38.833797916641565 ], [ -120.105576287549283, 38.83424418951271 ], [ -120.10561574827355, 38.834407332499978 ], [ -120.105906902471588, 38.834612753089601 ], [ -120.105849930819915, 38.834881614523951 ], [ -120.106310610055345, 38.835451602957392 ], [ -120.10631757524321, 38.835848177603019 ], [ -120.106693500435455, 38.836235880619022 ], [ -120.10673701415304, 38.836867598731317 ], [ -120.10686780792777, 38.837051023545314 ], [ -120.106793657962541, 38.837175313418548 ], [ -120.107058894304018, 38.837452161873451 ], [ -120.107141472121512, 38.837688446112921 ], [ -120.107131990568305, 38.83792244860657 ], [ -120.1070125394304, 38.838027597515939 ], [ -120.10719155403369, 38.838158162384765 ], [ -120.107254764521414, 38.838303875179385 ], [ -120.107202170206605, 38.838464736061425 ], [ -120.107356712402435, 38.838630730676186 ], [ -120.10730557669369, 38.838755591212909 ], [ -120.107212786388331, 38.838771309726553 ], [ -120.107275268040553, 38.838935022709322 ], [ -120.107103220133979, 38.839201032482997 ], [ -120.106820470438549, 38.83935618833307 ], [ -120.106603118288348, 38.839603056028139 ], [ -120.106737964688421, 38.840255056277478 ], [ -120.106545084252858, 38.840466493905382 ], [ -120.106628392763454, 38.840684778295618 ], [ -120.106529763169689, 38.840844497548503 ], [ -120.106516630583769, 38.841168500647598 ], [ -120.106688356198276, 38.841479068220046 ], [ -120.106744272659782, 38.841804783023846 ], [ -120.106685837547104, 38.842109644821434 ], [ -120.106472124137568, 38.842266510988189 ], [ -120.106444000292356, 38.842391941536683 ], [ -120.106576991377295, 38.842521366381831 ], [ -120.106523662216702, 38.84270022684602 ], [ -120.106703086172786, 38.843389368595503 ], [ -120.107125084417405, 38.843778212556693 ], [ -120.107163823121837, 38.84395935529799 ], [ -120.107361492433171, 38.844198491920196 ], [ -120.107795898016633, 38.844281330682819 ], [ -120.108330805574653, 38.844727023094059 ], [ -120.108339238153988, 38.845087597155931 ], [ -120.108557744236791, 38.845381302835214 ], [ -120.108478483086486, 38.84563159473376 ], [ -120.10823882772965, 38.845859894278654 ], [ -120.108340788806501, 38.846186749131284 ], [ -120.108306102738126, 38.846474181779072 ], [ -120.108794993420247, 38.846918732030673 ], [ -120.108810404010484, 38.847675880409234 ], [ -120.109009546820161, 38.847879014331937 ], [ -120.109046104516594, 38.84811415717575 ], [ -120.109316491469897, 38.848265000587695 ], [ -120.109262434813573, 38.848461862441994 ], [ -120.109413356886222, 38.848717856062905 ], [ -120.109595317791346, 38.848776417444498 ], [ -120.109554073525743, 38.84922585225695 ], [ -120.109482830385573, 38.849278142531915 ], [ -120.109745203619084, 38.849626987278171 ], [ -120.109740829604377, 38.849734988457911 ], [ -120.109876026686152, 38.84981040955909 ], [ -120.109893213786293, 38.849954981183345 ], [ -120.11011830040259, 38.850086682742628 ], [ -120.110399325481026, 38.850544097422102 ], [ -120.110556815092721, 38.850638087959659 ], [ -120.110643061217587, 38.850784369246014 ], [ -120.110632129079647, 38.851054372351271 ], [ -120.111095858936025, 38.851552345122165 ], [ -120.111175978689801, 38.852419204368381 ], [ -120.111035674137113, 38.852469786023647 ], [ -120.111031301630391, 38.852577787273816 ], [ -120.111185152865104, 38.852761778183698 ], [ -120.111134012074672, 38.852886640003632 ], [ -120.111217346967308, 38.85310492180151 ], [ -120.111511505737766, 38.853238330513001 ], [ -120.111651082922094, 38.853205748552085 ], [ -120.111750882433128, 38.853586601710532 ], [ -120.11186452584171, 38.853625450669661 ], [ -120.111836405670715, 38.853750882496421 ], [ -120.11195004938736, 38.853789731382975 ], [ -120.111947135170112, 38.853861732258501 ], [ -120.112177337208919, 38.853867428837461 ], [ -120.112165681161713, 38.854155432386996 ], [ -120.11236412236596, 38.854376561663351 ], [ -120.112338188107316, 38.854447992949503 ], [ -120.112430269702742, 38.854450271355873 ], [ -120.11253954432928, 38.85459712107118 ], [ -120.112507782658739, 38.854812554197515 ], [ -120.111033867365805, 38.855929244225685 ], [ -120.110153972158784, 38.856033586578391 ], [ -120.110218660462749, 38.856143297846295 ], [ -120.109822930334346, 38.856241607422959 ], [ -120.109560220332028, 38.856469337988358 ], [ -120.109184591322759, 38.856640216147419 ], [ -120.109215317695572, 38.857019360148293 ], [ -120.108978541613794, 38.857175658799818 ], [ -120.10800362542372, 38.857349703544045 ], [ -120.107365266554623, 38.85774830147556 ], [ -120.106928590746307, 38.857719458537218 ], [ -120.106416280968304, 38.857850902617685 ], [ -120.105841862108633, 38.858377204904876 ], [ -120.105453417393193, 38.858295497876853 ], [ -120.105357679743662, 38.858383214282149 ], [ -120.105227584629688, 38.858181786912517 ], [ -120.104862893671282, 38.858082648941853 ], [ -120.104804055918123, 38.857828934242264 ], [ -120.104347282231714, 38.857727510166413 ], [ -120.104214268720511, 38.857598082142168 ], [ -120.104096239960484, 38.8576672261621 ], [ -120.103819984795365, 38.857660370540898 ], [ -120.103628507211027, 38.857835800508852 ], [ -120.103491840927816, 38.857796372070254 ], [ -120.103452375516937, 38.8576332286259 ], [ -120.102991950775689, 38.85762179969835 ], [ -120.102817283339618, 38.857383226811997 ], [ -120.102523856614198, 38.857231796162978 ], [ -120.102382805835759, 38.857300366830721 ], [ -120.102269162440081, 38.857261508626785 ], [ -120.102183657981215, 38.85709722159406 ], [ -120.101844923043814, 38.856926645982369 ], [ -120.101639927921866, 38.856867500279947 ], [ -120.101292419639464, 38.856912923656239 ], [ -120.101296076234988, 38.856822923456768 ], [ -120.101022019179183, 38.856762061229716 ], [ -120.100735182092222, 38.856448626005843 ], [ -120.100307297103498, 38.856203758333699 ], [ -120.100265645028671, 38.856094614163808 ], [ -120.099944087175587, 38.856068605555251 ], [ -120.099456994490666, 38.856146591081362 ], [ -120.099301704137318, 38.855998585694152 ], [ -120.099002435977269, 38.855991146723341 ], [ -120.098706827665467, 38.85589370697965 ], [ -120.098573828009648, 38.855764273010259 ], [ -120.098092593071087, 38.855698252901611 ], [ -120.098213552144102, 38.855557115057302 ], [ -120.098036709470534, 38.855372535725451 ], [ -120.09766252551394, 38.855507375985688 ], [ -120.097274839605262, 38.8554076426568 ], [ -120.097179510098357, 38.854918780201594 ], [ -120.096674529829386, 38.854870181871398 ], [ -120.096517783163549, 38.854758173019668 ], [ -120.096126440279107, 38.854748435912491 ], [ -120.095771305493372, 38.85441527112377 ], [ -120.095733324602946, 38.854216125815476 ], [ -120.09555209553433, 38.854139542800944 ], [ -120.095601798858127, 38.854050688834519 ], [ -120.095514115359109, 38.85394039744223 ], [ -120.095352976137292, 38.853936386889515 ], [ -120.094954309742803, 38.854106645527075 ], [ -120.09432983977274, 38.854163171743835 ], [ -120.09392897052328, 38.854387426525541 ], [ -120.093353470657632, 38.854373094155832 ], [ -120.093187930980534, 38.854477080093119 ], [ -120.09187799198817, 38.854390390080013 ], [ -120.091690163935382, 38.85447580026586 ], [ -120.091413924156441, 38.854468915773779 ], [ -120.091347065516388, 38.854413194883442 ], [ -120.090678019139602, 38.854432554061418 ], [ -120.090450021628854, 38.854372815417797 ], [ -120.090264394165743, 38.854404223626375 ], [ -120.089904412673803, 38.854755611009544 ], [ -120.089629640658558, 38.854712722532454 ], [ -120.089563517478751, 38.854639000806749 ], [ -120.089172911981407, 38.854611240571096 ], [ -120.088928504769797, 38.85438892614161 ], [ -120.088609164024476, 38.854308887186029 ], [ -120.088453900860614, 38.854160868333317 ], [ -120.088396593363086, 38.853871147890118 ], [ -120.088068440699487, 38.854007105636903 ], [ -120.087839712400111, 38.853965361857909 ], [ -120.087674900837413, 38.854051339870757 ], [ -120.087670492755095, 38.854159338854927 ], [ -120.087297032579301, 38.854276145544738 ], [ -120.087080301258439, 38.854504972131785 ], [ -120.086637778600235, 38.854620052804833 ], [ -120.086539084063801, 38.854779752353188 ], [ -120.086190844180138, 38.854843130570828 ], [ -120.086020147723019, 38.85507310449924 ], [ -120.085598434417449, 38.855242755211613 ], [ -120.085074343363516, 38.855662101363876 ], [ -120.084155222069938, 38.856161666254891 ], [ -120.083939946282413, 38.856354486801045 ], [ -120.083452838331254, 38.856432404727329 ], [ -120.082751185448927, 38.856685139008825 ], [ -120.081802191308768, 38.856787539048213 ], [ -120.081051542730833, 38.857111110277621 ], [ -120.080331274425959, 38.857255255327452 ], [ -120.079394975115662, 38.857610207003056 ], [ -120.078217232257884, 38.857670816183564 ], [ -120.078074684670227, 38.857775355842776 ], [ -120.077612057464648, 38.857817825814458 ], [ -120.076094900892357, 38.857725768277845 ], [ -120.075846099619469, 38.857611425486702 ], [ -120.075570589434435, 38.85758650343076 ], [ -120.075032852935337, 38.857212664272552 ], [ -120.074813717722861, 38.856936899848044 ], [ -120.074583513430241, 38.856931129250263 ], [ -120.074472101714534, 38.85683824573097 ], [ -120.073782966704741, 38.856784931396859 ], [ -120.073562361084583, 38.856545164037101 ], [ -120.073029202628007, 38.856621883363559 ], [ -120.072957187923308, 38.856692149534226 ], [ -120.072940075293658, 38.856547575442058 ], [ -120.072646720104387, 38.856396072182854 ], [ -120.072651151260473, 38.856288074688145 ], [ -120.072100883143676, 38.856220215734474 ], [ -120.072154309897073, 38.856041375100446 ], [ -120.072071093489456, 38.855823069971358 ], [ -120.072166128096896, 38.855753381885151 ], [ -120.0721497558159, 38.855590808150716 ], [ -120.07190687814969, 38.855332460852424 ], [ -120.071791778880566, 38.855329572845136 ], [ -120.071300119014737, 38.854956872981113 ], [ -120.071178255548318, 38.854557416271518 ], [ -120.071120164642849, 38.85372712537874 ], [ -120.070860188730663, 38.853324201980932 ], [ -120.070823756119196, 38.853089052114328 ], [ -120.070223672752434, 38.852551463449267 ], [ -120.069924426791403, 38.852543950531285 ], [ -120.069757381150822, 38.852683901176285 ], [ -120.069438812000215, 38.852585811289472 ], [ -120.069413575352556, 38.852639231870356 ], [ -120.069115807877807, 38.852595717788716 ], [ -120.068904940804742, 38.852680512317377 ], [ -120.068699249231685, 38.852639309734194 ], [ -120.068633889669087, 38.852547577500779 ], [ -120.068449738567509, 38.85254295175114 ], [ -120.06843041712483, 38.852452375880517 ], [ -120.068025692459614, 38.852207973072275 ], [ -120.067432382819334, 38.852066938740208 ], [ -120.067210333351795, 38.851863159609096 ], [ -120.066911091082673, 38.851855639082274 ], [ -120.066730641542392, 38.851761013180209 ], [ -120.066520514389879, 38.851827803894693 ], [ -120.066295508325638, 38.851696021128042 ], [ -120.066065322682306, 38.851690234393274 ], [ -120.065691104527176, 38.851824970551469 ], [ -120.065694805321854, 38.851734973129552 ], [ -120.06546906095592, 38.851621188319747 ], [ -120.065351747608617, 38.851672292637261 ], [ -120.065290094551372, 38.851490561322933 ], [ -120.065082928252224, 38.851485351521795 ], [ -120.064985672046191, 38.851609032252938 ], [ -120.064481486306988, 38.851542296787201 ], [ -120.064194835083185, 38.85122877847872 ], [ -120.063854743797407, 38.851094095888172 ], [ -120.063738170922107, 38.851127199119652 ], [ -120.063152287772226, 38.850806149169586 ], [ -120.062923587307452, 38.850764357465806 ], [ -120.062926550622308, 38.850692359694115 ], [ -120.062790664170024, 38.850634885476232 ], [ -120.062472114786559, 38.850536777255776 ], [ -120.062332524161789, 38.850569299702798 ], [ -120.062345120621416, 38.850263309317711 ], [ -120.062232994468928, 38.850188414470523 ], [ -120.062025091473856, 38.850201198823271 ], [ -120.061755545521777, 38.850032249978909 ], [ -120.061520136105443, 38.849593888782209 ], [ -120.061312976008637, 38.849588672507238 ], [ -120.06097289832509, 38.849453981994969 ], [ -120.060660287826238, 38.849211873808315 ], [ -120.060384817494864, 38.849186917310732 ], [ -120.060366248449881, 38.849078341085345 ], [ -120.060139779898478, 38.848982545976419 ], [ -120.059878400099947, 38.848615599698462 ], [ -120.059953384594891, 38.848473344096618 ], [ -120.059839780705559, 38.848434445937357 ], [ -120.059917731148872, 38.848220192744428 ], [ -120.059790008971248, 38.847964721872401 ], [ -120.059864251348586, 38.847840465696208 ], [ -120.059754356247808, 38.847711570483526 ], [ -120.059176702663493, 38.847751069987552 ], [ -120.059091309504666, 38.847586755420089 ], [ -120.058867072728489, 38.847436959902765 ], [ -120.058339906636505, 38.847369619150015 ], [ -120.057425882991836, 38.846067293254755 ], [ -120.057107361923457, 38.8459691713946 ], [ -120.057019748939922, 38.845858853624577 ], [ -120.056462899281442, 38.845952918697236 ], [ -120.055687763442904, 38.845753185097777 ], [ -120.055496952013641, 38.845351973461071 ], [ -120.05518512076317, 38.845091852536669 ], [ -120.055025492650813, 38.845051788455343 ], [ -120.054740394213198, 38.844702250576965 ], [ -120.05444712772811, 38.844550704669402 ], [ -120.054452327322849, 38.844424709394048 ], [ -120.053953405140447, 38.844231935456698 ], [ -120.054120459501959, 38.844092007709399 ], [ -120.054108586724624, 38.843821436935876 ], [ -120.053159759088288, 38.843365049505032 ], [ -120.052895462336352, 38.843070086695136 ], [ -120.052836076968518, 38.842834352177114 ], [ -120.052453733766399, 38.842608479672542 ], [ -120.052350549424176, 38.842317584535785 ], [ -120.052150102013172, 38.842150359164513 ], [ -120.05213452000568, 38.84196978489355 ], [ -120.052476055922128, 38.841509941093761 ], [ -120.052391428302684, 38.84132762305881 ], [ -120.052470134884331, 38.841095375883491 ], [ -120.052340964565857, 38.840875896725187 ], [ -120.052137547885295, 38.840780668657111 ], [ -120.052011352357425, 38.840489191991381 ], [ -120.05176116460386, 38.840410799958867 ], [ -120.051744096946678, 38.840266224231009 ], [ -120.051427840416437, 38.840114090214726 ], [ -120.050922300585668, 38.839524738962346 ], [ -120.050496183392937, 38.839243699959511 ], [ -120.050157663698684, 38.839072981873521 ], [ -120.049450920073284, 38.838892954479867 ], [ -120.049339569299406, 38.838800049074415 ], [ -120.048859250374136, 38.838715832617275 ], [ -120.048807622612557, 38.838670353841344 ], [ -120.048683270183915, 38.839071744012678 ], [ -120.048701022297635, 38.839756879343334 ], [ -120.048546564559771, 38.840149370804795 ], [ -120.048573989316765, 38.840600515868651 ], [ -120.048400235168558, 38.840902428782819 ], [ -120.048486340389019, 38.841048750829685 ], [ -120.048435845509658, 38.841155582194126 ], [ -120.048128465790882, 38.841346006869237 ], [ -120.047713454066468, 38.841353527535006 ], [ -120.047451356981682, 38.841563113895901 ], [ -120.047194470233777, 38.841646705089978 ], [ -120.046734171685074, 38.841635058399639 ], [ -120.046568598996387, 38.841738976865329 ], [ -120.046339939059678, 38.841697154097865 ], [ -120.046175855306956, 38.841765073576532 ], [ -120.04579651970765, 38.841467183473732 ], [ -120.045429772219492, 38.841421863519265 ], [ -120.045080824525442, 38.841503119410056 ], [ -120.044653889209158, 38.841798615980444 ], [ -120.044303448335981, 38.841915867775207 ], [ -120.044100785740426, 38.841802626840995 ], [ -120.042792664697799, 38.841679398423395 ], [ -120.042825373020577, 38.84144599268965 ], [ -120.043081517954562, 38.841380410439044 ], [ -120.043367386749466, 38.841153418253462 ], [ -120.043553740702649, 38.841104084929817 ], [ -120.044414314724378, 38.840351105528349 ], [ -120.0443757380676, 38.840169948132633 ], [ -120.044217618332326, 38.840093871549485 ], [ -120.044216127810074, 38.840129869894383 ], [ -120.043788452319589, 38.840443362705557 ], [ -120.043082361623988, 38.840803854515549 ], [ -120.042643593427343, 38.840828773299428 ], [ -120.042716365445955, 38.840740527076242 ], [ -120.04341276605679, 38.840614026584035 ], [ -120.043983002723607, 38.840196037771712 ], [ -120.044063970720501, 38.839909799741996 ], [ -120.044126324008573, 38.839961829480458 ], [ -120.043913305191182, 38.839653731082905 ], [ -120.043922097936104, 38.839646367241684 ], [ -120.043801215491825, 38.839578819803826 ], [ -120.04354731394433, 38.839590406442476 ], [ -120.043026090799188, 38.839937562827949 ], [ -120.042607359587549, 38.840035061371296 ], [ -120.042276955937695, 38.840224887058433 ], [ -120.042162629858112, 38.840203971661687 ], [ -120.041897645210923, 38.839926985163409 ], [ -120.041836060948555, 38.839745243864044 ], [ -120.041879059733731, 38.839722831918223 ], [ -120.041813046738667, 38.839744660540646 ], [ -120.041289799226448, 38.839028693473715 ], [ -120.04142194649458, 38.838935880846208 ], [ -120.041222995283405, 38.838972945812593 ], [ -120.041139145543241, 38.838772621659935 ], [ -120.041822956581711, 38.838393558659682 ], [ -120.04206278919294, 38.838165402642204 ], [ -120.042365695803994, 38.838082988853941 ], [ -120.042517199321566, 38.837762503222024 ], [ -120.043013158265026, 38.837468762899647 ], [ -120.043016885727056, 38.837378767093632 ], [ -120.043277488203742, 38.837205188808703 ], [ -120.043425258707231, 38.836974697564351 ], [ -120.044234539092528, 38.836346545447071 ], [ -120.044285781423625, 38.836221716752576 ], [ -120.044380814397854, 38.836152051144865 ], [ -120.044973940609282, 38.836293196135642 ], [ -120.043812194264333, 38.835975487756961 ], [ -120.043702346044469, 38.835846579038567 ], [ -120.043752843615223, 38.835739749769488 ], [ -120.043384636340051, 38.835730422897647 ], [ -120.043197551159011, 38.83579775570449 ], [ -120.04319456954093, 38.835869752380724 ], [ -120.0422434787817, 38.836584393821859 ], [ -120.041776502854717, 38.836734721183525 ], [ -120.0408046112439, 38.837394769091041 ], [ -120.040468246687524, 38.837728582989264 ], [ -120.040462277529997, 38.837872575937602 ], [ -120.040141460332919, 38.838386963428178 ], [ -120.039706438494093, 38.8383218761767 ], [ -120.039611398173037, 38.838391537660961 ], [ -120.03928920604811, 38.838383364823301 ], [ -120.039170405028671, 38.838470441215421 ], [ -120.038501513416094, 38.83848950640219 ], [ -120.038073960468225, 38.838244422289847 ], [ -120.038078441009404, 38.838136427819293 ], [ -120.037965613297132, 38.838079510325933 ], [ -120.038073602267133, 38.838008592318296 ], [ -120.037855026191977, 38.837968595503774 ], [ -120.037636093566704, 38.837692768361762 ], [ -120.037475139496024, 38.837130124037948 ], [ -120.037640713477487, 38.837026218510907 ], [ -120.037982925258518, 38.837106976026149 ], [ -120.037641460312699, 38.837008219435958 ], [ -120.037317781166635, 38.837036039547613 ], [ -120.037390555390928, 38.836947796704443 ], [ -120.037238426085963, 38.836727718634229 ], [ -120.036724065087157, 38.836354299861789 ], [ -120.0370366797071, 38.836037911977634 ], [ -120.037123644922815, 38.835607686936072 ], [ -120.037479292402921, 38.835364462313159 ], [ -120.037638887795111, 38.835404549233346 ], [ -120.037744300642387, 38.835052163420713 ], [ -120.03763006412315, 38.835061982614342 ], [ -120.037647102475532, 38.835206559350333 ], [ -120.037289962592013, 38.83548578269211 ], [ -120.036690884447736, 38.835488591981438 ], [ -120.036222411254641, 38.835674895069566 ], [ -120.035949842733871, 38.836136441985936 ], [ -120.035629903797926, 38.836074262311101 ], [ -120.035581636014342, 38.836127090439398 ], [ -120.035213429465912, 38.836117737734142 ], [ -120.034930547210962, 38.836272713745053 ], [ -120.034860658162557, 38.836248762182862 ], [ -120.034862255885244, 38.836252960778829 ], [ -120.034810249774182, 38.836395783715368 ], [ -120.034453840722222, 38.836656998627113 ], [ -120.034785741713193, 38.836431197110457 ], [ -120.034607456257916, 38.836841081936925 ], [ -120.03459549465812, 38.837129066344843 ], [ -120.034760163651427, 38.837601718621471 ], [ -120.034695446998569, 38.838050524850594 ], [ -120.03454764654812, 38.838281003803054 ], [ -120.034360547092788, 38.83834832181892 ], [ -120.034396854335611, 38.838583478592255 ], [ -120.034185992494201, 38.838668210527921 ], [ -120.034108725909363, 38.838864445195519 ], [ -120.033494661669252, 38.839227217047281 ], [ -120.032824089657936, 38.839840801058962 ], [ -120.032743825307705, 38.8401090305358 ], [ -120.03230338158734, 38.840728461912775 ], [ -120.032336689606225, 38.841035614929254 ], [ -120.032185881629118, 38.841338086139011 ], [ -120.032202909579453, 38.841482663161045 ], [ -120.031967525231664, 38.841602803305335 ], [ -120.031343137021807, 38.841658994690647 ], [ -120.031245838598693, 38.841782645697521 ], [ -120.030965919676376, 38.841865614929219 ], [ -120.030320760465699, 38.841867218391606 ], [ -120.030352562509265, 38.842210369487937 ], [ -120.030247773199051, 38.842514008938075 ], [ -120.030310078313875, 38.842677756278455 ], [ -120.03016150462588, 38.842926227515839 ], [ -120.030294352673934, 38.84305573395865 ], [ -120.030215572275594, 38.843287963181552 ], [ -120.029860609179821, 38.843513163913791 ], [ -120.029562161014397, 38.843487550144978 ], [ -120.029442458418174, 38.84356546092183 ], [ -120.029583678098675, 38.843524133776015 ], [ -120.029461111538509, 38.84370119401796 ], [ -120.029478134196594, 38.843845771192207 ], [ -120.029290266422123, 38.843931079174986 ], [ -120.029280527761543, 38.844165065094607 ], [ -120.029368094589699, 38.844275401966598 ], [ -120.029248522687013, 38.844380466229914 ], [ -120.029061402407336, 38.844447774857898 ], [ -120.02879774271841, 38.844693314418691 ], [ -120.028471029227617, 38.844793104052847 ], [ -120.028231131290156, 38.845021229310198 ], [ -120.027974212020808, 38.845104776750162 ], [ -120.027871732201973, 38.845061389409757 ], [ -120.027922934225188, 38.845229596740232 ], [ -120.027599965092534, 38.845239389343391 ], [ -120.027764822601341, 38.845153498155945 ], [ -120.02779308498647, 38.845028092090566 ], [ -120.027778425914235, 38.844989563038453 ], [ -120.027657239974744, 38.844970578420757 ], [ -120.027548158705187, 38.844823656375375 ], [ -120.027433830587697, 38.844802726434132 ], [ -120.027506625184614, 38.844714490652848 ], [ -120.027294461541331, 38.844276655169871 ], [ -120.028058465659228, 38.844188005352038 ], [ -120.028276095246483, 38.843941295388802 ], [ -120.028765410295108, 38.843809610075738 ], [ -120.028518713113215, 38.84441014455021 ], [ -120.028557310442196, 38.844380887312802 ], [ -120.028867960431697, 38.843559969073944 ], [ -120.029187176296674, 38.843640167234476 ], [ -120.029274541204884, 38.84361460066058 ], [ -120.028799664165817, 38.843540212370762 ], [ -120.02897200817344, 38.843274330116301 ], [ -120.029193584975488, 38.842379071229104 ], [ -120.029364663192283, 38.841980670850326 ], [ -120.02924860365502, 38.842164255849802 ], [ -120.028812073160523, 38.842135125318656 ], [ -120.028532150373096, 38.842218088538687 ], [ -120.027913001197575, 38.842148268907117 ], [ -120.027425945045167, 38.842225954386386 ], [ -120.027231333018719, 38.842473249151311 ], [ -120.027001185209286, 38.842467386596226 ], [ -120.026936638937372, 38.842357634440418 ], [ -120.026798550504097, 38.842354116622055 ], [ -120.026678978388702, 38.842459178258565 ], [ -120.026359770985607, 38.842378973537279 ], [ -120.026220182872379, 38.842411452779153 ], [ -120.02597227015977, 38.842279009685228 ], [ -120.026025048656905, 38.842118192810098 ], [ -120.025828649556374, 38.841302378893928 ], [ -120.025928206060044, 38.841124736128805 ], [ -120.025894175841174, 38.840835581241556 ], [ -120.026046508473726, 38.840497121403445 ], [ -120.0262588841682, 38.840376407043138 ], [ -120.026290145865431, 38.840179005764575 ], [ -120.026548548177999, 38.840059463584367 ], [ -120.026536030149558, 38.839806892861347 ], [ -120.026628835481915, 38.839791239283571 ], [ -120.026683859310211, 38.839576425257022 ], [ -120.026752151185832, 38.839596183038566 ], [ -120.026734384891142, 38.839469604521739 ], [ -120.026850953168278, 38.839436538147211 ], [ -120.026742630978745, 38.839271616735182 ], [ -120.027363252793222, 38.839305443782777 ], [ -120.026513243282551, 38.839247754734551 ], [ -120.026512705535609, 38.839230218955109 ], [ -120.026326884226478, 38.839297060570104 ], [ -120.025220725320736, 38.839304907276706 ], [ -120.025473126337999, 38.83932935835152 ], [ -120.025468626554058, 38.839437351564975 ], [ -120.025349807731956, 38.839524413132324 ], [ -120.02523548879185, 38.839503481379182 ], [ -120.025277766282002, 38.839594648873742 ], [ -120.025153696594842, 38.839807702263613 ], [ -120.024809988719724, 38.839762904911723 ], [ -120.024895293082778, 38.839927241301567 ], [ -120.024825501198663, 38.839943480154801 ], [ -120.024867778379843, 38.840034647781671 ], [ -120.024751208315749, 38.840067712096328 ], [ -120.024553085264287, 38.839846445467835 ], [ -120.024697169930732, 38.839705974910984 ], [ -120.024697920097921, 38.839687976055714 ], [ -120.024487044515297, 38.839772689859359 ], [ -120.024285171733098, 38.83964141708131 ], [ -120.0241353296515, 38.839367326828288 ], [ -120.023931957958908, 38.839272051192467 ], [ -120.023847406912239, 38.839089715357083 ], [ -120.023858894387089, 38.839069218317363 ], [ -120.023711576378957, 38.83903219761099 ], [ -120.023473185338133, 38.839224315763261 ], [ -120.023156247966881, 38.83909010644544 ], [ -120.022970637941967, 38.839121408013838 ], [ -120.022968386178562, 38.83917540449989 ], [ -120.022738249884043, 38.839169533962085 ], [ -120.022673712980463, 38.839059779768995 ], [ -120.022528124476366, 38.839236245376313 ], [ -120.022277977496287, 38.839157791528535 ], [ -120.022160657064816, 38.839208852083281 ], [ -120.022033837659293, 38.838935346654971 ], [ -120.022152659283307, 38.838848288579236 ], [ -120.022157914765558, 38.838722296863956 ], [ -120.022295995597034, 38.83872581989305 ], [ -120.022276735874669, 38.838635238639085 ], [ -120.022422323658049, 38.838458773306009 ], [ -120.022264983670382, 38.838364669190433 ], [ -120.022338528093854, 38.838258437723127 ], [ -120.022317766952938, 38.838203854114752 ], [ -120.022201949674084, 38.83821891714188 ], [ -120.022278496958762, 38.838040690427214 ], [ -120.022125662663697, 38.837838593243333 ], [ -120.022337285619813, 38.837735884747744 ], [ -120.02253614678078, 38.837939155882786 ], [ -120.022652714187132, 38.837906093675144 ], [ -120.02278779109956, 38.837981611375341 ], [ -120.022888100413766, 38.837785972402727 ], [ -120.023003916882885, 38.837770908659785 ], [ -120.023008420124299, 38.837662915657567 ], [ -120.023101973744588, 38.83762926596706 ], [ -120.022565678837012, 38.836678650867469 ], [ -120.022527910141733, 38.836479489577975 ], [ -120.023014930674009, 38.83640182315294 ], [ -120.022481884632413, 38.836478315401152 ], [ -120.022350564157747, 38.83631280331911 ], [ -120.022406348029079, 38.836079992773129 ], [ -120.02227427773235, 38.835932479459295 ], [ -120.022283285805727, 38.835716493527705 ], [ -120.022353824623721, 38.835682257216206 ], [ -120.022305805566404, 38.835176528656035 ], [ -120.022075191029359, 38.834630105350264 ], [ -120.022035431738303, 38.833926389581698 ], [ -120.022221779050653, 38.83387709012834 ], [ -120.022287061689681, 38.833968845610293 ], [ -120.022402121407055, 38.833971781051865 ], [ -120.022366605903642, 38.83371862319752 ], [ -120.022461655639816, 38.833648976135656 ], [ -120.022496334238497, 38.833645999828519 ], [ -120.022031186831668, 38.833475831681412 ], [ -120.022033438845369, 38.833421835188609 ], [ -120.022355603556036, 38.833430054742642 ], [ -120.022443897801026, 38.833522397211787 ], [ -120.02253669555779, 38.833506746589002 ], [ -120.022508734464154, 38.833644935570724 ], [ -120.022623489081155, 38.833635086613178 ], [ -120.022735546297298, 38.8337100170694 ], [ -120.022762310633809, 38.833620609864234 ], [ -120.02292414397877, 38.833606719919665 ], [ -120.022755059099737, 38.833242047163857 ], [ -120.02280333394954, 38.833189224618586 ], [ -120.022916141139163, 38.833246156040815 ], [ -120.023101735731416, 38.833214853930478 ], [ -120.023042455898278, 38.832979108090981 ], [ -120.023138254356667, 38.832891461555135 ], [ -120.02327857507133, 38.832840986424451 ], [ -120.023553213767599, 38.832884026494817 ], [ -120.023638507972166, 38.833048363533628 ], [ -120.023942160860116, 38.832947998653253 ], [ -120.023816094284172, 38.832656496214852 ], [ -120.023725548531019, 38.83261815132888 ], [ -120.023758312829926, 38.832384752919346 ], [ -120.023667017215971, 38.832364406862887 ], [ -120.023543203421156, 38.832018907606773 ], [ -120.02341603912167, 38.831894905749898 ], [ -120.02333760199366, 38.831977628261804 ], [ -120.023271569305209, 38.831903872215399 ], [ -120.023109739880397, 38.831917762800465 ], [ -120.023128249048511, 38.832026342830694 ], [ -120.022960416121649, 38.832184224007079 ], [ -120.022871372303612, 38.83210988079837 ], [ -120.022500939149253, 38.83215448537036 ], [ -120.022526952557399, 38.832083077030219 ], [ -120.022388884531708, 38.832079554777387 ], [ -120.022255319994798, 38.831968039327982 ], [ -120.022435417018201, 38.830963626505444 ], [ -120.022324114792085, 38.830870697069138 ], [ -120.022307858630683, 38.830708120421306 ], [ -120.022377641821564, 38.830691882718973 ], [ -120.022336873683344, 38.830564716717035 ], [ -120.022479441659982, 38.830460245832946 ], [ -120.02238814890211, 38.830439898881004 ], [ -120.022243585015616, 38.830039814952535 ], [ -120.022450681125491, 38.830045098296452 ], [ -120.022533971743812, 38.8297048811786 ], [ -120.022553191082267, 38.829709164722161 ], [ -120.022498456918228, 38.829451723269329 ], [ -120.022567488396831, 38.829453484251808 ], [ -120.022529722221336, 38.829254322899907 ], [ -120.022680793030958, 38.828393312739706 ], [ -120.022611012178842, 38.828409550720316 ], [ -120.022548735349773, 38.828245800106878 ], [ -120.022669038476195, 38.828122742926503 ], [ -120.022653532116081, 38.827942167396074 ], [ -120.022909643467301, 38.827876628137652 ], [ -120.023079214039328, 38.827124197077481 ], [ -120.023357581648696, 38.827077242421161 ], [ -120.023453371346733, 38.826989595222116 ], [ -120.024789435801893, 38.826987623162807 ], [ -120.025845636237108, 38.827068594970832 ], [ -120.025219124132633, 38.8271787552275 ], [ -120.025658559549285, 38.827135899973008 ], [ -120.026593939612212, 38.826799371815909 ], [ -120.027286693515521, 38.826204404680219 ], [ -120.027449258585364, 38.826172508803459 ], [ -120.02801796499719, 38.825790594187964 ], [ -120.028174744483877, 38.825344135421808 ], [ -120.028160722109334, 38.825127562110453 ], [ -120.028220505306578, 38.825182035147876 ], [ -120.028032402975839, 38.824890060625847 ], [ -120.02815868214303, 38.824623005467622 ], [ -120.028572845258765, 38.824633549588093 ], [ -120.028251467241262, 38.824607349772236 ], [ -120.028339964312124, 38.82414113416003 ], [ -120.028215933394819, 38.824354192713642 ], [ -120.02776024802246, 38.824234481880858 ], [ -120.026701089043499, 38.824225524687037 ], [ -120.026146627529542, 38.8242654535903 ], [ -120.026027835943538, 38.824352517071901 ], [ -120.024625042578506, 38.824298749024862 ], [ -120.024346686562936, 38.82434570718565 ], [ -120.024164865158525, 38.824287017779127 ], [ -120.023094455548161, 38.824548011067655 ], [ -120.022871118305048, 38.824380152773941 ], [ -120.022572753380288, 38.824354524298258 ], [ -120.022354921995486, 38.823502121213387 ], [ -120.022149345608554, 38.823460840716251 ], [ -120.021984533649288, 38.823546725951452 ], [ -120.021804967801643, 38.823434036438549 ], [ -120.021524362175626, 38.823534984494877 ], [ -120.021387061353849, 38.823513462854081 ], [ -120.021360559073699, 38.823044318425531 ], [ -120.021434838088283, 38.822920087863785 ], [ -120.021394825744139, 38.822774922773668 ], [ -120.021325800788219, 38.822773161351371 ], [ -120.02138607778619, 38.822432357417242 ], [ -120.021623664690409, 38.822258239920494 ], [ -120.021805478689387, 38.822316933019778 ], [ -120.021778718320135, 38.822406340275315 ], [ -120.022103834741756, 38.822342563119072 ], [ -120.022256666072636, 38.822136884167257 ], [ -120.022011051586389, 38.822358213992175 ], [ -120.021817485488114, 38.822028951226059 ], [ -120.021657929804121, 38.821988844105832 ], [ -120.021662432543934, 38.821880850943657 ], [ -120.021370833376324, 38.821693230091377 ], [ -120.021284805844928, 38.821546890713925 ], [ -120.021172017948416, 38.821489958395858 ], [ -120.020938936460425, 38.821556081952835 ], [ -120.020896673815727, 38.821464913281424 ], [ -120.020804642270519, 38.821462564383125 ], [ -120.020844915010898, 38.821049178088487 ], [ -120.021202040116322, 38.820770004192056 ], [ -120.021330587582298, 38.820448960407681 ], [ -120.021353350615129, 38.820436773918715 ], [ -120.021346347930645, 38.820070984342216 ], [ -120.021382627218543, 38.818648487031616 ], [ -120.021382346353462, 38.81863134457619 ], [ -120.021025513932415, 38.818927662015675 ], [ -120.020744925450686, 38.819028608920085 ], [ -120.020514854479202, 38.819022736547666 ], [ -120.020496614938992, 38.818355604528705 ], [ -120.020350580552403, 38.817991516624907 ], [ -120.020151646323058, 38.816838219003522 ], [ -120.020145552505397, 38.816833129937066 ], [ -120.020151325398118, 38.816836358454403 ], [ -120.020035290998337, 38.816163648565592 ], [ -120.019720712655953, 38.815975437201899 ], [ -120.019478908288548, 38.815698993123128 ], [ -120.019610187053303, 38.815864507184997 ], [ -120.01935787132129, 38.815840046691058 ], [ -120.019305101243916, 38.816000861350517 ], [ -120.019006022050121, 38.815993223989885 ], [ -120.01919088670877, 38.814322269385784 ], [ -120.018937825657574, 38.81431580703957 ], [ -120.018969842340582, 38.814100408467816 ], [ -120.019090125987347, 38.813977354022732 ], [ -120.019050122301536, 38.813832188321932 ], [ -120.019209566682989, 38.813683662854302 ], [ -120.019148901714047, 38.813672548616879 ], [ -120.019085141862362, 38.81354479430631 ], [ -120.018855839818613, 38.813520920518464 ], [ -120.018608038668503, 38.813388465702765 ], [ -120.018691681216936, 38.813335978897214 ], [ -120.018609540659114, 38.813352468029258 ], [ -120.018535543977976, 38.812918145672029 ], [ -120.018604559246157, 38.812919908368961 ], [ -120.018734603680798, 38.812562869293757 ], [ -120.018959190923681, 38.811595631686174 ], [ -120.019019578189656, 38.811597173785358 ], [ -120.018982946449341, 38.811578220307808 ], [ -120.019249511928848, 38.811260702818295 ], [ -120.019740114581197, 38.811093048829768 ], [ -120.01989739322957, 38.811187154228243 ], [ -120.01986763307788, 38.811348556719238 ], [ -120.019978152558622, 38.811459486306127 ], [ -120.020029415958064, 38.811334668774165 ], [ -120.020168194180641, 38.811320193373767 ], [ -120.020407996616456, 38.811092080108068 ], [ -120.020125937753775, 38.811229024562763 ], [ -120.019948656541644, 38.811062336724582 ], [ -120.020161701591704, 38.810923631021865 ], [ -120.020741316180505, 38.810830317008197 ], [ -120.020808506382025, 38.811109590445888 ], [ -120.020825079955017, 38.811030653106627 ], [ -120.020966858835479, 38.810944181198082 ], [ -120.021222159241759, 38.810896642019408 ], [ -120.021310425975258, 38.810988984497712 ], [ -120.021587980699181, 38.810960030406292 ], [ -120.021676998157602, 38.811034373734451 ], [ -120.022432398757786, 38.811143734497229 ], [ -120.02273295840061, 38.811115364468051 ], [ -120.023253305194302, 38.810786291799737 ], [ -120.024106720836855, 38.810753996713544 ], [ -120.024264754405763, 38.810830097489507 ], [ -120.026423439006251, 38.810975195664305 ], [ -120.026780279990874, 38.811254555667027 ], [ -120.026775109924131, 38.811256180546188 ], [ -120.028021039022889, 38.81132218718372 ], [ -120.028186563630712, 38.811218292864964 ], [ -120.028369104637378, 38.811258975932368 ], [ -120.028561375502363, 38.811065671638737 ], [ -120.028476841185622, 38.810883339245635 ], [ -120.028540812690466, 38.810452534233015 ], [ -120.028477786638746, 38.810306785438279 ], [ -120.028551290473956, 38.810200548108696 ], [ -120.028418503027595, 38.810071041579398 ], [ -120.028486215884783, 38.809550241481404 ], [ -120.028532362389484, 38.809686551585663 ], [ -120.028552983354643, 38.809605995207086 ], [ -120.028332670852393, 38.80936615229561 ], [ -120.028360165603971, 38.809258743838335 ], [ -120.028133118418268, 38.809180891671808 ], [ -120.028099086127014, 38.808891736304318 ], [ -120.027987060226849, 38.808816812037676 ], [ -120.028105822485287, 38.808729745247547 ], [ -120.028042798630651, 38.808583996275416 ], [ -120.028182318918795, 38.808551512052176 ], [ -120.028341297816453, 38.808051053353388 ], [ -120.028607060557079, 38.807751511170174 ], [ -120.028593785215421, 38.807516938411119 ], [ -120.028920324604911, 38.807417141159647 ], [ -120.028806803469763, 38.807378215767116 ], [ -120.028841030861415, 38.807108815898218 ], [ -120.028680755121144, 38.807086718475972 ], [ -120.028392187732763, 38.806827120342923 ], [ -120.028448718372374, 38.806547477478937 ], [ -120.028314393522436, 38.806482796777338 ], [ -120.028160855033491, 38.806298707558895 ], [ -120.02749600935374, 38.806227726426073 ], [ -120.027417471390805, 38.805901401432386 ], [ -120.027213438776968, 38.805824133630054 ], [ -120.027174919164949, 38.805642972066657 ], [ -120.027085643963403, 38.805597905696509 ], [ -120.027084404763201, 38.80560463091318 ], [ -120.026849883356903, 38.805706766691515 ], [ -120.026977419416355, 38.805962267636858 ], [ -120.027133948711906, 38.80607436227826 ], [ -120.026975715459656, 38.806556820323621 ], [ -120.026288402517082, 38.807025801885473 ], [ -120.025677581667551, 38.80731654761783 ], [ -120.025083016573063, 38.807769866804001 ], [ -120.024729892894456, 38.807880176058028 ], [ -120.024755721567445, 38.807887651987741 ], [ -120.02465246722258, 38.808155291100832 ], [ -120.024389684497066, 38.808382827755707 ], [ -120.022719169315536, 38.808682577401505 ], [ -120.02223608937463, 38.80867025580573 ], [ -120.022025680159288, 38.808745969593851 ], [ -120.022048308976224, 38.808755555877816 ], [ -120.022002301331241, 38.80875438221242 ], [ -120.021382447041802, 38.809261090897593 ], [ -120.021199165521921, 38.80923839613564 ], [ -120.020841350661243, 38.809535571663375 ], [ -120.020617313293783, 38.809385709626774 ], [ -120.020147476972483, 38.809607951727543 ], [ -120.020050207018699, 38.809731594941667 ], [ -120.019399336317818, 38.809877140367128 ], [ -120.019173048861589, 38.809781272217421 ], [ -120.019161306137377, 38.809510701949407 ], [ -120.019300080900663, 38.809496227444747 ], [ -120.019138302132149, 38.80951011454102 ], [ -120.019078299383565, 38.809292366008918 ], [ -120.018921776702598, 38.809180260832406 ], [ -120.018907782480923, 38.808963687122628 ], [ -120.019195089336321, 38.808700753282245 ], [ -120.019568403750256, 38.80858415886194 ], [ -120.019676666941379, 38.808749085196354 ], [ -120.019551405063964, 38.808439580608045 ], [ -120.019832703023965, 38.80832063596651 ], [ -120.020113607639729, 38.808294126060524 ], [ -120.020024987664442, 38.808127346259177 ], [ -120.019883964066111, 38.808195818361355 ], [ -120.019631675129531, 38.808171359498822 ], [ -120.01946614620698, 38.808275241512504 ], [ -120.019268872681025, 38.808035970127982 ], [ -120.01915562491682, 38.807438483372259 ], [ -120.019750973328144, 38.806967196877984 ], [ -120.01978298284709, 38.806751797621125 ], [ -120.020364064344861, 38.806622486340544 ], [ -120.021031154583227, 38.806639511290925 ], [ -120.022748892813951, 38.806863512952525 ], [ -120.024288317814509, 38.80583969860055 ], [ -120.02496514264206, 38.805622714322595 ], [ -120.025845244174661, 38.805500995369641 ], [ -120.026317282917219, 38.805224731454622 ], [ -120.026307010381629, 38.804918162706755 ], [ -120.02624324427876, 38.80479041194603 ], [ -120.026167708668922, 38.804392090374684 ], [ -120.026329475041209, 38.804378193007629 ], [ -120.026191460022389, 38.80437467734582 ], [ -120.025339088092167, 38.803830437418945 ], [ -120.02479527387969, 38.803618380635449 ], [ -120.022768831282207, 38.803620772355529 ], [ -120.022257534609778, 38.803733858075176 ], [ -120.020416609450663, 38.803704904621128 ], [ -120.020075328884346, 38.803606103374861 ], [ -120.019784556099808, 38.803400482272203 ], [ -120.019555286085051, 38.80337661110147 ], [ -120.019513784997514, 38.803267443294914 ], [ -120.019283764977445, 38.803261570491053 ], [ -120.019257010168573, 38.803350977578248 ], [ -120.01868346112208, 38.803300295692807 ], [ -120.018856485703523, 38.803016425577788 ], [ -120.018903508065449, 38.802441048983709 ], [ -120.019340540997334, 38.80245220814966 ], [ -120.018858255252596, 38.802421875365098 ], [ -120.018894768266108, 38.80209848297757 ], [ -120.018982300648659, 38.802002666471431 ], [ -120.018899271982278, 38.801990489718889 ], [ -120.019210301195642, 38.801710142937587 ], [ -120.019179220617289, 38.801399125600256 ], [ -120.019038298388722, 38.801417462327748 ], [ -120.018894552393903, 38.80099937670748 ], [ -120.019123063989767, 38.801041247758072 ], [ -120.019195820420379, 38.80095301523464 ], [ -120.019154321059418, 38.800843847338385 ], [ -120.019461591840283, 38.800653494043203 ], [ -120.019551345247265, 38.80070983962122 ], [ -120.019828860200647, 38.800680888120581 ], [ -120.019881615567684, 38.800520072364698 ], [ -120.019990371250046, 38.800500325959831 ], [ -120.019742858435009, 38.800534548274562 ], [ -120.019469096207615, 38.800473505139806 ], [ -120.01939709108386, 38.800543738983357 ], [ -120.019236083209336, 38.800539628148435 ], [ -120.019148581813354, 38.800429285688367 ], [ -120.018731559914883, 38.800490709182647 ], [ -120.018563796292298, 38.800648587315756 ], [ -120.018448790583079, 38.80064565020092 ], [ -120.01852680208637, 38.800431425984016 ], [ -120.018458549556826, 38.800411664840816 ], [ -120.018498065423401, 38.800016277008766 ], [ -120.01843131465489, 38.799960518113188 ], [ -120.018688077888342, 38.799876985161482 ], [ -120.018933848434301, 38.799504882142244 ], [ -120.019049602873707, 38.799489819820757 ], [ -120.01910085792818, 38.799365002199707 ], [ -120.019313117729112, 38.799244295382344 ], [ -120.019796132740979, 38.799256626560215 ], [ -120.02010039387045, 38.799138266813209 ], [ -120.020676161429762, 38.799134943738601 ], [ -120.021325430836569, 38.799025384837577 ], [ -120.02361950731985, 38.799228038693116 ], [ -120.023762008004795, 38.799123563213065 ], [ -120.024197524189802, 38.799170701355649 ], [ -120.024385276308877, 38.799085396606543 ], [ -120.025193299246595, 38.799033916492633 ], [ -120.025536813032957, 38.799078705267334 ], [ -120.025911564646165, 38.798926089990559 ], [ -120.025927068853733, 38.7990365954224 ], [ -120.026030312077111, 38.798839024636692 ], [ -120.025948043063124, 38.798602693896576 ], [ -120.025857538058673, 38.798564352128984 ], [ -120.025867272081427, 38.798330365107574 ], [ -120.026173766186659, 38.798157991934382 ], [ -120.026334769718659, 38.798162092999313 ], [ -120.026526259745737, 38.79798678952357 ], [ -120.026532997043887, 38.797824798395446 ], [ -120.026698491138418, 38.797720904831827 ], [ -120.026588729257682, 38.79759198279659 ], [ -120.026576957421824, 38.797321411756357 ], [ -120.026822678298288, 38.796949290006971 ], [ -120.027224906353823, 38.796689261488552 ], [ -120.027514376536487, 38.796372306424537 ], [ -120.027961102245939, 38.796149444375494 ], [ -120.02846354951653, 38.795693763639058 ], [ -120.028587524439189, 38.795480701925271 ], [ -120.029005258510551, 38.795401242602324 ], [ -120.029530693381929, 38.794946142031371 ], [ -120.029859416047998, 38.794792342420536 ], [ -120.030030131650264, 38.794562450052872 ], [ -120.03070085256978, 38.79448941994616 ], [ -120.030843333558579, 38.794384934961826 ], [ -120.031237312477359, 38.794322881464858 ], [ -120.032699127930258, 38.793495174589204 ], [ -120.033043520809755, 38.792963383646381 ], [ -120.033424198763356, 38.792666749079686 ], [ -120.033433159293679, 38.792450759358147 ], [ -120.033759622577904, 38.792350945360148 ], [ -120.033739610290013, 38.792278364444869 ], [ -120.03385535074726, 38.792263286832032 ], [ -120.034450474106308, 38.791791915457573 ], [ -120.034529919757475, 38.791541679658849 ], [ -120.035116823840923, 38.791268295309941 ], [ -120.035607384508523, 38.790542008573375 ], [ -120.035961310582081, 38.790334776713429 ], [ -120.036230701505417, 38.789945216547423 ], [ -120.036491139045182, 38.789771646050319 ], [ -120.036977826382753, 38.789693907668287 ], [ -120.037196739435529, 38.789411172902433 ], [ -120.03717896129497, 38.789284594796193 ], [ -120.037765837008209, 38.789011195901523 ], [ -120.03775476762263, 38.788722624808912 ], [ -120.037875720104509, 38.788581548348809 ], [ -120.038292659779614, 38.788520052928973 ], [ -120.038254118349286, 38.788338893820345 ], [ -120.038442571183154, 38.788235565293292 ], [ -120.038425536318229, 38.788090988040793 ], [ -120.038671162264393, 38.787718837149512 ], [ -120.038924878996426, 38.787707253830163 ], [ -120.039165285050714, 38.78746109648295 ], [ -120.040040768904532, 38.786888695611061 ], [ -120.040256681559413, 38.786677951258191 ], [ -120.040264129899953, 38.786497958525707 ], [ -120.040175865968806, 38.786405630279162 ], [ -120.040408815345771, 38.78633946273284 ], [ -120.040394755847586, 38.786122888481209 ], [ -120.040544653416461, 38.785838397516592 ], [ -120.040683379195599, 38.785823895545498 ], [ -120.040851059078449, 38.785665981965273 ], [ -120.041010547411645, 38.785706060285264 ], [ -120.04180658332325, 38.785383886330308 ], [ -120.041990557132365, 38.785388547343672 ], [ -120.042411196701963, 38.785237039757384 ], [ -120.043471343919151, 38.784651271527984 ], [ -120.044676088058466, 38.78446555321807 ], [ -120.04535190844868, 38.78426643895201 ], [ -120.045487656713817, 38.784323928565158 ], [ -120.046200547277152, 38.784341965513327 ], [ -120.047111490360763, 38.784581225274543 ], [ -120.047380019395035, 38.784768197988093 ], [ -120.047585503306323, 38.784809430463234 ], [ -120.04773756503063, 38.785029493655571 ], [ -120.048053576678171, 38.785181629073783 ], [ -120.048319882143616, 38.785422598011451 ] ], [ [ -120.038449164062541, 38.836974663359413 ], [ -120.038444684267333, 38.837082657887755 ], [ -120.038590229936688, 38.8369061706371 ], [ -120.037982925258518, 38.837106976026149 ], [ -120.038449164062541, 38.836974663359413 ] ], [ [ -120.027404418050253, 38.839265308289008 ], [ -120.027388514995479, 38.839252033245735 ], [ -120.027352343156949, 38.838522384321543 ], [ -120.027363252793222, 38.839305443782777 ], [ -120.027404418050253, 38.839265308289008 ] ], [ [ -120.024943886985398, 38.839049339988634 ], [ -120.024997338854931, 38.839137051405395 ], [ -120.024986837715616, 38.839389035465615 ], [ -120.025018852375027, 38.839173635758542 ], [ -120.025220725320736, 38.839304907276706 ], [ -120.024943886985398, 38.839049339988634 ] ], [ [ -120.023897185920035, 38.839000894841007 ], [ -120.023167260670036, 38.837721021085123 ], [ -120.023211692558419, 38.837656839182749 ], [ -120.023101973744588, 38.83762926596706 ], [ -120.023897185920035, 38.839000894841007 ] ], [ [ -120.02320203444053, 38.83633452353962 ], [ -120.023040945397696, 38.836330414783951 ], [ -120.023014930674009, 38.83640182315294 ], [ -120.02320203444053, 38.83633452353962 ] ], [ [ -120.023211664672388, 38.836379814116896 ], [ -120.023232718071483, 38.8363353061346 ], [ -120.02320203444053, 38.83633452353962 ], [ -120.023211664672388, 38.836379814116896 ] ], [ [ -120.01990086527303, 38.811466779679904 ], [ -120.019888455258624, 38.811480362484545 ], [ -120.019978152558622, 38.811459486306127 ], [ -120.01990086527303, 38.811466779679904 ] ], [ [ -120.022002301331241, 38.808754382212392 ], [ -120.022002301331142, 38.808754382212427 ], [ -120.022002301331241, 38.80875438221242 ], [ -120.022002301331241, 38.808754382212392 ] ], [ [ -120.026410463188114, 38.804091966895015 ], [ -120.02639888214236, 38.804034887697505 ], [ -120.026329475041209, 38.804378193007629 ], [ -120.026410463188114, 38.804091966895015 ] ], [ [ -120.027437892393621, 38.820910955858217 ], [ -120.027513446685759, 38.8213092765981 ], [ -120.027448144092972, 38.820885991684364 ], [ -120.027437892393621, 38.820910955858217 ] ], [ [ -120.028069587884403, 38.820674788497108 ], [ -120.027701463434511, 38.820665415230629 ], [ -120.028114854654476, 38.820693959043879 ], [ -120.027489150813537, 38.820786134976238 ], [ -120.027469436059349, 38.820834143011531 ], [ -120.028231280875673, 38.820705590130245 ], [ -120.028069587884403, 38.820674788497108 ] ], [ [ -120.028867552419257, 38.818286691135448 ], [ -120.028928405486525, 38.818300252061654 ], [ -120.028740606320611, 38.818385562102421 ], [ -120.028967552449174, 38.818286740421051 ], [ -120.028956401336828, 38.818254718321519 ], [ -120.028867552419257, 38.818286691135448 ] ], [ [ -120.024203214545224, 38.817837544376225 ], [ -120.024781607361504, 38.817803923888768 ], [ -120.024711612816773, 38.817796449921119 ], [ -120.024203214545224, 38.817837544376225 ] ], [ [ -120.019916578410246, 38.813764221457937 ], [ -120.019882070326773, 38.813763340486062 ], [ -120.019879067579893, 38.813835335911229 ], [ -120.019916578410246, 38.813764221457937 ] ], [ [ -120.020132127147861, 38.813841796151955 ], [ -120.020146475518374, 38.813826092300793 ], [ -120.019879067579893, 38.813835335911229 ], [ -120.020132127147861, 38.813841796151955 ] ], [ [ -120.019313693264735, 38.813586666496995 ], [ -120.019965850422082, 38.813691880289909 ], [ -120.019965850422111, 38.813691880289909 ], [ -120.019313693264735, 38.813586666496995 ] ], [ [ -120.019508627999201, 38.812907342446252 ], [ -120.019485862315619, 38.812929543842088 ], [ -120.019502509041089, 38.81292482087261 ], [ -120.019289387085308, 38.813609308307399 ], [ -120.019313693264735, 38.813586666496995 ], [ -120.019508627999201, 38.812907342446252 ] ], [ [ -120.019826692384072, 38.811547962068097 ], [ -120.019812616177418, 38.811563368479497 ], [ -120.019538594292086, 38.812835652110635 ], [ -120.01955227299014, 38.812836001359173 ], [ -120.019826692384072, 38.811547962068097 ] ], [ [ -120.019915592973675, 38.809314945015501 ], [ -120.019306086619522, 38.809352236562034 ], [ -120.019882686904069, 38.809330921799372 ], [ -120.019915592973675, 38.809314945015501 ] ], [ [ -120.01993770144243, 38.809116109858572 ], [ -120.019929695570482, 38.809308097819418 ], [ -120.019953199892697, 38.809296685821863 ], [ -120.01993770144243, 38.809116109858572 ] ], [ [ -120.020477441713183, 38.808930092304976 ], [ -120.020568761188969, 38.80894843402799 ], [ -120.021211919382068, 38.808932414962001 ], [ -120.020477441713183, 38.808930092304976 ] ], [ [ -120.021564544493472, 38.808832355902176 ], [ -120.021585232155047, 38.808815814008938 ], [ -120.021663432672938, 38.808804295662917 ], [ -120.021677997592704, 38.808800162752028 ], [ -120.021672784896424, 38.808802918147187 ], [ -120.021840107837249, 38.808778272536102 ], [ -120.021539974626194, 38.808796641260734 ], [ -120.021211919382068, 38.808932414962001 ], [ -120.021564544493472, 38.808832355902176 ] ], [ [ -120.020383780765471, 38.808911280208925 ], [ -120.02039820418274, 38.80891417720315 ], [ -120.020278517479852, 38.808674358946483 ], [ -120.020383780765471, 38.808911280208925 ] ], [ [ -120.019649159506955, 38.80885649110688 ], [ -120.019810186161024, 38.808860602108723 ], [ -120.019652660458306, 38.808842821264335 ], [ -120.019649159506955, 38.80885649110688 ] ], [ [ -120.01975258218188, 38.801958222369045 ], [ -120.01971468739616, 38.801963397484982 ], [ -120.019957345461464, 38.802017503615986 ], [ -120.01975258218188, 38.801958222369045 ] ], [ [ -120.020540207745142, 38.80166874367837 ], [ -120.020683412996092, 38.80172187329994 ], [ -120.020702653563731, 38.801714039089987 ], [ -120.020540207745142, 38.80166874367837 ] ], [ [ -120.020016203605678, 38.801411749111942 ], [ -120.020184617858277, 38.801536817573151 ], [ -120.020367153829397, 38.801604539769741 ], [ -120.020119364959641, 38.801445061750428 ], [ -120.020016203605678, 38.801411749111942 ] ], [ [ -120.028729136976011, 38.813772650113243 ], [ -120.028836263417901, 38.813926913265092 ], [ -120.028774175440262, 38.813701724288237 ], [ -120.028771181651592, 38.813773720296467 ], [ -120.028729136976011, 38.813772650113243 ] ], [ [ -120.028646951541134, 38.8137705581643 ], [ -120.028610142623265, 38.813769621210923 ], [ -120.028586460483623, 38.813807456897614 ], [ -120.028646951541134, 38.8137705581643 ] ], [ [ -120.028377366152839, 38.814118316477149 ], [ -120.02833287797813, 38.814093440126349 ], [ -120.028358464032664, 38.814148625037305 ], [ -120.028377366152839, 38.814118316477149 ] ], [ [ -120.028286841713367, 38.814067698098356 ], [ -120.028253081807222, 38.81404882060032 ], [ -120.027815225777474, 38.814055690976716 ], [ -120.028286841713367, 38.814067698098356 ] ], [ [ -120.021076992608414, 38.813795200081529 ], [ -120.021051944396348, 38.81378916249129 ], [ -120.021039068971646, 38.81383218449313 ], [ -120.021076992608414, 38.813795200081529 ] ], [ [ -120.020997020192141, 38.813758188813615 ], [ -120.021159373507231, 38.813507654093065 ], [ -120.020987830562092, 38.813755528790395 ], [ -120.020997020192141, 38.813758188813615 ] ], [ [ -120.021432192843136, 38.812487588120021 ], [ -120.021382146860191, 38.812518995001298 ], [ -120.021159373507231, 38.813507654093065 ], [ -120.021432192843136, 38.812487588120021 ] ], [ [ -120.021266655964226, 38.812591472330475 ], [ -120.02120638973868, 38.812932277006048 ], [ -120.021256151620875, 38.812843456682295 ], [ -120.021266655964226, 38.812591472330475 ] ], [ [ -120.019871341565576, 38.812916219548811 ], [ -120.020084392520587, 38.812777514249881 ], [ -120.020271435389077, 38.812710216766916 ], [ -120.019991621592013, 38.812793164012255 ], [ -120.019871341565576, 38.812916219548811 ] ], [ [ -120.020384046042452, 38.81258696503857 ], [ -120.020321948779937, 38.812603398011696 ], [ -120.020271435389077, 38.812710216766916 ], [ -120.020384046042452, 38.81258696503857 ] ], [ [ -120.020508240487345, 38.812554098989672 ], [ -120.020474369285694, 38.812563062471135 ], [ -120.020736039331169, 38.812613967179843 ], [ -120.02051224226777, 38.812537215163644 ], [ -120.020508240487345, 38.812554098989672 ] ], [ [ -120.020877071178006, 38.812545494404837 ], [ -120.021046360258353, 38.8123516163662 ], [ -120.020736039331169, 38.812613967179843 ], [ -120.020877071178006, 38.812545494404837 ] ], [ [ -120.021293666529246, 38.811943512507547 ], [ -120.021312558317376, 38.81210415483752 ], [ -120.021351490378976, 38.812075618710629 ], [ -120.021312169696444, 38.812052092834499 ], [ -120.021293666529246, 38.811943512507547 ] ], [ [ -120.026196922719706, 38.81143789469381 ], [ -120.026615502304324, 38.811340448931574 ], [ -120.026672251080726, 38.811288507568037 ], [ -120.026196922719706, 38.81143789469381 ] ], [ [ -120.026729835544316, 38.805271275688632 ], [ -120.026534790872091, 38.804978018871587 ], [ -120.026445775260513, 38.804903679281999 ], [ -120.026729835544316, 38.805271275688632 ] ], [ [ -120.024677011671301, 38.802605597849592 ], [ -120.024302414466888, 38.802182392002116 ], [ -120.024675483373599, 38.802605506774682 ], [ -120.024677011671301, 38.802605597849592 ] ], [ [ -120.02019437686252, 38.800463285037807 ], [ -120.020229633562352, 38.800456883503472 ], [ -120.020685407992644, 38.800018064453475 ], [ -120.02019437686252, 38.800463285037807 ] ], [ [ -120.024201569650884, 38.800179816291674 ], [ -120.020916917992707, 38.799987936256429 ], [ -120.020685407992644, 38.800018064453475 ], [ -120.024201569650884, 38.800179816291674 ] ], [ [ -120.039617978922323, 38.802901798975199 ], [ -120.039818429815554, 38.802821192963847 ], [ -120.039750055913331, 38.802809355611892 ], [ -120.039617978922323, 38.802901798975199 ] ], [ [ -120.037035332148989, 38.80367742829813 ], [ -120.038055110448639, 38.803703306260701 ], [ -120.037067494336796, 38.803642208375223 ], [ -120.037035332148989, 38.80367742829813 ] ], [ [ -120.035840899165692, 38.803791251745615 ], [ -120.036055568469934, 38.803686973945481 ], [ -120.035960389983686, 38.803686177038905 ], [ -120.035840899165692, 38.803791251745615 ] ], [ [ -120.033120157178971, 38.805541965354415 ], [ -120.033805172091689, 38.805126938441482 ], [ -120.033357658158366, 38.805367820182759 ], [ -120.033120157178971, 38.805541965354415 ] ], [ [ -120.033044423725116, 38.805702203382879 ], [ -120.033045800700236, 38.805699289964743 ], [ -120.032452906347842, 38.806083566253811 ], [ -120.033044423725116, 38.805702203382879 ] ], [ [ -120.03226888091811, 38.806078888140661 ], [ -120.032255095646249, 38.80609398176373 ], [ -120.032452906347842, 38.806083566253811 ], [ -120.03226888091811, 38.806078888140661 ] ], [ [ -120.031069055754614, 38.806314790395767 ], [ -120.031707087309044, 38.80629884001921 ], [ -120.031316780017761, 38.806270897074064 ], [ -120.031069055754614, 38.806314790395767 ] ], [ [ -120.030519961395044, 38.806420301454736 ], [ -120.030685224622701, 38.806507087964988 ], [ -120.03059695047682, 38.806414752259727 ], [ -120.030519961395044, 38.806420301454736 ] ], [ [ -120.0303156764855, 38.806533723895015 ], [ -120.030489165759832, 38.806422521118378 ], [ -120.030412176665862, 38.806428070241587 ], [ -120.0303156764855, 38.806533723895015 ] ], [ [ -120.02966335651395, 38.806715326718198 ], [ -120.029709171021594, 38.806691169731224 ], [ -120.029574529249672, 38.806700103896915 ], [ -120.02966335651395, 38.806715326718198 ] ], [ [ -120.028970194208171, 38.813418424582203 ], [ -120.028778666103179, 38.813593730273844 ], [ -120.028778167141823, 38.813605729608888 ], [ -120.028970194208171, 38.813418424582203 ] ], [ [ -120.02934875786255, 38.81317580621176 ], [ -120.029161721364744, 38.813243118534864 ], [ -120.029132255709968, 38.813270088719243 ], [ -120.02934875786255, 38.81317580621176 ] ], [ [ -120.029333122580638, 38.813064417096427 ], [ -120.029307236849135, 38.81306664123364 ], [ -120.02934875786255, 38.81317580621176 ], [ -120.029333122580638, 38.813064417096427 ] ], [ [ -120.029492028011262, 38.813053325699848 ], [ -120.029480396934133, 38.813021498124577 ], [ -120.02946902265046, 38.813052740280789 ], [ -120.029492028011262, 38.813053325699848 ] ], [ [ -120.029699076288651, 38.813058594267936 ], [ -120.030173528016974, 38.812917904014895 ], [ -120.029492028011262, 38.813053325699848 ], [ -120.029699076288651, 38.813058594267936 ] ], [ [ -120.029305931920774, 38.812544084387198 ], [ -120.029404496185691, 38.81294298990867 ], [ -120.029460351908668, 38.812966646343803 ], [ -120.029305931920774, 38.812544084387198 ] ], [ [ -120.029322775757109, 38.811030996093379 ], [ -120.029304759317014, 38.810910417204887 ], [ -120.029298274564553, 38.81106640870437 ], [ -120.029322775757109, 38.811030996093379 ] ], [ [ -120.02926872658054, 38.81066925941996 ], [ -120.028828091947858, 38.810189575562134 ], [ -120.029282674713841, 38.810762610821698 ], [ -120.02926872658054, 38.81066925941996 ] ], [ [ -120.028543899040727, 38.809720629109492 ], [ -120.028547744593396, 38.80973198828395 ], [ -120.028820054273226, 38.809829009764115 ], [ -120.028543899040727, 38.809720629109492 ] ], [ [ -120.023300597754499, 38.802463158976785 ], [ -120.023642627470934, 38.802543951811849 ], [ -120.024658577313886, 38.802604499300891 ], [ -120.023300597754499, 38.802463158976785 ] ], [ [ -120.019845827290865, 38.802576955922724 ], [ -120.019910332060277, 38.802592881017667 ], [ -120.020008431390536, 38.802549521057259 ], [ -120.019845827290865, 38.802576955922724 ] ], [ [ -120.022361101006084, 38.807880650726197 ], [ -120.022313923248817, 38.80791312931504 ], [ -120.022456444764344, 38.8078551016755 ], [ -120.022361101006084, 38.807880650726197 ] ], [ [ -120.020407046620846, 38.808424134530725 ], [ -120.020449299075509, 38.808444483602635 ], [ -120.021105945567598, 38.808429814986091 ], [ -120.020407046620846, 38.808424134530725 ] ], [ [ -120.019840471693712, 38.807582094894336 ], [ -120.020230028717364, 38.807628075219739 ], [ -120.020585331985444, 38.807611918689346 ], [ -120.019840471693712, 38.807582094894336 ] ], [ [ -120.019858221405428, 38.807708674264887 ], [ -120.019924980191604, 38.807764432610185 ], [ -120.019926481218107, 38.807728434858745 ], [ -120.019980506165723, 38.807721405580857 ], [ -120.019858221405428, 38.807708674264887 ] ], [ [ -120.020546073855058, 38.807780286271843 ], [ -120.020035731558337, 38.807727155165963 ], [ -120.020016994036823, 38.807766781508782 ], [ -120.020546073855058, 38.807780286271843 ] ], [ [ -120.020061464969572, 38.809461611859504 ], [ -120.0199664467426, 38.809531258394294 ], [ -120.019983687699551, 38.809538562532751 ], [ -120.020174149200926, 38.809425345698635 ], [ -120.020061464969572, 38.809461611859504 ] ], [ [ -120.020624223491708, 38.809280492835363 ], [ -120.020737585744826, 38.809262652970901 ], [ -120.020816251666687, 38.809218689359547 ], [ -120.020624223491708, 38.809280492835363 ] ], [ [ -120.021240767267216, 38.809031278082543 ], [ -120.021323187732222, 38.809025344355149 ], [ -120.021462049071147, 38.80891431126188 ], [ -120.021240767267216, 38.809031278082543 ] ], [ [ -120.021378546416642, 38.81839941817767 ], [ -120.021376129839382, 38.818251924885892 ], [ -120.021093059444851, 38.817307764408923 ], [ -120.021378546416642, 38.81839941817767 ] ], [ [ -120.021090315641118, 38.816821207903317 ], [ -120.020988090832034, 38.81634905169372 ], [ -120.021048805683691, 38.816712040459251 ], [ -120.021014385474658, 38.816713762584449 ], [ -120.021088814713451, 38.816857205636772 ], [ -120.021066037948472, 38.816860420306377 ], [ -120.021093059444851, 38.817307764408923 ], [ -120.021090315641118, 38.816821207903317 ] ], [ [ -120.02027815374862, 38.816759938328147 ], [ -120.020249163101198, 38.816789276748729 ], [ -120.020257758267661, 38.816796454727907 ], [ -120.020658060603665, 38.816731589764373 ], [ -120.020333356846436, 38.816747833959312 ], [ -120.020346132319332, 38.816691144155108 ], [ -120.020288810383789, 38.816749153847283 ], [ -120.020308849172395, 38.816783244398572 ], [ -120.020262836435833, 38.816782069845281 ], [ -120.02027815374862, 38.816759938328147 ] ], [ [ -120.021005394040799, 38.813874217996577 ], [ -120.020981637743247, 38.813883664732408 ], [ -120.020846020034284, 38.815499657876217 ], [ -120.020851356427229, 38.815531562684868 ], [ -120.021005394040799, 38.813874217996577 ] ], [ [ -120.020910765935994, 38.813911846993506 ], [ -120.020560974525452, 38.8140509409983 ], [ -120.020722763489928, 38.814037052333738 ], [ -120.020910765935994, 38.813911846993506 ] ], [ [ -120.019995724020959, 38.813688764469198 ], [ -120.020092872008988, 38.813678631864825 ], [ -120.020126130391702, 38.813654255640905 ], [ -120.019995724020959, 38.813688764469198 ] ], [ [ -120.020166600494761, 38.813804066116475 ], [ -120.020180389823125, 38.813788974098962 ], [ -120.020092872008988, 38.813678631864825 ], [ -120.020166600494761, 38.813804066116475 ] ], [ [ -120.029059550833296, 38.816808092282876 ], [ -120.029072319967824, 38.816796405243529 ], [ -120.028596425471662, 38.816868376351245 ], [ -120.029059550833296, 38.816808092282876 ] ], [ [ -120.029041391566906, 38.817798622597948 ], [ -120.028022350862443, 38.817934844138911 ], [ -120.029064437852028, 38.817806061096334 ], [ -120.029041391566906, 38.817798622597948 ] ], [ [ -120.0279863409271, 38.814924914014036 ], [ -120.027960330262502, 38.815163422830949 ], [ -120.028057604700706, 38.814872674243986 ], [ -120.0279863409271, 38.814924914014036 ] ], [ [ -120.028114615644768, 38.814830882393352 ], [ -120.028057604700734, 38.814872674243965 ], [ -120.028516226077869, 38.814920385771629 ], [ -120.028103616534921, 38.81487384567928 ], [ -120.028114615644768, 38.814830882393352 ] ], [ [ -120.028087348455415, 38.814711269076007 ], [ -120.028121948376409, 38.814802240201743 ], [ -120.0282057505556, 38.81447490081085 ], [ -120.028087348455415, 38.814711269076007 ] ], [ [ -120.021189095170044, 38.816661566524473 ], [ -120.021141581582413, 38.816696390057139 ], [ -120.021186843864925, 38.816715563130913 ], [ -120.021189095170044, 38.816661566524473 ] ], [ [ -120.027677581747326, 38.819025165940509 ], [ -120.027706055406384, 38.81899063830074 ], [ -120.027584803887336, 38.819040821473138 ], [ -120.027677581747326, 38.819025165940509 ] ], [ [ -120.028488158867503, 38.822793554738567 ], [ -120.028878754283554, 38.822262956661362 ], [ -120.028689739044822, 38.822456343673366 ], [ -120.028732468875504, 38.822457431381686 ], [ -120.028659700219677, 38.822545669172655 ], [ -120.028636691822129, 38.822545083470061 ], [ -120.028651554022019, 38.822495411713859 ], [ -120.028546208063119, 38.822603193468559 ], [ -120.028612934702579, 38.822562496735173 ], [ -120.028488158867503, 38.822793554738567 ] ], [ [ -120.028593467676615, 38.823030469989824 ], [ -120.028576948604439, 38.822993306818184 ], [ -120.028514503578762, 38.82310477146418 ], [ -120.028593467676615, 38.823030469989824 ] ], [ [ -120.028425668770211, 38.823188360550333 ], [ -120.028473159102731, 38.823143674570503 ], [ -120.028286868361505, 38.823202844906675 ], [ -120.028425668770211, 38.823188360550333 ] ], [ [ -120.028502158013723, 38.822630059648858 ], [ -120.028013967595285, 38.822565265714907 ], [ -120.028087800477408, 38.822276909204021 ], [ -120.02807196609038, 38.822278453942097 ], [ -120.027992939888065, 38.822568309518701 ], [ -120.028471140503783, 38.822648977244228 ], [ -120.028502158013723, 38.822630059648858 ] ], [ [ -120.028678950773042, 38.822314102793435 ], [ -120.028511370126111, 38.822235586652724 ], [ -120.028622668045884, 38.822328510090692 ], [ -120.028678950773042, 38.822314102793435 ] ], [ [ -120.024604780996555, 38.838627391755374 ], [ -120.024657952361409, 38.838611151863354 ], [ -120.024643640315887, 38.838580288270208 ], [ -120.024604780996555, 38.838627391755374 ] ], [ [ -120.024422990766155, 38.838545834166737 ], [ -120.024510543506906, 38.838656174210918 ], [ -120.024562374135101, 38.838640343870182 ], [ -120.024400116735876, 38.838474497447095 ], [ -120.024422990766155, 38.838545834166737 ] ], [ [ -120.02461397707404, 38.83852367630368 ], [ -120.024250049414519, 38.837904789498076 ], [ -120.024478019967944, 38.838331021364965 ], [ -120.024382215349831, 38.838418668707625 ], [ -120.024391697993025, 38.838448242071173 ], [ -120.024498782817261, 38.838385604654299 ], [ -120.02461397707404, 38.83852367630368 ] ], [ [ -120.024053015685311, 38.8374733400479 ], [ -120.0239532093984, 38.837546470634351 ], [ -120.023960332236541, 38.837546146779033 ], [ -120.023957962083372, 38.837542988227625 ], [ -120.024053015685311, 38.8374733400479 ] ], [ [ -120.023722578347261, 38.837663111766254 ], [ -120.023750093612435, 38.837555705550407 ], [ -120.023851651509148, 38.837551088136863 ], [ -120.023727830839221, 38.837537119845415 ], [ -120.023722578347261, 38.837663111766254 ] ], [ [ -120.023587500956907, 38.837587595130003 ], [ -120.023559585037177, 38.83759409039704 ], [ -120.023722578347261, 38.837663111766254 ], [ -120.023587500956907, 38.837587595130003 ] ], [ [ -120.023421156000538, 38.837709478680488 ], [ -120.023526434876388, 38.837601803517707 ], [ -120.023447921311302, 38.837620071396337 ], [ -120.023421156000538, 38.837709478680488 ] ], [ [ -120.024429602248759, 38.830095565097878 ], [ -120.024333809283078, 38.830183212941222 ], [ -120.024688719716707, 38.829958026660329 ], [ -120.024429602248759, 38.830095565097878 ] ], [ [ -120.028981309981162, 38.82810340792247 ], [ -120.028964119108664, 38.82811568332064 ], [ -120.029035000434249, 38.828104774559897 ], [ -120.028981309981162, 38.82810340792247 ] ], [ [ -120.030413618851711, 38.827620226480654 ], [ -120.030228352187777, 38.828027035615627 ], [ -120.030425905148903, 38.827707737418059 ], [ -120.030413618851711, 38.827620226480654 ] ], [ [ -120.030601942976418, 38.827351855444626 ], [ -120.03027381577698, 38.827487651579617 ], [ -120.03038961430363, 38.827472579760482 ], [ -120.030394805504343, 38.827486225355401 ], [ -120.030390362710179, 38.827454580774337 ], [ -120.030601942976418, 38.827351855444626 ] ], [ [ -120.028852907435009, 38.825646129211449 ], [ -120.028648954203177, 38.825572424444644 ], [ -120.029032626624968, 38.825762371076351 ], [ -120.028830034200809, 38.825649106090125 ], [ -120.028852907435009, 38.825646129211449 ] ], [ [ -120.028361814253032, 38.825276826087553 ], [ -120.02833212205006, 38.825283737394074 ], [ -120.028648954203177, 38.825572424444644 ], [ -120.028361814253032, 38.825276826087553 ] ], [ [ -120.028759665626197, 38.823920763848299 ], [ -120.028324443771709, 38.823960558745966 ], [ -120.028694082876726, 38.823933932775454 ], [ -120.028728034597407, 38.823948310564333 ], [ -120.028740100568797, 38.823935104188521 ], [ -120.028759665626197, 38.823920763848299 ] ], [ [ -120.028430975965478, 38.823856664242257 ], [ -120.028351196746243, 38.823871149709255 ], [ -120.028324443771709, 38.823960558745966 ], [ -120.028430975965478, 38.823856664242257 ] ], [ [ -120.043194756938931, 38.833703057649203 ], [ -120.043237988853804, 38.833708685693708 ], [ -120.043266931124407, 38.833587738490493 ], [ -120.043194756938931, 38.833703057649203 ] ], [ [ -120.043131871734033, 38.833489780692865 ], [ -120.043123424296496, 38.833693771341309 ], [ -120.043190582823428, 38.833702514250966 ], [ -120.043131871734033, 38.833489780692865 ] ], [ [ -120.043108301747381, 38.832390081962615 ], [ -120.043094858548173, 38.832354765159451 ], [ -120.043100103021459, 38.832588072919499 ], [ -120.043108301747381, 38.832390081962615 ] ], [ [ -120.042946784899527, 38.832025628808196 ], [ -120.042985137812835, 38.832026600477739 ], [ -120.043000048491166, 38.832054633864047 ], [ -120.043054173061037, 38.832028349451228 ], [ -120.043493541683972, 38.832543985413437 ], [ -120.043057297893967, 38.832013245223067 ], [ -120.042946784899527, 38.832025628808196 ] ], [ [ -120.042630756966446, 38.832017621772614 ], [ -120.042550151109069, 38.831961525188539 ], [ -120.04258627532198, 38.832022929716743 ], [ -120.042593938186215, 38.83201668885858 ], [ -120.042630756966446, 38.832017621772614 ] ], [ [ -120.042274756069446, 38.831936528702769 ], [ -120.041917329105289, 38.831945488699681 ], [ -120.042550151109069, 38.831961525188539 ], [ -120.042274756069446, 38.831936528702769 ] ], [ [ -120.042068294779128, 38.832471838326825 ], [ -120.042057922729725, 38.832532913534848 ], [ -120.042130047814254, 38.832420409017246 ], [ -120.042068294779128, 38.832471838326825 ] ], [ [ -120.04039192804612, 38.834660577514605 ], [ -120.040411726893879, 38.834646064525096 ], [ -120.040471927041921, 38.834305248144382 ], [ -120.04039192804612, 38.834660577514605 ] ], [ [ -120.040072640000261, 38.83502095420053 ], [ -120.040144412274103, 38.834981628666576 ], [ -120.040181206680302, 38.834903797163285 ], [ -120.040072640000261, 38.83502095420053 ] ], [ [ -120.033789200208417, 38.837405874682382 ], [ -120.033794473610314, 38.83741027612944 ], [ -120.033796381105347, 38.837398715838113 ], [ -120.033789200208417, 38.837405874682382 ] ], [ [ -120.033780388093419, 38.837414659732566 ], [ -120.033750669486992, 38.837444287041848 ], [ -120.033648621424973, 38.838294193565169 ], [ -120.033793694496836, 38.837414997911793 ], [ -120.033780388093419, 38.837414659732566 ] ], [ [ -120.032541190277783, 38.837760620109485 ], [ -120.032518891978512, 38.837760970441764 ], [ -120.032475067762377, 38.838297994084336 ], [ -120.032497943648991, 38.838264942110364 ], [ -120.032541190277783, 38.837760620109485 ] ], [ [ -120.032208600047326, 38.838580481887654 ], [ -120.032326373965802, 38.838512831781387 ], [ -120.032406588516437, 38.838396935350183 ], [ -120.032208600047326, 38.838580481887654 ] ], [ [ -120.031315083445037, 38.839009634922938 ], [ -120.031665528578984, 38.83889242238353 ], [ -120.031883467716142, 38.83876723869556 ], [ -120.031315083445037, 38.839009634922938 ] ], [ [ -120.027499301816093, 38.839288638670361 ], [ -120.027524349176204, 38.839309546840525 ], [ -120.027572625016759, 38.839256722391276 ], [ -120.027499301816093, 38.839288638670361 ] ], [ [ -120.026483936055314, 38.838292054699224 ], [ -120.026941429331274, 38.837817223886979 ], [ -120.026944427532626, 38.837745228295226 ], [ -120.02679735295996, 38.837957697580016 ], [ -120.026483936055314, 38.838292054699224 ] ], [ [ -120.026945177081274, 38.837727229397125 ], [ -120.026933670456572, 38.837726936281847 ], [ -120.026944427532626, 38.837745228295226 ], [ -120.026945177081274, 38.837727229397125 ] ], [ [ -120.027411982014172, 38.837879671965865 ], [ -120.027428153298104, 38.837849734596276 ], [ -120.027357558612977, 38.837872449418775 ], [ -120.027411982014172, 38.837879671965865 ] ], [ [ -120.027797417109454, 38.837730917875319 ], [ -120.0276205194846, 38.837787837802459 ], [ -120.027772905160788, 38.837766329634704 ], [ -120.027821929033024, 38.837695506109604 ], [ -120.027797671815776, 38.837694888372084 ], [ -120.027797417109454, 38.837730917875319 ] ], [ [ -120.027807758922634, 38.836395363500351 ], [ -120.02773780177732, 38.836396067970895 ], [ -120.0277485055326, 38.836360304562248 ], [ -120.027727807227308, 38.836402138911453 ], [ -120.027806840292769, 38.836397826119985 ], [ -120.027797881678367, 38.837665202091074 ], [ -120.027821929033024, 38.837695506109604 ], [ -120.027807758922634, 38.836395363500351 ] ], [ [ -120.028106007262664, 38.836405444295359 ], [ -120.028133533886248, 38.836392082383519 ], [ -120.027969587721728, 38.836393733718552 ], [ -120.028106007262664, 38.836405444295359 ] ], [ [ -120.028297683610631, 38.836312400947513 ], [ -120.028224817462089, 38.836318379542924 ], [ -120.028231966060545, 38.836344301561745 ], [ -120.028297683610631, 38.836312400947513 ] ], [ [ -120.028703651982823, 38.836279090787819 ], [ -120.029356939993718, 38.836239092476312 ], [ -120.028810804760681, 38.836236145594178 ], [ -120.028895185677655, 38.836263374729491 ], [ -120.028703651982823, 38.836279090787819 ] ], [ [ -120.030800952471907, 38.835861423159322 ], [ -120.030570076626873, 38.83587356743304 ], [ -120.030467387028551, 38.835921081772632 ], [ -120.030800952471907, 38.835861423159322 ] ], [ [ -120.031461009258763, 38.831067402598798 ], [ -120.031424196319378, 38.831413130397571 ], [ -120.031478782851281, 38.831193980800933 ], [ -120.031446228646288, 38.830868828423149 ], [ -120.031394655847123, 38.831084202526178 ], [ -120.031461009258763, 38.831067402598798 ] ], [ [ -120.031043814423711, 38.831128863201457 ], [ -120.030878994057176, 38.831214760631951 ], [ -120.031296675781363, 38.831109009877039 ], [ -120.031043814423711, 38.831128863201457 ] ], [ [ -120.030374992584271, 38.831147884420034 ], [ -120.0303187255263, 38.831154663554059 ], [ -120.030418020997075, 38.831221051253237 ], [ -120.030374992584271, 38.831147884420034 ] ], [ [ -120.024769690688686, 38.835562381617606 ], [ -120.02480411927607, 38.835560274913831 ], [ -120.024783258287556, 38.83554861232949 ], [ -120.024769690688686, 38.835562381617606 ] ], [ [ -120.024607375228925, 38.835683176512923 ], [ -120.024001723143741, 38.835940503539902 ], [ -120.023986225813303, 38.835954681750998 ], [ -120.024540014670578, 38.835738012063644 ], [ -120.024607375228925, 38.835683176512923 ] ], [ [ -120.023979768590422, 38.835960589338292 ], [ -120.023618514605403, 38.83629109134889 ], [ -120.023976459785317, 38.835993913315917 ], [ -120.02406475916645, 38.836086254730496 ], [ -120.023979768590422, 38.835960589338292 ] ], [ [ -120.023991969942031, 38.83617448865553 ], [ -120.024008547764168, 38.836228965320679 ], [ -120.02406475916645, 38.836086254730496 ], [ -120.023991969942031, 38.83617448865553 ] ], [ [ -120.032881974890088, 38.829467497030016 ], [ -120.032858648311532, 38.829484594472838 ], [ -120.032584994222546, 38.830627515375866 ], [ -120.032881974890088, 38.829467497030016 ] ], [ [ -120.031703455412412, 38.829668162647003 ], [ -120.03170207276753, 38.829679522284174 ], [ -120.032027102140276, 38.829640356859208 ], [ -120.031702496667307, 38.829665845895171 ], [ -120.031703455412412, 38.829668162647003 ] ], [ [ -120.030919217283596, 38.826368934863261 ], [ -120.030419550043234, 38.826752620262489 ], [ -120.031036510312376, 38.826317864323784 ], [ -120.030919217283596, 38.826368934863261 ] ], [ [ -120.030573370137759, 38.826994371580192 ], [ -120.030831294570675, 38.827375707995586 ], [ -120.030572553997658, 38.826984160560471 ], [ -120.030573370137759, 38.826994371580192 ] ], [ [ -120.030923334567333, 38.82737804929333 ], [ -120.0309704529367, 38.827346873213223 ], [ -120.030831294570675, 38.827375707995586 ], [ -120.030923334567333, 38.82737804929333 ] ], [ [ -120.030344734870042, 38.824120084212844 ], [ -120.030606064123688, 38.823928534208427 ], [ -120.030200247645809, 38.824150877393961 ], [ -120.030344734870042, 38.824120084212844 ] ], [ [ -120.0316954780522, 38.825325614154771 ], [ -120.031675119568092, 38.825218322878229 ], [ -120.031653642860647, 38.825324550260994 ], [ -120.0316954780522, 38.825325614154771 ] ], [ [ -120.031663986043682, 38.825159647960128 ], [ -120.03166112313987, 38.82514456012391 ], [ -120.03161355401754, 38.825101522814109 ], [ -120.031663986043682, 38.825159647960128 ] ], [ [ -120.031463799745154, 38.824966034873313 ], [ -120.031394736788499, 38.82490355096477 ], [ -120.031271908835237, 38.824910517127314 ], [ -120.031463799745154, 38.824966034873313 ] ], [ [ -120.031127719478818, 38.824918694630135 ], [ -120.030956065454731, 38.824928429518422 ], [ -120.030948588763437, 38.824951222970888 ], [ -120.031127719478818, 38.824918694630135 ] ], [ [ -120.030077781845776, 38.825554734705179 ], [ -120.029570140135263, 38.826027636412682 ], [ -120.029596634405905, 38.826046996018732 ], [ -120.030077781845776, 38.825554734705179 ] ], [ [ -120.032133167215903, 38.828430266701581 ], [ -120.032354840449401, 38.828405446155855 ], [ -120.032757234189944, 38.828145405957585 ], [ -120.032414297612462, 38.828337056578199 ], [ -120.032426863208741, 38.828335205208298 ], [ -120.032404875657349, 38.828342322022323 ], [ -120.032356336321897, 38.828369448125102 ], [ -120.032317749169493, 38.8283705226061 ], [ -120.032133167215903, 38.828430266701581 ] ], [ [ -120.0318010958228, 38.828427401752514 ], [ -120.032156723362505, 38.828375006322048 ], [ -120.031341637016396, 38.828397698734555 ], [ -120.0318010958228, 38.828427401752514 ] ], [ [ -120.031815668085756, 38.826968311768006 ], [ -120.032054742662027, 38.826758174705404 ], [ -120.031865427967077, 38.826879486968593 ], [ -120.031841810153495, 38.826880933886656 ], [ -120.031815668085756, 38.826968311768006 ] ], [ [ -120.041799645027936, 38.831961973291762 ], [ -120.041828217173702, 38.831947722390787 ], [ -120.041559902120738, 38.831954447597688 ], [ -120.041116557384782, 38.832018610929651 ], [ -120.041799645027936, 38.831961973291762 ] ], [ [ -120.041389871173777, 38.832166354358918 ], [ -120.041794626295498, 38.831964476478653 ], [ -120.041162736878363, 38.832088524403595 ], [ -120.041766261745707, 38.831977696072279 ], [ -120.041389871173777, 38.832166354358918 ] ], [ [ -120.040251104972256, 38.832407753525558 ], [ -120.040022745127345, 38.832467059945813 ], [ -120.040758856901462, 38.832384592058986 ], [ -120.040251104972256, 38.832407753525558 ] ], [ [ -120.03980865745136, 38.832522659294689 ], [ -120.039745292757161, 38.832575727669322 ], [ -120.039933450476511, 38.832490250150961 ], [ -120.03980865745136, 38.832522659294689 ] ], [ [ -120.039032846939193, 38.832899377487855 ], [ -120.039608389561039, 38.832637920620286 ], [ -120.039440468064285, 38.832513320637069 ], [ -120.039274161127196, 38.832635228417352 ], [ -120.039462733639368, 38.832531903455617 ], [ -120.039527291706094, 38.832641649246106 ], [ -120.039432259141279, 38.832711310932901 ], [ -120.039021771349482, 38.832899817233766 ], [ -120.039032846939193, 38.832899377487855 ] ], [ [ -120.035389268687183, 38.834102183259432 ], [ -120.035386943673799, 38.834158180295006 ], [ -120.035607351919438, 38.834398012937633 ], [ -120.035389268687183, 38.834102183259432 ] ], [ [ -120.035296019841056, 38.833975690462687 ], [ -120.035285631881578, 38.833975426595956 ], [ -120.0353069092194, 38.83399046201626 ], [ -120.035296019841056, 38.833975690462687 ] ], [ [ -120.035120978390253, 38.833859075499227 ], [ -120.035279528287973, 38.833971113550071 ], [ -120.035280103171502, 38.83395726813017 ], [ -120.035146514211888, 38.833845766545515 ], [ -120.035120978390253, 38.833859075499227 ] ], [ [ -120.035286175406824, 38.833962336380743 ], [ -120.03527519508053, 38.833947441442241 ], [ -120.035280103171502, 38.83395726813017 ], [ -120.035286175406824, 38.833962336380743 ] ], [ [ -120.034981691926248, 38.833931669686763 ], [ -120.034646813599977, 38.834229468465267 ], [ -120.035023595934021, 38.833909829928743 ], [ -120.034981691926248, 38.833931669686763 ] ], [ [ -120.034423256432646, 38.834620184942402 ], [ -120.034426670122784, 38.834709324117398 ], [ -120.034646813599977, 38.834229468465267 ], [ -120.034423256432646, 38.834620184942402 ] ], [ [ -120.034622569886267, 38.835922546828982 ], [ -120.034758404272822, 38.835980052006676 ], [ -120.034624171812581, 38.835883977480734 ], [ -120.034622569886267, 38.835922546828982 ] ], [ [ -120.027351927905073, 38.838492579288449 ], [ -120.027500274384167, 38.838227854196028 ], [ -120.027351701403873, 38.838476321997625 ], [ -120.027351927905073, 38.838492579288449 ] ], [ [ -120.028748233607928, 38.836480783919868 ], [ -120.02870059618219, 38.836510673005201 ], [ -120.028702966205842, 38.838114335244306 ], [ -120.028748233607928, 38.836480783919868 ] ], [ [ -120.029283408011935, 38.836345328894382 ], [ -120.028866180647199, 38.836406780371597 ], [ -120.028802923716796, 38.83644646972251 ], [ -120.029283408011935, 38.836345328894382 ] ], [ [ -120.030186150667646, 38.836242177067213 ], [ -120.030191534399194, 38.83623282670117 ], [ -120.030162624124813, 38.836243871621988 ], [ -120.030186150667646, 38.836242177067213 ] ], [ [ -120.036422456419018, 38.828634922049858 ], [ -120.036363114576616, 38.828621703587572 ], [ -120.036505535707605, 38.828853247990487 ], [ -120.036422456419018, 38.828634922049858 ] ], [ [ -120.033295925166243, 38.83125820076944 ], [ -120.0338446322001, 38.831152931221197 ], [ -120.033645580852976, 38.831158979547723 ], [ -120.033295925166243, 38.83125820076944 ] ], [ [ -120.032803034860279, 38.831188219034786 ], [ -120.032905481051117, 38.831230257852773 ], [ -120.033295925166243, 38.83125820076944 ], [ -120.032803034860279, 38.831188219034786 ] ], [ [ -120.032026743827586, 38.830757465400374 ], [ -120.032203352346457, 38.830942136433798 ], [ -120.032032516479873, 38.830745256973337 ], [ -120.032026743827586, 38.830757465400374 ] ], [ [ -120.03206210129008, 38.830682688778666 ], [ -120.032037428783298, 38.830734868071168 ], [ -120.032116302674595, 38.83069836882278 ], [ -120.03206210129008, 38.830682688778666 ] ], [ [ -120.035216298088969, 38.833829521174664 ], [ -120.035227170688657, 38.833851289716165 ], [ -120.035284919732007, 38.833784844937931 ], [ -120.035216298088969, 38.833829521174664 ] ], [ [ -120.035650692899679, 38.83335406793028 ], [ -120.035623941639656, 38.833394770572333 ], [ -120.03566260562485, 38.833350283925064 ], [ -120.035650692899679, 38.83335406793028 ] ], [ [ -120.036096352711041, 38.833212505659468 ], [ -120.035703217178849, 38.833337383897813 ], [ -120.03581252427584, 38.833340159978789 ], [ -120.036096352711041, 38.833212505659468 ] ], [ [ -120.036150339579279, 38.83312994843758 ], [ -120.036242435382945, 38.833146803242485 ], [ -120.036300353789798, 38.83312075366473 ], [ -120.036150339579279, 38.83312994843758 ] ], [ [ -120.036052357292476, 38.833112016237273 ], [ -120.036103433158672, 38.833121363883642 ], [ -120.03598813665009, 38.833051671429594 ], [ -120.036052357292476, 38.833112016237273 ] ], [ [ -120.035759926783825, 38.832942427441672 ], [ -120.035809490862235, 38.832943686209326 ], [ -120.035755520752446, 38.832911063023353 ], [ -120.035759926783825, 38.832942427441672 ] ], [ [ -120.035742145318395, 38.832815849609602 ], [ -120.03574933356451, 38.832867019371804 ], [ -120.035829590359654, 38.83281807042848 ], [ -120.035742145318395, 38.832815849609602 ] ], [ [ -120.038095463331544, 38.832172889679576 ], [ -120.037970475983883, 38.832184699128739 ], [ -120.038002669946792, 38.832188552887267 ], [ -120.038095463331544, 38.832172889679576 ] ], [ [ -120.038100689457266, 38.832046895996726 ], [ -120.038230143692616, 38.832059020089723 ], [ -120.038079170988652, 38.832010313839142 ], [ -120.037922703021124, 38.831339675435927 ], [ -120.038095463331544, 38.832172889679576 ], [ -120.038100689457266, 38.832046895996726 ] ], [ [ -120.03534751591809, 38.831778798582143 ], [ -120.035971815383419, 38.831722582158456 ], [ -120.035313951861582, 38.831741319215638 ], [ -120.03534751591809, 38.831778798582143 ] ], [ [ -120.035281470549478, 38.831705048852832 ], [ -120.035294679612477, 38.831719798801331 ], [ -120.035287969424417, 38.831702164723779 ], [ -120.035281470549478, 38.831705048852832 ] ], [ [ -120.035703896360232, 38.83151757966516 ], [ -120.035350824188555, 38.831674270440779 ], [ -120.0355375858109, 38.831639481975948 ], [ -120.035703896360232, 38.83151757966516 ] ], [ [ -120.040652003293246, 38.832183684273431 ], [ -120.040954916691987, 38.83204200402345 ], [ -120.040818306900292, 38.832061774386759 ], [ -120.040652003293246, 38.832183684273431 ] ], [ [ -120.038724752970481, 38.831970545662074 ], [ -120.03880736715594, 38.831936350515335 ], [ -120.038750240970643, 38.831937251353587 ], [ -120.038724752970481, 38.831970545662074 ] ], [ [ -120.038290358601301, 38.832064659493241 ], [ -120.038628464749422, 38.832096324100661 ], [ -120.038469622489274, 38.83203823967947 ], [ -120.038290358601301, 38.832064659493241 ] ], [ [ -120.038008509443571, 38.832603116059445 ], [ -120.037870438472908, 38.832599612064939 ], [ -120.037569791314525, 38.832628017692741 ], [ -120.038008509443571, 38.832603116059445 ] ], [ [ -120.029573934097854, 38.83766803755114 ], [ -120.02957543186568, 38.837632039668449 ], [ -120.029529405319138, 38.837630868239295 ], [ -120.029573934097854, 38.83766803755114 ] ], [ [ -120.039011695423213, 38.834520464777505 ], [ -120.039034410586979, 38.834479912906772 ], [ -120.03898605993669, 38.834527649303539 ], [ -120.039011695423213, 38.834520464777505 ] ], [ [ -120.038009466363775, 38.834801341180786 ], [ -120.038735405989783, 38.834597896461716 ], [ -120.038454170414155, 38.834632445657334 ], [ -120.038009466363775, 38.834801341180786 ] ], [ [ -120.026906777789506, 38.837681206244788 ], [ -120.026957845125636, 38.837607432150065 ], [ -120.026879885155424, 38.837635476202578 ], [ -120.026906777789506, 38.837681206244788 ] ], [ [ -120.026972785948473, 38.837585847952639 ], [ -120.026974186650122, 38.837583824434006 ], [ -120.026969507674735, 38.837505420175098 ], [ -120.026972785948473, 38.837585847952639 ] ], [ [ -120.026913784110278, 38.836446556552723 ], [ -120.027202077670239, 38.83643082630666 ], [ -120.026907656509593, 38.836430448958929 ], [ -120.026913784110278, 38.836446556552723 ] ], [ [ -120.026892066115735, 38.836430428956618 ], [ -120.026384277898643, 38.836429776330796 ], [ -120.026467598931177, 38.836471821384684 ], [ -120.026892066115735, 38.836430428956618 ] ], [ [ -120.025801132479671, 38.836429024126225 ], [ -120.025894354079384, 38.836473898500238 ], [ -120.025893028037089, 38.836439163393585 ], [ -120.026079108721902, 38.836429383053968 ], [ -120.025801132479671, 38.836429024126225 ] ], [ [ -120.025164053576901, 38.836463107587754 ], [ -120.025200394095506, 38.836475565363969 ], [ -120.025671549173708, 38.836428856579623 ], [ -120.025478797515731, 38.836428607092238 ], [ -120.025533071663176, 38.8362317924149 ], [ -120.025456534603748, 38.836410021710215 ], [ -120.025164053576901, 38.836463107587754 ] ], [ [ -120.024732157682479, 38.837760924825645 ], [ -120.024900000766635, 38.837603041592708 ], [ -120.025072343170777, 38.837337164874214 ], [ -120.024732157682479, 38.837760924825645 ] ], [ [ -120.027865745951743, 38.836123343192256 ], [ -120.028118743915996, 38.8360994626251 ], [ -120.027889365716959, 38.836075603703122 ], [ -120.027865745951743, 38.836123343192256 ] ], [ [ -120.02510482939131, 38.836004661836476 ], [ -120.025119205813922, 38.836008821537533 ], [ -120.025254154232854, 38.835738198034903 ], [ -120.02510482939131, 38.836004661836476 ] ], [ [ -120.02479591432629, 38.836231021325283 ], [ -120.02458429922612, 38.836333734620453 ], [ -120.024819346392775, 38.836249186184702 ], [ -120.02479591432629, 38.836231021325283 ] ], [ [ -120.024052755401385, 38.836374236418955 ], [ -120.023859419376834, 38.83640684401832 ], [ -120.024533773008883, 38.836440554434716 ], [ -120.023959203864365, 38.83640788696092 ], [ -120.024052755401385, 38.836374236418955 ] ], [ [ -120.023999977598677, 38.836535052530969 ], [ -120.02381448179186, 38.836414423035031 ], [ -120.023798772886238, 38.836417072439879 ], [ -120.023999977598677, 38.836535052530969 ] ], [ [ -120.023217590974127, 38.836407685241078 ], [ -120.023221294914677, 38.836425104693539 ], [ -120.023389115197247, 38.836418464886137 ], [ -120.023217590974127, 38.836407685241078 ] ], [ [ -120.046438076384831, 38.837151915339021 ], [ -120.046406691774123, 38.837134707475528 ], [ -120.046379370122523, 38.837180424810796 ], [ -120.046438076384831, 38.837151915339021 ] ], [ [ -120.047954378190582, 38.837756009493013 ], [ -120.047912921890926, 38.837730012831692 ], [ -120.047963625887618, 38.83778950751708 ], [ -120.047954378190582, 38.837756009493013 ] ], [ [ -120.046210623723169, 38.837027204983173 ], [ -120.045687273565193, 38.836869814357023 ], [ -120.046332879428164, 38.837094236851001 ], [ -120.046210623723169, 38.837027204983173 ] ], [ [ -120.044909960222043, 38.837838966885606 ], [ -120.044881403838673, 38.837850541174269 ], [ -120.044909870818884, 38.837841126788504 ], [ -120.044909960222043, 38.837838966885606 ] ], [ [ -120.044860439779384, 38.837857474244267 ], [ -120.044748775209328, 38.837837047835855 ], [ -120.044606222664072, 38.837941546528278 ], [ -120.044860439779384, 38.837857474244267 ] ], [ [ -120.042140675053773, 38.838509719373675 ], [ -120.041947508353331, 38.838630950032538 ], [ -120.041997371704397, 38.838632213806513 ], [ -120.042140675053773, 38.838509719373675 ] ], [ [ -120.044570541991931, 38.838246949910328 ], [ -120.044564765485134, 38.838262819681709 ], [ -120.044597634195142, 38.838228514747655 ], [ -120.044570541991931, 38.838246949910328 ] ], [ [ -120.044496558060203, 38.838450205027279 ], [ -120.044540076892019, 38.838426358976946 ], [ -120.044544547689469, 38.83831836387823 ], [ -120.044496558060203, 38.838450205027279 ] ], [ [ -120.044391196559644, 38.838507937497823 ], [ -120.044466484054183, 38.838466683994859 ], [ -120.043958023517135, 38.8385737808253 ], [ -120.044399013170448, 38.838494858986394 ], [ -120.044391196559644, 38.838507937497823 ] ], [ [ -120.044451661186386, 38.838892589344688 ], [ -120.044359930086728, 38.838560251536677 ], [ -120.044324755247587, 38.83861910481783 ], [ -120.044444999048665, 38.838915825525831 ], [ -120.044451661186386, 38.838892589344688 ] ], [ [ -120.044353643668956, 38.839034251554132 ], [ -120.04434395603829, 38.839268240862438 ], [ -120.04443730057244, 38.838942676223262 ], [ -120.044353643668956, 38.839034251554132 ] ], [ [ -120.044043242236327, 38.839544909798079 ], [ -120.044080367033303, 38.839513817972652 ], [ -120.044084838699021, 38.83940582293895 ], [ -120.044043242236327, 38.839544909798079 ] ], [ [ -120.042210265705478, 38.839550198793475 ], [ -120.042825026313807, 38.839229764813275 ], [ -120.04230902269299, 38.839450923952292 ], [ -120.042210265705478, 38.839550198793475 ] ], [ [ -120.030266891405461, 38.840946929909791 ], [ -120.030630824384716, 38.840505739910022 ], [ -120.030195601892331, 38.840999169866542 ], [ -120.030266891405461, 38.840946929909791 ] ], [ [ -120.029973058898037, 38.841018281504653 ], [ -120.029998701183743, 38.840994159308536 ], [ -120.029988472576804, 38.840993899010762 ], [ -120.029973058898037, 38.841018281504653 ] ], [ [ -120.028702055097298, 38.821491321450587 ], [ -120.02856582466444, 38.821480215494979 ], [ -120.028524321820584, 38.821518198042597 ], [ -120.028702055097298, 38.821491321450587 ] ], [ [ -120.025524044882658, 38.822069409478139 ], [ -120.025365985752273, 38.821993309501345 ], [ -120.025282700771314, 38.821999567503937 ], [ -120.025524044882658, 38.822069409478139 ] ], [ [ -120.022532987270438, 38.821993150710028 ], [ -120.022322163009818, 38.822077862781924 ], [ -120.022292882039579, 38.822104248818178 ], [ -120.022532987270438, 38.821993150710028 ] ], [ [ -120.023923618781012, 38.82770886019069 ], [ -120.024477561110771, 38.827285979178342 ], [ -120.024003114285975, 38.827616225352671 ], [ -120.023923618781012, 38.82770886019069 ] ], [ [ -120.023849303432058, 38.827990681625849 ], [ -120.023904632920548, 38.82773098406394 ], [ -120.023882064228772, 38.827757282921532 ], [ -120.023849303432058, 38.827990681625849 ] ] ], [ [ [ -120.028635943105186, 38.822563082442656 ], [ -120.028612934702579, 38.822562496735173 ], [ -120.028613683425306, 38.822544497762948 ], [ -120.028635943105186, 38.822563082442656 ] ] ], [ [ [ -120.038984508654266, 38.842952213867953 ], [ -120.038738062111364, 38.842783798766263 ], [ -120.038770784366903, 38.842550394747654 ], [ -120.038983146349324, 38.842429656647568 ], [ -120.039609777391348, 38.842319427120891 ], [ -120.040806557932385, 38.842349778187241 ], [ -120.041305428145165, 38.842542606517036 ], [ -120.040404854598137, 38.842591844515511 ], [ -120.040260047099608, 38.842750334503123 ], [ -120.040052910817948, 38.842745081295632 ], [ -120.040003894968095, 38.842815910249101 ], [ -120.03944630554254, 38.842927893254384 ], [ -120.038984508654266, 38.842952213867953 ] ] ], [ [ [ -120.038560257864404, 38.8442928007685 ], [ -120.03839242706357, 38.844450704073267 ], [ -120.038187526886915, 38.844391450178826 ], [ -120.038172136231182, 38.844372573104195 ], [ -120.037567599193665, 38.844339679772091 ], [ -120.037820023863418, 38.84436410497122 ], [ -120.037543836537736, 38.844357094600753 ], [ -120.037386462779295, 38.844263009675544 ], [ -120.03711027595287, 38.84425599829521 ], [ -120.036656690259576, 38.844082319881331 ], [ -120.036242411377671, 38.84407180001898 ], [ -120.036090926750887, 38.844168853825657 ], [ -120.036099833991514, 38.84417628723984 ], [ -120.036080106404782, 38.844175786232221 ], [ -120.036065679273435, 38.844185029439259 ], [ -120.036076071053358, 38.844193701757938 ], [ -120.036053055530459, 38.844193117243826 ], [ -120.0359815355976, 38.844186195755157 ], [ -120.036052308103621, 38.844211116270728 ], [ -120.034647614337587, 38.844193451329474 ], [ -120.03436394993183, 38.844366423475613 ], [ -120.03423772853175, 38.844165918849001 ], [ -120.034066243789582, 38.844322822037149 ], [ -120.033601445175776, 38.844419116860699 ], [ -120.033351266679645, 38.844340685632744 ], [ -120.033028301360275, 38.844350493458059 ], [ -120.032815175815713, 38.844489219033342 ], [ -120.032395657520283, 38.844604678217983 ], [ -120.032303595210209, 38.844602337213004 ], [ -120.032240535658957, 38.844456589702695 ], [ -120.032014871112978, 38.844342743005242 ], [ -120.032086911292438, 38.844272503079303 ], [ -120.032122837935077, 38.844295038306676 ], [ -120.032109926758167, 38.844273088375886 ], [ -120.032555452128122, 38.844086219482712 ], [ -120.032722546144328, 38.843946324016457 ], [ -120.032681753276421, 38.843819160858544 ], [ -120.032937166570107, 38.84377160058807 ], [ -120.033049250496376, 38.843846522073044 ], [ -120.032977959877385, 38.843898763674325 ], [ -120.033005627150672, 38.843945799052307 ], [ -120.033048502321947, 38.843864521051977 ], [ -120.033909794312038, 38.843652179898505 ], [ -120.033972856726621, 38.843797926629591 ], [ -120.03419777508654, 38.843929768599963 ], [ -120.033975100543827, 38.843743929646656 ], [ -120.034258763259345, 38.843570958370194 ], [ -120.034675281762944, 38.843527488135194 ], [ -120.034708687220672, 38.843602606247593 ], [ -120.034787392530617, 38.843516476622298 ], [ -120.034771081541251, 38.843439832176031 ], [ -120.034843118146625, 38.843369590395781 ], [ -120.035679141911089, 38.843210648026108 ], [ -120.035745125976391, 38.843384025015062 ], [ -120.035815738191602, 38.843250153462883 ], [ -120.037258371740748, 38.842908406894757 ], [ -120.037303976787584, 38.842978766555056 ], [ -120.03744622803589, 38.842823085583426 ], [ -120.037679367090945, 38.842756931372776 ], [ -120.038303762150534, 38.842700706253574 ], [ -120.038437371972677, 38.842812204918566 ], [ -120.038453666024438, 38.84297478057659 ], [ -120.038777985869828, 38.843487514573262 ], [ -120.039473672548553, 38.84337903805973 ], [ -120.039564240839098, 38.843417371525433 ], [ -120.039380736283661, 38.843953257197988 ], [ -120.039049559144033, 38.844161071661631 ], [ -120.038560257864404, 38.8442928007685 ] ], [ [ -120.035179456246667, 38.844030973689506 ], [ -120.034780637661129, 38.84376439907912 ], [ -120.035115400954652, 38.844025156171938 ], [ -120.035179456246667, 38.844030973689506 ] ], [ [ -120.036405576824507, 38.84376176187903 ], [ -120.036435114281844, 38.843766616145416 ], [ -120.036148261012556, 38.843564904749663 ], [ -120.036405576824507, 38.84376176187903 ] ], [ [ -120.035050500506856, 38.843710271272982 ], [ -120.03512586810497, 38.843773169995252 ], [ -120.035331511248359, 38.843814430088756 ], [ -120.035050500506856, 38.843710271272982 ] ], [ [ -120.034828141042354, 38.84362785132631 ], [ -120.034831902430597, 38.843639575534098 ], [ -120.034852528677462, 38.843636890897166 ], [ -120.034828141042354, 38.84362785132631 ] ], [ [ -120.037366435594222, 38.844190429225947 ], [ -120.037459244867918, 38.844174767170095 ], [ -120.036939229732226, 38.843992295529702 ], [ -120.037366435594222, 38.844190429225947 ] ], [ [ -120.032981807566699, 38.843990953488067 ], [ -120.032809369976221, 38.844074657480455 ], [ -120.032973470704832, 38.84400675753907 ], [ -120.032981807566699, 38.843990953488067 ] ], [ [ -120.032409626771326, 38.844268697507914 ], [ -120.032224277991119, 38.844358667128645 ], [ -120.032266544735151, 38.844385179113686 ], [ -120.032409626771326, 38.844268697507914 ] ] ], [ [ [ -120.028390628514032, 38.847277537851234 ], [ -120.028848171061156, 38.846802701960037 ], [ -120.029021811006956, 38.847059374218667 ], [ -120.028836181991124, 38.847090684371217 ], [ -120.027969368503463, 38.847987529474985 ], [ -120.027690920730493, 38.848034491901409 ], [ -120.027512035826575, 38.847903809926912 ], [ -120.027586333054515, 38.847779576503044 ], [ -120.027820246081603, 38.847695444167151 ], [ -120.028390628514032, 38.847277537851234 ] ] ], [ [ [ -120.026562127810323, 38.848582311991976 ], [ -120.026623678817643, 38.848764059888381 ], [ -120.026292443591544, 38.848971835635872 ], [ -120.025932425068376, 38.848764463741013 ], [ -120.025934675361412, 38.848710467198217 ], [ -120.02618935990084, 38.848680921457465 ], [ -120.02637124406337, 38.848739610008693 ], [ -120.026424027390959, 38.848578793259989 ], [ -120.026562127810323, 38.848582311991976 ] ] ], [ [ [ -120.065667345764055, 38.851842391261471 ], [ -120.065668085930781, 38.851824391777669 ], [ -120.065690364366247, 38.851842970035641 ], [ -120.065667345764055, 38.851842391261471 ] ] ], [ [ [ -120.02206094438823, 38.798503606792757 ], [ -120.021835437855231, 38.798389745990974 ], [ -120.021446679329159, 38.798325773984104 ], [ -120.020749915422286, 38.798470157768811 ], [ -120.020105151771645, 38.798471720197895 ], [ -120.019327638456602, 38.798343763472097 ], [ -120.019863400748804, 38.798195278481415 ], [ -120.020323408525854, 38.79820702007391 ], [ -120.020838417712525, 38.79800394669342 ], [ -120.022466196309225, 38.798171599995548 ], [ -120.023030947852178, 38.797879695126554 ], [ -120.023603708763119, 38.797948353046777 ], [ -120.023651957466313, 38.797895528907453 ], [ -120.024482967457359, 38.797844639566598 ], [ -120.025375488973339, 38.79797549233399 ], [ -120.026233991866107, 38.797817182518273 ], [ -120.026518979690692, 38.797608224411043 ], [ -120.026536739963859, 38.797734803321902 ], [ -120.025824266087639, 38.798257197203128 ], [ -120.025686262938834, 38.798253681408049 ], [ -120.025474016210154, 38.798374400380624 ], [ -120.024364746215653, 38.798472258924697 ], [ -120.023988495566812, 38.798660867147063 ], [ -120.023389730322464, 38.798663620292778 ], [ -120.023003217077246, 38.798545656490965 ], [ -120.02206094438823, 38.798503606792757 ] ] ], [ [ [ -120.021249665318095, 38.810789235708093 ], [ -120.020814831800337, 38.810724085037585 ], [ -120.020934355991187, 38.810619027161486 ], [ -120.021163649737332, 38.810642896532961 ], [ -120.021240915816477, 38.810446669816947 ], [ -120.021807272496986, 38.810118777645663 ], [ -120.022155336482115, 38.810055584909847 ], [ -120.023245770957516, 38.809308620282977 ], [ -120.023871377277274, 38.809216463205054 ], [ -120.024059906444606, 38.80911316122674 ], [ -120.023995909785796, 38.809543962848494 ], [ -120.023022000239436, 38.81025787012976 ], [ -120.022627177276277, 38.810337890894488 ], [ -120.02232137103023, 38.810492253129148 ], [ -120.022114331570506, 38.810486971778779 ], [ -120.021592481773169, 38.810852037046793 ], [ -120.021315677720253, 38.810862992277151 ], [ -120.021249665318095, 38.810789235708093 ] ] ], [ [ [ -120.020724133803569, 38.82063168117412 ], [ -120.020747141419818, 38.82063226841084 ], [ -120.020698123530025, 38.82070308932699 ], [ -120.020724133803569, 38.82063168117412 ] ] ], [ [ [ -120.021634171267493, 38.822006255891111 ], [ -120.021634921732272, 38.82198825703135 ], [ -120.021657179345127, 38.822006842965983 ], [ -120.021634171267493, 38.822006255891111 ] ] ], [ [ [ -120.023579407929489, 38.825623440831315 ], [ -120.024288946525445, 38.825731622047549 ], [ -120.024475270749292, 38.82568231802896 ], [ -120.025371135487234, 38.825741188403256 ], [ -120.025042257173908, 38.825894968658076 ], [ -120.023802750628036, 38.825791297956904 ], [ -120.022994423211898, 38.825842756242665 ], [ -120.022998924551842, 38.825734763020506 ], [ -120.023579407929489, 38.825623440831315 ] ] ], [ [ [ -120.019220468227829, 38.834034711598882 ], [ -120.019094888740611, 38.834283755949095 ], [ -120.019044199913253, 38.834210389443264 ], [ -120.019092634437342, 38.834337752289379 ], [ -120.019078298906393, 38.834336260031293 ], [ -120.019112640707391, 38.834410335141605 ], [ -120.019034587213682, 38.83462455727247 ], [ -120.019009037262535, 38.835236515690717 ], [ -120.019073565317981, 38.835346271615187 ], [ -120.018958503736343, 38.835343332808293 ], [ -120.018925721840006, 38.835576729093759 ], [ -120.018645815310336, 38.835659669226501 ], [ -120.018048244611805, 38.835626385142348 ], [ -120.018051876030754, 38.835593691133923 ], [ -120.017609505698658, 38.835651210672665 ], [ -120.018162554849312, 38.835647323624478 ], [ -120.018064491426529, 38.835788961926347 ], [ -120.017858131284086, 38.83576567139778 ], [ -120.017855124140155, 38.835837666418577 ], [ -120.017419391491188, 38.835790496175903 ], [ -120.017485931547924, 38.835741746288726 ], [ -120.017420895281461, 38.835754498679677 ], [ -120.017349305259884, 38.83636527988314 ], [ -120.017212860955141, 38.836379501517406 ], [ -120.017207469785802, 38.836451744899549 ], [ -120.016675923059054, 38.836492212875775 ], [ -120.016370741400394, 38.8366285552422 ], [ -120.015931243831247, 38.836671372912548 ], [ -120.015763384056257, 38.836829242562636 ], [ -120.015231834108903, 38.836869703811267 ], [ -120.015761879373343, 38.836865239997877 ], [ -120.01602254228041, 38.836691725142146 ], [ -120.016620872377104, 38.836707021183464 ], [ -120.016785721723807, 38.836621145150993 ], [ -120.017176937390659, 38.836631144183968 ], [ -120.01724763460831, 38.837696010567967 ], [ -120.017471529639408, 38.838661163181449 ], [ -120.017486946167082, 38.838585006284333 ], [ -120.017551474522861, 38.83869476302354 ], [ -120.017548466755727, 38.838766757988097 ], [ -120.017490312035278, 38.838742128109246 ], [ -120.017520941662909, 38.838874162334562 ], [ -120.017198753826321, 38.838865928483436 ], [ -120.016895066858297, 38.838966274349367 ], [ -120.016486842796212, 38.838811695780592 ], [ -120.015217345268098, 38.838869325756285 ], [ -120.014981943431977, 38.83898943087587 ], [ -120.014472637778496, 38.839048475291165 ], [ -120.014188196077669, 38.839239396058062 ], [ -120.013537795466917, 38.839366898343506 ], [ -120.01316129588308, 38.839555460836195 ], [ -120.01399957124174, 38.839342677906259 ], [ -120.014252719766944, 38.839349154434714 ], [ -120.014385531518656, 38.839478677665575 ], [ -120.014591900793079, 38.839501974705506 ], [ -120.014964633555138, 38.83940340091614 ], [ -120.015332850255888, 38.839412818110375 ], [ -120.015450927963457, 38.83934376592736 ], [ -120.01590969394222, 38.839391532732357 ], [ -120.016119072918301, 38.839342832222691 ], [ -120.016454497069191, 38.839585640825696 ], [ -120.016614535552165, 38.84016630635606 ], [ -120.017134828517882, 38.84039582070934 ], [ -120.017319691812773, 38.840382527399086 ], [ -120.017438521404799, 38.840295474467304 ], [ -120.017443785471144, 38.840169483324289 ], [ -120.017607138244941, 38.840119603925196 ], [ -120.017970096402493, 38.840255004139678 ], [ -120.018112690710069, 38.8401505397606 ], [ -120.018548450430913, 38.84019770845152 ], [ -120.019153575450304, 38.840051003839974 ], [ -120.01961159790676, 38.840116755122409 ], [ -120.019808202953016, 38.84037402710841 ], [ -120.019739631890189, 38.840912814901564 ], [ -120.019570266611623, 38.841106687406693 ], [ -120.019746865565793, 38.841291376757994 ], [ -120.019654939275881, 38.841285895731055 ], [ -120.019649548206132, 38.841415017324209 ], [ -120.019871425348214, 38.841618880708175 ], [ -120.020034028636061, 38.841586996756433 ], [ -120.02000575448308, 38.841712400521544 ], [ -120.02018611281531, 38.841807095426894 ], [ -120.020183107369135, 38.841879090525872 ], [ -120.020526070293187, 38.841941900567562 ], [ -120.020472528418139, 38.842120713253379 ], [ -120.0201748423368, 38.842077077042362 ], [ -120.020177847812505, 38.842005081946418 ], [ -120.019809616125599, 38.841995679500279 ], [ -120.019482152736828, 38.842113442747625 ], [ -120.018932811516024, 38.842027340307325 ], [ -120.019206730326474, 38.842088390602505 ], [ -120.01924223680588, 38.842341548826717 ], [ -120.019402587272211, 38.842363662112923 ], [ -120.019308274147406, 38.842415307257035 ], [ -120.019321517996389, 38.842649878908929 ], [ -120.019478111368912, 38.842761985915921 ], [ -120.019426069313056, 38.842904800453013 ], [ -120.019541143120819, 38.842907739277194 ], [ -120.019488349494736, 38.843068552599703 ], [ -120.019579657208837, 38.843088902388331 ], [ -120.019528366636564, 38.843213718202705 ], [ -120.019625686854994, 38.843090077875743 ], [ -120.01982831138146, 38.843203359934279 ], [ -120.020243330434454, 38.843195939041593 ], [ -120.020248481111423, 38.843265282379747 ], [ -120.020497245372951, 38.843184403798929 ], [ -120.020603304217261, 38.843403326911847 ], [ -120.02061504970581, 38.843673896109856 ], [ -120.02077014483524, 38.843821999088213 ], [ -120.020625292603157, 38.843980462850176 ], [ -120.020618530805763, 38.844142451825711 ], [ -120.020732855446823, 38.844163388329939 ], [ -120.020706083789094, 38.844252794673167 ], [ -120.020775880732103, 38.844236558498771 ], [ -120.020726093849191, 38.84432537731626 ], [ -120.020634784189909, 38.844305028353688 ], [ -120.020625768372255, 38.844521013643003 ], [ -120.020806134451462, 38.844615707862445 ], [ -120.020771849760536, 38.844885101966554 ], [ -120.020678285423813, 38.844918749333061 ], [ -120.020840896041747, 38.844886864554233 ], [ -120.020998999100229, 38.844962972214717 ], [ -120.021267672880143, 38.845150009621911 ], [ -120.021286181361148, 38.84525858975605 ], [ -120.021254151580052, 38.845473987691967 ], [ -120.020842875591214, 38.845391417789109 ], [ -120.02046711235954, 38.845562004437141 ], [ -120.020552412586582, 38.845726343741134 ], [ -120.020573472799668, 38.846211502152315 ], [ -120.02057890834979, 38.846195486896711 ], [ -120.02086909868892, 38.846419110458655 ], [ -120.021098506691672, 38.846442984370206 ], [ -120.021608343983559, 38.846924463838278 ], [ -120.021577065249986, 38.847121863037088 ], [ -120.021386926353543, 38.847261153871202 ], [ -120.02119801643957, 38.847922996278378 ], [ -120.020761456077182, 38.847893834377622 ], [ -120.020685644305672, 38.848054060505788 ], [ -120.020749433937226, 38.848181814617185 ], [ -120.020630594407976, 38.848268870462093 ], [ -120.020176866541007, 38.848067996363319 ], [ -120.020177779612226, 38.848077129874092 ], [ -120.020082707629868, 38.848146774079261 ], [ -120.019535108745416, 38.8474661262563 ], [ -120.019191657116863, 38.846862762198832 ], [ -120.019340337583941, 38.846830350542099 ], [ -120.019192408862821, 38.846844763455813 ], [ -120.019237357608645, 38.846721423906395 ], [ -120.019108209473373, 38.846751463218517 ], [ -120.019193912352705, 38.846808765969591 ], [ -120.018910202077535, 38.846981698571952 ], [ -120.018753600809319, 38.846869590542383 ], [ -120.018782367887283, 38.846838123131612 ], [ -120.018360072644597, 38.846913590776865 ], [ -120.017508480029548, 38.846891830313588 ], [ -120.016865536840868, 38.846839361406154 ], [ -120.016527821461239, 38.846650548944851 ], [ -120.016113535264694, 38.846639957109097 ], [ -120.015323468106956, 38.846799933106027 ], [ -120.014755275843925, 38.84716377666048 ], [ -120.014364003362928, 38.84715376725061 ], [ -120.012999616043075, 38.846722459360578 ], [ -120.0127679508049, 38.846752565503238 ], [ -120.012071790744599, 38.846320331669553 ], [ -120.011387349443453, 38.846158662646218 ], [ -120.011048145151065, 38.846005832225693 ], [ -120.011053421560618, 38.8458798419408 ], [ -120.010718742432786, 38.84561901897861 ], [ -120.010601758180314, 38.845111520762451 ], [ -120.010319146015149, 38.844707887054874 ], [ -120.010095780362107, 38.844540003491474 ], [ -120.009752577816641, 38.844654708106141 ], [ -120.009744521555902, 38.844675147212968 ], [ -120.009559646447997, 38.844688428010741 ], [ -120.009542664263762, 38.844543849534851 ], [ -120.009291760954056, 38.844483366311806 ], [ -120.009148002399016, 38.84406527017638 ], [ -120.008194956336794, 38.843716519630028 ], [ -120.008021400710319, 38.843459819518479 ], [ -120.005912770672381, 38.841549896846146 ], [ -120.005608694711668, 38.841109665623009 ], [ -120.005052226388969, 38.840644939093067 ], [ -120.005055858245612, 38.840627014385603 ], [ -120.004983940361015, 38.840625168805644 ], [ -120.004886599193014, 38.84074879608734 ], [ -120.004680230619911, 38.840725481860055 ], [ -120.00465268540141, 38.840832882340713 ], [ -120.004463288096943, 38.840954146546672 ], [ -120.00413807320308, 38.841017870365917 ], [ -120.003896603259832, 38.841281940135303 ], [ -120.003687211582857, 38.841330618130669 ], [ -120.003371061398383, 38.841178357686822 ], [ -120.003380883872708, 38.840944377176022 ], [ -120.003093794891072, 38.840648718979999 ], [ -120.003002495795073, 38.840628356586436 ], [ -120.002835354438318, 38.840768207538801 ], [ -120.002768580431635, 38.84071243898974 ], [ -120.002217007600535, 38.840680254477938 ], [ -120.001798646725845, 38.840219060115473 ], [ -120.001583208977905, 38.84041172220693 ], [ -120.001333083906545, 38.840333224196833 ], [ -120.001216503960819, 38.840366264534048 ], [ -120.001105216810302, 38.840273315491238 ], [ -120.00058044340993, 38.840151722446137 ], [ -120.00044916913852, 38.839986187539438 ], [ -120.000265061795375, 38.839981455571085 ], [ -120.000108506113207, 38.839869324158641 ], [ -119.999915001171928, 38.839540028022334 ], [ -119.999921052396417, 38.839396040432668 ], [ -119.999645650281977, 38.839370942768596 ], [ -119.999403096453293, 38.839112456410511 ], [ -119.999288030876244, 38.839109497989405 ], [ -119.998894224407792, 38.838612889031118 ], [ -119.998815792419663, 38.83828655012379 ], [ -119.998915410003065, 38.83810893283983 ], [ -119.998902233283943, 38.837874361407899 ], [ -119.999587756658201, 38.837459557656196 ], [ -119.999508849289327, 38.836763983793482 ], [ -119.999501438751494, 38.836772658465428 ], [ -119.999180778729936, 38.83672837839935 ], [ -119.999024988204795, 38.836598247385744 ], [ -119.998909926716209, 38.836595288752164 ], [ -119.998649225036573, 38.8367687637244 ], [ -119.998442113946467, 38.836763437416735 ], [ -119.998205936478627, 38.836901506296257 ], [ -119.997861507709459, 38.836874629155211 ], [ -119.997767187633869, 38.836926256589962 ], [ -119.997457882575077, 38.836611995525807 ], [ -119.997568854515094, 38.836164403105037 ], [ -119.997506630410399, 38.836000641320837 ], [ -119.997305577493051, 38.83585132574369 ], [ -119.997384453806248, 38.83561912241904 ], [ -119.997209441986257, 38.835398405071636 ], [ -119.997214740797816, 38.835272416154133 ], [ -119.99702761807238, 38.835339673223729 ], [ -119.996759046754121, 38.835152583688476 ], [ -119.996785086840944, 38.835081182188041 ], [ -119.996480336595653, 38.834658928483854 ], [ -119.996046144905847, 38.834575682420393 ], [ -119.995874168838483, 38.834282969705818 ], [ -119.995280414976492, 38.834159577874793 ], [ -119.993830897882461, 38.833023160562071 ], [ -119.993234126934652, 38.832971752297162 ], [ -119.993078355530159, 38.832841614025398 ], [ -119.992553652000893, 38.832719987446708 ], [ -119.991618284699214, 38.831957148277382 ], [ -119.991560627298867, 38.831685393899761 ], [ -119.991227603042617, 38.831388523271798 ], [ -119.991061721286769, 38.830951817780175 ], [ -119.990730977859016, 38.830600950942198 ], [ -119.99039012292873, 38.829943518501494 ], [ -119.990210594694148, 38.829830781798108 ], [ -119.990306427249365, 38.829743163625217 ], [ -119.990341573954268, 38.829455783836188 ], [ -119.990579256981533, 38.829281733703823 ], [ -119.990468000699295, 38.829188775598041 ], [ -119.990550682574565, 38.828866585629704 ], [ -119.990305920567337, 38.828662077657974 ], [ -119.990334998314523, 38.828518684396904 ], [ -119.990223743490617, 38.828425726107717 ], [ -119.990278106295733, 38.828228931228075 ], [ -119.990148393927726, 38.828027389613098 ], [ -119.990312239330862, 38.827419006577237 ], [ -119.989999214040523, 38.827194719862909 ], [ -119.989721587837991, 38.827223595692459 ], [ -119.989611853090196, 38.827094640279796 ], [ -119.989104895568659, 38.827099581628126 ], [ -119.989017412326447, 38.826989217557966 ], [ -119.989024241598187, 38.826827232792311 ], [ -119.98926495344692, 38.826581191807122 ], [ -119.989249531979652, 38.826400615171572 ], [ -119.98948720686414, 38.826226566886575 ], [ -119.98943259556809, 38.825882818464571 ], [ -119.989585820163001, 38.825526412787802 ], [ -119.989731457289764, 38.825349990072098 ], [ -119.990175444829518, 38.825199278922014 ], [ -119.990067229097065, 38.825034327328474 ], [ -119.990016408010462, 38.824600587388751 ], [ -119.990216401275802, 38.82422736891138 ], [ -119.990251288541103, 38.823399445412313 ], [ -119.990509425541575, 38.822739439227604 ], [ -119.990523833506359, 38.82239747066388 ], [ -119.990372639151502, 38.822159339620605 ], [ -119.990663894081095, 38.821806491130353 ], [ -119.990745806130775, 38.821502298647687 ], [ -119.990933655168504, 38.821417051953759 ], [ -119.991034781947008, 38.821203444085924 ], [ -119.991249427459337, 38.821028798119485 ], [ -119.991527029021015, 38.820999917641544 ], [ -119.991342214021543, 38.821013171913265 ], [ -119.991493143155566, 38.820710757776631 ], [ -119.991512093390412, 38.820260798571425 ], [ -119.991326256699736, 38.819751507240873 ], [ -119.991402856976123, 38.819573302581318 ], [ -119.991025389722239, 38.819239250389366 ], [ -119.990966983615152, 38.818985494070809 ], [ -119.990669416052981, 38.818941786956266 ], [ -119.990468423939802, 38.818792461700255 ], [ -119.990548057929786, 38.818542264190107 ], [ -119.990465131296148, 38.818323911246942 ], [ -119.990540215544016, 38.818181703858841 ], [ -119.99021559594371, 38.817686850498447 ], [ -119.99001309158335, 38.817573521316696 ], [ -119.989410638936903, 38.816566999696136 ], [ -119.989361341394186, 38.816097262634251 ], [ -119.989144180651323, 38.815785357002568 ], [ -119.989309769008941, 38.815681520585251 ], [ -119.989271342682486, 38.815500350388788 ], [ -119.989388644422306, 38.815449322123328 ], [ -119.989396986839012, 38.81525134028297 ], [ -119.989194490527183, 38.815138009966695 ], [ -119.989181345154904, 38.814903438081267 ], [ -119.989022584857537, 38.814845289294595 ], [ -119.989004889162374, 38.814718707473425 ], [ -119.98914747011942, 38.81461427776857 ], [ -119.988911101983916, 38.814211786743691 ], [ -119.988947001031548, 38.813906408287792 ], [ -119.988611032050443, 38.813681526524412 ], [ -119.988544045887622, 38.813085207340741 ], [ -119.9886342981778, 38.812583034123584 ], [ -119.988451780520734, 38.812542289649997 ], [ -119.988412598992454, 38.812379117583205 ], [ -119.988435382703457, 38.812316642692252 ], [ -119.988428443708585, 38.812313298362575 ], [ -119.988061465607103, 38.812514201313938 ], [ -119.987717159684507, 38.812487298962765 ], [ -119.986871836943919, 38.811780801521827 ], [ -119.986638001431615, 38.811864854944382 ], [ -119.986439314298636, 38.811661528783112 ], [ -119.986230760061545, 38.811692180332408 ], [ -119.986204719627153, 38.811763579642694 ], [ -119.985929430424903, 38.81173845393274 ], [ -119.985762328542236, 38.811878282380114 ], [ -119.98546251648294, 38.811888558136296 ], [ -119.985293894672282, 38.812064382443872 ], [ -119.98492734782252, 38.812018879588209 ], [ -119.984478117419968, 38.812295561827789 ], [ -119.984179822896721, 38.812269837660686 ], [ -119.984182861411398, 38.812197844571294 ], [ -119.984156059105459, 38.812287241601631 ], [ -119.984016514810676, 38.812319672057974 ], [ -119.983860043916096, 38.812207521815914 ], [ -119.98232028901073, 38.812131691001177 ], [ -119.981377122646322, 38.81210730478886 ], [ -119.981165523970759, 38.812209940035949 ], [ -119.980921604573467, 38.811987417004566 ], [ -119.980649359225652, 38.811890286007838 ], [ -119.980325022103429, 38.811935949928632 ], [ -119.980248978990232, 38.811555607181859 ], [ -119.979974454267904, 38.811512469326061 ], [ -119.979955253804718, 38.81142188315426 ], [ -119.979555820928354, 38.811609745135335 ], [ -119.979349547177904, 38.811586389682923 ], [ -119.979199350317899, 38.811870789036938 ], [ -119.97925390571352, 38.812214540562508 ], [ -119.9789932520397, 38.812387973874173 ], [ -119.978866817045244, 38.812654969810801 ], [ -119.978655213384556, 38.812757600286055 ], [ -119.978673651401152, 38.812866184781271 ], [ -119.97839303406613, 38.812967028456335 ], [ -119.978340936597931, 38.813109822876925 ], [ -119.977851756442689, 38.813241301926034 ], [ -119.977755932745339, 38.813328910354002 ], [ -119.977815810682202, 38.813546675110508 ], [ -119.977559716657197, 38.813612115892028 ], [ -119.977178701277325, 38.813908553499822 ], [ -119.976551486349223, 38.814036452316081 ], [ -119.976053917919927, 38.814365902898132 ], [ -119.975774814873176, 38.814430743611851 ], [ -119.975576302244349, 38.814767939699614 ], [ -119.97558787908595, 38.815038507573476 ], [ -119.975459902440818, 38.81534149525141 ], [ -119.975222995173269, 38.815497517200107 ], [ -119.975253765841316, 38.815858671728442 ], [ -119.975047481811359, 38.815835308246903 ], [ -119.974924835703916, 38.816012308400488 ], [ -119.974507694220279, 38.816073568488193 ], [ -119.974201766811035, 38.816227799293493 ], [ -119.974150420541022, 38.816352593248766 ], [ -119.97362282463304, 38.816302879703031 ], [ -119.973524704346687, 38.816444478491199 ], [ -119.973272408884043, 38.816419918858578 ], [ -119.973280796208215, 38.81622193999511 ], [ -119.973029264188227, 38.816179381794235 ], [ -119.972897333738118, 38.816031817684987 ], [ -119.97244180746678, 38.815911896420261 ], [ -119.972355126087663, 38.815783523186184 ], [ -119.971992385162451, 38.815647988964471 ], [ -119.971479291935879, 38.81525630294837 ], [ -119.971318258029029, 38.815252124764548 ], [ -119.970094971343016, 38.814229396813793 ], [ -119.97000295340284, 38.814227008269839 ], [ -119.969667913960066, 38.814524614212559 ], [ -119.969654937024686, 38.814830580609268 ], [ -119.969441787741516, 38.814969189586641 ], [ -119.969362848969723, 38.815201371994469 ], [ -119.968802334973546, 38.815385013965098 ], [ -119.968634428523146, 38.815542814114686 ], [ -119.966981899318242, 38.815409797450947 ], [ -119.966909064609638, 38.815497994040683 ], [ -119.966448204034734, 38.815504035692342 ], [ -119.966376132785626, 38.81557423395143 ], [ -119.965176824035211, 38.815615130044051 ], [ -119.964674541143211, 38.815511980773579 ], [ -119.964563340505265, 38.815418999984381 ], [ -119.964104775154041, 38.815371038594847 ], [ -119.963860136299175, 38.815166479618178 ], [ -119.963586375162151, 38.815105305131524 ], [ -119.963612439322134, 38.815033911864354 ], [ -119.963499711023118, 38.814976925980936 ], [ -119.963394632222375, 38.814739960813121 ], [ -119.962821762457352, 38.814130468490703 ], [ -119.962591668468178, 38.813583946851416 ], [ -119.962105473653949, 38.813102831214543 ], [ -119.961716702456201, 38.813038659220318 ], [ -119.961583270939059, 38.812927079209388 ], [ -119.960986701104147, 38.812875513475298 ], [ -119.960627060774883, 38.812667953789102 ], [ -119.960194583091081, 38.812548585294266 ], [ -119.959838009837313, 38.812269031848416 ], [ -119.959440821256436, 38.812402829014225 ], [ -119.958658696821146, 38.812382453562385 ], [ -119.958675765169218, 38.812357830021035 ], [ -119.958612689526035, 38.812381254843622 ], [ -119.957944051585088, 38.812399867058708 ], [ -119.956957195209895, 38.812320091105079 ], [ -119.956546963589545, 38.812219306911409 ], [ -119.956096093039704, 38.811991336981933 ], [ -119.955718069481946, 38.811675176221108 ], [ -119.955468099940134, 38.811596585593811 ], [ -119.955158324021127, 38.81130022087661 ], [ -119.954616218342281, 38.811051847678968 ], [ -119.95386173211773, 38.810383520758442 ], [ -119.95325369907934, 38.81006134976024 ], [ -119.952964639412698, 38.80981957345697 ], [ -119.952881070421896, 38.809619196311054 ], [ -119.952515330911055, 38.80955559516849 ], [ -119.952360453167913, 38.809407409362151 ], [ -119.952387619006615, 38.809387526851317 ], [ -119.952292213077058, 38.809387609923313 ], [ -119.952358174607241, 38.808920869529373 ], [ -119.952184134070507, 38.808682094240574 ], [ -119.951839099354231, 38.80867308500563 ], [ -119.951396712188085, 38.80824712315944 ], [ -119.950741168732108, 38.807959734147857 ], [ -119.950558688247597, 38.807918931701963 ], [ -119.950323291667857, 38.808038906601645 ], [ -119.95027267923814, 38.808145691029665 ], [ -119.950022728559517, 38.808067089433216 ], [ -119.94994366297108, 38.808005359896065 ], [ -119.949718324322021, 38.808185260030484 ], [ -119.949581079917223, 38.808163655876974 ], [ -119.949367146559226, 38.808320225240564 ], [ -119.949217608884396, 38.808586583879475 ], [ -119.949648505525957, 38.808741986847259 ], [ -119.949931404022806, 38.809127752462707 ], [ -119.949941347675704, 38.809434314566147 ], [ -119.94982556691987, 38.809449307052283 ], [ -119.949879978915973, 38.809793066655949 ], [ -119.94971435112447, 38.809896845424923 ], [ -119.949708973440906, 38.810022829354459 ], [ -119.949909084001192, 38.810190218313082 ], [ -119.949980354079969, 38.81067856057426 ], [ -119.949596173402753, 38.811046895025044 ], [ -119.949466559928169, 38.811385845590102 ], [ -119.94903175541485, 38.811860961698564 ], [ -119.948976527115093, 38.812075731431683 ], [ -119.94778945901173, 38.812909550818127 ], [ -119.947476572512457, 38.813225688744723 ], [ -119.947344637685518, 38.813618629238249 ], [ -119.947352262737795, 38.81397918389235 ], [ -119.947209625345835, 38.814083560099604 ], [ -119.946534050384088, 38.814264084916012 ], [ -119.946367638038438, 38.81438585588316 ], [ -119.946313168575344, 38.814582626238661 ], [ -119.946103054677508, 38.814649200246748 ], [ -119.94591055923442, 38.814842359134971 ], [ -119.945540184389017, 38.814886721067232 ], [ -119.945512563617427, 38.814994104805123 ], [ -119.945349225758321, 38.81504388370174 ], [ -119.945243357760944, 38.815365432662709 ], [ -119.944915910170295, 38.815482986980776 ], [ -119.94484150979028, 38.815607163894832 ], [ -119.944845357886692, 38.815517175868919 ], [ -119.944645245668127, 38.815349778230043 ], [ -119.944632247006297, 38.815115207242059 ], [ -119.944358505522018, 38.815053988298679 ], [ -119.944255030791609, 38.814781013259527 ], [ -119.944005834650937, 38.814684400577924 ], [ -119.943741333857147, 38.814407209171485 ], [ -119.943448441676921, 38.814255397970157 ], [ -119.943196168545867, 38.814230774003256 ], [ -119.943062765269914, 38.814119173906043 ], [ -119.942969209682474, 38.814152759234169 ], [ -119.943020607714388, 38.814027981105575 ], [ -119.942930132467566, 38.813989576093455 ], [ -119.942700864337681, 38.81396555356929 ], [ -119.942374960005495, 38.814047105727553 ], [ -119.942131160966724, 38.813824506272674 ], [ -119.941746259982111, 38.813670280481318 ], [ -119.941638174844442, 38.813505288902157 ], [ -119.941385905230547, 38.813480661149775 ], [ -119.941296972527624, 38.813406259825996 ], [ -119.94102015879281, 38.813417023611365 ], [ -119.940794746269304, 38.813303009711895 ], [ -119.940106181241191, 38.813248926094367 ], [ -119.940011854814799, 38.813300506575963 ], [ -119.939515027774746, 38.813071268371154 ], [ -119.938640896826385, 38.813048346057435 ], [ -119.938199975612832, 38.813126869957784 ], [ -119.938001428598852, 38.812923466766016 ], [ -119.937427887164105, 38.812872384651783 ], [ -119.937059975289273, 38.812322199302791 ], [ -119.936658263822522, 38.81202337400849 ], [ -119.935995034093622, 38.811915878001052 ], [ -119.935256622277961, 38.811950546102807 ], [ -119.934617942996056, 38.811807651431714 ], [ -119.934315816077699, 38.81187178775965 ], [ -119.933768379025693, 38.811749302493894 ], [ -119.933056061623134, 38.811712571242637 ], [ -119.93299632289181, 38.81149478904792 ], [ -119.933140519384722, 38.811354435974749 ], [ -119.933329175965696, 38.811251286208432 ], [ -119.933673444838774, 38.811278348036694 ], [ -119.933958744835749, 38.811069629602947 ], [ -119.934465124809108, 38.810001865981391 ], [ -119.935387688268548, 38.809431505639459 ], [ -119.935702923627858, 38.809061409049775 ], [ -119.935996844552577, 38.808114184616137 ], [ -119.936235349848815, 38.807922249682903 ], [ -119.936467053865258, 38.807351763274859 ], [ -119.936727785346235, 38.807178428305285 ], [ -119.936620492398475, 38.806995435294652 ], [ -119.936742442409923, 38.806836475898066 ], [ -119.937311444052256, 38.806455015814855 ], [ -119.937615087924613, 38.806354875612378 ], [ -119.938075884297646, 38.806348945582528 ], [ -119.938246145471865, 38.80613719849994 ], [ -119.9384102378161, 38.806069431333306 ], [ -119.938593476375857, 38.806092254793569 ], [ -119.93876219363554, 38.805916501925715 ], [ -119.938970745605346, 38.805885935363982 ], [ -119.938950827810928, 38.805813342071048 ], [ -119.93909191769329, 38.805744970733627 ], [ -119.93910425035277, 38.805457010105492 ], [ -119.939568123866636, 38.805379083760705 ], [ -119.939923926799807, 38.805136162832909 ], [ -119.940010652096433, 38.804724027860182 ], [ -119.940180133038581, 38.804530275073546 ], [ -119.940119606394973, 38.804330493220029 ], [ -119.940480024509441, 38.803979584880423 ], [ -119.940534499843451, 38.803782817265748 ], [ -119.940933981401699, 38.803595091074158 ], [ -119.941149457814646, 38.803402542083681 ], [ -119.94131046052749, 38.803406760772255 ], [ -119.941711478189191, 38.803183036563382 ], [ -119.941826479831064, 38.803186049367568 ], [ -119.942511196547287, 38.802789576498185 ], [ -119.942540355539307, 38.802646198057275 ], [ -119.942776515561349, 38.802508240968002 ], [ -119.942916147944572, 38.801935329040973 ], [ -119.943054917360627, 38.801920945255404 ], [ -119.94312930493787, 38.801796768778871 ], [ -119.943364691374285, 38.801676807943153 ], [ -119.94315239480494, 38.8012568401831 ], [ -119.943483626014455, 38.801049299909238 ], [ -119.94315325412461, 38.80069831164883 ], [ -119.942816727728783, 38.800491303509304 ], [ -119.942802964847601, 38.800274729775815 ], [ -119.942831352195796, 38.800149348762481 ], [ -119.94314419731495, 38.799833221199677 ], [ -119.943151893429402, 38.799653244944842 ], [ -119.943365812440675, 38.799496686280811 ], [ -119.943327509667597, 38.799315505579614 ], [ -119.94347319955402, 38.799139142396783 ], [ -119.943555278079572, 38.79883498910781 ], [ -119.943536212068864, 38.798203867548473 ], [ -119.943459606767675, 38.797841506200704 ], [ -119.943349230585923, 38.797730509541211 ], [ -119.943495686392453, 38.797536148518766 ], [ -119.943482690883982, 38.797301577072226 ], [ -119.943582379123484, 38.797124009219672 ], [ -119.943889052150794, 38.796951860004448 ], [ -119.944253259119051, 38.796510949107002 ], [ -119.944275057633277, 38.796502486596751 ], [ -119.94408481877845, 38.795065116793779 ], [ -119.944074366517214, 38.793154957036641 ], [ -119.944328333710757, 38.791521984958528 ], [ -119.944449469353572, 38.791381013048088 ], [ -119.944565295375554, 38.790825492583991 ], [ -119.944862782501389, 38.790328779353658 ], [ -119.9450314451407, 38.790153014875386 ], [ -119.945383307438604, 38.790000061377725 ], [ -119.94549758583598, 38.789480534881775 ], [ -119.945854824329132, 38.789201595865315 ], [ -119.946008171874993, 38.788845251106288 ], [ -119.946183197659323, 38.788688795215116 ], [ -119.946301797527113, 38.788438521878454 ], [ -119.946540975786007, 38.788228563816219 ], [ -119.946674996602866, 38.7882060340024 ], [ -119.946256634426916, 38.787878788314039 ], [ -119.946260476938875, 38.787788799741485 ], [ -119.945930916462871, 38.787419822883088 ], [ -119.946475946838248, 38.787055704929358 ], [ -119.946653049535229, 38.786681962592624 ], [ -119.946843157180297, 38.786542791708861 ], [ -119.94689529380652, 38.78640001255787 ], [ -119.947178916696885, 38.786227250898577 ], [ -119.947283187858076, 38.785941692175406 ], [ -119.947769200354699, 38.785341792935228 ], [ -119.947804483766888, 38.785054430105674 ], [ -119.948068176331446, 38.784809073797682 ], [ -119.947984645923015, 38.784608694146108 ], [ -119.94804676209678, 38.784231943477039 ], [ -119.947970144015301, 38.783869584026355 ], [ -119.948019248433809, 38.78325826137516 ], [ -119.947927404971551, 38.781634255485088 ], [ -119.949473346110267, 38.781548532490717 ], [ -119.949735484565466, 38.781339167113757 ], [ -119.949967721577195, 38.781291180596575 ], [ -119.950370119975801, 38.781031424165285 ], [ -119.950944955065779, 38.781046437280857 ], [ -119.952279351446705, 38.780522723681564 ], [ -119.952532277486526, 38.780529325595701 ], [ -119.952927763098188, 38.780431540384775 ], [ -119.95309408197744, 38.780309755799536 ], [ -119.953324014228102, 38.780315755931731 ], [ -119.953915705265175, 38.779934801221323 ], [ -119.954288192855302, 38.779836411309901 ], [ -119.954948853899893, 38.779457250314039 ], [ -119.955401806193692, 38.779090687259476 ], [ -119.955705309011435, 38.778990493835693 ], [ -119.956061688805875, 38.778729517305109 ], [ -119.956289319420762, 38.778789505126646 ], [ -119.956501614417974, 38.778668914031002 ], [ -119.957538585904913, 38.778641886150915 ], [ -119.957809907239721, 38.778757063121915 ], [ -119.95923469864654, 38.778812195853135 ], [ -119.959412522044047, 38.778960969876366 ], [ -119.95955812874756, 38.778784582796398 ], [ -119.959519792204574, 38.778603405649335 ], [ -119.95978189135306, 38.778394015982116 ], [ -119.959936673517433, 38.778001652658524 ], [ -119.960319084864025, 38.77766926899973 ], [ -119.960784287571855, 38.777555253775056 ], [ -119.960907659997631, 38.777360268243342 ], [ -119.961405789534993, 38.777012874896087 ], [ -119.961899328663179, 38.776773467274289 ], [ -119.962153007927782, 38.776762049821627 ], [ -119.962461841197921, 38.776535851875224 ], [ -119.963410633438983, 38.776416387691391 ], [ -119.964065870766362, 38.776163157960774 ], [ -119.964892060698347, 38.776220672811981 ], [ -119.965033830998991, 38.776134268377589 ], [ -119.965300575906227, 38.776357416477609 ], [ -119.965685337178925, 38.776511559340925 ], [ -119.966239441393185, 38.776471904017789 ], [ -119.966762922515315, 38.776611629672942 ], [ -119.967392107275259, 38.776429775961653 ], [ -119.967923664295355, 38.776484352208797 ], [ -119.968048094802469, 38.776158525192237 ], [ -119.968288693929821, 38.775912521694323 ], [ -119.968529938894051, 38.775107978792988 ], [ -119.968541377163348, 38.774838006887087 ], [ -119.968410289606496, 38.774672442118629 ], [ -119.96842706608308, 38.774276483332393 ], [ -119.968545836797205, 38.774189477335625 ], [ -119.968629299129404, 38.773849303568689 ], [ -119.969016985182918, 38.773390901712673 ], [ -119.96902765853801, 38.773138927746459 ], [ -119.969296570886442, 38.772767531305561 ], [ -119.969316390457621, 38.772299579472154 ], [ -119.969410641223263, 38.772247971950272 ], [ -119.969517087482885, 38.771908393909072 ], [ -119.969481014702865, 38.771673224523759 ], [ -119.969302424207839, 38.771542463723286 ], [ -119.969184939264949, 38.770512391941438 ], [ -119.968958846713491, 38.770416433536788 ], [ -119.968840725433296, 38.76994490091667 ], [ -119.968200696290722, 38.769297656871082 ], [ -119.968146213611163, 38.768953901453955 ], [ -119.968433528597373, 38.768691092103502 ], [ -119.968578972245439, 38.767974150468135 ], [ -119.968818777945685, 38.767746142549491 ], [ -119.968876190998543, 38.767477363770887 ], [ -119.969358844009591, 38.766949353244087 ], [ -119.969367227355832, 38.766751373419069 ], [ -119.969532724347062, 38.766647560911011 ], [ -119.969444578082715, 38.766555183531857 ], [ -119.969590133586351, 38.766378781593929 ], [ -119.969747880446249, 38.765914408646175 ], [ -119.969865111147129, 38.765863396928147 ], [ -119.970236610847266, 38.765242408226349 ], [ -119.970378352480068, 38.765155996021072 ], [ -119.970389779721785, 38.764886023192425 ], [ -119.970576735917021, 38.764818801755098 ], [ -119.970659413085556, 38.764496623430453 ], [ -119.970846368013795, 38.764429401506064 ], [ -119.970959787226235, 38.764468379543757 ], [ -119.97094593860615, 38.764251804825648 ], [ -119.971042462178332, 38.764146200845211 ], [ -119.971538926070295, 38.763834754283849 ], [ -119.97239939122727, 38.763622833470613 ], [ -119.973289689258507, 38.763249517769623 ], [ -119.9744543137992, 38.762919339040579 ], [ -119.976091032233612, 38.762853626221336 ], [ -119.976341620690206, 38.762914168989262 ], [ -119.976507098962756, 38.762810345765807 ], [ -119.976829692621834, 38.762800679886453 ], [ -119.977272546986796, 38.762668000271098 ], [ -119.977500147870884, 38.76272794551123 ], [ -119.977595140037991, 38.762658332245309 ], [ -119.977779044686244, 38.76266309201084 ], [ -119.978051102605306, 38.762760222734229 ], [ -119.978147613914928, 38.762654612350239 ], [ -119.97832316129616, 38.76285735285159 ], [ -119.978415113932087, 38.762859732207929 ], [ -119.978478000613421, 38.763005503316087 ], [ -119.978615170182465, 38.763027070483979 ], [ -119.978993816363769, 38.76332515471266 ], [ -119.980126319532701, 38.763210303834121 ], [ -119.980788971200184, 38.762776988814394 ], [ -119.980960515853909, 38.762529172034029 ], [ -119.981245481422704, 38.762320323084978 ], [ -119.981493576695527, 38.761894304350619 ], [ -119.98180889212739, 38.760965518324866 ], [ -119.981730600988158, 38.7606391707113 ], [ -119.981879908218787, 38.760372759622555 ], [ -119.981842280257709, 38.760173589048669 ], [ -119.981916553880581, 38.760049382624466 ], [ -119.98178545923615, 38.75988383236686 ], [ -119.981816793348344, 38.759686444150319 ], [ -119.982077240075398, 38.759512995203877 ], [ -119.982081033713527, 38.759423003202627 ], [ -119.98174814454454, 38.758585571372883 ], [ -119.981505154122473, 38.75834505666397 ], [ -119.981587773182142, 38.758022868010201 ], [ -119.981483463514039, 38.757767919701607 ], [ -119.981595897460508, 38.757284339563682 ], [ -119.98155653110814, 38.756580619577505 ], [ -119.98169824211854, 38.7564941922721 ], [ -119.98173564418731, 38.756152816694254 ], [ -119.981626783801048, 38.756005858957508 ], [ -119.98153439333467, 38.754922390022038 ], [ -119.980043696097042, 38.753712679370516 ], [ -119.979837587912229, 38.753689331274671 ], [ -119.979980054002553, 38.753584907489724 ], [ -119.981029566110607, 38.753251683045626 ], [ -119.98261857565484, 38.753220677887562 ], [ -119.983154817330103, 38.753054351555043 ], [ -119.98366124819394, 38.7530494150067 ], [ -119.984029010276501, 38.753058913191076 ], [ -119.984275024771506, 38.753227428629039 ], [ -119.983904745146575, 38.752731379394426 ], [ -119.983769384057027, 38.751574729454575 ], [ -119.983632751299481, 38.750994623482129 ], [ -119.983503184047933, 38.750793078536518 ], [ -119.983513797873485, 38.750541100220829 ], [ -119.983191021053372, 38.750010239711116 ], [ -119.983200877496458, 38.749776259882978 ], [ -119.982972316369967, 38.749193778414941 ], [ -119.982886968397352, 38.748488870163463 ], [ -119.982983452201267, 38.748383254497732 ], [ -119.982992550557512, 38.748167273099405 ], [ -119.982859719899793, 38.747497174189704 ], [ -119.982771577739655, 38.747404806873298 ], [ -119.982910235719785, 38.747390370992349 ], [ -119.982892559793015, 38.747263788084183 ], [ -119.983059507782301, 38.747123956586677 ], [ -119.983067089220825, 38.746943972037307 ], [ -119.983208778680989, 38.746857541934951 ], [ -119.983285308892349, 38.746679338367748 ], [ -119.983292648647321, 38.745958806272675 ], [ -119.983536878986115, 38.74562277172636 ], [ -119.983790714348473, 38.744512208655422 ], [ -119.984022564279215, 38.743923600495442 ], [ -119.984015496240772, 38.743545038912046 ], [ -119.983892002674381, 38.743199506825853 ], [ -119.98481960972201, 38.741385616480414 ], [ -119.985062544284546, 38.739986479139482 ], [ -119.985637564063268, 38.739442761236681 ], [ -119.985941615084897, 38.739324481599908 ], [ -119.986195160778252, 38.739313006330505 ], [ -119.986093128834383, 38.739004066281744 ], [ -119.986241612663619, 38.73875564483059 ], [ -119.986789848081813, 38.738301320117941 ], [ -119.987106759503149, 38.737877061843882 ], [ -119.987863317787856, 38.737392069393479 ], [ -119.988107495437617, 38.737056022823126 ], [ -119.987983990981505, 38.736710494392419 ], [ -119.989042116019888, 38.737260301222818 ], [ -119.990506643629161, 38.738541294509893 ], [ -119.990752626604376, 38.738709795265017 ], [ -119.991186236081887, 38.738793038715457 ], [ -119.991227662275136, 38.738902214421223 ], [ -119.991675185161128, 38.739202031557525 ], [ -119.992858541726193, 38.73896223398156 ], [ -119.993147472070618, 38.739203907900993 ], [ -119.993583353748988, 38.739233146719322 ], [ -119.993724260218741, 38.739164701286313 ], [ -119.994069728758731, 38.739155574866281 ], [ -119.994565492921495, 38.739402568346151 ], [ -119.995228501502154, 38.74005026071525 ], [ -119.995288386453382, 38.740268018535929 ], [ -119.995213403340301, 38.74041023426124 ], [ -119.995556613512633, 38.740455099714445 ], [ -119.99593295633484, 38.740807124071921 ], [ -119.996361303152227, 38.741016339856607 ], [ -119.996782107090951, 38.74140554116093 ], [ -119.997042042963997, 38.741790604934074 ], [ -119.996659242446285, 38.742141123907992 ], [ -119.996481012275737, 38.742550956864577 ], [ -119.996490752704602, 38.743416076015663 ], [ -119.99657774187078, 38.744084982590586 ], [ -119.996961244153809, 38.744815567922139 ], [ -119.996920150781293, 38.745246945544949 ], [ -119.997069712398854, 38.745521062576415 ], [ -119.996974761983097, 38.745590693539867 ], [ -119.996966461207407, 38.745788679123002 ], [ -119.997033146634124, 38.745844448063949 ], [ -119.99707980292942, 38.746926733197313 ], [ -119.997877030266565, 38.747667952671833 ], [ -119.998004370710561, 38.747923479242964 ], [ -119.997993054385802, 38.748193459728775 ], [ -119.998338920414298, 38.748724874236046 ], [ -119.998231896547722, 38.749082485283296 ], [ -119.997662922544137, 38.749482275686155 ], [ -119.997397267112177, 38.749781753435208 ], [ -119.99752083610008, 38.750127273956529 ], [ -119.997482004805576, 38.750504655401706 ], [ -119.997616139500963, 38.750598194280649 ], [ -119.997562624224898, 38.7507769993151 ], [ -119.997721253375673, 38.750835131633188 ], [ -119.99757353525105, 38.751065569155763 ], [ -119.997563725271831, 38.751299552025827 ], [ -119.997625888412017, 38.751463312899403 ], [ -119.997807504038548, 38.751522036062141 ], [ -119.997937868336919, 38.751705568080922 ], [ -119.997863979658874, 38.752370337712719 ], [ -119.997989818234871, 38.752661861822375 ], [ -119.998236620714877, 38.752812350409364 ], [ -119.998222635537559, 38.753694876875159 ], [ -119.998399730407911, 38.753861591463505 ], [ -119.998412153438196, 38.754114163873524 ], [ -119.998501833179063, 38.754170523045559 ], [ -119.998446807878651, 38.754385325747378 ], [ -119.998568879591986, 38.754766842817759 ], [ -119.998340879132272, 38.755265488903269 ], [ -119.998584673130296, 38.755487971821843 ], [ -119.998457669886847, 38.755772996853729 ], [ -119.998471602048781, 38.755989571842946 ], [ -119.998785112610378, 38.756195828130103 ], [ -119.99915515900436, 38.756151283293363 ], [ -119.999117839692147, 38.756492667776776 ], [ -119.999183027601759, 38.756584433250218 ], [ -119.998947126456486, 38.756722515876113 ], [ -119.998869867766075, 38.756918729266296 ], [ -119.99886534110496, 38.757026721381699 ], [ -119.998955779151075, 38.757065081654183 ], [ -119.999049943864833, 38.758112549738151 ], [ -119.999917025798979, 38.758837533292066 ], [ -120.000044390955495, 38.759093058299413 ], [ -120.000223011123481, 38.759223773290152 ], [ -120.000411045239943, 38.759679055155445 ], [ -120.001145510194746, 38.76027449685003 ], [ -120.001111966793133, 38.760525888495771 ], [ -120.001220874664938, 38.760672829829694 ], [ -120.001214089069222, 38.760834818246934 ], [ -120.001619952693019, 38.761583980973469 ], [ -120.002216516055739, 38.762175875313055 ], [ -120.00218674385124, 38.762337273690648 ], [ -120.002254201865355, 38.762375041564638 ], [ -120.002135490485131, 38.762462084447613 ], [ -120.002303570421603, 38.762844778809637 ], [ -120.002548908945045, 38.763031257265517 ], [ -120.002694003419862, 38.763413361081632 ], [ -120.002652926499209, 38.763844740489027 ], [ -120.002889225740745, 38.764247203118607 ], [ -120.002923899648536, 38.764518364128818 ], [ -120.003140981001167, 38.764830242667259 ], [ -120.003410071195844, 38.764999310873925 ], [ -120.003397261284178, 38.765305289377601 ], [ -120.003062224381381, 38.766161558639915 ], [ -120.00310330921144, 38.766829281578772 ], [ -120.002958586345244, 38.76698772985371 ], [ -120.002927305698066, 38.767185125735494 ], [ -120.003053187399601, 38.767476645607942 ], [ -120.003014369797043, 38.767854028713664 ], [ -120.003173040829438, 38.767912155160609 ], [ -120.003190001908337, 38.768056734969683 ], [ -120.003327190410076, 38.768078273754199 ], [ -120.003203194750313, 38.768291308389387 ], [ -120.003298552282942, 38.768762225263643 ], [ -120.003728591564538, 38.768935423223944 ], [ -120.003762516245374, 38.769224582742723 ], [ -120.003976600313038, 38.769608455143867 ], [ -120.004662197487235, 38.770274694215786 ], [ -120.005110720983751, 38.770556469765495 ], [ -120.005344041329806, 38.771030923449686 ], [ -120.00533650934868, 38.771210910939814 ], [ -120.005537406842691, 38.77136020754287 ], [ -120.005621841341323, 38.771542553448249 ], [ -120.005626004330011, 38.771993111832394 ], [ -120.005802406614478, 38.772177815979155 ], [ -120.005817114152819, 38.772376391825873 ], [ -120.005605669041216, 38.772479078085503 ], [ -120.00556761361085, 38.77283846344163 ], [ -120.005630564043784, 38.772984222257385 ], [ -120.006015403244547, 38.773138234939886 ], [ -120.006230263066897, 38.773504105176379 ], [ -120.006235935300239, 38.773918666054868 ], [ -120.006022226720688, 38.774075349146138 ], [ -120.005853393336579, 38.774809760454843 ], [ -120.006049782848365, 38.775067049026077 ], [ -120.005992500388018, 38.775335851126108 ], [ -120.006080705752709, 38.775428203089078 ], [ -120.006113888237749, 38.775735360894672 ], [ -120.005970658827309, 38.775857814753472 ], [ -120.005684235972396, 38.777201824157061 ], [ -120.005870481659301, 38.778251647209288 ], [ -120.006208608393806, 38.778422479756763 ], [ -120.00629380496639, 38.778586826644073 ], [ -120.006219551324776, 38.778711049165956 ], [ -120.006273469423675, 38.779072792644961 ], [ -120.006035244299028, 38.779264882943352 ], [ -120.006207145173803, 38.779557579453176 ], [ -120.006198859855644, 38.779755565559022 ], [ -120.006353040474821, 38.779921681159557 ], [ -120.006295000868008, 38.780208481842536 ], [ -120.006381705874915, 38.780336831240469 ], [ -120.006564154510954, 38.780377544990316 ], [ -120.006559635662811, 38.780485537432781 ], [ -120.006803537238227, 38.780708006790469 ], [ -120.006809963755032, 38.781104568611283 ], [ -120.006644482615457, 38.781208434598319 ], [ -120.00663695116701, 38.781388421988716 ], [ -120.006420960403602, 38.781599100991656 ], [ -120.006330487799389, 38.781560745249692 ], [ -120.006465443545679, 38.781636277572851 ], [ -120.006640932721439, 38.781935071475473 ], [ -120.006638104457963, 38.781910974905813 ], [ -120.00725746024446, 38.781962887825486 ], [ -120.007457637761476, 38.782130180994294 ], [ -120.007920548477912, 38.782069972314588 ], [ -120.008328435752858, 38.78222456857209 ], [ -120.008550106266583, 38.782428446712743 ], [ -120.008756309359541, 38.782451747663934 ], [ -120.009116705344567, 38.782641160625637 ], [ -120.009918198810894, 38.783292320817779 ], [ -120.009977404268653, 38.783528071715054 ], [ -120.010285799559639, 38.783860293908518 ], [ -120.01016787244275, 38.784307725530418 ], [ -120.010175009044445, 38.78430790827894 ], [ -120.0101490039509, 38.784379314570671 ], [ -120.010143737514852, 38.784505306079893 ], [ -120.010363163178582, 38.784763177558297 ], [ -120.010464601493013, 38.785090099859708 ], [ -120.010578076856788, 38.785129041430366 ], [ -120.010818245371567, 38.785441497336137 ], [ -120.010813732123992, 38.785549490104962 ], [ -120.01103918052047, 38.785663370125135 ], [ -120.01161226459503, 38.78627263548907 ], [ -120.011528538080086, 38.786301669764974 ], [ -120.011705002117353, 38.786256991036851 ], [ -120.012155907026241, 38.786484747489538 ], [ -120.012148388016683, 38.786664735623887 ], [ -120.012302596836435, 38.786830844332613 ], [ -120.012291318710837, 38.787100826551715 ], [ -120.012421780184027, 38.787284345478312 ], [ -120.01229551830157, 38.7875513853648 ], [ -120.012293702522626, 38.788145934639225 ], [ -120.011993989673925, 38.788156282727194 ], [ -120.012316699516987, 38.788146523124368 ], [ -120.012473919181147, 38.788240636462668 ], [ -120.012860050183505, 38.788917184193963 ], [ -120.013010951038581, 38.789713839187009 ], [ -120.012983259014632, 38.789916346956716 ], [ -120.013072426027151, 38.7898955924516 ], [ -120.013427608847962, 38.790210985578433 ], [ -120.013401299713294, 38.790840944348091 ], [ -120.013507269019428, 38.791059871676893 ], [ -120.013418871812291, 38.792625180602009 ], [ -120.013202112314218, 38.792853870067141 ], [ -120.01309282598362, 38.793265489165528 ], [ -120.013164521203819, 38.793753810548203 ], [ -120.013115959279176, 38.794365181576254 ], [ -120.013267930387897, 38.794585285986031 ], [ -120.013192300782904, 38.795844613907903 ], [ -120.013990966691722, 38.79656774742412 ], [ -120.013987959859804, 38.79663974267487 ], [ -120.013849961318144, 38.796636213023845 ], [ -120.013325169890734, 38.797073239607293 ], [ -120.012976411821356, 38.797154407107953 ], [ -120.01277356356772, 38.796984934857676 ], [ -120.012693644583706, 38.797309334281415 ], [ -120.012484388770659, 38.797358033731832 ], [ -120.012279645646686, 38.797298740101787 ], [ -120.011607703622971, 38.796849109354255 ], [ -120.01102024409208, 38.796581818085983 ], [ -120.011099024751999, 38.796349600648888 ], [ -120.010993382411144, 38.795572120706055 ], [ -120.010902137461329, 38.795551766554794 ], [ -120.010433119798208, 38.795755973634115 ], [ -120.010204631102667, 38.795714086400942 ], [ -120.010171781234789, 38.79564317503209 ], [ -120.010160890279735, 38.7956589121451 ], [ -120.010089692860447, 38.795646886804221 ], [ -120.009963346834809, 38.795978177463695 ], [ -120.009573108882989, 38.795950164297189 ], [ -120.009938841952817, 38.796013585912043 ], [ -120.009727746502136, 38.796656828134907 ], [ -120.00976621812211, 38.796837993755339 ], [ -120.009627466918801, 38.796852457843755 ], [ -120.008236845517189, 38.796571129479481 ], [ -120.008416766122565, 38.796623242072457 ], [ -120.008592479492378, 38.796825942751632 ], [ -120.008818711503594, 38.796921829419531 ], [ -120.009095461391766, 38.796910901754615 ], [ -120.009137696193278, 38.797002073860938 ], [ -120.00961316337353, 38.797194433895463 ], [ -120.009604129430315, 38.797410418757593 ], [ -120.009737612129598, 38.797521945922711 ], [ -120.009689353780686, 38.797574763912181 ], [ -120.009597353909328, 38.797572407397773 ], [ -120.008442407078832, 38.797334912467655 ], [ -120.008765590311299, 38.797641189132733 ], [ -120.008972590078557, 38.797646492669777 ], [ -120.009240307597764, 38.797851549525461 ], [ -120.00946955523986, 38.797875440148637 ], [ -120.009436014726546, 38.798126833250159 ], [ -120.009412185347244, 38.798130341233765 ], [ -120.009325943958956, 38.798556446047627 ], [ -120.009310610441077, 38.798556053244262 ], [ -120.009428145878175, 38.798865370440922 ], [ -120.009265637330856, 38.798897243474741 ], [ -120.009264131414056, 38.798933240930509 ], [ -120.009138244953746, 38.799740826627342 ], [ -120.009039464996903, 38.799900458061956 ], [ -120.008549266082355, 38.79950951988949 ], [ -120.008367521165638, 38.799450808662556 ], [ -120.008013824945479, 38.79909940221161 ], [ -120.007631104931136, 38.798891394882716 ], [ -120.007357361101214, 38.798830323970442 ], [ -120.007090399278653, 38.798607264199212 ], [ -120.005649677517795, 38.798372122276788 ], [ -120.005174214425352, 38.798179746234169 ], [ -120.003650176554245, 38.798284784437122 ], [ -120.002989575350639, 38.798664223554283 ], [ -120.002641554279109, 38.798727360741623 ], [ -120.001831619528616, 38.799373228794991 ], [ -120.001339552070263, 38.799576806475585 ], [ -120.000627639840815, 38.800081039691193 ], [ -120.000455307651805, 38.800346881717076 ], [ -120.000124990125173, 38.80053659195967 ], [ -120.000160417446168, 38.800789754045923 ], [ -119.99985611944291, 38.800908060163444 ], [ -119.999638535872336, 38.801154719982392 ], [ -119.999607225018607, 38.801352113014048 ], [ -119.999599837721803, 38.801308680006109 ], [ -119.999584224047894, 38.801351521859651 ], [ -119.999256586939097, 38.800928687214764 ], [ -119.999517487565896, 38.801295752689974 ], [ -119.999806679737986, 38.801537418842791 ], [ -120.000058180471541, 38.80157991797283 ], [ -119.999603784911884, 38.801982653777706 ], [ -119.999590941804044, 38.802288629274294 ], [ -119.999789643498701, 38.802491933768337 ], [ -119.999739863560393, 38.802580744296705 ], [ -119.999506072343138, 38.802664825432387 ], [ -119.999123693528944, 38.802997338260887 ], [ -119.998987195908896, 38.802957793478079 ], [ -119.998728133983306, 38.803095277296421 ], [ -119.998558809987884, 38.803289121675327 ], [ -119.997993921931837, 38.803580902157947 ], [ -119.997648141198027, 38.803590027700047 ], [ -119.997456567465392, 38.80376528021111 ], [ -119.997225794366571, 38.803777362437366 ], [ -119.997011973534001, 38.803934023984262 ], [ -119.99606436401379, 38.804017751621409 ], [ -119.995837372406157, 38.80393983859711 ], [ -119.995628087349161, 38.803988506531653 ], [ -119.995456483234662, 38.804236341416974 ], [ -119.995243413925692, 38.804375001020894 ], [ -119.995327098587865, 38.804575352473655 ], [ -119.995289417628655, 38.804376185111174 ], [ -119.995399887332056, 38.804487136151195 ], [ -119.996411971153975, 38.804513180667968 ], [ -119.997094467329035, 38.804710918372081 ], [ -119.997341440424719, 38.804861414789492 ], [ -119.997709473335348, 38.80487088049636 ], [ -119.998162711497613, 38.805044697738943 ], [ -119.998337658051241, 38.805265411805237 ], [ -119.998817681417748, 38.805349825441674 ], [ -119.999464011185694, 38.805312386066568 ], [ -119.999711747135905, 38.805444879184932 ], [ -119.999851271886953, 38.805412429100173 ], [ -120.000033756846818, 38.805767182200491 ], [ -120.000023202791795, 38.805705135084601 ], [ -119.999982486360778, 38.805577962945407 ], [ -120.000016656893976, 38.805621070696667 ], [ -120.000289826142122, 38.805387663123923 ], [ -120.00098518143794, 38.805279403162025 ], [ -120.00148182063964, 38.804967837266446 ], [ -120.001800831129884, 38.805048102775629 ], [ -120.002218645417656, 38.804968742890566 ], [ -120.002419957602257, 38.805000338676798 ], [ -120.002683217988775, 38.804872564062677 ], [ -120.002733750890343, 38.80476575362411 ], [ -120.003084065672326, 38.804648621559842 ], [ -120.003162127741305, 38.80443440974927 ], [ -120.004152724741232, 38.804423799453225 ], [ -120.003300894582395, 38.80441995400453 ], [ -120.003705510325659, 38.804106016085548 ], [ -120.004703645422907, 38.803915414620334 ], [ -120.005221753169494, 38.803640419180063 ], [ -120.00549928318415, 38.803611502463987 ], [ -120.006671233382392, 38.803119036397597 ], [ -120.007319048712205, 38.803045555163976 ], [ -120.007361833577932, 38.803081301962067 ], [ -120.007617317098465, 38.80307121899255 ], [ -120.007970629898765, 38.802882076808217 ], [ -120.008154643033222, 38.802886792865479 ], [ -120.008416700486265, 38.802677292548971 ], [ -120.008831482251878, 38.802669902934433 ], [ -120.009054720152889, 38.802837784652887 ], [ -120.009285489721904, 38.802825678823417 ], [ -120.009372225058925, 38.802954026871973 ], [ -120.009091686139627, 38.803054947818325 ], [ -120.009418981471754, 38.802937206645453 ], [ -120.009776127739897, 38.803757165615785 ], [ -120.009726380406278, 38.803951317440003 ], [ -120.009814602141105, 38.803938331186231 ], [ -120.009909346062685, 38.804384451361628 ], [ -120.00991304769741, 38.804337248904282 ], [ -120.010019023450496, 38.804556179333879 ], [ -120.009978289516937, 38.804429009981796 ], [ -120.010252809992721, 38.804472076906187 ], [ -120.010271295058899, 38.804580658362994 ], [ -120.010496800618256, 38.804694541458936 ], [ -120.010671785700083, 38.804915238516813 ], [ -120.011013057615997, 38.805014066987518 ], [ -120.011959918332806, 38.804948216508443 ], [ -120.012218211269854, 38.804828701356534 ], [ -120.012565503519667, 38.804783535262509 ], [ -120.012703517614042, 38.804787067050036 ], [ -120.012995778623477, 38.804956707636094 ], [ -120.014030887833471, 38.804983188362556 ], [ -120.014588209105739, 38.804871316095941 ], [ -120.014677211752456, 38.804945664244201 ], [ -120.015180259139925, 38.805030599461062 ], [ -120.015283997395684, 38.805303522184701 ], [ -120.015440505947581, 38.805415631744715 ], [ -120.015369994924086, 38.805449865080135 ], [ -120.015448476953537, 38.805776196009759 ], [ -120.015368439189302, 38.806607528035705 ], [ -120.015414654859725, 38.806586142316512 ], [ -120.015493138008168, 38.806912473218603 ], [ -120.015262355446836, 38.806924590839976 ], [ -120.015516141101557, 38.806913061311768 ], [ -120.015622889250707, 38.807113988591787 ], [ -120.015846157171794, 38.807281858384876 ], [ -120.01565987671583, 38.807331150416701 ], [ -120.015822402419488, 38.807299269161852 ], [ -120.016040410994506, 38.807593130298798 ], [ -120.016198428484174, 38.807669241421969 ], [ -120.016104912139099, 38.807702887147613 ], [ -120.016090634021921, 38.808044864585746 ], [ -120.015898339388244, 38.80823814739751 ], [ -120.015811512492178, 38.808249441349076 ], [ -120.015944346445337, 38.808239323453343 ], [ -120.015940588795644, 38.80832931749692 ], [ -120.015552989501998, 38.808787877356593 ], [ -120.015388956903763, 38.808855755686075 ], [ -120.015353305428278, 38.809160028440999 ], [ -120.015376178169561, 38.809161735239954 ], [ -120.015651590669179, 38.809832277744619 ], [ -120.015671173050137, 38.809817925680989 ], [ -120.015669669770119, 38.809853923279867 ], [ -120.015660383734584, 38.809853685882175 ], [ -120.016191413114001, 38.81114653956768 ], [ -120.016304180920798, 38.811203475986169 ], [ -120.016254414289904, 38.811292294020596 ], [ -120.01614014327096, 38.811271355156393 ], [ -120.015944833052032, 38.811536632814231 ], [ -120.015782297625364, 38.811568513840179 ], [ -120.015732530075979, 38.811657331611379 ], [ -120.015362952644566, 38.811683918876099 ], [ -120.014837605940997, 38.811580395604885 ], [ -120.014537042506731, 38.811608745086815 ], [ -120.014427592536464, 38.811688957378649 ], [ -120.014659279170118, 38.811990249379626 ], [ -120.01454890304187, 38.812043830754611 ], [ -120.014565004412034, 38.81204189237166 ], [ -120.014916538437944, 38.812447278437702 ], [ -120.014909019406787, 38.812627266224553 ], [ -120.01493728761433, 38.812501863052368 ], [ -120.01528431499969, 38.813015240843178 ], [ -120.015301305496607, 38.813159819322038 ], [ -120.015207405493697, 38.813202463390624 ], [ -120.015885453247748, 38.812958537701064 ], [ -120.016078217830213, 38.813305807496299 ], [ -120.01608382112164, 38.813345780010707 ], [ -120.01614422686005, 38.813379566845242 ], [ -120.016088357122996, 38.813378138712629 ], [ -120.016113705424416, 38.813558966749781 ], [ -120.016205726404721, 38.813561318943172 ], [ -120.016336242156186, 38.813744835084236 ], [ -120.01706582471067, 38.815024741622928 ], [ -120.016711720534573, 38.815231908390814 ], [ -120.016687696592541, 38.815213276400051 ], [ -120.01666646048092, 38.815212733660914 ], [ -120.016667104652257, 38.815197306118741 ], [ -120.01646633371719, 38.815041595702155 ], [ -120.016465421084689, 38.815063451383544 ], [ -120.016421664387835, 38.815008278972932 ], [ -120.016425436041601, 38.815009876875074 ], [ -120.016399410266843, 38.814989692160047 ], [ -120.016209646601283, 38.814570427566458 ], [ -120.016503165261298, 38.81526261415317 ], [ -120.016503916836896, 38.815244615356768 ], [ -120.016521720215721, 38.815259484794211 ], [ -120.016595940018959, 38.815246967328171 ], [ -120.016855476843304, 38.81564999644602 ], [ -120.017140448427966, 38.816231924517467 ], [ -120.017223284076181, 38.816217953730579 ], [ -120.017265539270014, 38.816309123495849 ], [ -120.017195769385438, 38.816325358683812 ], [ -120.017165058194763, 38.81628217860488 ], [ -120.017195017954961, 38.816343357488229 ], [ -120.017189418158864, 38.816348769947503 ], [ -120.01721802411744, 38.816343945365681 ], [ -120.017868392016197, 38.817315516741452 ], [ -120.017798928838673, 38.817560846182026 ], [ -120.017929898752229, 38.81749726813176 ], [ -120.018164190288758, 38.817953703508344 ], [ -120.018301479308491, 38.817975228499918 ], [ -120.018456517031069, 38.81812333272547 ], [ -120.018426749742034, 38.818284734439743 ], [ -120.018561034930357, 38.81837825443219 ], [ -120.018439240150684, 38.818537305558479 ], [ -120.018530237563922, 38.819116206017036 ], [ -120.018482968781129, 38.819195260675919 ], [ -120.018524979364159, 38.819242197739662 ], [ -120.018455957999095, 38.819240434755827 ], [ -120.018271097266577, 38.819299136104867 ], [ -120.018524228190103, 38.819260196556883 ], [ -120.018587240300377, 38.819405950045613 ], [ -120.018524699957581, 38.819800748706477 ], [ -120.018431168328149, 38.819834395651782 ], [ -120.018495683077518, 38.81994415156182 ], [ -120.01843314156784, 38.820338950103391 ], [ -120.018522166649944, 38.820413296068011 ], [ -120.018430136657457, 38.820410945352407 ], [ -120.018434680366994, 38.820463896153385 ], [ -120.018729234172412, 38.820418584913497 ], [ -120.01884051607513, 38.820511517096193 ], [ -120.018796476519498, 38.82101489636738 ], [ -120.018403843233173, 38.821040903734826 ], [ -120.018410604477992, 38.820878914444421 ], [ -120.018421873098475, 38.820608932281552 ], [ -120.018303078970803, 38.820695987811185 ], [ -120.017704881965827, 38.820680705651313 ], [ -120.017492090097477, 38.820260854765912 ], [ -120.017289532331432, 38.820147570981653 ], [ -120.017104721692419, 38.820160866354186 ], [ -120.016956447029543, 38.819850771208301 ], [ -120.016631338428198, 38.819914534307038 ], [ -120.016528329011109, 38.819623613546241 ], [ -120.016437803620292, 38.819585263736208 ], [ -120.016468327801903, 38.819405863976932 ], [ -120.016135249327519, 38.819109062097652 ], [ -120.01608276743768, 38.818711324589003 ], [ -120.016237346962527, 38.818318880079282 ], [ -120.016810261869111, 38.818387577373869 ], [ -120.016215091915527, 38.81830029320146 ], [ -120.017338203814575, 38.817878546639001 ], [ -120.016238850410829, 38.818282882513962 ], [ -120.016106072116898, 38.818153362412311 ], [ -120.015853750036243, 38.818128894074263 ], [ -120.015470907107954, 38.817920908111923 ], [ -120.015102049058029, 38.81792949447118 ], [ -120.015248360421097, 38.817735037815751 ], [ -120.015088049858306, 38.817941880926384 ], [ -120.015101297057555, 38.817947493236282 ], [ -120.015084042082009, 38.817947052000775 ], [ -120.015029269079719, 38.8180177233343 ], [ -120.014193507600325, 38.818176528115835 ], [ -120.013853673580044, 38.818041708989014 ], [ -120.01357931650513, 38.818191982198293 ], [ -120.013615331062212, 38.818233809312893 ], [ -120.013546310979564, 38.818232043466899 ], [ -120.013445255088143, 38.818445673783287 ], [ -120.013074889443729, 38.818490251079432 ], [ -120.012942546692642, 38.818901278163374 ], [ -120.013499660895562, 38.819347965133638 ], [ -120.013601152623139, 38.819674885547343 ], [ -120.014093016497142, 38.820029810415917 ], [ -120.014590150639407, 38.820258742139906 ], [ -120.015068793066476, 38.8203790909728 ], [ -120.015225332780105, 38.820491201865316 ], [ -120.015433903876129, 38.820460499037431 ], [ -120.015674955043707, 38.820754950090731 ], [ -120.016195107229279, 38.820984463585468 ], [ -120.016394658383319, 38.821169744387575 ], [ -120.016509696883062, 38.821172684823026 ], [ -120.016747748121858, 38.821539129017054 ], [ -120.01702083560582, 38.821618180235419 ], [ -120.017304155277955, 38.822003798181221 ], [ -120.017298894375813, 38.822129789700661 ], [ -120.017638003037419, 38.822282598527686 ], [ -120.017695003822737, 38.822572342813025 ], [ -120.017988850384924, 38.822705976197746 ], [ -120.018029607091989, 38.822833143384621 ], [ -120.018237432872311, 38.822820434577054 ], [ -120.018227665369096, 38.823054418991049 ], [ -120.018272179377078, 38.823091592107147 ], [ -120.018225160862784, 38.823114414992787 ], [ -120.018214892308961, 38.823360398592037 ], [ -120.018217613882925, 38.823846953928829 ], [ -120.018302886090467, 38.824011294178632 ], [ -120.018235830190051, 38.824514084974503 ], [ -120.018344863371169, 38.824661014191456 ], [ -120.018274334021299, 38.824695248488425 ], [ -120.018265317376915, 38.824911234039597 ], [ -120.018232540219984, 38.82514463059119 ], [ -120.018114489404937, 38.82521368676997 ], [ -120.018129232655383, 38.825412261291866 ], [ -120.018060205358339, 38.825410497840117 ], [ -120.018066968435946, 38.825248508721806 ], [ -120.017904402148062, 38.825280391443478 ], [ -120.017853123503528, 38.825405207240593 ], [ -120.017850117465812, 38.825477202388974 ], [ -120.018034941872088, 38.825463906384236 ], [ -120.017969257638001, 38.826532806210473 ], [ -120.018048181974962, 38.825698478481307 ], [ -120.018254513300946, 38.825721767561319 ], [ -120.01821722697332, 38.826063156814016 ], [ -120.018401301485753, 38.826067859080133 ], [ -120.018301931804274, 38.827344597703359 ], [ -120.018367955259819, 38.827418356244031 ], [ -120.018077559644468, 38.827753279354539 ], [ -120.017916490693679, 38.827749164291973 ], [ -120.017942484103017, 38.827535937503932 ], [ -120.017901747973852, 38.82755058981634 ], [ -120.017894240803471, 38.827530846585283 ], [ -120.017871506268321, 38.827748853015414 ], [ -120.017892729285137, 38.827766575188406 ], [ -120.017869719432596, 38.82776598729933 ], [ -120.017757931409236, 38.829104204145388 ], [ -120.017801187191978, 38.829131350592796 ], [ -120.017837111900221, 38.829098484766796 ], [ -120.018044204451598, 38.829103775815106 ], [ -120.018355827767365, 38.829363988578542 ], [ -120.018493138587033, 38.829385514177439 ], [ -120.018579168673185, 38.829531855590815 ], [ -120.018517082362379, 38.830467204596623 ], [ -120.01818698245053, 38.830743543819707 ], [ -120.018418275901581, 38.830626842394722 ], [ -120.018669140244086, 38.830687304488443 ], [ -120.018705393182856, 38.830922464221231 ], [ -120.018154635274144, 38.830872358967696 ], [ -120.018038077774904, 38.830905417085326 ], [ -120.017915507038978, 38.831082465250113 ], [ -120.018034319721593, 38.830995410950955 ], [ -120.018008012878013, 38.831625367962843 ], [ -120.01809930566057, 38.83164571835033 ], [ -120.018087279759925, 38.831933698693859 ], [ -120.018323868488295, 38.832336138368198 ], [ -120.018201295755247, 38.832513186726707 ], [ -120.018018707990166, 38.832472485957197 ], [ -120.017783332306294, 38.832592597864753 ], [ -120.017506443715448, 38.832603540665424 ], [ -120.017499195893492, 38.832436424261026 ], [ -120.017433797766202, 38.832412495590503 ], [ -120.017490198434231, 38.832440963805759 ], [ -120.017492159614434, 38.83294551708051 ], [ -120.017471630931482, 38.832982142945269 ], [ -120.017881100300173, 38.833009509250338 ], [ -120.01794637647842, 38.833101266922164 ], [ -120.017806113754546, 38.8337663437554 ], [ -120.017849528100072, 38.833765457287946 ], [ -120.018162328443381, 38.834215906584383 ], [ -120.01815732106239, 38.834165799638846 ], [ -120.018132144700616, 38.834169073372379 ], [ -120.018115897861804, 38.83400649656722 ], [ -120.018512360692952, 38.833890499182097 ], [ -120.018809260150405, 38.833952137078327 ], [ -120.018942822560959, 38.834063656375427 ], [ -120.019110668694069, 38.833905781549888 ], [ -120.019297017671164, 38.833856486847189 ], [ -120.019385308300357, 38.833948831490673 ], [ -120.019220468227829, 38.834034711598882 ] ], [ [ -120.018845263871597, 38.841916996308065 ], [ -120.0188386883204, 38.841916828342711 ], [ -120.018932811516024, 38.842027340307325 ], [ -120.018845263871597, 38.841916996308065 ] ], [ [ -120.018867603128655, 38.841903931729036 ], [ -120.018835523928971, 38.841908864656766 ], [ -120.018845263871597, 38.841916996308065 ], [ -120.018867603128655, 38.841903931729036 ] ], [ [ -120.019589144174688, 38.843413467827595 ], [ -120.019628598336524, 38.843414475393146 ], [ -120.019528366636564, 38.843213718202705 ], [ -120.019589144174688, 38.843413467827595 ] ], [ [ -119.991671135589627, 38.820859488564174 ], [ -119.991832095473796, 38.820683457824693 ], [ -119.991527029021015, 38.820999917641544 ], [ -119.991671135589627, 38.820859488564174 ] ], [ [ -120.01161851711484, 38.788326853400534 ], [ -120.011262279015241, 38.788588005450251 ], [ -120.011993989673925, 38.788156282727194 ], [ -120.01161851711484, 38.788326853400534 ] ], [ [ -120.00956402211564, 38.79591138135018 ], [ -120.009537104095813, 38.795985278092303 ], [ -120.009573108882989, 38.795950164297189 ], [ -120.00956402211564, 38.79591138135018 ] ], [ [ -120.000038769677474, 38.805726127093045 ], [ -120.000023958257501, 38.805687136529933 ], [ -120.000023202791795, 38.805705135084601 ], [ -120.000038769677474, 38.805726127093045 ] ], [ [ -120.018220896356667, 38.834801969709908 ], [ -120.018194691392992, 38.834539749077344 ], [ -120.018158356070742, 38.834903005912828 ], [ -120.018220896356667, 38.834801969709908 ] ], [ [ -120.019016178280381, 38.834329793559441 ], [ -120.018863266027338, 38.834313875951231 ], [ -120.018745200038808, 38.834382932099665 ], [ -120.019016178280381, 38.834329793559441 ] ], [ [ -120.0192182896552, 38.841259859871087 ], [ -120.018976872649404, 38.841523963028166 ], [ -120.018962044561235, 38.841484974373913 ], [ -120.018954610006801, 38.84150537642315 ], [ -120.019193486841019, 38.841853818937039 ], [ -120.019000638606499, 38.841506552116812 ], [ -120.0192182896552, 38.841259859871087 ] ], [ [ -120.018105769347002, 38.841890569614144 ], [ -120.018108802471971, 38.841898181891011 ], [ -120.018112669825655, 38.841933910947859 ], [ -120.018129373943125, 38.841933076151882 ], [ -120.018105769347002, 38.841890569614144 ] ], [ [ -120.018020831530976, 38.841467106934822 ], [ -120.017964995762881, 38.84148009462978 ], [ -120.017923478746809, 38.841370926095202 ], [ -120.01802736967953, 38.841457664415678 ], [ -120.018035542362696, 38.841445861266116 ], [ -120.017919778203094, 38.841349209997652 ], [ -120.017872938687105, 38.841477742409531 ], [ -120.017921974908418, 38.841406923573309 ], [ -120.01796424385158, 38.841498093369189 ], [ -120.01794793935376, 38.841494459274344 ], [ -120.017967646140775, 38.841543918179774 ], [ -120.018020831530976, 38.841467106934822 ] ], [ [ -120.017738157528939, 38.840843670071827 ], [ -120.017853227840007, 38.840846610428507 ], [ -120.017648357211741, 38.840787321496109 ], [ -120.017735901672737, 38.840897666284626 ], [ -120.017738157528939, 38.840843670071827 ] ], [ [ -120.018982598794082, 38.841938522249954 ], [ -120.019031999872979, 38.841878651731335 ], [ -120.019031999872979, 38.841878651731335 ], [ -120.018982598794082, 38.841938522249954 ] ], [ [ -120.020541583953005, 38.8474774264294 ], [ -120.020569337021271, 38.847528570753248 ], [ -120.020685169785082, 38.847513509977851 ], [ -120.020541583953005, 38.8474774264294 ] ], [ [ -120.020073030458107, 38.846723109261887 ], [ -120.020100289849594, 38.846704253917636 ], [ -120.020023782533016, 38.846696291397748 ], [ -120.020075516852401, 38.846727231738278 ], [ -120.020073030458107, 38.846723109261887 ] ], [ [ -120.020203006268702, 38.846633204731532 ], [ -120.020166674660715, 38.846622692070504 ], [ -120.020134039552602, 38.846680909196024 ], [ -120.020203006268702, 38.846633204731532 ] ], [ [ -120.017096230199471, 38.816502995156561 ], [ -120.017112368470976, 38.816423241882674 ], [ -120.016523036296249, 38.816992850410479 ], [ -120.017096230199471, 38.816502995156561 ] ], [ [ -120.018239491476209, 38.81930399803381 ], [ -120.017975062546782, 38.819174096304081 ], [ -120.018222881825096, 38.81930655309808 ], [ -120.018239491476209, 38.81930399803381 ] ], [ [ -120.017607700606987, 38.819146692731906 ], [ -120.017604571620254, 38.81914384078565 ], [ -120.017603643477642, 38.819147463731845 ], [ -120.017975062546782, 38.819174096304081 ], [ -120.017607700606987, 38.819146692731906 ] ], [ [ -120.017951525242907, 38.827461771660232 ], [ -120.017902911509665, 38.827447700824059 ], [ -120.017899304769074, 38.827482286872147 ], [ -120.01794340132119, 38.827528413432944 ], [ -120.017951525242907, 38.827461771660232 ] ], [ [ -120.017945999331076, 38.826778670215631 ], [ -120.017841274464487, 38.826792289434827 ], [ -120.01793331262256, 38.826794640937152 ], [ -120.017937488910036, 38.826868633466432 ], [ -120.017945999331076, 38.826778670215631 ] ], [ [ -120.01818120010482, 38.83074646134903 ], [ -120.01815244335063, 38.830738138343605 ], [ -120.01815281317495, 38.830760784196379 ], [ -120.01818120010482, 38.83074646134903 ] ], [ [ -120.018037615049451, 38.830364865967034 ], [ -120.017925568084706, 38.830289931361932 ], [ -120.017846348382506, 38.830270837644797 ], [ -120.018027140639745, 38.830393614323107 ], [ -120.018037615049451, 38.830364865967034 ] ], [ [ -120.017688834800836, 38.830008153052901 ], [ -120.017671992538382, 38.830240056936645 ], [ -120.01767470585078, 38.830229467745326 ], [ -120.017688834800836, 38.830008153052901 ] ], [ [ -120.017779632351022, 38.829151070082382 ], [ -120.017754070913711, 38.829150416969824 ], [ -120.017751896673957, 38.82917644409951 ], [ -120.017779632351022, 38.829151070082382 ] ], [ [ -120.017494709150952, 38.832332971247091 ], [ -120.017462493311129, 38.832332148010487 ], [ -120.017497994826712, 38.83240873068511 ], [ -120.017494709150952, 38.832332971247091 ] ], [ [ -120.017521479349142, 38.832243565465212 ], [ -120.017520727573853, 38.832261564225881 ], [ -120.017428682410525, 38.832259212121905 ], [ -120.017586754414779, 38.832335323302779 ], [ -120.017521479349142, 38.832243565465212 ] ], [ [ -120.017542719602645, 38.831903293711107 ], [ -120.017528245296603, 38.832081576616261 ], [ -120.017521479349142, 38.832243565465212 ], [ -120.017542719602645, 38.831903293711107 ] ], [ [ -120.01761711684442, 38.831056823086307 ], [ -120.01762313057533, 38.830912832956777 ], [ -120.017609813604992, 38.831076867178879 ], [ -120.01761711684442, 38.831056823086307 ] ], [ [ -120.017418288155895, 38.830853544666525 ], [ -120.017401606571156, 38.830854619881649 ], [ -120.01762313057533, 38.830912832956777 ], [ -120.017418288155895, 38.830853544666525 ] ], [ [ -120.017986966810525, 38.832129333512462 ], [ -120.01794094429313, 38.832128157656562 ], [ -120.017985463499826, 38.832165331049666 ], [ -120.017986966810525, 38.832129333512462 ] ], [ [ -120.017456060828266, 38.833730950234973 ], [ -120.017416815384451, 38.833646292491707 ], [ -120.01739905073245, 38.833884369960117 ], [ -120.017457576049352, 38.833773459878628 ], [ -120.017456060828266, 38.833730950234973 ] ], [ [ -120.017459654125645, 38.833134185767662 ], [ -120.017441368784674, 38.833137268839479 ], [ -120.017455820192609, 38.833141451460342 ], [ -120.017459654125645, 38.833134185767662 ] ], [ [ -120.017463712719291, 38.832996270063333 ], [ -120.017442377520112, 38.833034334794611 ], [ -120.017511412141175, 38.83303609890072 ], [ -120.017463712719291, 38.832996270063333 ] ], [ [ -120.0128790200921, 38.796178941351648 ], [ -120.012846038711317, 38.796103905562966 ], [ -120.01288334514139, 38.796477567037442 ], [ -120.012890740052725, 38.796449511757714 ], [ -120.0128790200921, 38.796178941351648 ] ], [ [ -120.012450495596681, 38.79550992622989 ], [ -120.012780558796166, 38.795954932048602 ], [ -120.012710815727459, 38.795796258752162 ], [ -120.012450495596681, 38.79550992622989 ] ], [ [ -120.012108634405735, 38.795330397921298 ], [ -120.012386475672599, 38.795439508715241 ], [ -120.012358618392938, 38.795408867570814 ], [ -120.012108634405735, 38.795330397921298 ] ], [ [ -120.013755487738138, 38.805642482910763 ], [ -120.013819126420685, 38.805713604348973 ], [ -120.013818293029459, 38.805662435108935 ], [ -120.013755487738138, 38.805642482910763 ] ], [ [ -120.013143236548288, 38.805407742589431 ], [ -120.013309285130305, 38.805460754314431 ], [ -120.013253004582566, 38.805413739414497 ], [ -120.013143236548288, 38.805407742589431 ] ], [ [ -120.012446410585639, 38.805429136054606 ], [ -120.01297414651701, 38.805398504693649 ], [ -120.012632687881577, 38.805379849031901 ], [ -120.012446410585639, 38.805429136054606 ] ], [ [ -120.013307640526193, 38.817697409220763 ], [ -120.013337312630597, 38.817722192415673 ], [ -120.01333806506905, 38.817704193678821 ], [ -120.013307640526193, 38.817697409220763 ] ], [ [ -120.013248296379004, 38.817647842810494 ], [ -120.013264481138279, 38.817661360925115 ], [ -120.013344084552386, 38.817560203781689 ], [ -120.013248296379004, 38.817647842810494 ] ], [ [ -120.010764199657118, 38.815368043217639 ], [ -120.010771868228289, 38.815368239595266 ], [ -120.010763282641349, 38.815362089764712 ], [ -120.010764199657118, 38.815368043217639 ] ], [ [ -120.00999399120991, 38.813960932281375 ], [ -120.010140622274434, 38.813979102457211 ], [ -120.010132022689007, 38.813964467804773 ], [ -120.00999399120991, 38.813960932281375 ] ], [ [ -120.010203297816432, 38.813912239414627 ], [ -120.0102556951596, 38.813916323306699 ], [ -120.010289144121501, 38.813845615334102 ], [ -120.010132022689007, 38.813964467804773 ], [ -120.010203297816432, 38.813912239414627 ] ], [ [ -120.009401128369547, 38.813819619011461 ], [ -120.009406058052406, 38.813819745307597 ], [ -120.009180870451516, 38.813579742110782 ], [ -120.009401128369547, 38.813819619011461 ] ], [ [ -120.009042436852823, 38.813035655651937 ], [ -120.008838406316215, 38.812958355771457 ], [ -120.009194431067712, 38.813255765837326 ], [ -120.008950417150771, 38.813033297843404 ], [ -120.009042436852823, 38.813035655651937 ] ], [ [ -120.008572557013153, 38.812447367350686 ], [ -120.008584726481089, 38.81246410857765 ], [ -120.008593336438665, 38.812458992099934 ], [ -120.008572557013153, 38.812447367350686 ] ], [ [ -120.008203669196831, 38.81216731615698 ], [ -120.008232345676063, 38.812180525105944 ], [ -120.008171423020428, 38.812112435748887 ], [ -120.008203669196831, 38.81216731615698 ] ], [ [ -120.00811994029327, 38.811966972379615 ], [ -120.008074684775664, 38.811947794480197 ], [ -120.008096853919056, 38.811985524776809 ], [ -120.00814191361404, 38.811955523568663 ], [ -120.00811994029327, 38.811966972379615 ] ], [ [ -120.007944193842363, 38.811764270018237 ], [ -120.00771942476787, 38.811632382719438 ], [ -120.007976382521008, 38.811814120738802 ], [ -120.00792382709011, 38.811700685040925 ], [ -120.007944193842363, 38.811764270018237 ] ], [ [ -120.007093781844858, 38.811724451472294 ], [ -120.007484613881857, 38.811590327480943 ], [ -120.007352861253011, 38.811586949853812 ], [ -120.007024014588907, 38.811740680673005 ], [ -120.00771942476787, 38.811632382719438 ], [ -120.007093781844858, 38.811724451472294 ] ], [ [ -120.006313138543831, 38.81166839803462 ], [ -120.006874291865358, 38.811466572054357 ], [ -120.006175111978052, 38.811664858174531 ], [ -120.007024014588907, 38.811740680673005 ], [ -120.006313138543831, 38.81166839803462 ] ], [ [ -120.007684721307143, 38.811361223394478 ], [ -120.007552757736491, 38.811566941988055 ], [ -120.007631175534954, 38.811540030630823 ], [ -120.007684721307143, 38.811361223394478 ] ], [ [ -120.012117596753214, 38.809438736434906 ], [ -120.011715242264174, 38.809698707348673 ], [ -120.01214060058814, 38.809439325224645 ], [ -120.012451367720828, 38.809717549018153 ], [ -120.012067415865914, 38.809345795225241 ], [ -120.012117596753214, 38.809438736434906 ] ], [ [ -120.011348262901905, 38.809112736481531 ], [ -120.011861117967271, 38.808963703399392 ], [ -120.011768350668305, 38.808979346755365 ], [ -120.011348262901905, 38.809112736481531 ] ], [ [ -120.010884424637965, 38.809190950405338 ], [ -120.011330467825076, 38.808908934873607 ], [ -120.011240771679155, 38.808929804436929 ], [ -120.010884424637965, 38.809190950405338 ] ], [ [ -120.011091790373612, 38.808637701980722 ], [ -120.010853473817647, 38.808829797878218 ], [ -120.011197615290484, 38.808599633893898 ], [ -120.011091790373612, 38.808637701980722 ] ], [ [ -120.011433663738643, 38.808502310792896 ], [ -120.011467033218949, 38.808461855514103 ], [ -120.011362762156296, 38.808435630804034 ], [ -120.011376112644214, 38.808446783399866 ], [ -120.011374672727115, 38.808481215758903 ], [ -120.011398363466711, 38.808465371056563 ], [ -120.011433663738643, 38.808502310792896 ] ], [ [ -120.011491882806794, 38.808431729235323 ], [ -120.011243360665247, 38.808317258647833 ], [ -120.011221469746843, 38.808317599079928 ], [ -120.011242607951701, 38.808335257379184 ], [ -120.011264858704905, 38.808353845058882 ], [ -120.011250481537687, 38.808353476966658 ], [ -120.011325860162117, 38.808409460841411 ], [ -120.011310865641846, 38.808355022942116 ], [ -120.011491882806794, 38.808431729235323 ] ], [ [ -120.01122535535589, 38.808334815665205 ], [ -120.011242106142305, 38.808347256533388 ], [ -120.011242607951701, 38.808335257379184 ], [ -120.01122535535589, 38.808334815665205 ] ], [ [ -120.011202570134103, 38.808317892990047 ], [ -120.011219771761716, 38.808330668708635 ], [ -120.011220317593228, 38.808317616997286 ], [ -120.011202570134103, 38.808317892990047 ] ], [ [ -120.010909600828739, 38.808038442996462 ], [ -120.010633733340697, 38.808255050688167 ], [ -120.010635651492237, 38.80825665308388 ], [ -120.010659234265304, 38.808253586652675 ], [ -120.010647529634696, 38.808247948256813 ], [ -120.010909600828739, 38.808038442996462 ] ], [ [ -120.007676771862108, 38.809148600616169 ], [ -120.008502588378676, 38.808877685083338 ], [ -120.007827195415473, 38.809058573186441 ], [ -120.007676771862108, 38.809148600616169 ] ], [ [ -120.007197806587953, 38.809240636763626 ], [ -120.007381835949118, 38.809245354683817 ], [ -120.007472011837606, 38.809215772488322 ], [ -120.007159583863157, 38.809221333443652 ], [ -120.007197806587953, 38.809240636763626 ] ], [ [ -120.007176310443015, 38.809204049679884 ], [ -120.006859536207941, 38.809069801973465 ], [ -120.007156044723047, 38.809219546098625 ], [ -120.007529655718685, 38.809014910253751 ], [ -120.007176310443015, 38.809204049679884 ] ], [ [ -120.006237685115238, 38.809071873763614 ], [ -120.006230975051238, 38.809079215904887 ], [ -120.006859536207941, 38.809069801973465 ], [ -120.006237685115238, 38.809071873763614 ] ], [ [ -120.010754976364552, 38.807881330643433 ], [ -120.010848118791685, 38.807856688679948 ], [ -120.010934862536757, 38.807985035824473 ], [ -120.01085317113089, 38.807846007248365 ], [ -120.010754976364552, 38.807881330643433 ] ], [ [ -120.010857152346858, 38.80764070395913 ], [ -120.010999236196312, 38.807776474075702 ], [ -120.011012905693278, 38.807770818076655 ], [ -120.010857152346858, 38.80764070395913 ] ], [ [ -120.010728166853426, 38.807421185069948 ], [ -120.010643441200472, 38.807498710488105 ], [ -120.010682327835767, 38.807494657276649 ], [ -120.010679149214909, 38.807492001880227 ], [ -120.010728166853426, 38.807421185069948 ] ], [ [ -120.010536195751413, 38.807055909067223 ], [ -120.01051998011549, 38.807050345807156 ], [ -120.010556187375457, 38.807128493033716 ], [ -120.010392907293181, 38.807178365595242 ], [ -120.010388364864681, 38.80715947260952 ], [ -120.010305680378224, 38.807206477811974 ], [ -120.010554681665738, 38.807164490481156 ], [ -120.010728166853426, 38.807421185069948 ], [ -120.010536195751413, 38.807055909067223 ] ], [ [ -120.010365300983892, 38.807063544585688 ], [ -120.010353677297815, 38.807015198895996 ], [ -120.01046052280617, 38.807029947168338 ], [ -120.010309177088772, 38.806978023229618 ], [ -120.010365300983892, 38.807063544585688 ] ], [ [ -120.010418103077512, 38.8069212617931 ], [ -120.010243932715653, 38.806886262262651 ], [ -120.01033368590609, 38.806942614902937 ], [ -120.009961873085757, 38.807023182111664 ], [ -120.010309177088772, 38.806978023229618 ], [ -120.010418103077512, 38.8069212617931 ] ], [ [ -120.010249956104104, 38.806742272505375 ], [ -120.010473962493208, 38.806892153321819 ], [ -120.010227706102555, 38.806723684657975 ], [ -120.010168410399842, 38.806612055998897 ], [ -120.010243932715653, 38.806886262262651 ], [ -120.010249956104104, 38.806742272505375 ] ], [ [ -120.010196088960171, 38.806488640865233 ], [ -120.010141482207032, 38.806487242302232 ], [ -120.010144729760995, 38.806505343480914 ], [ -120.009765388674467, 38.806765897296692 ], [ -120.010127048135843, 38.806534188188017 ], [ -120.010120973964447, 38.80652275305394 ], [ -120.010196088960171, 38.806488640865233 ] ], [ [ -120.010126056344191, 38.806401261702618 ], [ -120.010129256345351, 38.806324767146457 ], [ -120.010308761323131, 38.80643747248584 ], [ -120.010108514690415, 38.806303487908636 ], [ -120.010126056344191, 38.806401261702618 ] ], [ [ -120.010070036362563, 38.806089016353063 ], [ -120.010088709644961, 38.806193098138621 ], [ -120.010092286134125, 38.806107604222767 ], [ -120.010070036362563, 38.806089016353063 ] ], [ [ -120.010757106989516, 38.80617868381848 ], [ -120.010317712668382, 38.806154668917166 ], [ -120.010502571011514, 38.806208201792863 ], [ -120.010757106989516, 38.80617868381848 ] ], [ [ -120.01476575840708, 38.807236217159925 ], [ -120.013890782306987, 38.807163570625839 ], [ -120.013916145158177, 38.807178451526433 ], [ -120.01476575840708, 38.807236217159925 ] ], [ [ -120.015088629776088, 38.813245192016886 ], [ -120.014491615311414, 38.813247221740269 ], [ -120.015043738130743, 38.813261341385953 ], [ -120.015088629776088, 38.813245192016886 ] ], [ [ -120.013808494266243, 38.813474600166778 ], [ -120.013745673329879, 38.8134623753364 ], [ -120.013715400100239, 38.813477414547187 ], [ -120.013808494266243, 38.813474600166778 ] ], [ [ -120.011856665510436, 38.814026646834662 ], [ -120.011305291239793, 38.813994513180504 ], [ -120.011224019883301, 38.814010450332418 ], [ -120.011856665510436, 38.814026646834662 ] ], [ [ -120.011094941778822, 38.814035762160174 ], [ -120.011043947936969, 38.81404576185421 ], [ -120.011072226807983, 38.814060617701458 ], [ -120.011094941778822, 38.814035762160174 ] ], [ [ -120.01516222684026, 38.808219328044387 ], [ -120.01541301046494, 38.808279794119649 ], [ -120.015492710890513, 38.808273723675534 ], [ -120.01516222684026, 38.808219328044387 ] ], [ [ -120.013969053510678, 38.808116741614015 ], [ -120.013571978003554, 38.808250728139392 ], [ -120.013999223432691, 38.808129525342508 ], [ -120.013969053510678, 38.808116741614015 ] ], [ [ -120.01396719293659, 38.811468043731658 ], [ -120.014059963135395, 38.811452398741743 ], [ -120.013965238363838, 38.811464717732882 ], [ -120.01396719293659, 38.811468043731658 ] ], [ [ -120.013331023763428, 38.810765282898508 ], [ -120.013352404645119, 38.810749613726877 ], [ -120.013212876757748, 38.81069854180501 ], [ -120.013192879261709, 38.810709496145563 ], [ -120.012939080026939, 38.81072102006349 ], [ -120.013331023763428, 38.810765282898508 ] ], [ [ -120.013111394477335, 38.810455159153207 ], [ -120.013231681283017, 38.810332110839333 ], [ -120.012803190262105, 38.810619839501612 ], [ -120.013122757201955, 38.810461515358206 ], [ -120.013111394477335, 38.810455159153207 ] ], [ [ -120.012211545825295, 38.809945645149469 ], [ -120.012493710194988, 38.809756174735796 ], [ -120.012473619211022, 38.809736136493044 ], [ -120.012211545825295, 38.809945645149469 ] ], [ [ -120.011487884402996, 38.810179373021128 ], [ -120.011795216086696, 38.809989042584426 ], [ -120.011419614293658, 38.810177625222686 ], [ -120.011487884402996, 38.810179373021128 ] ], [ [ -120.009014051385563, 38.810962859872767 ], [ -120.008487033836786, 38.81127367903499 ], [ -120.008517399577315, 38.811274457210764 ], [ -120.009108394129839, 38.810946953735026 ], [ -120.009014051385563, 38.810962859872767 ] ], [ [ -120.008027525963954, 38.81142406423028 ], [ -120.007903460370699, 38.811637100060928 ], [ -120.007906951806007, 38.811648000343439 ], [ -120.008041867116944, 38.811422401610201 ], [ -120.008027525963954, 38.81142406423028 ] ], [ [ -120.01450128180943, 38.809157381174082 ], [ -120.014683808443394, 38.809198085153056 ], [ -120.014735522661269, 38.809187941637148 ], [ -120.01450128180943, 38.809157381174082 ] ], [ [ -120.013708125761298, 38.811605560565319 ], [ -120.013423986700488, 38.811781531020848 ], [ -120.013447553106502, 38.811779074295281 ], [ -120.013708125761298, 38.811605560565319 ] ], [ [ -120.012431181197528, 38.811978086814683 ], [ -120.011898718977577, 38.81191961795242 ], [ -120.012402563397472, 38.811986568139901 ], [ -120.012431181197528, 38.811978086814683 ] ], [ [ -120.011471430472838, 38.812098179154809 ], [ -120.010919726013171, 38.812200859718665 ], [ -120.011289306876066, 38.812174286705357 ], [ -120.011471430472838, 38.812098179154809 ] ], [ [ -120.009493842861744, 38.812704879173843 ], [ -120.008963978546518, 38.812709321607848 ], [ -120.008927523570037, 38.812724403499743 ], [ -120.009493842861744, 38.812704879173843 ] ], [ [ -120.011994080156583, 38.811166122017113 ], [ -120.012115117151566, 38.811150383111958 ], [ -120.012256906142042, 38.811063922218558 ], [ -120.011994080156583, 38.811166122017113 ] ], [ [ -120.011859293436686, 38.811160214833521 ], [ -120.011883568078019, 38.811180492210269 ], [ -120.01192326221674, 38.81117533068376 ], [ -120.011859293436686, 38.811160214833521 ] ], [ [ -120.012546502731908, 38.810747009910095 ], [ -120.012603858638343, 38.810718594229932 ], [ -120.012440234709587, 38.810731420253823 ], [ -120.012546502731908, 38.810747009910095 ] ], [ [ -120.012061155610013, 38.810788641918037 ], [ -120.01213436458066, 38.810755395929903 ], [ -120.01162332196381, 38.810795452247532 ], [ -120.012061155610013, 38.810788641918037 ] ], [ [ -120.009193693742517, 38.81127997131982 ], [ -120.00960387717393, 38.811176168982165 ], [ -120.009208283665245, 38.811274142210678 ], [ -120.009193693742517, 38.81127997131982 ] ], [ [ -120.008690886273342, 38.81153115477877 ], [ -120.008911621449982, 38.811392667052154 ], [ -120.00831829417335, 38.811629714348143 ], [ -120.008690886273342, 38.81153115477877 ] ], [ [ -120.008287769236929, 38.81185841109351 ], [ -120.00833300973477, 38.811828289317504 ], [ -120.00831829417335, 38.811629714348143 ], [ -120.008287769236929, 38.81185841109351 ] ], [ [ -120.012363650377125, 38.811264852240058 ], [ -120.012731352056818, 38.81108636046185 ], [ -120.012623471111169, 38.811109339693651 ], [ -120.012363650377125, 38.811264852240058 ] ], [ [ -120.010869280271635, 38.813406773411188 ], [ -120.010598200825811, 38.813611831559889 ], [ -120.011480962881677, 38.813098111213982 ], [ -120.010869280271635, 38.813406773411188 ] ], [ [ -120.014876883133766, 38.813947764762048 ], [ -120.014877133783713, 38.813941765170817 ], [ -120.014863219966429, 38.8139401223577 ], [ -120.014876883133766, 38.813947764762048 ] ], [ [ -120.015022806099779, 38.813867412279585 ], [ -120.015146830796539, 38.813819183489215 ], [ -120.015112450454197, 38.8138216565576 ], [ -120.015022806099779, 38.813867412279585 ] ], [ [ -120.015266445724407, 38.813810579192435 ], [ -120.015687583344601, 38.813836361591079 ], [ -120.015482039044215, 38.81379507053645 ], [ -120.015266445724407, 38.813810579192435 ] ], [ [ -120.01586410895689, 38.814021054505496 ], [ -120.015847104418128, 38.814027171800554 ], [ -120.015857605904827, 38.814038906266838 ], [ -120.015902601747811, 38.814040056539774 ], [ -120.015687583344601, 38.813836361591079 ], [ -120.01586410895689, 38.814021054505496 ] ], [ [ -120.015407910712881, 38.814099481331397 ], [ -120.015630296304565, 38.814105167084463 ], [ -120.015400994067292, 38.814081286481489 ], [ -120.01539332560175, 38.814081090413119 ], [ -120.015407910712881, 38.814099481331397 ] ], [ [ -120.015334985230538, 38.814007526724353 ], [ -120.015378740497994, 38.814062699493363 ], [ -120.015400994067292, 38.814081286481489 ], [ -120.015334985230538, 38.814007526724353 ] ], [ [ -120.015881100741026, 38.814165632934255 ], [ -120.015408678350511, 38.81410044927442 ], [ -120.015422495831302, 38.814117872248062 ], [ -120.015881100741026, 38.814165632934255 ] ], [ [ -120.015973122482421, 38.814167985341584 ], [ -120.015973874162086, 38.814149986550454 ], [ -120.015907112959226, 38.814094225882485 ], [ -120.015973122482421, 38.814167985341584 ] ], [ [ -120.015988709999036, 38.814162377805324 ], [ -120.016019885025244, 38.81415116272624 ], [ -120.015917638045224, 38.814054300928539 ], [ -120.015973874162086, 38.814149986550454 ], [ -120.015988709999036, 38.814162377805324 ] ], [ [ -120.016492440972385, 38.829856911400107 ], [ -120.016510168823345, 38.829846103320968 ], [ -120.016357386019706, 38.829781387188063 ], [ -120.016492440972385, 38.829856911400107 ] ], [ [ -120.012786673165124, 38.82908727197389 ], [ -120.013274314721215, 38.829143977284588 ], [ -120.012954430520097, 38.829081737360312 ], [ -120.012786673165124, 38.82908727197389 ] ], [ [ -120.00972246180261, 38.829251231351279 ], [ -120.01096651807363, 38.82924706123265 ], [ -120.008940116779002, 38.829231185230476 ], [ -120.00972246180261, 38.829251231351279 ] ], [ [ -120.00689410125301, 38.828584143047536 ], [ -120.006713835657607, 38.828701440308244 ], [ -120.006714998806657, 38.828701519907028 ], [ -120.007149472893047, 38.82853663766754 ], [ -120.00689410125301, 38.828584143047536 ] ], [ [ -120.017067482802958, 38.827716959287123 ], [ -120.016832021279342, 38.827793523897363 ], [ -120.017065126786335, 38.82772740956392 ], [ -120.017067482802958, 38.827716959287123 ] ], [ [ -120.017143524519454, 38.832468140425931 ], [ -120.017366603034702, 38.832387909502451 ], [ -120.017354385815977, 38.832383439300649 ], [ -120.017143524519454, 38.832468140425931 ] ], [ [ -120.014737332884252, 38.832110256911321 ], [ -120.015151320416535, 38.832182975754016 ], [ -120.014809914511218, 38.832084154422262 ], [ -120.014737332884252, 38.832110256911321 ] ], [ [ -120.007851903675345, 38.832662737556142 ], [ -120.008148787126899, 38.832724402035353 ], [ -120.008212611880339, 38.832724789741981 ], [ -120.007764590935238, 38.8326059341777 ], [ -120.007851903675345, 38.832662737556142 ] ], [ [ -120.006610807941982, 38.832594877761757 ], [ -120.006504616725266, 38.83265521697458 ], [ -120.006506323700279, 38.832655711203394 ], [ -120.006539510782929, 38.832647102967847 ], [ -120.006797978748679, 38.83257236661089 ], [ -120.006610807941982, 38.832594877761757 ] ], [ [ -120.006097015734099, 38.832761878638365 ], [ -120.006248047127443, 38.83272270390421 ], [ -120.00565980280571, 38.832750662624441 ], [ -120.006097015734099, 38.832761878638365 ] ], [ [ -120.003713291649277, 38.833730303462474 ], [ -120.004195352130751, 38.833613978588261 ], [ -120.003754358353703, 38.833692747901317 ], [ -120.003713291649277, 38.833730303462474 ] ], [ [ -120.003495287568555, 38.833805648109703 ], [ -120.003520467049313, 38.833776832836207 ], [ -120.003492341900625, 38.833776110751316 ], [ -120.003495287568555, 38.833805648109703 ] ], [ [ -120.003479731539343, 38.833649661562994 ], [ -120.003487497580593, 38.833727534832853 ], [ -120.003630254329536, 38.833539412530413 ], [ -120.003479731539343, 38.833649661562994 ] ], [ [ -120.003723441145553, 38.833331595803941 ], [ -120.003702688104326, 38.833443960121322 ], [ -120.003987894156367, 38.833068115735479 ], [ -120.003723441145553, 38.833331595803941 ] ], [ [ -120.004986467585155, 38.831778435931348 ], [ -120.004742014202719, 38.832114503387665 ], [ -120.00499602315314, 38.831779755051706 ], [ -120.004986467585155, 38.831778435931348 ] ], [ [ -120.011386799771927, 38.830212775127187 ], [ -120.010852284559618, 38.830325212948992 ], [ -120.011457380121087, 38.830227237113057 ], [ -120.011386799771927, 38.830212775127187 ] ], [ [ -120.011889265317961, 38.830315729786939 ], [ -120.011817484429031, 38.830301022107555 ], [ -120.011903807947988, 38.830326011972879 ], [ -120.011889265317961, 38.830315729786939 ] ], [ [ -120.007077865075871, 38.832491436268903 ], [ -120.007169111347196, 38.832465051826759 ], [ -120.007406766051218, 38.832290966246681 ], [ -120.007077865075871, 38.832491436268903 ] ], [ [ -120.007563691847508, 38.832064360171607 ], [ -120.007435057348175, 38.832165566089529 ], [ -120.007406766051218, 38.832290966246681 ], [ -120.007563691847508, 38.832064360171607 ] ], [ [ -120.008730748467542, 38.831424909788147 ], [ -120.009536959460419, 38.831480704128907 ], [ -120.008779862881099, 38.831407249676928 ], [ -120.008730748467542, 38.831424909788147 ] ], [ [ -120.006265379859713, 38.83963738505814 ], [ -120.006018069519385, 38.83958864583758 ], [ -120.006130872052125, 38.839645593311893 ], [ -120.006265379859713, 38.83963738505814 ] ], [ [ -120.006542849694014, 38.839710214627146 ], [ -120.006565010493759, 38.839683364461663 ], [ -120.006543604434484, 38.839692216069935 ], [ -120.00643849731776, 38.839671502208198 ], [ -120.00654431872556, 38.839712445791854 ], [ -120.006542849694014, 38.839710214627146 ] ], [ [ -120.007035942500934, 38.839488628029294 ], [ -120.006707717424689, 38.839624353633759 ], [ -120.006776757735693, 38.83962612433443 ], [ -120.007035942500934, 38.839488628029294 ] ], [ [ -120.008240937538446, 38.839321326509996 ], [ -120.008011558225803, 38.839297428356652 ], [ -120.007035942500934, 38.839488628029294 ], [ -120.008240937538446, 38.839321326509996 ] ], [ [ -120.008909541937157, 38.839749272553647 ], [ -120.008891734439189, 38.839734401828949 ], [ -120.008895570025473, 38.839734500130803 ], [ -120.008841527779651, 38.839677361500748 ], [ -120.008775818307981, 38.839658339390283 ], [ -120.009244869523812, 38.840103810255506 ], [ -120.008909541937157, 38.839749272553647 ] ], [ [ -120.00905282907739, 38.839738530398343 ], [ -120.008846218955014, 38.839678719538433 ], [ -120.008909903005787, 38.839734867468181 ], [ -120.00905282907739, 38.839738530398343 ] ], [ [ -120.00921844814934, 38.839634667138412 ], [ -120.009219202213771, 38.839616668536955 ], [ -120.009147899510381, 38.839668895081076 ], [ -120.009098856122918, 38.839739709948851 ], [ -120.009229954895517, 38.839634962010763 ], [ -120.00921844814934, 38.839634667138412 ] ], [ [ -120.009242215700453, 38.839617258280128 ], [ -120.009242969758446, 38.839599259678209 ], [ -120.009258454577662, 38.839612190698155 ], [ -120.009273654400673, 38.839600045994942 ], [ -120.009265983240013, 38.839599849416508 ], [ -120.00926673729154, 38.83958185081412 ], [ -120.009219202213771, 38.839616668536941 ], [ -120.009235654833375, 38.839630407748864 ], [ -120.009251804653445, 38.839617504005126 ], [ -120.009242215700453, 38.839617258280128 ] ], [ [ -120.009289750768033, 38.839582440547495 ], [ -120.009290504813094, 38.839564441944688 ], [ -120.009266737291568, 38.839581850814106 ], [ -120.009281254310281, 38.839593973642472 ], [ -120.009295504137256, 38.839582587980139 ], [ -120.009289750768033, 38.839582440547495 ] ], [ [ -120.009313518284458, 38.839565031673168 ], [ -120.009314272323067, 38.839547033069906 ], [ -120.009290504813094, 38.839564441944681 ], [ -120.009304054031247, 38.839575756581802 ], [ -120.009317353863054, 38.839565129960818 ], [ -120.009313518284458, 38.839565031673168 ] ], [ [ -120.009337285789314, 38.839547622793468 ], [ -120.009338039821458, 38.839529624189794 ], [ -120.009314272323081, 38.839547033069906 ], [ -120.009326853740546, 38.839557539516186 ], [ -120.009339203578222, 38.839547671936899 ], [ -120.009337285789314, 38.839547622793468 ] ], [ [ -120.009711532839489, 38.839413068875416 ], [ -120.009361807308295, 38.839512215304325 ], [ -120.009338039821486, 38.839529624189787 ], [ -120.009349653438179, 38.839539322445617 ], [ -120.009361053282618, 38.839530213908461 ], [ -120.009711532839489, 38.839413068875416 ] ], [ [ -120.013795287881777, 38.84022676522558 ], [ -120.013858032906001, 38.840234805639057 ], [ -120.013847611757996, 38.840221669041874 ], [ -120.013795287881777, 38.84022676522558 ] ], [ [ -120.01906391144847, 38.845508153387193 ], [ -120.018764708822346, 38.845500510559205 ], [ -120.018833003771817, 38.845520273097932 ], [ -120.01906391144847, 38.845508153387193 ] ], [ [ -120.018718677659166, 38.845499334671601 ], [ -120.01870756196179, 38.845459010834553 ], [ -120.018668887288001, 38.845588152458369 ], [ -120.018761207742543, 38.845652424365895 ], [ -120.018758694262232, 38.84564450047835 ], [ -120.018852260379504, 38.845610854728889 ], [ -120.018714166673703, 38.845607327106883 ], [ -120.018764708822346, 38.845500510559205 ], [ -120.018718677659166, 38.845499334671601 ] ], [ [ -120.019085598228656, 38.846643837882489 ], [ -120.019122061496006, 38.846637690770258 ], [ -120.019064085816154, 38.846607252506523 ], [ -120.018968650154164, 38.846306392563037 ], [ -120.019081839384583, 38.846733831591145 ], [ -120.019103391860014, 38.846748242056243 ], [ -120.019085598228656, 38.846643837882489 ] ], [ [ -120.019222810464129, 38.846690585644268 ], [ -120.019239862487382, 38.846714550494212 ], [ -120.019244454763694, 38.846701949238316 ], [ -120.019222810464129, 38.846690585644268 ] ], [ [ -120.019638613459009, 38.84350204892673 ], [ -120.01965593434727, 38.843469227342027 ], [ -120.019649100340857, 38.843455539355297 ], [ -120.019638613459009, 38.84350204892673 ] ], [ [ -120.019507322592133, 38.843717683449022 ], [ -120.019516939092895, 38.843732610334541 ], [ -120.019531926459166, 38.843704210787493 ], [ -120.019507322592133, 38.843717683449022 ] ], [ [ -120.019970819232825, 38.844756542860658 ], [ -120.020043622711725, 38.844668312099273 ], [ -120.020036069604203, 38.844662306994429 ], [ -120.019970819232825, 38.844756542860658 ] ], [ [ -120.019545061473906, 38.845131254575158 ], [ -120.01958678997849, 38.845125113071425 ], [ -120.019590547970765, 38.845035119296547 ], [ -120.019545061473906, 38.845131254575158 ] ], [ [ -120.019338621960202, 38.845136793005629 ], [ -120.019378147393056, 38.845155820437846 ], [ -120.019482468705476, 38.845140466802178 ], [ -120.019338621960202, 38.845136793005629 ] ], [ [ -120.019158516479095, 38.844897959598832 ], [ -120.019220045791698, 38.845079710633392 ], [ -120.019269599987751, 38.845103565966973 ], [ -120.019158516479095, 38.844897959598832 ] ], [ [ -120.01892832907032, 38.844805783490855 ], [ -120.018931369582575, 38.844820085852362 ], [ -120.018948405581796, 38.844825926398038 ], [ -120.01892832907032, 38.844805783490855 ] ], [ [ -120.018777028184232, 38.844653981772552 ], [ -120.018676097347594, 38.844673770557151 ], [ -120.018833890640479, 38.844711032548688 ], [ -120.018777028184232, 38.844653981772552 ] ], [ [ -120.018583311048658, 38.84461393321034 ], [ -120.018590230524865, 38.844653493489119 ], [ -120.018601577666061, 38.844656173070248 ], [ -120.018583311048658, 38.84461393321034 ] ], [ [ -120.018257206640129, 38.842813865100879 ], [ -120.018110469529759, 38.842961283545144 ], [ -120.018265733136786, 38.842863899522271 ], [ -120.018257206640129, 38.842813865100879 ] ], [ [ -120.017884081909557, 38.842865409289573 ], [ -120.01778909426811, 38.842868281492294 ], [ -120.017924217849554, 38.842907384732172 ], [ -120.017884081909557, 38.842865409289573 ] ], [ [ -120.017291078694598, 38.842936642583908 ], [ -120.017291458228527, 38.842938593890182 ], [ -120.017719307427811, 38.842870391632552 ], [ -120.01756112391773, 38.842875174461902 ], [ -120.017796522587304, 38.842795224710279 ], [ -120.017726738958686, 38.84277129896541 ], [ -120.017291078694598, 38.842936642583908 ] ], [ [ -120.017241752457963, 38.842683039739704 ], [ -120.017163223148629, 38.842180686194396 ], [ -120.017128659501992, 38.842197457968226 ], [ -120.017098725672426, 38.842178674947988 ], [ -120.017150921850657, 38.842216044909676 ], [ -120.017241752457963, 38.842683039739704 ] ], [ [ -120.01708563914022, 38.842124286627815 ], [ -120.017020431508058, 38.842122619965323 ], [ -120.01704959990775, 38.842143503199779 ], [ -120.017104076427756, 38.842155645775314 ], [ -120.01708563914022, 38.842124286627815 ] ], [ [ -120.017158301155476, 38.842149199917607 ], [ -120.017154682521294, 38.842126051289661 ], [ -120.01708563914022, 38.842124286627815 ], [ -120.017158301155476, 38.842149199917607 ] ], [ [ -120.016190332859637, 38.842047346190732 ], [ -120.015958683871943, 38.842077459345624 ], [ -120.016219514015475, 38.84208412814187 ], [ -120.016190332859637, 38.842047346190732 ] ], [ [ -120.011730566743253, 38.841377910615869 ], [ -120.011794181633022, 38.841394330287251 ], [ -120.01210949118969, 38.841411730076395 ], [ -120.011730566743253, 38.841377910615869 ] ], [ [ -120.010920690244049, 38.841126918047614 ], [ -120.010907183310877, 38.841119364939352 ], [ -120.011230133057097, 38.841109617913183 ], [ -120.010701564746611, 38.841078062625712 ], [ -120.010920690244049, 38.841126918047614 ] ], [ [ -120.018251696802778, 38.842781532737938 ], [ -120.018122101189931, 38.842021043743905 ], [ -120.018205734007708, 38.842793689014144 ], [ -120.018251696802778, 38.842781532737938 ] ], [ [ -120.01816366794209, 38.842804814660461 ], [ -120.018060827868013, 38.842770826705525 ], [ -120.018116484820723, 38.842817293644728 ], [ -120.01816366794209, 38.842804814660461 ] ], [ [ -120.017963279831022, 38.842738587621582 ], [ -120.017913112305166, 38.842722007490771 ], [ -120.017874569093962, 38.842768717196343 ], [ -120.017963279831022, 38.842738587621582 ] ], [ [ -120.017362986547397, 38.8435029332732 ], [ -120.017360584684027, 38.843486254021286 ], [ -120.016842850149516, 38.843523480619837 ], [ -120.017362986547397, 38.8435029332732 ] ], [ [ -120.017374599825402, 38.844582112414287 ], [ -120.017572259535768, 38.84426284085324 ], [ -120.017358933449771, 38.844587205302432 ], [ -120.017374599825402, 38.844582112414287 ] ], [ [ -120.015972661711345, 38.844636364301252 ], [ -120.01601293839154, 38.844637394131652 ], [ -120.015998771183661, 38.84462556593293 ], [ -120.015972661711345, 38.844636364301252 ] ], [ [ -120.015877402516395, 38.844710504806457 ], [ -120.015872589355411, 38.844687859312806 ], [ -120.01594804420175, 38.844646545614353 ], [ -120.015849574096009, 38.844687270811704 ], [ -120.015877402516395, 38.844710504806457 ] ], [ [ -120.015873781298481, 38.845210409953104 ], [ -120.015891842015009, 38.844778441286522 ], [ -120.015880290414245, 38.844724092102588 ], [ -120.015851243554792, 38.844723349374192 ], [ -120.015873781298481, 38.845210409953104 ] ], [ [ -120.018801888389774, 38.846816770241048 ], [ -120.018609030242374, 38.846469502574813 ], [ -120.01879540200261, 38.846823865506749 ], [ -120.018801888389774, 38.846816770241048 ] ], [ [ -120.015862239773654, 38.843282195450257 ], [ -120.015997318802988, 38.84335772107336 ], [ -120.015839977461823, 38.843263608265836 ], [ -120.015861336786301, 38.843303793889454 ], [ -120.015862239773654, 38.843282195450257 ] ], [ [ -120.015862225544822, 38.843541865399054 ], [ -120.015946774312695, 38.843464536351945 ], [ -120.01566758578106, 38.84352946918326 ], [ -120.015852457358804, 38.843516178536547 ], [ -120.015862225544822, 38.843541865399054 ] ], [ [ -120.015869892160381, 38.844201306026463 ], [ -120.015857851885158, 38.844489285164343 ], [ -120.015878804994145, 38.844506778993043 ], [ -120.015869892160381, 38.844201306026463 ] ], [ [ -120.015337727939681, 38.845237185629401 ], [ -120.015099968611565, 38.845197671465414 ], [ -120.01515804519498, 38.845246160161444 ], [ -120.015337727939681, 38.845237185629401 ] ], [ [ -120.013486572589869, 38.845130352635465 ], [ -120.013074942947355, 38.844922594845741 ], [ -120.013411887496801, 38.845129415324053 ], [ -120.013486572589869, 38.845130352635465 ] ], [ [ -120.011051900604414, 38.84120029102381 ], [ -120.011040745478539, 38.841230893209854 ], [ -120.011177322529022, 38.841270426828117 ], [ -120.011051900604414, 38.84120029102381 ] ], [ [ -120.015045431504007, 38.843531576054779 ], [ -120.015513904398034, 38.843433034752998 ], [ -120.015487982278472, 38.843416768686048 ], [ -120.015045431504007, 38.843531576054779 ] ], [ [ -120.006756381140491, 38.840112085464504 ], [ -120.006965199900122, 38.840351673825097 ], [ -120.006653736297935, 38.839878628749787 ], [ -120.006756381140491, 38.840112085464504 ] ], [ [ -120.019775776269327, 38.846735425637618 ], [ -120.019977422537806, 38.846691466443453 ], [ -120.019890405582871, 38.846682410031704 ], [ -120.019775776269327, 38.846735425637618 ] ], [ [ -120.009811950337195, 38.789520710571367 ], [ -120.009792810979576, 38.789595426117778 ], [ -120.010072542436262, 38.789512499917869 ], [ -120.009840310921447, 38.789560606572358 ], [ -120.009811950337195, 38.789520710571367 ] ], [ [ -120.009521744406996, 38.789433155459271 ], [ -120.009656331766948, 38.789555894522458 ], [ -120.009792810979576, 38.789595426117778 ], [ -120.009521744406996, 38.789433155459271 ] ], [ [ -120.009412392514989, 38.789333429868151 ], [ -120.009458709978645, 38.78937567002761 ], [ -120.009332738560815, 38.789173731686375 ], [ -120.009412392514989, 38.789333429868151 ] ], [ [ -120.009221223590458, 38.788950154158584 ], [ -120.009266739825378, 38.789041410303049 ], [ -120.008999117368575, 38.78820572479902 ], [ -120.009221223590458, 38.788950154158584 ] ], [ [ -120.009094668439204, 38.788003662089558 ], [ -120.009088414004708, 38.787988308517257 ], [ -120.008999117368575, 38.78820572479902 ], [ -120.009094668439204, 38.788003662089558 ] ], [ [ -120.008857008849404, 38.787818015421053 ], [ -120.008876191024342, 38.787842214799227 ], [ -120.009015677431236, 38.787809752138493 ], [ -120.00957362189007, 38.787679899775945 ], [ -120.008857008849404, 38.787818015421053 ] ], [ [ -120.008832455683944, 38.787787040213018 ], [ -120.008844951488783, 38.787802804381954 ], [ -120.008928959371985, 38.787681404292009 ], [ -120.008832455683944, 38.787787040213018 ] ], [ [ -120.010812334548746, 38.786684591559457 ], [ -120.010909518887345, 38.786596989397417 ], [ -120.010908081608122, 38.786596952601137 ], [ -120.010908833822128, 38.786578953808217 ], [ -120.010919572425905, 38.786587927099582 ], [ -120.011054950321679, 38.786465896629331 ], [ -120.011025874292756, 38.786475979286237 ], [ -120.010541025069173, 38.786836505070383 ], [ -120.010812162487127, 38.786685524509501 ], [ -120.010812334548746, 38.786684591559457 ] ], [ [ -120.0102181878908, 38.786579288355014 ], [ -120.01073936940162, 38.786502542969515 ], [ -120.01047491046134, 38.78649577178772 ], [ -120.0102181878908, 38.786579288355014 ] ], [ [ -120.0089609889217, 38.787466008339834 ], [ -120.009028946416095, 38.787418077910878 ], [ -120.008731021899479, 38.787460116767676 ], [ -120.0089609889217, 38.787466008339834 ] ], [ [ -120.008179547421975, 38.787022562654712 ], [ -120.008211839104277, 38.786975898124702 ], [ -120.008195423738258, 38.786960588105046 ], [ -120.008179547421975, 38.787022562654712 ] ], [ [ -120.008176784489166, 38.786943203939458 ], [ -120.008152957581927, 38.787048908351089 ], [ -120.00816117063718, 38.787049118810927 ], [ -120.008173421828616, 38.78703141470718 ], [ -120.008177099513844, 38.786943497751906 ], [ -120.008176784489166, 38.786943203939458 ] ], [ [ -120.008114626279578, 38.786889142126306 ], [ -120.00815494278352, 38.786922832942345 ], [ -120.008164249991452, 38.786916010315622 ], [ -120.008114626279578, 38.786889142126306 ] ], [ [ -120.00714730857338, 38.786328830127715 ], [ -120.007181399027246, 38.786348331653244 ], [ -120.007263701816441, 38.786215306026222 ], [ -120.00714730857338, 38.786328830127715 ] ], [ [ -120.006795490955369, 38.786401502056044 ], [ -120.006819816523588, 38.786380708012132 ], [ -120.006767861188905, 38.786354461626118 ], [ -120.006795490955369, 38.786401502056044 ] ], [ [ -120.006666552342921, 38.786181980003363 ], [ -120.00674355725647, 38.786313083465743 ], [ -120.006653348621555, 38.785947407013296 ], [ -120.006666552342921, 38.786181980003363 ] ], [ [ -120.005173215753146, 38.781711247880011 ], [ -120.005142685636287, 38.781890645199624 ], [ -120.00519324636069, 38.781707318850692 ], [ -120.005173215753146, 38.781711247880011 ] ], [ [ -120.007463527767698, 38.78455562303634 ], [ -120.00746228561799, 38.784479005379545 ], [ -120.007448991270962, 38.784568401557991 ], [ -120.007463527767698, 38.78455562303634 ] ], [ [ -120.009775897122609, 38.785594987083655 ], [ -120.009781730381476, 38.785577208972342 ], [ -120.009057412776585, 38.786261269597475 ], [ -120.009775897122609, 38.785594987083655 ] ], [ [ -120.010787833561196, 38.786720000378075 ], [ -120.010782567809542, 38.786845991910319 ], [ -120.010808613714957, 38.786704766604231 ], [ -120.010787833561196, 38.786720000378075 ] ], [ [ -120.007578720963664, 38.783011522484294 ], [ -120.007515734680638, 38.782942482154546 ], [ -120.007243557245914, 38.78284541577014 ], [ -120.007578720963664, 38.783011522484294 ] ], [ [ -120.00781917724332, 38.783305878271349 ], [ -120.007801873328461, 38.783256122269314 ], [ -120.00772011917735, 38.783166510870913 ], [ -120.00781917724332, 38.783305878271349 ] ], [ [ -120.007960991253626, 38.783854795481169 ], [ -120.007966261408612, 38.783728804209289 ], [ -120.007949822511208, 38.783681536023344 ], [ -120.007960991253626, 38.783854795481169 ] ], [ [ -120.010365584989273, 38.790763248907531 ], [ -120.010387830326877, 38.790781836576798 ], [ -120.010410075675992, 38.790800424242256 ], [ -120.010321846821114, 38.790708074786934 ], [ -120.010321094348654, 38.790726073557479 ], [ -120.010343339663194, 38.790744661234434 ], [ -120.010365584989273, 38.790763248907531 ] ], [ [ -120.010350253126433, 38.790762856306493 ], [ -120.010365208757875, 38.790772248293109 ], [ -120.010365584989273, 38.790763248907531 ], [ -120.010350253126433, 38.790762856306493 ] ], [ [ -120.01038016439324, 38.790781640277906 ], [ -120.010387642212478, 38.790786336269683 ], [ -120.010387830326877, 38.790781836576798 ], [ -120.01038016439324, 38.790781640277906 ] ], [ [ -120.010320341875513, 38.790744072327982 ], [ -120.010342775312211, 38.790758160312528 ], [ -120.010343339663194, 38.790744661234434 ], [ -120.010320341875513, 38.790744072327982 ] ], [ [ -120.010533766472193, 38.791145934205495 ], [ -120.01053907368474, 38.791146070098868 ], [ -120.010528957531506, 38.791123288521554 ], [ -120.010510020001746, 38.791207308218105 ], [ -120.0105552595425, 38.79118252062112 ], [ -120.010546111012317, 38.791161918152241 ], [ -120.010532261609669, 38.791181931750828 ], [ -120.010533766472193, 38.791145934205495 ] ], [ [ -120.010595301473742, 38.791215978368733 ], [ -120.010624253344957, 38.791184287204906 ], [ -120.0105552595425, 38.79118252062112 ], [ -120.010595301473742, 38.791215978368733 ] ], [ [ -120.009162900045439, 38.794197913786434 ], [ -120.009239698945805, 38.794351879410456 ], [ -120.009232241675576, 38.79425126348476 ], [ -120.009206890201312, 38.794247088781823 ], [ -120.009162900045439, 38.794197913786434 ] ], [ [ -120.009194844554116, 38.794535068634417 ], [ -120.009245348603329, 38.794587297990837 ], [ -120.009264762046868, 38.794464787622694 ], [ -120.009248467747511, 38.794434106922857 ], [ -120.009003323642347, 38.794710342432083 ], [ -120.009194844554116, 38.794535068634417 ] ], [ [ -120.008994288659395, 38.794926327265799 ], [ -120.009511223543271, 38.795227858095643 ], [ -120.009040286867517, 38.794927505702283 ], [ -120.009003323642347, 38.794710342432083 ], [ -120.008994288659395, 38.794926327265799 ] ], [ [ -120.010303402125487, 38.795554453547659 ], [ -120.010196684422652, 38.795353522333748 ], [ -120.010266740446284, 38.795572253449073 ], [ -120.010303402125487, 38.795554453547659 ] ], [ [ -120.01019764723317, 38.795605799383722 ], [ -120.010218798223548, 38.795595530224666 ], [ -120.010206519592813, 38.795592979059833 ], [ -120.01019764723317, 38.795605799383722 ] ], [ [ -120.008086620486552, 38.796546626621925 ], [ -120.008178293298954, 38.796559283720178 ], [ -120.008097784034305, 38.796542995754542 ], [ -120.008086620486552, 38.796546626621925 ] ], [ [ -120.005798927233428, 38.794808384277253 ], [ -120.005953264544814, 38.794792299919152 ], [ -120.005763249847746, 38.794758193477961 ], [ -120.005798927233428, 38.794808384277253 ] ], [ [ -120.005603242775564, 38.794533095233504 ], [ -120.005690213465414, 38.794655445954128 ], [ -120.005618484340687, 38.794489403246281 ], [ -120.005603242775564, 38.794533095233504 ] ], [ [ -120.005734065550811, 38.79415807224494 ], [ -120.005633578624369, 38.794446133400903 ], [ -120.005700514556537, 38.794409463958104 ], [ -120.005734065550811, 38.79415807224494 ] ], [ [ -120.00585207425226, 38.794089026716058 ], [ -120.005848456414185, 38.794032877883012 ], [ -120.005734065550811, 38.79415807224494 ], [ -120.00585207425226, 38.794089026716058 ] ], [ [ -120.00568843467849, 38.79359834344563 ], [ -120.005659652196755, 38.79359048566279 ], [ -120.005841866787776, 38.793930606793339 ], [ -120.005838119749512, 38.793872452643811 ], [ -120.00568843467849, 38.79359834344563 ] ], [ [ -120.005159280391851, 38.79329081972444 ], [ -120.005175525001334, 38.793311313646427 ], [ -120.005299037014808, 38.793220788209531 ], [ -120.005159280391851, 38.79329081972444 ] ], [ [ -120.008356052426436, 38.793226315334017 ], [ -120.007998842621717, 38.793405324375634 ], [ -120.008351351991081, 38.793234177557522 ], [ -120.008356052426436, 38.793226315334017 ] ], [ [ -120.009066905611277, 38.792639898102493 ], [ -120.009221204858648, 38.79248941061973 ], [ -120.008885364782657, 38.792760172197163 ], [ -120.00907679251489, 38.792648159401423 ], [ -120.009066905611277, 38.792639898102493 ] ], [ [ -120.009477449053847, 38.792181945967215 ], [ -120.009444937600122, 38.792271203355199 ], [ -120.009642952781661, 38.792078076976445 ], [ -120.009477449053847, 38.792181945967215 ] ], [ [ -120.009943227222465, 38.791631158705968 ], [ -120.009700239132371, 38.791809273738444 ], [ -120.009936993707456, 38.791653175105843 ], [ -120.009943227222465, 38.791631158705968 ] ], [ [ -120.0104061174696, 38.790988443431004 ], [ -120.010018029070224, 38.791366961864284 ], [ -120.010409543753568, 38.790996159469948 ], [ -120.0104061174696, 38.790988443431004 ] ], [ [ -120.010582893520933, 38.791229560293495 ], [ -120.010594095145194, 38.791217298833693 ], [ -120.010569588267714, 38.791206911563037 ], [ -120.010582893520933, 38.791229560293495 ] ], [ [ -120.01082282067533, 38.794108508155176 ], [ -120.010964914417528, 38.793499318067525 ], [ -120.010965340129019, 38.793271545406448 ], [ -120.01080347847838, 38.794110751774163 ], [ -120.01082282067533, 38.794108508155176 ] ], [ [ -120.010768558878283, 38.794341138350354 ], [ -120.010819611823379, 38.794122265136302 ], [ -120.010718120058925, 38.794421434172165 ], [ -120.010768558878283, 38.794341138350354 ] ], [ [ -120.008986006506547, 38.795124313354769 ], [ -120.00898148893431, 38.795232305763484 ], [ -120.009008252752452, 38.795142901314755 ], [ -120.009480672920688, 38.795555639536168 ], [ -120.009475426581801, 38.795533247588601 ], [ -120.008986006506547, 38.795124313354769 ] ], [ [ -120.009512177683689, 38.796009587635325 ], [ -120.009369125316084, 38.795872867062272 ], [ -120.009501099272796, 38.79602039187472 ], [ -120.009512177683689, 38.796009587635325 ] ], [ [ -120.009314694930993, 38.793871471820346 ], [ -120.009141657851615, 38.794155327542747 ], [ -120.009146118710333, 38.794164270654193 ], [ -120.009314694930993, 38.793871471820346 ] ], [ [ -120.009609081516771, 38.792888020891496 ], [ -120.009422835576842, 38.792937304386797 ], [ -120.009278238672294, 38.792816483202252 ], [ -120.009441462814209, 38.792969012781782 ], [ -120.009445834050396, 38.792937893497715 ], [ -120.009609081516771, 38.792888020891496 ] ], [ [ -120.010106437466476, 38.793657516335429 ], [ -120.010125767609267, 38.793672425796387 ], [ -120.010106016783183, 38.793116964587732 ], [ -120.010130295751452, 38.793125707160847 ], [ -120.010085276025777, 38.793062379326472 ], [ -120.010106437466476, 38.793657516335429 ] ], [ [ -120.01069322514779, 38.793250549782108 ], [ -120.010432662211912, 38.793234585202867 ], [ -120.010536969391765, 38.79327214454289 ], [ -120.01069322514779, 38.793250549782108 ] ], [ [ -120.010393318305191, 38.79322041806018 ], [ -120.010357495765533, 38.793159440632664 ], [ -120.010213754752257, 38.793155759719156 ], [ -120.010393318305191, 38.79322041806018 ] ], [ [ -120.010436026219097, 38.79105579829406 ], [ -120.010461010464539, 38.791234161426878 ], [ -120.010461762915455, 38.791216162655601 ], [ -120.010474474626704, 38.791226784173922 ], [ -120.010504618263496, 38.791210267929941 ], [ -120.010436026219097, 38.79105579829406 ] ], [ [ -120.008077731091788, 38.797394150380043 ], [ -120.008447356425862, 38.797542944866095 ], [ -120.008245629294592, 38.797411649401859 ], [ -120.008077731091788, 38.797394150380043 ] ], [ [ -120.00791538512577, 38.79738036318286 ], [ -120.007930416643404, 38.797378796474668 ], [ -120.007908503477267, 38.797376512550095 ], [ -120.00791538512577, 38.79738036318286 ] ], [ [ -120.007384441691258, 38.797083270941407 ], [ -120.0074162777955, 38.797101085138365 ], [ -120.007959435970193, 38.797098008704118 ], [ -120.007384441691258, 38.797083270941407 ] ], [ [ -120.008092162220123, 38.797227536345034 ], [ -120.00824002921938, 38.79727036475991 ], [ -120.007959435970193, 38.797098008704118 ], [ -120.008092162220123, 38.797227536345034 ] ], [ [ -120.009229936371597, 38.798748732197339 ], [ -120.009226413257622, 38.798734076478723 ], [ -120.00873996373592, 38.798662689757997 ], [ -120.008836160770386, 38.798706060272394 ], [ -120.009229936371597, 38.798748732197339 ] ], [ [ -120.009072940951796, 38.79854996453512 ], [ -120.008621219886919, 38.798340192660177 ], [ -120.008482465602739, 38.798354655258471 ], [ -120.008445443822822, 38.79829494634587 ], [ -120.00849718127877, 38.798553230507324 ], [ -120.008480959321133, 38.798390652691815 ], [ -120.00862046678175, 38.798358191379208 ], [ -120.009072940951796, 38.79854996453512 ] ], [ [ -120.008072830856065, 38.803191002203931 ], [ -120.007367664999947, 38.803086174117155 ], [ -120.007430289451833, 38.80313849680951 ], [ -120.008072830856065, 38.803191002203931 ] ], [ [ -120.010021148358618, 38.805598318617847 ], [ -120.010137123765986, 38.805586230469892 ], [ -120.010010660498921, 38.805450033965258 ], [ -120.010018557576842, 38.805561688374951 ], [ -120.010022863950525, 38.805565286028276 ], [ -120.010018804677898, 38.80556518205961 ], [ -120.010021148358618, 38.805598318617847 ] ], [ [ -120.000816965460416, 38.806515476632242 ], [ -120.000818140791495, 38.806516349774604 ], [ -120.000976809744884, 38.806576482064401 ], [ -120.001039818958787, 38.806571548792604 ], [ -120.000816965460416, 38.806515476632242 ] ], [ [ -120.001138833424548, 38.806563796438894 ], [ -120.001323360340621, 38.80654934864404 ], [ -120.001742694046428, 38.806433993695791 ], [ -120.001138833424548, 38.806563796438894 ] ], [ [ -120.002382094440506, 38.806241705980028 ], [ -120.002573054416601, 38.806401263653719 ], [ -120.002395827159731, 38.806234551122238 ], [ -120.002382094440506, 38.806241705980028 ] ], [ [ -120.009934618614949, 38.805472935778525 ], [ -120.00999835550023, 38.80560069430949 ], [ -120.010019472413191, 38.805598493301204 ], [ -120.009934618614949, 38.805472935778525 ] ], [ [ -120.009977950812342, 38.804987559508902 ], [ -120.009863692000053, 38.804966614949372 ], [ -120.00989744256249, 38.804985497432412 ], [ -120.009977950812342, 38.804987559508902 ] ], [ [ -120.004050518303373, 38.822240944990796 ], [ -120.004328876236329, 38.822194035456725 ], [ -120.004357810691062, 38.822167569737431 ], [ -120.004050518303373, 38.822240944990796 ] ], [ [ -120.005004403182156, 38.822013173246653 ], [ -120.004818426068667, 38.822057582205971 ], [ -120.005026656266438, 38.822031762183428 ], [ -120.005785911944457, 38.822051241206786 ], [ -120.005004403182156, 38.822013173246653 ] ], [ [ -120.008897780056387, 38.822306498407691 ], [ -120.009093080493898, 38.82230277960042 ], [ -120.00893119823742, 38.822294043845595 ], [ -120.008897780056387, 38.822306498407691 ] ], [ [ -120.009997538325649, 38.822351583272102 ], [ -120.010194373874327, 38.82238046005147 ], [ -120.010426185783317, 38.822374710210738 ], [ -120.009997538325649, 38.822351583272102 ] ], [ [ -120.010900096412215, 38.822351899821498 ], [ -120.010884480569274, 38.822363341349352 ], [ -120.01090912723572, 38.822362729891367 ], [ -120.010938257007737, 38.822374286632375 ], [ -120.010900096412215, 38.822351899821498 ] ], [ [ -120.011227734647761, 38.822489131369586 ], [ -120.011248975183477, 38.822497558105333 ], [ -120.011268764003646, 38.822493765060464 ], [ -120.011227734647761, 38.822489131369586 ] ], [ [ -120.011855996990946, 38.822396202442853 ], [ -120.012192304466922, 38.822521708575117 ], [ -120.011898470437899, 38.822388061042787 ], [ -120.011855996990946, 38.822396202442853 ] ], [ [ -120.012513664388919, 38.822547952043806 ], [ -120.012579551581197, 38.822541740085306 ], [ -120.012192304466922, 38.822521708575117 ], [ -120.012513664388919, 38.822547952043806 ] ], [ [ -119.997233245262635, 38.82257419256517 ], [ -119.997184392713848, 38.82229874227508 ], [ -119.997196807592928, 38.822551312559177 ], [ -119.997233245262635, 38.82257419256517 ] ], [ [ -119.996555672179483, 38.820986661782484 ], [ -119.996581800993084, 38.821292252785895 ], [ -119.996611636038807, 38.821117200422535 ], [ -119.996590125230796, 38.821094269834958 ], [ -119.996555672179483, 38.820986661782484 ] ], [ [ -119.998131807711516, 38.82180842570164 ], [ -119.998182799107198, 38.822108207937269 ], [ -119.998171137075019, 38.821837639131594 ], [ -119.998131807711516, 38.82180842570164 ] ], [ [ -119.998959765232314, 38.822254312418941 ], [ -119.998995950348331, 38.822489475823595 ], [ -119.999013173116765, 38.822505934564454 ], [ -119.998959765232314, 38.822254312418941 ] ], [ [ -119.999052315801535, 38.822543340785266 ], [ -119.999150955547208, 38.822637604409721 ], [ -119.999401017153872, 38.822716104746149 ], [ -119.999052315801535, 38.822543340785266 ] ], [ [ -119.99947230886076, 38.822663883640423 ], [ -119.999930197613992, 38.822729707236952 ], [ -119.999945673627849, 38.822726829021654 ], [ -119.99947230886076, 38.822663883640423 ] ], [ [ -120.000273803772956, 38.822774574149683 ], [ -120.000325352303733, 38.822765888953597 ], [ -120.000185551699076, 38.822682216415593 ], [ -120.000251551766326, 38.822755984348134 ], [ -120.000251551766354, 38.822755984348156 ], [ -120.000273803772956, 38.822774574149683 ] ], [ [ -120.000268051804071, 38.822774426326163 ], [ -120.000275123251413, 38.822782330030449 ], [ -120.000273803772956, 38.822774574149683 ], [ -120.000268051804071, 38.822774426326163 ] ], [ [ -120.000251551766354, 38.822755984348156 ], [ -120.000251551766354, 38.822755984348163 ], [ -120.000251551766354, 38.822755984348156 ], [ -120.000251551766354, 38.822755984348156 ] ], [ [ -120.00037401410647, 38.822757690107139 ], [ -120.000459378431557, 38.822743307334775 ], [ -120.000602716110237, 38.822620865210446 ], [ -120.00037401410647, 38.822757690107139 ] ], [ [ -120.017106402936022, 38.826266433931814 ], [ -120.017170683411123, 38.826296558165957 ], [ -120.017171284859614, 38.826288684004972 ], [ -120.017106402936022, 38.826266433931814 ] ], [ [ -120.01664056603687, 38.826311156102499 ], [ -120.016966906943892, 38.826218596157581 ], [ -120.016944198312544, 38.826210808597793 ], [ -120.01664056603687, 38.826311156102499 ] ], [ [ -120.01565191634495, 38.826267864225059 ], [ -120.015362573227421, 38.826026232151136 ], [ -120.015963518809315, 38.826528082655763 ], [ -120.015674925668719, 38.826268452531998 ], [ -120.016412728172654, 38.826251278443337 ], [ -120.01565191634495, 38.826267864225059 ] ], [ [ -120.01379493630597, 38.826058207873047 ], [ -120.013746492062737, 38.826080617043921 ], [ -120.013759652989222, 38.826084426961565 ], [ -120.01379418375825, 38.826076206591644 ], [ -120.015362573227421, 38.826026232151136 ], [ -120.01379493630597, 38.826058207873047 ] ], [ [ -120.013724403527362, 38.826092439270653 ], [ -120.013724471942439, 38.826090803023597 ], [ -120.013715567944246, 38.826094921797626 ], [ -120.013725841604071, 38.82609247606355 ], [ -120.013724403527362, 38.826092439270653 ] ], [ [ -120.01270070583287, 38.82633651318428 ], [ -120.013272679821611, 38.826200354132091 ], [ -120.013051114351313, 38.826219355105643 ], [ -120.01270070583287, 38.82633651318428 ] ], [ [ -120.017214589814159, 38.825803305098383 ], [ -120.017168571402109, 38.825802129098236 ], [ -120.017211583090656, 38.825875300199939 ], [ -120.017214589814159, 38.825803305098383 ] ], [ [ -120.016109330094068, 38.825610891347893 ], [ -120.015912090181814, 38.825553796948263 ], [ -120.016093907129118, 38.825612499068313 ], [ -120.016109330094068, 38.825610891347893 ] ], [ [ -120.016165190312151, 38.825560267412669 ], [ -120.016119933382157, 38.825609786038889 ], [ -120.016510326984587, 38.825569089890998 ], [ -120.016165190312151, 38.825560267412669 ] ], [ [ -120.013376147544207, 38.825056504310737 ], [ -120.014480574835559, 38.825084758718731 ], [ -120.013068498648039, 38.825002008586061 ], [ -120.013376147544207, 38.825056504310737 ] ], [ [ -120.012366015859399, 38.824976599184843 ], [ -120.012497695937014, 38.824968553661201 ], [ -120.012297742241074, 38.824956833647086 ], [ -120.013068752334263, 38.8252468360864 ], [ -120.012366015859399, 38.824976599184843 ] ], [ [ -120.016274070723895, 38.827364848728116 ], [ -120.016298584317397, 38.827329439414974 ], [ -120.016206545607929, 38.827327086597677 ], [ -120.016274070723895, 38.827364848728116 ] ], [ [ -119.999683992982312, 38.836558962247842 ], [ -119.999958338053375, 38.836315938586246 ], [ -120.000058706062745, 38.836120321590947 ], [ -119.999683992982312, 38.836558962247842 ] ], [ [ -120.00166737515319, 38.835116621150128 ], [ -120.001410464983991, 38.835200110373471 ], [ -120.001526280372758, 38.835185067966954 ], [ -120.001546236285307, 38.83520534223446 ], [ -120.00166737515319, 38.835116621150128 ] ], [ [ -120.002618830416068, 38.834402325762909 ], [ -120.00318168684305, 38.834164528709884 ], [ -120.003191651020344, 38.834153125906525 ], [ -120.002618830416068, 38.834402325762909 ] ], [ [ -120.017150548204398, 38.833504169237528 ], [ -120.017209709789014, 38.833640999814058 ], [ -120.017168949631937, 38.833513832358435 ], [ -120.017150548204398, 38.833504169237528 ] ], [ [ -120.016670212874686, 38.833320905586952 ], [ -120.017103373658927, 38.833479396497005 ], [ -120.016988615861322, 38.833419133656243 ], [ -120.016670212874686, 38.833320905586952 ] ], [ [ -120.013685483452207, 38.833082413368608 ], [ -120.014537621605413, 38.832964706004368 ], [ -120.014312814386898, 38.832954319210522 ], [ -120.013685483452207, 38.833082413368608 ] ], [ [ -120.008587170031404, 38.834357252993279 ], [ -120.008701335323096, 38.834326545571024 ], [ -120.008463678823432, 38.834361506936709 ], [ -120.008587170031404, 38.834357252993279 ] ], [ [ -120.007987355532578, 38.834377913773899 ], [ -120.008137309170678, 38.834372748869271 ], [ -120.007971925429999, 38.834374131382788 ], [ -120.007987355532578, 38.834377913773899 ] ], [ [ -120.007016963448919, 38.834262943459578 ], [ -120.00757691540116, 38.834277301496535 ], [ -120.007094423627294, 38.834246911889281 ], [ -120.007016963448919, 38.834262943459578 ] ], [ [ -120.006297687301313, 38.834568818836019 ], [ -120.006791222176574, 38.83430966373443 ], [ -120.006629662081082, 38.834343100518204 ], [ -120.006297687301313, 38.834568818836019 ] ], [ [ -120.004724274610936, 38.835569572288456 ], [ -120.004859992370356, 38.83534273924375 ], [ -120.004712859244165, 38.835555178345565 ], [ -120.004724274610936, 38.835569572288456 ] ], [ [ -120.002061183813311, 38.835613221001381 ], [ -120.002335817035842, 38.835656310933537 ], [ -120.001835598274795, 38.835499318773095 ], [ -120.002061183813311, 38.835613221001381 ] ], [ [ -120.017412678494793, 38.833128965101785 ], [ -120.017407237140162, 38.833097029635184 ], [ -120.017392595296101, 38.833123152481363 ], [ -120.017412678494793, 38.833128965101785 ] ], [ [ -120.017316228507241, 38.834994302699059 ], [ -120.017391708421613, 38.834798800726546 ], [ -120.017330932860801, 38.834797247591055 ], [ -120.017316228507241, 38.834994302699059 ] ], [ [ -120.017341681679639, 38.834653200167715 ], [ -120.017407497673219, 38.834420826947415 ], [ -120.017388179877514, 38.834030057337436 ], [ -120.017341681679639, 38.834653200167715 ] ], [ [ -119.999090019070181, 38.792424657841828 ], [ -119.999070264002384, 38.792408147233303 ], [ -119.999073908994532, 38.792444727365009 ], [ -119.999090019070181, 38.792424657841828 ] ], [ [ -119.998995194827785, 38.792345406893403 ], [ -119.99888398147732, 38.792252458161499 ], [ -119.998949198702306, 38.792344224568545 ], [ -119.998995194827785, 38.792345406893403 ] ], [ [ -119.99856427551569, 38.792190185501568 ], [ -119.998334295505003, 38.79218427286817 ], [ -119.998324120941106, 38.792223964217882 ], [ -119.998356537982104, 38.792202862720643 ], [ -119.99888398147732, 38.792252458161499 ], [ -119.99856427551569, 38.792190185501568 ] ], [ [ -119.998143511365413, 38.792341529522403 ], [ -119.997842994535787, 38.792248717290455 ], [ -119.997838234024016, 38.792253073031695 ], [ -119.998143511365413, 38.792341529522403 ] ], [ [ -119.997616169663772, 38.791192835848669 ], [ -119.997372390009602, 38.7911384224101 ], [ -119.997267023388602, 38.79118385657852 ], [ -119.997616169663772, 38.791192835848669 ] ], [ [ -119.997718672085426, 38.790989104207391 ], [ -119.997754662117202, 38.790986908072128 ], [ -119.997740225759756, 38.790979810121677 ], [ -119.997718672085426, 38.790989104207391 ] ], [ [ -119.997915803279739, 38.791066136432065 ], [ -119.997942670610186, 38.791093123819685 ], [ -119.997991221938946, 38.791103217430063 ], [ -119.997915803279739, 38.791066136432065 ] ], [ [ -119.998120692221448, 38.791130133628087 ], [ -119.998536076763017, 38.791216488819209 ], [ -119.998536958120326, 38.791195490481911 ], [ -119.998120692221448, 38.791130133628087 ] ], [ [ -119.995279192521565, 38.785078668881006 ], [ -119.995294522955334, 38.785079063411061 ], [ -119.995382636614664, 38.785283132567791 ], [ -119.995444907640319, 38.785335185448325 ], [ -119.995294832107589, 38.785045609370002 ], [ -119.995279192521565, 38.785078668881006 ] ], [ [ -119.995444907640376, 38.785335185448382 ], [ -119.995511626696754, 38.785390956358491 ], [ -119.995786063844136, 38.785434054185806 ], [ -119.995444907640376, 38.785335185448382 ] ], [ [ -119.998055581672375, 38.78532004027204 ], [ -119.999811844806175, 38.78550153552645 ], [ -119.998185181944152, 38.785315580830385 ], [ -119.998055581672375, 38.78532004027204 ] ], [ [ -120.000070193686284, 38.78568435000129 ], [ -120.00008024634846, 38.785688612298692 ], [ -120.000083111165054, 38.785693490711189 ], [ -120.000150927983668, 38.785741479417084 ], [ -120.000164158091991, 38.785741023954024 ], [ -119.999811844806175, 38.78550153552645 ], [ -120.000070193686284, 38.78568435000129 ] ], [ [ -120.000284139858067, 38.785835742841222 ], [ -120.00039313165442, 38.785912867357304 ], [ -120.000447794143767, 38.78591842970571 ], [ -120.000284139858067, 38.785835742841222 ] ], [ [ -120.002040157187537, 38.786711927000013 ], [ -120.00223560313772, 38.786683161604714 ], [ -120.002225636551003, 38.786680653452009 ], [ -120.002040157187537, 38.786711927000013 ] ], [ [ -120.002269127116733, 38.786691598112299 ], [ -120.002361351334315, 38.786738192026625 ], [ -120.002355371162167, 38.786713301883744 ], [ -120.002269127116733, 38.786691598112299 ] ], [ [ -120.002346650084291, 38.786677003758264 ], [ -120.002322148049515, 38.786575023307861 ], [ -120.002077487768446, 38.78637054318142 ], [ -120.002346650084291, 38.786677003758264 ] ], [ [ -120.0019016527188, 38.786021671312923 ], [ -120.001926322361427, 38.78613242734594 ], [ -120.002083523174747, 38.786226553993757 ], [ -120.001929340196369, 38.786060432759704 ], [ -120.001977060775289, 38.786098838173686 ], [ -120.0019016527188, 38.786021671312923 ] ], [ [ -120.002670109458421, 38.786511884616111 ], [ -120.002672372305241, 38.786457888643234 ], [ -120.002619499303719, 38.786483558308547 ], [ -120.002670109458421, 38.786511884616111 ] ], [ [ -120.002197749601905, 38.786247504949216 ], [ -120.001903984179407, 38.785857195629944 ], [ -120.001911625316168, 38.785933851731031 ], [ -120.002197749601905, 38.786247504949216 ] ], [ [ -120.00189245959946, 38.785841883482163 ], [ -120.001848638842446, 38.785783660910568 ], [ -120.001887573000943, 38.785958459331283 ], [ -120.00189245959946, 38.785841883482163 ] ], [ [ -119.997323431971125, 38.785005133738835 ], [ -119.99652085130009, 38.784930436520547 ], [ -119.9963969566885, 38.784940136379738 ], [ -119.997323431971125, 38.785005133738835 ] ], [ [ -119.993979233376763, 38.785153314948708 ], [ -119.993688222259948, 38.785266464329261 ], [ -119.993743981499364, 38.785273383788606 ], [ -119.993979233376763, 38.785153314948708 ] ], [ [ -119.993560772616775, 38.785250648323746 ], [ -119.993649218267436, 38.785261624100755 ], [ -119.993218184140645, 38.785094679265626 ], [ -119.993310846701391, 38.785172140516359 ], [ -119.993560772616775, 38.785250648323746 ] ], [ [ -119.992041726450893, 38.784148461820749 ], [ -119.991886814919553, 38.78400032686271 ], [ -119.991812490429993, 38.783988652195283 ], [ -119.992041726450893, 38.784148461820749 ] ], [ [ -119.991701321372403, 38.783971189999271 ], [ -119.991612386170303, 38.783957220167729 ], [ -119.9912176821815, 38.784037139330735 ], [ -119.991701321372403, 38.783971189999271 ] ], [ [ -119.986437987291779, 38.782742701494662 ], [ -119.985775691461626, 38.782617497568374 ], [ -119.985719737226276, 38.782643380282046 ], [ -119.986437987291779, 38.782742701494662 ] ], [ [ -119.968562402584055, 38.776800936500969 ], [ -119.968553275662543, 38.776730197734722 ], [ -119.96833174080615, 38.776526248724032 ], [ -119.968562402584055, 38.776800936500969 ] ], [ [ -120.000163690848737, 38.79028534865585 ], [ -120.000117695997801, 38.790284166843371 ], [ -120.000162935833274, 38.790303347260377 ], [ -120.000163690848737, 38.79028534865585 ] ], [ [ -120.000157923701039, 38.790068528269458 ], [ -120.000150508637532, 38.790050775892084 ], [ -120.00004505805768, 38.789952210580253 ], [ -120.000157923701039, 38.790068528269458 ] ], [ [ -119.999881502626849, 38.789799333601827 ], [ -119.999773900747854, 38.789698756530555 ], [ -119.999500199539526, 38.789637668767213 ], [ -119.999881502626849, 38.789799333601827 ] ], [ [ -119.999451939601656, 38.789690482494279 ], [ -119.999312445867091, 38.789722933392227 ], [ -119.999340238826861, 38.789687611703222 ], [ -119.999298716143855, 38.789730088018551 ], [ -119.999305018047679, 38.789735355087842 ], [ -119.999451939601656, 38.789690482494279 ] ], [ [ -119.999604613602642, 38.789892604188921 ], [ -119.999759653138057, 38.789942707919849 ], [ -119.999741842232922, 38.789914148746796 ], [ -119.999604613602642, 38.789892604188921 ] ], [ [ -120.000286749350622, 38.787351575213428 ], [ -119.999996099827413, 38.787145909187686 ], [ -119.99997574245721, 38.78714338410046 ], [ -120.000286749350622, 38.787351575213428 ] ], [ [ -119.999897444895041, 38.787133672193931 ], [ -119.999812883555506, 38.787123183276798 ], [ -119.999838858399457, 38.787141287524221 ], [ -119.999897444895041, 38.787133672193931 ] ], [ [ -119.995663264420827, 38.785690353565116 ], [ -119.995662095161109, 38.785687274278018 ], [ -119.995575384613872, 38.785626831017268 ], [ -119.995574618086096, 38.785626811292417 ], [ -119.995663264420827, 38.785690353565116 ] ], [ [ -119.995570911454692, 38.785623712910919 ], [ -119.995548545664818, 38.785608122376928 ], [ -119.995570893453646, 38.78562414144767 ], [ -119.995570911454692, 38.785623712910919 ] ], [ [ -120.002489951635127, 38.784218970486755 ], [ -120.002291655377377, 38.784556221909526 ], [ -120.002302740972098, 38.784628266176995 ], [ -120.002489951635127, 38.784218970486755 ] ], [ [ -120.00232784049733, 38.78479138526977 ], [ -120.002208335848422, 38.784896425114241 ], [ -120.002345247963035, 38.784796071733574 ], [ -120.002325736706098, 38.784777712981665 ], [ -120.00232784049733, 38.78479138526977 ] ], [ [ -120.002661076563413, 38.785628769622861 ], [ -120.002392668094274, 38.785441698526412 ], [ -120.002681809775467, 38.785683355952742 ], [ -120.002661076563413, 38.785628769622861 ] ], [ [ -120.002717621755949, 38.785777641424858 ], [ -120.002699353285351, 38.785729544383429 ], [ -120.002688782232809, 38.785791643087542 ], [ -120.002717621755949, 38.785777641424858 ] ], [ [ -120.003695518268373, 38.786213879957934 ], [ -120.003604287543766, 38.786193520628402 ], [ -120.003543970262797, 38.786063272452033 ], [ -120.003554289453405, 38.786246741996429 ], [ -120.003695518268373, 38.786213879957934 ] ], [ [ -120.003980520188648, 38.786142364790848 ], [ -120.003695518269069, 38.786213879957778 ], [ -120.003974488415238, 38.786148966771279 ], [ -120.003980520188648, 38.786142364790848 ] ], [ [ -120.004207465770975, 38.786082872800861 ], [ -120.004772886930525, 38.786025918084199 ], [ -120.004416692746489, 38.786034187027155 ], [ -120.00407099665388, 38.786043335040645 ], [ -120.004207465770975, 38.786082872800861 ] ], [ [ -120.005309775068881, 38.786147187519937 ], [ -120.005153323538423, 38.786035066356234 ], [ -120.005154077184216, 38.786017067656289 ], [ -120.00509837548384, 38.786018361009397 ], [ -120.005309775068881, 38.786147187519937 ] ], [ [ -120.005062090427828, 38.784365414584926 ], [ -120.005062440324693, 38.784357058043966 ], [ -120.005084682331486, 38.784375646607948 ], [ -120.005106924349846, 38.784394235168129 ], [ -120.005129166379746, 38.784412823724431 ], [ -120.005109654924269, 38.784412323244126 ], [ -120.005747427089659, 38.785041294023948 ], [ -120.005328591604382, 38.784598119266271 ], [ -120.005885151230956, 38.785117246241825 ], [ -120.00588464882054, 38.78506283107491 ], [ -120.00447737344517, 38.783758826967421 ], [ -120.00461081905145, 38.784147274233639 ], [ -120.004509408900972, 38.783820347915039 ], [ -120.005062090427828, 38.784365414584926 ] ], [ [ -120.005072139259951, 38.784375324866453 ], [ -120.005084197862146, 38.78438721720331 ], [ -120.005084682331486, 38.784375646607948 ], [ -120.005072139259951, 38.784375324866453 ] ], [ [ -120.005090897087314, 38.784393824056643 ], [ -120.005106305309823, 38.784409019817993 ], [ -120.005106924349846, 38.784394235168129 ], [ -120.005090897087314, 38.784393824056643 ] ], [ [ -120.005680337624966, 38.785544078452546 ], [ -120.005755353529011, 38.785401858007418 ], [ -120.005747427089659, 38.785041294023948 ], [ -120.005680337624966, 38.785544078452546 ] ], [ [ -120.003821592412294, 38.783175292613734 ], [ -120.004014063552944, 38.783555385970615 ], [ -120.003868174141388, 38.783191281714309 ], [ -120.003821592412294, 38.783175292613734 ] ], [ [ -120.003629708605231, 38.783277397350751 ], [ -120.003773347072936, 38.783158732455071 ], [ -120.003754705865006, 38.783152333874078 ], [ -120.003629708605231, 38.783277397350751 ] ], [ [ -120.002755323213208, 38.785577135005617 ], [ -120.00352350042931, 38.786019070112495 ], [ -120.003519843408228, 38.786011173174515 ], [ -120.002755323213208, 38.785577135005617 ] ], [ [ -120.002360188410165, 38.784810129659299 ], [ -120.002474560748809, 38.785032142178402 ], [ -120.002439047560358, 38.784884330537473 ], [ -120.002360188410165, 38.784810129659299 ] ], [ [ -120.00729244264565, 38.797080912637234 ], [ -120.007434208062705, 38.796994456548838 ], [ -120.00744380975145, 38.796985093062133 ], [ -120.007276014245789, 38.797080491503891 ], [ -120.00729244264565, 38.797080912637234 ] ], [ [ -120.007062445078859, 38.797075016560456 ], [ -120.006777011915929, 38.796743374510619 ], [ -120.006836990381984, 38.796754371725605 ], [ -120.00664121243301, 38.796634109529784 ], [ -120.007062445078859, 38.797075016560456 ] ], [ [ -120.00657604377686, 38.796594077663286 ], [ -120.006482538236114, 38.796627716125897 ], [ -120.006609298555077, 38.796614505451195 ], [ -120.00657604377686, 38.796594077663286 ] ], [ [ -120.005061833512116, 38.795366054213275 ], [ -120.004936980928633, 38.795362851276856 ], [ -120.005164417857287, 38.795423460537513 ], [ -120.005061833512116, 38.795366054213275 ] ], [ [ -120.004754451841819, 38.795334811803102 ], [ -120.00466198735073, 38.795292733159371 ], [ -120.004717600164852, 38.795339205005767 ], [ -120.004413332739389, 38.795457524329471 ], [ -120.004754451841819, 38.795334811803102 ] ], [ [ -120.004161850122401, 38.795415035304366 ], [ -120.004079844733582, 38.795448966952861 ], [ -120.004413332739389, 38.795457524329471 ], [ -120.004161850122401, 38.795415035304366 ] ], [ [ -120.003997839269545, 38.79548289854047 ], [ -120.004004171166713, 38.795556869731001 ], [ -120.004038542720949, 38.795466056592183 ], [ -120.003997839269545, 38.79548289854047 ] ], [ [ -120.001552547086263, 38.796740252814892 ], [ -120.001644334721703, 38.79670175604263 ], [ -120.00170591221287, 38.796634372078501 ], [ -120.001552547086263, 38.796740252814892 ] ], [ [ -119.998699887852666, 38.798283751650601 ], [ -119.998699604503059, 38.798290501108958 ], [ -119.99872332858115, 38.798273843782255 ], [ -119.998723643411353, 38.798266344383869 ], [ -119.998728376255897, 38.798270299669525 ], [ -119.998747052648227, 38.798257186450257 ], [ -119.998747398958528, 38.79824893711185 ], [ -119.998752605087873, 38.798253287924979 ], [ -119.998770776704319, 38.798240529112931 ], [ -119.998771154494165, 38.79823152983446 ], [ -119.998776833908323, 38.798236276174919 ], [ -119.998794500749355, 38.798223871770325 ], [ -119.998794910018205, 38.798214122551691 ], [ -119.998801062717334, 38.798219264419302 ], [ -119.998818224783463, 38.798207214422398 ], [ -119.998818665530763, 38.798196715263636 ], [ -119.998825291514891, 38.798202252658164 ], [ -119.998841948806529, 38.798190557069155 ], [ -119.998842421031767, 38.798179307970194 ], [ -119.998849520300936, 38.798185240891485 ], [ -119.998933997911976, 38.798125926488318 ], [ -119.999508325754704, 38.797673903014037 ], [ -119.998486087305196, 38.798440416810486 ], [ -119.998683180134918, 38.798302033101223 ], [ -119.998699887852666, 38.798283751650601 ] ], [ [ -119.988802378115935, 38.807956764929727 ], [ -119.988967232008335, 38.80796101725123 ], [ -119.98906011653213, 38.807892979350662 ], [ -119.988802378115935, 38.807956764929727 ] ], [ [ -119.988736444963962, 38.807973082076408 ], [ -119.988870670526353, 38.80806663407008 ], [ -119.988769411543402, 38.807964923507889 ], [ -119.988736444963962, 38.807973082076408 ] ], [ [ -119.997561003210294, 38.792506730523769 ], [ -119.997246588155264, 38.792318464392132 ], [ -119.99697662062114, 38.792262809901189 ], [ -119.997268074576681, 38.792355052992399 ], [ -119.99730335984458, 38.792391996485065 ], [ -119.997561003210294, 38.792506730523769 ] ], [ [ -119.996010303468211, 38.792701074628319 ], [ -119.996248601345457, 38.792509008042266 ], [ -119.996004475176434, 38.792702801537416 ], [ -119.996010303468211, 38.792701074628319 ] ], [ [ -119.99577433345938, 38.792770991679568 ], [ -119.995887289253062, 38.792737523368743 ], [ -119.995698467286772, 38.792741612388177 ], [ -119.99577433345938, 38.792770991679568 ] ], [ [ -119.99542523335235, 38.792755838771733 ], [ -119.995513437909054, 38.792745618980128 ], [ -119.995417596017944, 38.792747694207023 ], [ -119.99542523335235, 38.792755838771733 ] ], [ [ -119.993442843297785, 38.792436786947377 ], [ -119.993123899076977, 38.792356501052211 ], [ -119.993726385959306, 38.792263908726518 ], [ -119.993474165564777, 38.792239395833178 ], [ -119.993147653855502, 38.792339094881306 ], [ -119.992919188293826, 38.792297174611527 ], [ -119.99290764584596, 38.792321568611506 ], [ -119.993442843297785, 38.792436786947377 ] ], [ [ -119.992688391938444, 38.792407286747036 ], [ -119.992718058352466, 38.792471366925213 ], [ -119.992728392495707, 38.792454421919764 ], [ -119.992843382334698, 38.792457383826573 ], [ -119.992688391938444, 38.792407286747036 ] ], [ [ -119.992661669479418, 38.792398649299557 ], [ -119.992385198565316, 38.79250612896147 ], [ -119.992426390914744, 38.792518714313061 ], [ -119.992675961490363, 38.792403268878942 ], [ -119.992661669479418, 38.792398649299557 ] ], [ [ -119.992039968048473, 38.792400651179257 ], [ -119.99216292063258, 38.792438216855402 ], [ -119.991979817579647, 38.792364100008541 ], [ -119.992039968048473, 38.792400651179257 ] ], [ [ -119.991142013960555, 38.791854991427748 ], [ -119.991859281048349, 38.792290854305222 ], [ -119.991795319734734, 38.792196150044141 ], [ -119.991142013960555, 38.791854991427748 ] ], [ [ -119.985749798903484, 38.788348217552397 ], [ -119.98586728837563, 38.788637862008564 ], [ -119.985831156630994, 38.788402695764717 ], [ -119.985749798903484, 38.788348217552397 ] ], [ [ -119.985584693782599, 38.787941183348316 ], [ -119.985701026461371, 38.78822797915511 ], [ -119.985663115256472, 38.788019980244684 ], [ -119.985584693782599, 38.787941183348316 ] ], [ [ -119.985512761429561, 38.787763846876572 ], [ -119.985536136584898, 38.787821474273919 ], [ -119.985251507968343, 38.786315664507576 ], [ -119.985512761429561, 38.787763846876572 ] ], [ [ -120.00086543617023, 38.794077147850373 ], [ -120.000860521578275, 38.794090635197975 ], [ -120.000865605857712, 38.794094884207553 ], [ -120.000879071496897, 38.794087508126019 ], [ -120.000971066154108, 38.794089871327159 ], [ -120.00098623084007, 38.794094264877295 ], [ -120.000949577328157, 38.794053283322064 ], [ -120.00086543617023, 38.794077147850373 ] ], [ [ -120.001015553679309, 38.794127050114241 ], [ -120.000994441232393, 38.794103444744295 ], [ -120.000879071496897, 38.794087508126019 ], [ -120.001015553679309, 38.794127050114241 ] ], [ [ -120.000611910870063, 38.793954518788219 ], [ -120.000387447180032, 38.793732535885354 ], [ -120.0005853740075, 38.793953837023423 ], [ -120.000611910870063, 38.793954518788219 ] ], [ [ -120.000178639435333, 38.793660864572914 ], [ -119.99998555599862, 38.793433921463745 ], [ -120.000160482260881, 38.793654632267952 ], [ -120.000178639435333, 38.793660864572914 ] ], [ [ -119.999733106465541, 38.793284511741156 ], [ -119.999826077345503, 38.793393787336399 ], [ -119.99998555599862, 38.793433921463745 ], [ -119.999733106465541, 38.793284511741156 ] ], [ [ -119.99960666651539, 38.793135896828062 ], [ -119.999460478568466, 38.793099106775053 ], [ -119.999469431811875, 38.793114351876596 ], [ -119.99960666651539, 38.793135896828062 ] ], [ [ -119.999001364650354, 38.792905039491174 ], [ -119.998993195651209, 38.79289590534237 ], [ -119.998994776447049, 38.792903953973756 ], [ -119.999001364650354, 38.792905039491174 ] ], [ [ -119.989403112939655, 38.803272351368619 ], [ -119.989399689603999, 38.803161383473345 ], [ -119.989286957220799, 38.803104422338969 ], [ -119.989315771743961, 38.80307633676582 ], [ -119.989287715317303, 38.803086423953737 ], [ -119.989236710546095, 38.803071642488788 ], [ -119.989397415390869, 38.803215378633581 ], [ -119.989122157328282, 38.803190261697857 ], [ -119.989374414036888, 38.803214785445633 ], [ -119.989403112939655, 38.803272351368619 ] ], [ [ -119.989431029607232, 38.802963994391952 ], [ -119.989258989058783, 38.802862992660877 ], [ -119.989317539414373, 38.80292503168392 ], [ -119.989393115876879, 38.803000949134585 ], [ -119.989431029607232, 38.802963994391952 ] ], [ [ -119.989047646914941, 38.802429416566959 ], [ -119.988995008729674, 38.801835637010541 ], [ -119.988998298018132, 38.802304188232554 ], [ -119.989047646914941, 38.802429416566959 ] ], [ [ -119.988907554068064, 38.801725273687779 ], [ -119.988943443372008, 38.801419894419098 ], [ -119.98890982852997, 38.801671278538088 ], [ -119.988731887341743, 38.801522545253391 ], [ -119.988995008729674, 38.801835637010541 ], [ -119.988907554068064, 38.801725273687779 ] ], [ [ -119.992297373308006, 38.794706176614241 ], [ -119.992216544838939, 38.79473449569538 ], [ -119.99233251510266, 38.794750524043863 ], [ -119.992241277453473, 38.794730155548308 ], [ -119.992317939747551, 38.794732130581764 ], [ -119.992297373308006, 38.794706176614241 ] ], [ [ -119.993727464990812, 38.794428667419311 ], [ -119.993312841182799, 38.794433433972671 ], [ -119.993840359117129, 38.794481552844182 ], [ -119.993841052775437, 38.794465054230976 ], [ -119.993726816351611, 38.794444094692494 ], [ -119.993727464990812, 38.794428667419311 ] ], [ [ -119.993863294699082, 38.794483644915559 ], [ -119.993805086743365, 38.794418553253813 ], [ -119.99379656896275, 38.794427872850271 ], [ -119.993734816477115, 38.794428582892643 ], [ -119.993841052775437, 38.794465054230976 ], [ -119.993863294699082, 38.794483644915559 ] ], [ [ -119.993989638101112, 38.794216628486488 ], [ -119.99412682666636, 38.794265566030724 ], [ -119.994131816935607, 38.794236277000024 ], [ -119.993989638101112, 38.794216628486488 ] ], [ [ -119.995148643473854, 38.794030249066651 ], [ -119.994261837826954, 38.794313726637995 ], [ -119.99463435453103, 38.794215208887628 ], [ -119.994640879638553, 38.794231142588458 ], [ -119.9946351110423, 38.7941972103865 ], [ -119.995148643473854, 38.794030249066651 ] ], [ [ -119.995354873888175, 38.794053574825014 ], [ -119.995358915718114, 38.794035660867976 ], [ -119.995148643473854, 38.794030249066651 ], [ -119.995354873888175, 38.794053574825014 ] ], [ [ -119.994719051500994, 38.794422030412157 ], [ -119.994738756575615, 38.794470148066033 ], [ -119.994977617587338, 38.794464118333323 ], [ -119.994719051500994, 38.794422030412157 ] ], [ [ -119.995339765991062, 38.79445497543589 ], [ -119.995798964159718, 38.794443380771028 ], [ -119.995407986865303, 38.794433319285112 ], [ -119.995339765991062, 38.79445497543589 ] ], [ [ -119.995973879349037, 38.794664097402922 ], [ -119.996223760322351, 38.794752242183947 ], [ -119.996202354570613, 38.79470601204892 ], [ -119.995973879349037, 38.794664097402922 ] ], [ [ -119.996300330299931, 38.794779251871212 ], [ -119.99635956546939, 38.794800146741586 ], [ -119.996711351530081, 38.794647035048023 ], [ -119.996300330299931, 38.794779251871212 ] ], [ [ -120.001116106974877, 38.79424616504464 ], [ -120.001103019098721, 38.794237404858244 ], [ -120.000935233745224, 38.794395256821446 ], [ -120.001116106974877, 38.79424616504464 ] ], [ [ -120.007562013402776, 38.796691426268374 ], [ -120.007333523798991, 38.79664953336561 ], [ -120.007365913156079, 38.796669267776061 ], [ -120.007562013402776, 38.796691426268374 ] ], [ [ -120.007480654322151, 38.796739177907611 ], [ -120.007580493104427, 38.796800008034559 ], [ -120.00765024544252, 38.796783777880776 ], [ -120.007480654322151, 38.796739177907611 ] ], [ [ -120.000899408528269, 38.796877091928181 ], [ -120.000877045847261, 38.796880245306518 ], [ -120.000827080084889, 38.796913590032233 ], [ -120.000899408528269, 38.796877091928181 ] ], [ [ -120.004547766663322, 38.795240753562673 ], [ -120.004515132212632, 38.795225902229923 ], [ -120.004490624986971, 38.795261309440725 ], [ -120.004547766663322, 38.795240753562673 ] ], [ [ -120.007495933159845, 38.796934262690328 ], [ -120.007506220665789, 38.796924230376952 ], [ -120.007353356614743, 38.796892465960532 ], [ -120.007390468726868, 38.796939281318558 ], [ -120.007472109450589, 38.796957495412066 ], [ -120.007488217528419, 38.796941786924698 ], [ -120.007482467598621, 38.79694163953836 ], [ -120.007483220951983, 38.796923640833676 ], [ -120.007495933159845, 38.796934262690328 ] ], [ [ -120.007316567221025, 38.796917116672034 ], [ -120.007341367283729, 38.796889974625522 ], [ -120.007209484702074, 38.796862569861062 ], [ -120.007277730366127, 38.796882337338118 ], [ -120.007186485014245, 38.796861980260182 ], [ -120.007316567221025, 38.796917116672034 ] ], [ [ -120.007453847877755, 38.796975303961517 ], [ -120.007471243133594, 38.796958340238199 ], [ -120.007390092038463, 38.796948280670122 ], [ -120.007453847877755, 38.796975303961517 ] ], [ [ -120.007209484701576, 38.796862569860956 ], [ -120.007167093895504, 38.796853761155901 ], [ -120.007171403032558, 38.79685558762376 ], [ -120.007209484701576, 38.796862569860956 ] ], [ [ -119.996420932498495, 38.793254951078573 ], [ -119.996559552818923, 38.793327817214511 ], [ -119.996390523219304, 38.793196282905527 ], [ -119.996420932498495, 38.793254951078573 ] ], [ [ -119.99646231985146, 38.793334798930111 ], [ -119.996467559513533, 38.793325450579211 ], [ -119.996445506228739, 38.793302360741841 ], [ -119.99646231985146, 38.793334798930111 ] ], [ [ -119.99627601217442, 38.793500702399243 ], [ -119.996213643292833, 38.793460768577468 ], [ -119.996237248938812, 38.793546551838268 ], [ -119.996417782665986, 38.793414259900409 ], [ -119.996449458856659, 38.793357744881007 ], [ -119.99627601217442, 38.793500702399243 ] ], [ [ -119.995360168153823, 38.793927585228943 ], [ -119.995337969586402, 38.793902308856779 ], [ -119.995367251985087, 38.793998713330787 ], [ -119.995383166649262, 38.793928177120172 ], [ -119.995413384408195, 38.793913510818122 ], [ -119.995360168153823, 38.793927585228943 ] ], [ [ -119.990741431887258, 38.795246458391219 ], [ -119.990769636482355, 38.795232771024025 ], [ -119.990746637665168, 38.795232178208146 ], [ -119.990747395181643, 38.795214179774511 ], [ -119.990727150632026, 38.795234520849156 ], [ -119.990741431887258, 38.795246458391219 ] ], [ [ -119.990734380736839, 38.795249880231871 ], [ -119.990722881325766, 38.795249583820919 ], [ -119.990723354777671, 38.795238334800224 ], [ -119.990706906070727, 38.795254861919773 ], [ -119.990713227281589, 38.795260145751158 ], [ -119.990734380736839, 38.795249880231871 ] ], [ [ -119.98828138688927, 38.79949619077459 ], [ -119.988275860337481, 38.799444921285648 ], [ -119.988266313894385, 38.799456490048932 ], [ -119.98828138688927, 38.79949619077459 ] ], [ [ -119.989529425558558, 38.795562175939516 ], [ -119.989302068407198, 38.795638175665559 ], [ -119.989486514469647, 38.795632121335288 ], [ -119.989487535779219, 38.79615466832071 ], [ -119.989509513388683, 38.795632714404299 ], [ -119.989510271227104, 38.795614715992379 ], [ -119.989529425558558, 38.795562175939516 ] ], [ [ -119.987538653129505, 38.799239518159858 ], [ -119.987566101303599, 38.798890854198206 ], [ -119.987397372942311, 38.798767406018762 ], [ -119.987553063216339, 38.798897549153324 ], [ -119.987538653129505, 38.799239518159858 ] ], [ [ -119.987406548923673, 38.799352373121785 ], [ -119.987413792904363, 38.799470529354664 ], [ -119.987419102175792, 38.79934454079563 ], [ -119.987538653129505, 38.799239518159858 ], [ -119.987406548923673, 38.799352373121785 ] ], [ [ -119.987212605668617, 38.795653926565556 ], [ -119.987067839481711, 38.795659815797677 ], [ -119.986770053926165, 38.795749013634484 ], [ -119.987212605668617, 38.795653926565556 ] ], [ [ -119.986601793516115, 38.795791930848409 ], [ -119.986006481198558, 38.796047639189254 ], [ -119.986003243769247, 38.796050095679398 ], [ -119.9866477913354, 38.795793118121551 ], [ -119.986871712409581, 38.795943041156185 ], [ -119.986658329906277, 38.795782478870805 ], [ -119.986624792425431, 38.795792524487233 ], [ -119.986626309561316, 38.795756527759906 ], [ -119.986627068128229, 38.795738529396111 ], [ -119.986498126721955, 38.795722521863112 ], [ -119.986601793516115, 38.795791930848409 ] ], [ [ -119.986482821251528, 38.795720621743492 ], [ -119.986443835623518, 38.795715781807253 ], [ -119.986338126231644, 38.795795992813005 ], [ -119.986482821251528, 38.795720621743492 ] ], [ [ -119.985749201305481, 38.796232325195696 ], [ -119.985770138283044, 38.796216256299012 ], [ -119.985688142831862, 38.796164739058085 ], [ -119.985710383032796, 38.796183331228761 ], [ -119.985749201305481, 38.796232325195696 ] ], [ [ -119.985691217186442, 38.796182836375905 ], [ -119.985705342615745, 38.79626598621379 ], [ -119.985729709778994, 38.796247284714568 ], [ -119.985707347790637, 38.796255324617192 ], [ -119.985710383032796, 38.796183331228761 ], [ -119.985691217186442, 38.796182836375905 ] ], [ [ -119.985476281547392, 38.796453616277319 ], [ -119.985469009828662, 38.796447367931371 ], [ -119.98462090435693, 38.796728730083451 ], [ -119.984743893209725, 38.79671692899641 ], [ -119.985476281547392, 38.796453616277319 ] ], [ [ -119.984028610032112, 38.798330319610606 ], [ -119.984004424116819, 38.796806817040498 ], [ -119.984003354101048, 38.7968069052922 ], [ -119.983987862080724, 38.798264959827996 ], [ -119.984028610032112, 38.798330319610606 ] ], [ [ -119.983679857572454, 38.79683358585428 ], [ -119.983127832939019, 38.796707486475647 ], [ -119.983132434247523, 38.796711333228515 ], [ -119.983177673050093, 38.796730520194451 ], [ -119.9831999127329, 38.796749112823093 ], [ -119.983679857572454, 38.79683358585428 ] ], [ [ -119.98310943511693, 38.79671073889056 ], [ -119.983109746697451, 38.796703354971605 ], [ -119.982790485588168, 38.796630424495547 ], [ -119.983131674775322, 38.796729331531317 ], [ -119.983132434247523, 38.796711333228515 ], [ -119.98310943511693, 38.79671073889056 ] ], [ [ -119.982215508358593, 38.796615563034187 ], [ -119.981914790907538, 38.796662947460511 ], [ -119.98192282918049, 38.79667930054638 ], [ -119.982790485588168, 38.796630424495547 ], [ -119.982215508358593, 38.796615563034187 ] ], [ [ -119.983131674775393, 38.796729331531338 ], [ -119.983177166742593, 38.796742519063443 ], [ -119.983177673050093, 38.796730520194451 ], [ -119.983131674775393, 38.796729331531338 ] ], [ [ -119.981054915269937, 38.796837807396187 ], [ -119.981000037419179, 38.796807081111055 ], [ -119.98015262823813, 38.796940596626996 ], [ -119.980149645574684, 38.796955303405994 ], [ -119.981054915269937, 38.796837807396187 ] ], [ [ -119.98017252233258, 38.798292282881278 ], [ -119.979903059278683, 38.797943143967977 ], [ -119.980172828111463, 38.798307146497002 ], [ -119.98017252233258, 38.798292282881278 ] ], [ [ -119.979442123239011, 38.797408699328308 ], [ -119.979343856550358, 38.79700976267533 ], [ -119.979325443391346, 38.797004424270618 ], [ -119.979442123239011, 38.797408699328308 ] ], [ [ -119.979233265592569, 38.796977699719797 ], [ -119.97913914571113, 38.79695041201844 ], [ -119.978018275600448, 38.796777259741937 ], [ -119.977709397180433, 38.797003496659286 ], [ -119.978040513889837, 38.796795853300836 ], [ -119.979233265592569, 38.796977699719797 ] ], [ [ -119.977573341984623, 38.79721546852857 ], [ -119.977162915199614, 38.797403759760364 ], [ -119.97756151105844, 38.79723390085568 ], [ -119.977573341984623, 38.79721546852857 ] ], [ [ -119.97619029148585, 38.797458365102692 ], [ -119.976522742876924, 38.797297092487128 ], [ -119.976178443646234, 38.797453339252279 ], [ -119.97619029148585, 38.797458365102692 ] ], [ [ -119.977028658524532, 38.797262820923521 ], [ -119.977100005575622, 38.797257987576174 ], [ -119.977148521241787, 38.797227330736909 ], [ -119.977028658524532, 38.797262820923521 ] ], [ [ -119.977664505389043, 38.796734067836653 ], [ -119.977677094247255, 38.796678338025863 ], [ -119.977618109972624, 38.7966550218989 ], [ -119.977664505389043, 38.796734067836653 ] ], [ [ -119.976324749550628, 38.796320913588097 ], [ -119.977089984034848, 38.79644625494268 ], [ -119.977043015389, 38.796427688174695 ], [ -119.976379853077276, 38.796320424928737 ], [ -119.976324749550628, 38.796320913588097 ] ], [ [ -119.973922933048627, 38.796707213373686 ], [ -119.973867340219783, 38.796660727616612 ], [ -119.973847539616912, 38.79667522927339 ], [ -119.973922933048627, 38.796707213373686 ] ], [ [ -119.973845103108417, 38.796642133307067 ], [ -119.973833984557075, 38.796632836150877 ], [ -119.973555712071999, 38.796679676279027 ], [ -119.973845103108417, 38.796642133307067 ] ], [ [ -119.973369434974771, 38.79672890079452 ], [ -119.973044401993221, 38.796792545286728 ], [ -119.973043429428884, 38.796799443200918 ], [ -119.973369434974771, 38.79672890079452 ] ], [ [ -119.973026181779048, 38.796921771909943 ], [ -119.973011496771335, 38.79702592470494 ], [ -119.973063705390913, 38.797069581265283 ], [ -119.973026181779048, 38.796921771909943 ] ], [ [ -119.97361889923863, 38.797906531070133 ], [ -119.973611280233584, 38.79808651247685 ], [ -119.973728472906245, 38.798339798975242 ], [ -119.97361889923863, 38.797906531070133 ] ], [ [ -119.973805819725143, 38.798645635097046 ], [ -119.973796928919427, 38.79870155888257 ], [ -119.973816132678152, 38.798686413243708 ], [ -119.973805819725143, 38.798645635097046 ] ], [ [ -119.972947757672898, 38.799618848002517 ], [ -119.972964301170478, 38.799554412578658 ], [ -119.97263961339381, 38.799827072141916 ], [ -119.972870253725205, 38.79944691526493 ], [ -119.972815093603629, 38.799489282797936 ], [ -119.972568159994154, 38.799929492878967 ], [ -119.972947757672898, 38.799618848002517 ] ], [ [ -119.972563218560012, 38.79993353668916 ], [ -119.972265516604466, 38.799961513407574 ], [ -119.972542278213751, 38.799950673161106 ], [ -119.972563218560012, 38.79993353668916 ] ], [ [ -119.971959022266887, 38.800674279134284 ], [ -119.971879480297545, 38.800954618602162 ], [ -119.971949873539231, 38.800890256387312 ], [ -119.971959022266887, 38.800674279134284 ] ], [ [ -119.971864146080208, 38.800968639019828 ], [ -119.971839794188639, 38.800983203428828 ], [ -119.971854060484375, 38.800977860501249 ], [ -119.971864146080208, 38.800968639019828 ] ], [ [ -119.971307622351191, 38.801182507377796 ], [ -119.970944085618527, 38.801260556734029 ], [ -119.971269140679411, 38.8011969190282 ], [ -119.971307622351191, 38.801182507377796 ] ], [ [ -119.97057302934013, 38.801322999785285 ], [ -119.970224209999927, 38.801404036641827 ], [ -119.970218188831325, 38.801416750280765 ], [ -119.97057302934013, 38.801322999785285 ] ], [ [ -119.968970664705921, 38.802548663463973 ], [ -119.968836002427238, 38.802647268201127 ], [ -119.96895405890686, 38.802578262079152 ], [ -119.968970664705921, 38.802548663463973 ] ], [ [ -119.968783532808672, 38.802677937547116 ], [ -119.968749558862982, 38.802649528083528 ], [ -119.968752165080701, 38.80269627247003 ], [ -119.968783532808672, 38.802677937547116 ] ], [ [ -119.968736947496708, 38.802423333814943 ], [ -119.968753759328706, 38.802340514117382 ], [ -119.968733210801915, 38.802356313289849 ], [ -119.968736947496708, 38.802423333814943 ] ], [ [ -119.966211409969148, 38.801214237133301 ], [ -119.966159832147952, 38.801221809819282 ], [ -119.966179211775554, 38.8012269137635 ], [ -119.966211409969148, 38.801214237133301 ] ], [ [ -119.963078714649669, 38.800497654189527 ], [ -119.963218245508742, 38.800483887388054 ], [ -119.962917715217998, 38.80049346575835 ], [ -119.962281217243742, 38.800670267207131 ], [ -119.96228830471766, 38.800675285688797 ], [ -119.962986714970341, 38.800495260827397 ], [ -119.963153512034182, 38.800543643612222 ], [ -119.963078714649669, 38.800497654189527 ] ], [ [ -119.963606702961059, 38.800445559350358 ], [ -119.963656770786173, 38.800440619196813 ], [ -119.96369819328433, 38.80040692527816 ], [ -119.963606702961059, 38.800445559350358 ] ], [ [ -119.967175206932765, 38.797288862973168 ], [ -119.967185132387854, 38.797054888505613 ], [ -119.967140445760265, 38.797039622370868 ], [ -119.967175206932765, 38.797288862973168 ] ], [ [ -119.96713556098841, 38.797037953602093 ], [ -119.967076553778341, 38.797017795138402 ], [ -119.966975088113827, 38.797121503143828 ], [ -119.96713556098841, 38.797037953602093 ] ], [ [ -119.966766530233485, 38.796911882020076 ], [ -119.965949493013099, 38.796632752834377 ], [ -119.966184637462035, 38.796758624757885 ], [ -119.966766530233485, 38.796911882020076 ] ], [ [ -119.965934931529532, 38.7966277780395 ], [ -119.965889765109779, 38.796612347338318 ], [ -119.965862074346092, 38.796688226844502 ], [ -119.965934931529532, 38.7966277780395 ] ], [ [ -119.965020735699085, 38.796247451236191 ], [ -119.96478469283899, 38.796109628472792 ], [ -119.964625040217314, 38.796073946293646 ], [ -119.964963333054527, 38.796240397856181 ], [ -119.964897106375147, 38.796303540421604 ], [ -119.965020735699085, 38.796247451236191 ] ], [ [ -119.964477579742464, 38.796001390195869 ], [ -119.964445827938036, 38.795956674926209 ], [ -119.964142559785401, 38.795836546568871 ], [ -119.964477579742464, 38.796001390195869 ] ], [ [ -119.963670468771554, 38.795649543011635 ], [ -119.963472181308902, 38.795570997014131 ], [ -119.962797916935941, 38.795408071863605 ], [ -119.963670468771554, 38.795649543011635 ] ], [ [ -119.962512012788153, 38.795338986338983 ], [ -119.962469430362418, 38.795328696703898 ], [ -119.962386671843788, 38.795650864831366 ], [ -119.962332970223585, 38.795289110392183 ], [ -119.96238196521621, 38.795685347059418 ], [ -119.962512012788153, 38.795338986338983 ] ], [ [ -119.957777753935787, 38.794125460386041 ], [ -119.95900738641545, 38.794445782135789 ], [ -119.958933799769227, 38.794551972389961 ], [ -119.959052616728727, 38.794464978144887 ], [ -119.961398457185112, 38.795066594336284 ], [ -119.961396856851479, 38.795088737662326 ], [ -119.962332970223585, 38.795289110392183 ], [ -119.957777753935787, 38.794125460386041 ] ], [ [ -119.959127886994665, 38.794696312020257 ], [ -119.959136953848159, 38.794647353390509 ], [ -119.958933799769227, 38.794551972389961 ], [ -119.959127886994665, 38.794696312020257 ] ], [ [ -119.956392362263244, 38.793786650900202 ], [ -119.955956324881811, 38.79364555391269 ], [ -119.955726349248508, 38.793639557237491 ], [ -119.956392362263244, 38.793786650900202 ] ], [ [ -119.955547229224408, 38.797309128813367 ], [ -119.955556558778966, 38.797248605925851 ], [ -119.955516110268505, 38.797292820879235 ], [ -119.95552401626243, 38.797309918771617 ], [ -119.955547229224408, 38.797309128813367 ] ], [ [ -119.955041021469455, 38.793513577436265 ], [ -119.954520745407365, 38.793284930348513 ], [ -119.95451061050575, 38.793306321640053 ], [ -119.955041021469455, 38.793513577436265 ] ], [ [ -119.952137680997467, 38.792028149007656 ], [ -119.952111958245808, 38.792013736245273 ], [ -119.951547998908893, 38.792412478522721 ], [ -119.952137680997467, 38.792028149007656 ] ], [ [ -119.949986103580358, 38.793519374068467 ], [ -119.94997467751638, 38.793543486791734 ], [ -119.949974677515826, 38.793543486792181 ], [ -119.950263176463011, 38.793320872699049 ], [ -119.950022975465188, 38.793490695143895 ], [ -119.950598707437948, 38.792947182411503 ], [ -119.949986103580358, 38.793519374068467 ] ], [ [ -119.952021504745886, 38.791975339090676 ], [ -119.952043734530662, 38.791993937284943 ], [ -119.95201503732666, 38.791945005563569 ], [ -119.951989126884584, 38.791963339881093 ], [ -119.951998763524571, 38.791968739424682 ], [ -119.95199927497265, 38.791956740892616 ], [ -119.952021504745886, 38.791975339090676 ] ], [ [ -119.952010006273042, 38.791975038891245 ], [ -119.952021249023588, 38.791981338356841 ], [ -119.952021504745886, 38.791975339090676 ], [ -119.952010006273042, 38.791975038891245 ] ], [ [ -119.951571540576509, 38.791729358946803 ], [ -119.952007470118872, 38.7919321026746 ], [ -119.95197934673881, 38.791884149296919 ], [ -119.951663528010599, 38.791731760843021 ], [ -119.951571540576509, 38.791729358946803 ] ], [ [ -119.948027857970175, 38.794049586433083 ], [ -119.94801908304197, 38.794050931406673 ], [ -119.947270812498147, 38.79486018638007 ], [ -119.948027857970175, 38.794049586433083 ] ], [ [ -119.946249623458357, 38.795590226350583 ], [ -119.946034185129776, 38.795782786495984 ], [ -119.947270812498147, 38.79486018638007 ], [ -119.946249623458357, 38.795590226350583 ] ], [ [ -119.945743600489521, 38.796117522604554 ], [ -119.94534878737656, 38.796197281642598 ], [ -119.945696066463796, 38.796152314580638 ], [ -119.946027266110349, 38.795944765669184 ], [ -119.94574436934829, 38.796099524924173 ], [ -119.945773652388198, 38.794875080838366 ], [ -119.945743600489521, 38.796117522604554 ] ], [ [ -119.945223535814165, 38.796275770292688 ], [ -119.945241475111246, 38.796275826747483 ], [ -119.94534878737656, 38.796197281642598 ], [ -119.945223535814165, 38.796275770292688 ] ], [ [ -119.947257450033419, 38.788711884362982 ], [ -119.94728139352533, 38.78868035398898 ], [ -119.947061050891548, 38.788508004379302 ], [ -119.947257450033419, 38.788711884362982 ] ], [ [ -119.990699314357229, 38.795262489820217 ], [ -119.990692445662688, 38.795269391253434 ], [ -119.99069912497481, 38.795266989428384 ], [ -119.990699314357229, 38.795262489820217 ] ], [ [ -119.989556269055683, 38.795615902116104 ], [ -119.989582299248767, 38.795544501518222 ], [ -119.989540473794392, 38.795558482778922 ], [ -119.989556269055683, 38.795615902116104 ] ], [ [ -119.970562641438008, 38.799394817522348 ], [ -119.970672181882748, 38.798983248843101 ], [ -119.970666538570811, 38.798921787830665 ], [ -119.970562641438008, 38.799394817522348 ] ], [ [ -119.97060928455393, 38.798837473668783 ], [ -119.970661480890897, 38.798866704847413 ], [ -119.970609165254757, 38.798296934179191 ], [ -119.970494049694167, 38.79775341051996 ], [ -119.97060928455393, 38.798837473668783 ] ], [ [ -119.948073264642176, 38.792841484279592 ], [ -119.948216985382189, 38.792650715669289 ], [ -119.94805574539626, 38.792851334729917 ], [ -119.948058225679645, 38.792853409977681 ], [ -119.948073264642176, 38.792841484279592 ] ], [ [ -119.950029432465172, 38.79083939940535 ], [ -119.950022374126647, 38.790806024282844 ], [ -119.949995544845279, 38.790805323374421 ], [ -119.950029432465172, 38.79083939940535 ] ], [ [ -119.984181951648793, 38.798576278686241 ], [ -119.984252370402217, 38.798636403001005 ], [ -119.984129017969195, 38.798491373569867 ], [ -119.984181951648793, 38.798576278686241 ] ], [ [ -119.989167650704019, 38.802766211733285 ], [ -119.989077414017032, 38.802612533731143 ], [ -119.988568102423514, 38.802130930233645 ], [ -119.989167650704019, 38.802766211733285 ] ], [ [ -119.988412825352313, 38.802291499897152 ], [ -119.988443239791295, 38.802361942362651 ], [ -119.989121506865999, 38.802968602600153 ], [ -119.989089043137639, 38.802883102715981 ], [ -119.988412825352313, 38.802291499897152 ] ], [ [ -119.987047035792557, 38.800524122638528 ], [ -119.987115312749367, 38.80087956130108 ], [ -119.987113761391257, 38.800579898531154 ], [ -119.987047035792557, 38.800524122638528 ] ], [ [ -119.987119829971292, 38.800435911673482 ], [ -119.987095263778116, 38.800363205923347 ], [ -119.987047035792557, 38.800524122638528 ], [ -119.987119829971292, 38.800435911673482 ] ], [ [ -119.986793790055103, 38.799977048371396 ], [ -119.987081445314445, 38.800322308937197 ], [ -119.987058414573681, 38.800254147290772 ], [ -119.986793790055103, 38.799977048371396 ] ], [ [ -119.986716203492179, 38.79963270500815 ], [ -119.986777084789026, 38.79972554315556 ], [ -119.986737445414661, 38.79912875108981 ], [ -119.986716203492179, 38.79963270500815 ] ], [ [ -119.976159331807082, 38.79744523201127 ], [ -119.976184438485632, 38.797399272113296 ], [ -119.976063320667492, 38.797453360323416 ], [ -119.976125666927061, 38.79743095135931 ], [ -119.976159331807082, 38.79744523201127 ] ], [ [ -119.975932537594446, 38.797642163591433 ], [ -119.975982771450575, 38.797489331485671 ], [ -119.975961627268035, 38.797498773905993 ], [ -119.975932537594446, 38.797642163591433 ] ], [ [ -119.974364018103614, 38.797709630065675 ], [ -119.9744989670248, 38.797785199055014 ], [ -119.974273620559245, 38.797565118591749 ], [ -119.974364018103614, 38.797709630065675 ] ], [ [ -119.973997408016004, 38.797123555392496 ], [ -119.974187430324633, 38.797427332437216 ], [ -119.973972872538894, 38.796968866422567 ], [ -119.973997408016004, 38.797123555392496 ] ], [ [ -119.973831699128894, 38.796686830596137 ], [ -119.973846788602458, 38.796699448165676 ], [ -119.97383853934025, 38.796681820934332 ], [ -119.973831699128894, 38.796686830596137 ] ], [ [ -119.976293095515331, 38.796738595693746 ], [ -119.976271926843992, 38.797239116736307 ], [ -119.976321839889764, 38.797147746002267 ], [ -119.976293095515331, 38.796738595693746 ] ], [ [ -119.963110001353741, 38.799219200747544 ], [ -119.962806090824927, 38.799372413362185 ], [ -119.962803361224431, 38.799391401914271 ], [ -119.962776311349259, 38.799408716013602 ], [ -119.963110001353741, 38.799219200747544 ] ], [ [ -119.962598835583321, 38.799544637734321 ], [ -119.962665652632012, 38.799479546349829 ], [ -119.962614011823234, 38.799512600467352 ], [ -119.962598835583321, 38.799544637734321 ] ], [ [ -119.960451575050641, 38.799690549425712 ], [ -119.96044210462486, 38.799690302844894 ], [ -119.960442869884545, 38.799672304929196 ], [ -119.960448000886416, 38.799676596488005 ], [ -119.960427254658256, 38.799595606596874 ], [ -119.960421735813057, 38.799652480952993 ], [ -119.960535368734725, 38.800012465895271 ], [ -119.960523199651632, 38.799821718790454 ], [ -119.960502685732919, 38.799890076425356 ], [ -119.960451575050641, 38.799690549425712 ] ], [ [ -119.962364526762912, 38.795731791273447 ], [ -119.961993461134085, 38.796235222230329 ], [ -119.96230773592977, 38.795883043062631 ], [ -119.962364526762912, 38.795731791273447 ] ], [ [ -119.964411440445858, 38.796766584590401 ], [ -119.964362494812931, 38.79689064200236 ], [ -119.964722332925589, 38.796470174089073 ], [ -119.964411440445858, 38.796766584590401 ] ], [ [ -119.958794031893206, 38.81231390838208 ], [ -119.958914800955299, 38.812317054788252 ], [ -119.959338057028518, 38.812111867219031 ], [ -119.958794031893206, 38.81231390838208 ] ], [ [ -119.960395767221144, 38.811808826893703 ], [ -119.960433772229749, 38.811798065780437 ], [ -119.960443702303863, 38.811749184861128 ], [ -119.960395767221144, 38.811808826893703 ] ], [ [ -119.97345132817108, 38.799145421332007 ], [ -119.973288986459664, 38.799281752000958 ], [ -119.973759467153783, 38.798937194814386 ], [ -119.97345132817108, 38.799145421332007 ] ], [ [ -119.982536983927744, 38.797549045655209 ], [ -119.982581425598894, 38.797219612812555 ], [ -119.982523272776021, 38.79750639655537 ], [ -119.982496430184568, 38.79747996285807 ], [ -119.982536983927744, 38.797549045655209 ] ], [ [ -119.980373348754867, 38.8015569080369 ], [ -119.980394504114145, 38.801583906767114 ], [ -119.980400366638406, 38.801517902015298 ], [ -119.980373348754867, 38.8015569080369 ] ], [ [ -119.979960898843615, 38.800995380252033 ], [ -119.979957038630715, 38.801025603209943 ], [ -119.98003086499142, 38.801119822812453 ], [ -119.979960898843615, 38.800995380252033 ] ], [ [ -119.980192552558435, 38.799265940416156 ], [ -119.980188171107471, 38.799052959326509 ], [ -119.980158148297591, 38.799535319145633 ], [ -119.980192552558435, 38.799265940416156 ] ], [ [ -119.983905808265874, 38.811880617200721 ], [ -119.983892164432604, 38.811992136989751 ], [ -119.983930547411873, 38.81203643224584 ], [ -119.983905808265874, 38.811880617200721 ] ], [ [ -119.983825978216572, 38.811377818316778 ], [ -119.98375647419806, 38.81131136559118 ], [ -119.98384939925694, 38.811525333195902 ], [ -119.983825978216572, 38.811377818316778 ] ], [ [ -119.980625392635574, 38.802646485295348 ], [ -119.980816436942149, 38.803029802416681 ], [ -119.980822073767968, 38.803035089556758 ], [ -119.980625392635574, 38.802646485295348 ] ], [ [ -119.961974719219427, 38.800468929071364 ], [ -119.962116542859249, 38.800382530573927 ], [ -119.961206542191931, 38.800665149622311 ], [ -119.961981298495985, 38.800473587753245 ], [ -119.961974719219427, 38.800468929071364 ] ], [ [ -119.962108478497669, 38.800056283512014 ], [ -119.962142060473326, 38.80000782282373 ], [ -119.962108075278948, 38.800039971158569 ], [ -119.962108478497669, 38.800056283512014 ] ], [ [ -119.953835951105248, 38.793698354400348 ], [ -119.953712101727845, 38.793798081823034 ], [ -119.954283637463959, 38.793457785141698 ], [ -119.953835951105248, 38.793698354400348 ] ], [ [ -119.953120716176983, 38.794274278239982 ], [ -119.953642769125082, 38.793909527593343 ], [ -119.953645222920173, 38.793851934570078 ], [ -119.953120716176983, 38.794274278239982 ] ], [ [ -119.952448641502215, 38.795046982495094 ], [ -119.952514322115107, 38.794997181300566 ], [ -119.952686046749932, 38.794749414360759 ], [ -119.952448641502215, 38.795046982495094 ] ], [ [ -119.951617380717181, 38.795514298578901 ], [ -119.95159143056965, 38.795528936114088 ], [ -119.951848128802439, 38.795502305798642 ], [ -119.951617380717181, 38.795514298578901 ] ], [ [ -119.950055781726732, 38.795959992755193 ], [ -119.950540279041576, 38.795936613795121 ], [ -119.950605748651554, 38.795913098983206 ], [ -119.950055781726732, 38.795959992755193 ] ], [ [ -119.948878266830022, 38.796037330636082 ], [ -119.948485761471289, 38.796063107265162 ], [ -119.949890955392789, 38.796045775543192 ], [ -119.948878266830022, 38.796037330636082 ] ], [ [ -119.948321912824028, 38.79613741262984 ], [ -119.948413694177034, 38.796133294706308 ], [ -119.948485761471289, 38.796063107265162 ], [ -119.948321912824028, 38.79613741262984 ] ], [ [ -119.94641592772922, 38.79600898578208 ], [ -119.946105499441799, 38.796195785416295 ], [ -119.94617825906424, 38.7961829469021 ], [ -119.946287100131798, 38.796329936368906 ], [ -119.946179027815475, 38.796164949214663 ], [ -119.94641592772922, 38.79600898578208 ] ], [ [ -119.945414479918554, 38.796276371050496 ], [ -119.945644687958676, 38.796277094926936 ], [ -119.945723735608965, 38.796263147229084 ], [ -119.945414479918554, 38.796276371050496 ] ], [ [ -119.958946602014677, 38.794972722286644 ], [ -119.959107066757326, 38.794808735534588 ], [ -119.959124145114345, 38.794716517168602 ], [ -119.958946602014677, 38.794972722286644 ] ], [ [ -119.960537306671256, 38.800042842483023 ], [ -119.96044444211681, 38.800176845390666 ], [ -119.960540267409115, 38.800089251158553 ], [ -119.960537306671256, 38.800042842483023 ] ], [ [ -119.949672738119716, 38.80775691137184 ], [ -119.949647825602256, 38.80767891989283 ], [ -119.949533584120374, 38.807657916787562 ], [ -119.949672738119716, 38.80775691137184 ] ], [ [ -119.952149046322916, 38.804645191961114 ], [ -119.952261004102539, 38.804179652208731 ], [ -119.952246515572511, 38.804130625876986 ], [ -119.952149046322916, 38.804645191961114 ] ], [ [ -119.952355331325862, 38.803587527399444 ], [ -119.952354563924729, 38.803605525167626 ], [ -119.952424333384386, 38.803589328825666 ], [ -119.952356098726327, 38.803569529631204 ], [ -119.952378332011364, 38.803588127879379 ], [ -119.952355331325862, 38.803587527399444 ] ], [ [ -119.954204645947499, 38.798554769202148 ], [ -119.954850920901762, 38.797977040723453 ], [ -119.954856569752593, 38.797962963473303 ], [ -119.954204645947499, 38.798554769202148 ] ], [ [ -119.954979714106756, 38.797656079321172 ], [ -119.955119240213378, 38.797623682907783 ], [ -119.955189061707244, 38.79752294097613 ], [ -119.954979714106756, 38.797656079321172 ] ], [ [ -120.006229889705921, 38.797554471833429 ], [ -120.006079120635647, 38.797464217758602 ], [ -120.006190351464923, 38.797557160254087 ], [ -120.006229889705921, 38.797554471833429 ] ], [ [ -120.005571616232373, 38.797487237775094 ], [ -120.005502827325856, 38.797509370938101 ], [ -120.006079120635647, 38.797464217758602 ], [ -120.005571616232373, 38.797487237775094 ] ], [ [ -120.004574898151205, 38.797778891814943 ], [ -120.004477803678952, 38.797765483226478 ], [ -120.004242525162908, 38.797885572062825 ], [ -120.004574898151205, 38.797778891814943 ] ], [ [ -119.999629550378472, 38.800271608087556 ], [ -119.999541662400475, 38.800719798738399 ], [ -119.999554516120426, 38.800775624472656 ], [ -119.999629550378472, 38.800271608087556 ] ], [ [ -120.008361547519058, 38.798159637574891 ], [ -120.008266774328916, 38.798006785803658 ], [ -120.008329749202915, 38.798152543719446 ], [ -120.008361547519058, 38.798159637574891 ] ], [ [ -120.007995292953311, 38.79789172035791 ], [ -120.008006591631073, 38.797621739698101 ], [ -120.007940277478326, 38.797498884534342 ], [ -120.007995292953311, 38.79789172035791 ] ], [ [ -120.000704230516575, 38.806487111204312 ], [ -120.000440035525429, 38.806420636152403 ], [ -120.000475283202576, 38.806455488734741 ], [ -120.000704230516575, 38.806487111204312 ] ], [ [ -120.009053822058547, 38.804990943175518 ], [ -120.008182262128628, 38.80497758890899 ], [ -120.00900883961485, 38.805034805755625 ], [ -120.009053822058547, 38.804990943175518 ] ], [ [ -120.007696237540557, 38.805059536071582 ], [ -120.006965401352801, 38.80489234250561 ], [ -120.007625685501935, 38.80507143145536 ], [ -120.007696237540557, 38.805059536071582 ] ], [ [ -120.005813781006594, 38.804898846727411 ], [ -120.005671432213362, 38.804910612055181 ], [ -120.006965401352801, 38.80489234250561 ], [ -120.005813781006594, 38.804898846727411 ] ], [ [ -120.004331644189207, 38.805044606020417 ], [ -120.004311847400317, 38.805022476423488 ], [ -120.004263492632148, 38.805026263831685 ], [ -120.004331644189207, 38.805044606020417 ] ], [ [ -120.003618762022967, 38.805076760672542 ], [ -120.003557300850787, 38.804895003271845 ], [ -120.003496356611578, 38.804886587031923 ], [ -120.003618762022967, 38.805076760672542 ] ], [ [ -120.003442828880551, 38.804879194964705 ], [ -120.003397040108638, 38.804872871610968 ], [ -120.003378364185764, 38.804884720304301 ], [ -120.003442828880551, 38.804879194964705 ] ], [ [ -120.009502214688865, 38.803938946556272 ], [ -120.009606077995613, 38.803969025858258 ], [ -120.009654411420698, 38.80396191123301 ], [ -120.009502214688865, 38.803938946556272 ] ], [ [ -120.008714272229071, 38.803820052029835 ], [ -120.008063437176006, 38.803965535552095 ], [ -120.008744177582003, 38.80382456462366 ], [ -120.008714272229071, 38.803820052029835 ] ], [ [ -120.007673156947519, 38.803937514360399 ], [ -120.00762256583603, 38.803954235574544 ], [ -120.008063437176006, 38.803965535552095 ], [ -120.007673156947519, 38.803937514360399 ] ], [ [ -120.005472111573624, 38.804242899172792 ], [ -120.005518895702394, 38.804242635280495 ], [ -120.005776441888486, 38.804141133359018 ], [ -120.005472111573624, 38.804242899172792 ] ], [ [ -120.005208546997778, 38.812198622029733 ], [ -120.005346574471545, 38.812202163072357 ], [ -120.005369913725275, 38.812187027811042 ], [ -120.005208546997778, 38.812198622029733 ] ], [ [ -120.00505354996676, 38.812050501665695 ], [ -120.005022071447911, 38.812060114064593 ], [ -120.005208546997778, 38.812198622029733 ], [ -120.00505354996676, 38.812050501665695 ] ], [ [ -120.004890255063216, 38.812100365888895 ], [ -120.004202749792583, 38.812569209062772 ], [ -120.004962830602537, 38.812078204041285 ], [ -120.004890255063216, 38.812100365888895 ] ], [ [ -120.00076701582725, 38.814318815383778 ], [ -120.00080622663647, 38.81448198441938 ], [ -120.000872262580515, 38.81451380065306 ], [ -120.00076701582725, 38.814318815383778 ] ], [ [ -119.996612927141825, 38.81397777409132 ], [ -119.99672416938941, 38.814070725919414 ], [ -119.996829700979461, 38.814077650828708 ], [ -119.996612927141825, 38.81397777409132 ] ], [ [ -120.005457147582263, 38.80909080082349 ], [ -120.005316033486352, 38.809084269609748 ], [ -120.005648728834899, 38.809033119434524 ], [ -120.005039236309358, 38.809095186391858 ], [ -120.004161952526715, 38.809038261544707 ], [ -120.004188858995619, 38.809055347978003 ], [ -120.006187907899232, 38.809160687093495 ], [ -120.005085243461181, 38.809096366745287 ], [ -120.005457147582263, 38.80909080082349 ] ], [ [ -120.001603232193517, 38.807778426748939 ], [ -120.002354262692506, 38.808323568763214 ], [ -120.001662304977941, 38.807801294809906 ], [ -120.001603232193517, 38.807778426748939 ] ], [ [ -120.001418007263212, 38.807706722803097 ], [ -120.001413046910486, 38.807704802554262 ], [ -120.001529572458807, 38.807671759738412 ], [ -120.000630188175975, 38.80770270866531 ], [ -120.001418007263212, 38.807706722803097 ] ], [ [ -120.00971979397049, 38.807305269388024 ], [ -120.009938455315989, 38.807268399312413 ], [ -120.009375500730187, 38.807278431620169 ], [ -120.00977182460926, 38.807162458169032 ], [ -120.009305738313529, 38.807294662389147 ], [ -120.00971979397049, 38.807305269388024 ] ], [ [ -120.010565639054079, 38.807453059125365 ], [ -120.010548935102122, 38.807513615371789 ], [ -120.010558177542165, 38.807521336457178 ], [ -120.010563380469478, 38.807507055293854 ], [ -120.01062285415685, 38.807500856300621 ], [ -120.010565639054079, 38.807453059125365 ] ], [ [ -120.010674252879298, 38.807902686949461 ], [ -120.010526072669506, 38.807848441930524 ], [ -120.010661833877535, 38.807905972529873 ], [ -120.010674252879298, 38.807902686949461 ] ], [ [ -120.010061482882037, 38.807853059947334 ], [ -120.010166454839379, 38.807826722705528 ], [ -120.009932654203098, 38.807854340174821 ], [ -120.010061482882037, 38.807853059947334 ] ], [ [ -120.010221130155017, 38.807813004738762 ], [ -120.010251539140569, 38.807805375149613 ], [ -120.010511351095076, 38.807649866911426 ], [ -120.010221130155017, 38.807813004738762 ] ], [ [ -120.010556876809972, 38.80752490674795 ], [ -120.010545898016574, 38.807524625597999 ], [ -120.010511351095076, 38.807649866911426 ], [ -120.010556876809972, 38.80752490674795 ] ], [ [ -120.008775160900299, 38.807317104257855 ], [ -120.008680135250202, 38.807386741298131 ], [ -120.008897844014186, 38.807320247783672 ], [ -120.008775160900299, 38.807317104257855 ] ], [ [ -120.006385122925579, 38.808300881479724 ], [ -120.005144451601737, 38.808233022691695 ], [ -120.005209110790247, 38.808199183391814 ], [ -120.005125761178974, 38.808232666177112 ], [ -120.006385122925579, 38.808300881479724 ] ], [ [ -120.006870454823826, 38.808259272533867 ], [ -120.006935768746786, 38.808239325591551 ], [ -120.006385122925579, 38.808300881479724 ], [ -120.006870454823826, 38.808259272533867 ] ], [ [ -120.002038099339373, 38.807921710729232 ], [ -120.002071075611056, 38.807937919083251 ], [ -120.00305945651499, 38.807981315789561 ], [ -120.002038099339373, 38.807921710729232 ] ], [ [ -120.007572577689416, 38.808044840908295 ], [ -120.007635558615661, 38.808025605962683 ], [ -120.007617112923242, 38.808026162731608 ], [ -120.007572577689416, 38.808044840908295 ] ], [ [ -120.009262047406693, 38.807933552201334 ], [ -120.008700528132081, 38.807999875692936 ], [ -120.009069334270848, 38.807991307561664 ], [ -120.009262047406693, 38.807933552201334 ] ], [ [ -120.006817298230388, 38.80897862903749 ], [ -120.006311219739445, 38.808965651689974 ], [ -120.006078990677906, 38.808989302227978 ], [ -120.006817298230388, 38.80897862903749 ] ], [ [ -120.008645297018944, 38.809794526653683 ], [ -120.00871795921654, 38.809784103624651 ], [ -120.008786817215181, 38.809757801579025 ], [ -120.008645297018944, 38.809794526653683 ] ], [ [ -120.007588686787571, 38.809776023901733 ], [ -120.007612266698402, 38.809791801395775 ], [ -120.007637172583884, 38.809794790005739 ], [ -120.007588686787571, 38.809776023901733 ] ], [ [ -120.007258945521187, 38.811080038631872 ], [ -120.008253005849426, 38.810438854006179 ], [ -120.008988383256337, 38.810475716476986 ], [ -120.008276009924799, 38.810439443569493 ], [ -120.008860152450055, 38.810238196952184 ], [ -120.008300521021766, 38.810404035775292 ], [ -120.007258945521187, 38.811080038631872 ] ], [ [ -120.009818846840759, 38.80982244338464 ], [ -120.009704867007613, 38.809863442574532 ], [ -120.009396024221246, 38.810089764699022 ], [ -120.009818846840759, 38.80982244338464 ] ], [ [ -119.995746127994693, 38.820351833163734 ], [ -119.996379864468395, 38.820350437986548 ], [ -119.996346580591393, 38.820313232300926 ], [ -119.995746127994693, 38.820351833163734 ] ], [ [ -119.992009150412926, 38.820489823713459 ], [ -119.992067290186199, 38.820203035442276 ], [ -119.991987689260199, 38.820513294531509 ], [ -119.992009150412926, 38.820489823713459 ] ], [ [ -120.011879980022471, 38.822279479849691 ], [ -120.010957402657311, 38.822309912219616 ], [ -120.010913006875128, 38.822342440486416 ], [ -120.011879980022471, 38.822279479849691 ] ], [ [ -120.014200894315167, 38.822286253041582 ], [ -120.014274316215349, 38.822304714071038 ], [ -120.014296321140591, 38.822329300916984 ], [ -120.014297324234704, 38.822305302599119 ], [ -120.014289285653589, 38.822287208809122 ], [ -120.014200894315167, 38.822286253041582 ] ], [ [ -120.014472361077978, 38.822525995553271 ], [ -120.014633417755078, 38.82253011490139 ], [ -120.0146865450033, 38.822518603700843 ], [ -120.014472361077978, 38.822525995553271 ] ], [ [ -120.014881344779667, 38.822476395752432 ], [ -120.01500530816368, 38.822449535974656 ], [ -120.0150294444542, 38.822423126235549 ], [ -120.014881344779667, 38.822476395752432 ] ], [ [ -120.015038221282623, 38.822413522692614 ], [ -120.015069671564717, 38.82237910999082 ], [ -120.015054332858455, 38.822378717740051 ], [ -120.015055084989669, 38.822360718989344 ], [ -120.015072889731385, 38.822375588690534 ], [ -120.015085762394833, 38.822361503488374 ], [ -120.0150780930434, 38.822361307364368 ], [ -120.015078613745246, 38.822348846690538 ], [ -120.014847902889315, 38.822397984829351 ], [ -120.015038221282623, 38.822413522692614 ] ], [ [ -120.015101853216834, 38.822343896983398 ], [ -120.015084081856472, 38.822347682054009 ], [ -120.015092198724588, 38.8223544608867 ], [ -120.015101853216834, 38.822343896983398 ] ], [ [ -120.005139720429653, 38.819918679876508 ], [ -120.005154922958695, 38.82007109642695 ], [ -120.005240393679571, 38.820145361155006 ], [ -120.005139720429653, 38.819918679876508 ] ], [ [ -120.004510769871359, 38.817856376963555 ], [ -120.004504287367553, 38.817832835959791 ], [ -120.004425902269205, 38.818232576128736 ], [ -120.004510769871359, 38.817856376963555 ] ], [ [ -120.002414532506066, 38.815951997511142 ], [ -120.002425200510629, 38.815965006667525 ], [ -120.003037854993494, 38.81626753328834 ], [ -120.003035030654445, 38.816250934751181 ], [ -120.002414532506066, 38.815951997511142 ] ], [ [ -120.001923258216706, 38.815303469471296 ], [ -120.001831712991887, 38.815241266750085 ], [ -120.002332257987661, 38.815851667216577 ], [ -120.001923258216706, 38.815303469471296 ] ], [ [ -120.001568010864602, 38.814988039548254 ], [ -120.00100571906178, 38.814667289420171 ], [ -120.001566545985767, 38.815022945829796 ], [ -120.001568010864602, 38.814988039548254 ] ], [ [ -120.016087440584897, 38.82245918645679 ], [ -120.01590187191124, 38.822490478438844 ], [ -120.016502338384939, 38.822451774103719 ], [ -120.016087440584897, 38.82245918645679 ] ], [ [ -120.017640542429248, 38.830673092803977 ], [ -120.017690450162775, 38.830664677452752 ], [ -120.017658651520023, 38.830423750060262 ], [ -120.017640542429248, 38.830673092803977 ] ], [ [ -120.017635286038299, 38.830745467191406 ], [ -120.017634981454435, 38.830749660950154 ], [ -120.017699680088441, 38.830734609196256 ], [ -120.017635286038299, 38.830745467191406 ] ] ], [ [ [ -120.021416540486612, 38.836613293639807 ], [ -120.021694946358721, 38.836566344521074 ], [ -120.021896805748369, 38.836697621311885 ], [ -120.021858026027104, 38.837075009268041 ], [ -120.021924812441583, 38.837130767371505 ], [ -120.021809747687811, 38.837127831260318 ], [ -120.021702942312231, 38.836926908077359 ], [ -120.021564865031507, 38.836923384483555 ], [ -120.021413536836903, 38.836685288883551 ], [ -120.021416540486612, 38.836613293639807 ] ] ], [ [ [ -120.023904702460186, 38.842136214113516 ], [ -120.023793381735189, 38.84204328547137 ], [ -120.023821649456764, 38.841917880536926 ], [ -120.024027279498526, 38.841959160107308 ], [ -120.024224655954797, 38.84219842656637 ], [ -120.023904702460186, 38.842136214113516 ] ] ], [ [ [ -120.018717925829932, 38.845517333410996 ], [ -120.018668887288001, 38.845588152458369 ], [ -120.018694910243568, 38.845516745460039 ], [ -120.018717925829932, 38.845517333410996 ] ] ], [ [ [ -120.024373785432431, 38.847463475223684 ], [ -120.024534899774622, 38.847467583124669 ], [ -120.024604699186966, 38.847451344755925 ], [ -120.024324750891111, 38.847534296797434 ], [ -120.024373785432431, 38.847463475223684 ] ] ], [ [ [ -120.019019183479998, 38.796353901721631 ], [ -120.019020684351133, 38.796317903929456 ], [ -120.019042183252949, 38.796354488987078 ], [ -120.019019183479998, 38.796353901721631 ] ] ], [ [ [ -120.01843158469363, 38.79940196552851 ], [ -120.018437589997461, 38.799257974510596 ], [ -120.018502088212045, 38.799367730017593 ], [ -120.01843158469363, 38.79940196552851 ] ] ], [ [ [ -120.019637986483644, 38.805811157974659 ], [ -120.019660989309827, 38.805811745237911 ], [ -120.019611230951753, 38.805900565089047 ], [ -120.019637986483644, 38.805811157974659 ] ] ], [ [ [ -120.015996879593317, 38.814150574640607 ], [ -120.015997631266558, 38.814132575849079 ], [ -120.016019885025244, 38.81415116272624 ], [ -120.015996879593317, 38.814150574640607 ] ] ], [ [ [ -120.01650617155974, 38.815190618967101 ], [ -120.016487675245415, 38.815082038185167 ], [ -120.01666646048092, 38.815212733660914 ], [ -120.016665708947073, 38.815230732460137 ], [ -120.01650617155974, 38.815190618967101 ] ] ], [ [ [ -120.016549928426585, 38.815245791351508 ], [ -120.016526922631428, 38.815245203356405 ], [ -120.01650617155974, 38.815190618967101 ], [ -120.016549928426585, 38.815245791351508 ] ] ], [ [ [ -120.017706696785282, 38.815671747048881 ], [ -120.01775120615396, 38.81570892021184 ], [ -120.017748952329541, 38.815762916657981 ], [ -120.017657679685414, 38.815742566754814 ], [ -120.017706696785282, 38.815671747048881 ] ] ], [ [ [ -120.018002769439335, 38.81575138296116 ], [ -120.018025775428313, 38.815751970672075 ], [ -120.018000515801432, 38.815805379419317 ], [ -120.018002769439335, 38.81575138296116 ] ] ], [ [ [ -120.01826025361558, 38.817307509179116 ], [ -120.018162969144456, 38.817431150134453 ], [ -120.017929898752229, 38.81749726813176 ], [ -120.017927678885997, 38.817484238456494 ], [ -120.017860879108852, 38.817495504862592 ], [ -120.017840877756527, 38.817422921851005 ], [ -120.017915099656335, 38.817410403629353 ], [ -120.017911399886941, 38.817388687503531 ], [ -120.01826025361558, 38.817307509179116 ] ] ], [ [ [ -120.018201750301955, 38.821468173323382 ], [ -120.01822353814795, 38.820946207946818 ], [ -120.018410604477992, 38.820878914444421 ], [ -120.018374074183384, 38.821202305312973 ], [ -120.018234525094698, 38.821234776590451 ], [ -120.018201750301955, 38.821468173323382 ] ] ], [ [ [ -120.018430326142209, 38.821510048177771 ], [ -120.018339046026838, 38.82148969852706 ], [ -120.018431077400237, 38.821492049368992 ], [ -120.018430326142209, 38.821510048177771 ] ] ], [ [ [ -120.0182078773624, 38.838423247794985 ], [ -120.018337688014185, 38.838624761772891 ], [ -120.018242627525922, 38.83869440500176 ], [ -120.017808380948466, 38.838611238036627 ], [ -120.017789878869337, 38.838502657520365 ], [ -120.01751747894123, 38.838405606972977 ], [ -120.017635552946743, 38.838336552418376 ], [ -120.0182078773624, 38.838423247794985 ] ] ], [ [ [ -120.018252860878675, 38.839000971746565 ], [ -120.018478195505139, 38.839673392934351 ], [ -120.018569498596477, 38.839693743341272 ], [ -120.018473685093568, 38.839781385453819 ], [ -120.018512195271768, 38.83996254882797 ], [ -120.017792000780958, 38.840106309834006 ], [ -120.017682195278439, 38.839977378289262 ], [ -120.017535683625439, 38.839072736575275 ], [ -120.018252860878675, 38.839000971746565 ] ] ], [ [ [ -120.012599001002556, 38.800676283859076 ], [ -120.012599753169226, 38.800658285081788 ], [ -120.012622002030156, 38.800676872442978 ], [ -120.012599001002556, 38.800676283859076 ] ] ], [ [ [ -120.014461784666707, 38.801282495746499 ], [ -120.01432753584929, 38.801188972282553 ], [ -120.014418789044981, 38.801209324061567 ], [ -120.014461784666707, 38.801282495746499 ] ] ], [ [ [ -120.015650795566131, 38.802033618420232 ], [ -120.015847289903874, 38.802290893826402 ], [ -120.015707025942419, 38.802341362411717 ], [ -120.015416271350247, 38.802135731083531 ], [ -120.014935493683694, 38.802069384601353 ], [ -120.014689993725725, 38.801882926669549 ], [ -120.014616253837985, 38.801718878715377 ], [ -120.014604001444908, 38.801736583420656 ], [ -120.014537252339395, 38.801680822367814 ], [ -120.014606043724697, 38.801696164380346 ], [ -120.014542514267589, 38.801554830724029 ], [ -120.014249510959772, 38.801403193135677 ], [ -120.013879986587355, 38.801429777821554 ], [ -120.013109975791068, 38.801121790987892 ], [ -120.012621249868602, 38.800694871220578 ], [ -120.012760008209938, 38.800680403851494 ], [ -120.013091486935238, 38.80101320978968 ], [ -120.013708006730056, 38.801137090231961 ], [ -120.014078281416431, 38.801092507232006 ], [ -120.014349785337515, 38.801207559337115 ], [ -120.014567770703138, 38.801501422515578 ], [ -120.015067787653834, 38.801658352541821 ], [ -120.015332531818416, 38.801935391849959 ], [ -120.015650795566131, 38.802033618420232 ] ] ], [ [ [ -120.014601746368641, 38.801790579841168 ], [ -120.014602498061393, 38.80177258103442 ], [ -120.014646997543181, 38.801809755051657 ], [ -120.014601746368641, 38.801790579841168 ] ] ], [ [ [ -120.016064071841171, 38.802062200564983 ], [ -120.016060315170236, 38.802152194713699 ], [ -120.015922305735927, 38.802148667091309 ], [ -120.01597131430843, 38.802077847670674 ], [ -120.016064071841171, 38.802062200564983 ] ] ], [ [ [ -120.012057730169587, 38.802608377968426 ], [ -120.012058482524282, 38.802590379205995 ], [ -120.012149736723117, 38.802610732801085 ], [ -120.012057730169587, 38.802608377968426 ] ] ], [ [ [ -120.012202984631074, 38.802658942454272 ], [ -120.012230227774381, 38.802683607849808 ], [ -120.012423499657132, 38.802671793170084 ], [ -120.01342053322216, 38.803057664900592 ], [ -120.013594771952654, 38.803296356610822 ], [ -120.014351579313072, 38.803369768513484 ], [ -120.014709086328381, 38.803631163585749 ], [ -120.015095611075395, 38.803749155326464 ], [ -120.015294362406379, 38.803952435276081 ], [ -120.015141977268215, 38.803998989610193 ], [ -120.015154094758358, 38.804002903039432 ], [ -120.015215585217348, 38.804184655492811 ], [ -120.014773281342002, 38.804299472096048 ], [ -120.014433510461359, 38.804164656951741 ], [ -120.013287162367206, 38.804045243948799 ], [ -120.012422861999397, 38.803788893999517 ], [ -120.012305594912391, 38.803839946929898 ], [ -120.012169839773364, 38.803782418462809 ], [ -120.011916817628659, 38.80377594237909 ], [ -120.011798797781665, 38.803844993541723 ], [ -120.011662290593364, 38.803805463252914 ], [ -120.011514821892632, 38.803477363967026 ], [ -120.011272337010226, 38.803218904047469 ], [ -120.011289645919504, 38.802804932834306 ], [ -120.011207422627763, 38.802568593589022 ], [ -120.010920444001854, 38.802272957806615 ], [ -120.010531676696544, 38.802208949011892 ], [ -120.010626693423305, 38.802139310065144 ], [ -120.011061463430465, 38.802204496357639 ], [ -120.011410248332922, 38.802123335706646 ], [ -120.011692713847168, 38.802526962888429 ], [ -120.011808474287022, 38.802511908013457 ], [ -120.011872964693296, 38.802621666845532 ], [ -120.012034415049143, 38.802615288733151 ], [ -120.012034728532882, 38.80260778924896 ], [ -120.012043285947414, 38.802614938280897 ], [ -120.012149736723117, 38.802610732801085 ], [ -120.012170216679309, 38.802629274978003 ], [ -120.012217989330367, 38.802630497643165 ], [ -120.012216484698385, 38.802666495172957 ], [ -120.012202984631074, 38.802658942454272 ] ], [ [ -120.012309480661088, 38.802755361695304 ], [ -120.012682219013215, 38.803092828351872 ], [ -120.012792647826487, 38.803120602124871 ], [ -120.012309480661088, 38.802755361695304 ] ], [ [ -120.01418950874455, 38.803942200201568 ], [ -120.014893217363124, 38.80394399945618 ], [ -120.014720812629278, 38.803901733832035 ], [ -120.01418950874455, 38.803942200201568 ] ] ], [ [ [ -120.008459465408606, 38.7983540658892 ], [ -120.008460218554191, 38.798336067172791 ], [ -120.008482465602739, 38.798354655258471 ], [ -120.008459465408606, 38.7983540658892 ] ] ], [ [ [ -120.009420956708567, 38.798486807899131 ], [ -120.009353461790027, 38.798449042865478 ], [ -120.009426979948074, 38.798342818042826 ], [ -120.009420956708567, 38.798486807899131 ] ] ], [ [ [ -120.009420203800588, 38.798504806630888 ], [ -120.009420956708567, 38.798486807899131 ], [ -120.009443204063402, 38.798505395812981 ], [ -120.009420203800588, 38.798504806630888 ] ] ], [ [ [ -120.009442451160538, 38.798523394545008 ], [ -120.009443204063402, 38.798505395812981 ], [ -120.009465451429747, 38.798523983722944 ], [ -120.009442451160538, 38.798523394545008 ] ] ], [ [ [ -120.009464698531971, 38.798541982455284 ], [ -120.009465451429747, 38.798523983722944 ], [ -120.009510699084046, 38.798543160798353 ], [ -120.009464698531971, 38.798541982455284 ] ] ], [ [ [ -120.009224223638114, 38.799887173409132 ], [ -120.009155221533078, 38.799885405667411 ], [ -120.009180481249913, 38.799831998748459 ], [ -120.009224223638114, 38.799887173409132 ] ] ], [ [ [ -120.008967859397245, 38.800511235952492 ], [ -120.009076839496515, 38.800658172147628 ], [ -120.008847583165704, 38.800634280413405 ], [ -120.007912078826848, 38.800430127320887 ], [ -120.0075086117822, 38.80016753376227 ], [ -120.007346853027016, 38.800181405271886 ], [ -120.007297084072206, 38.800270219492781 ], [ -120.007113077811425, 38.800265502350818 ], [ -120.005858589815901, 38.799981082816302 ], [ -120.005325804875085, 38.800057507123682 ], [ -120.00471496723506, 38.800348142371057 ], [ -120.004139948545955, 38.80033338761038 ], [ -120.003928415883294, 38.800436067018076 ], [ -120.003256866837873, 38.80052693845608 ], [ -120.002671282211963, 38.800764157059788 ], [ -120.002480483016967, 38.800921420075348 ], [ -120.001480120651124, 38.801165999808902 ], [ -120.000989549817021, 38.801333578253534 ], [ -120.000798745495771, 38.801490838297298 ], [ -120.000638493424049, 38.801468703173313 ], [ -120.000379440025682, 38.801606191030658 ], [ -120.000091000892027, 38.801346527642849 ], [ -120.000469589932351, 38.801104003913323 ], [ -120.000911138043179, 38.801007240201074 ], [ -120.00112796183619, 38.80077857639845 ], [ -120.002191681113047, 38.80012121282698 ], [ -120.002492953440594, 38.800074894767548 ], [ -120.002636239772997, 38.799952447786438 ], [ -120.003291573723359, 38.79969900168215 ], [ -120.004430666984788, 38.799439947805169 ], [ -120.005929467241529, 38.799388306492666 ], [ -120.006166255749775, 38.799232217013035 ], [ -120.006327258761075, 38.79923634574083 ], [ -120.006870226477886, 38.799466483943647 ], [ -120.00744222590636, 38.799553219777401 ], [ -120.007849456058295, 38.799725819932554 ], [ -120.008071176206613, 38.799929700557037 ], [ -120.008277429228571, 38.799953004294174 ], [ -120.008364159552102, 38.800081352936537 ], [ -120.008527442292177, 38.800125922269473 ], [ -120.008478410107841, 38.800102298652462 ], [ -120.008957660792433, 38.800204668440841 ], [ -120.008967859397245, 38.800511235952492 ] ] ], [ [ [ -120.003545661557425, 38.802426240423706 ], [ -120.002381251487336, 38.802738688710939 ], [ -120.002153501316357, 38.802678786450805 ], [ -120.001851462807252, 38.802743101764072 ], [ -120.001797910465811, 38.802921906227404 ], [ -120.001657636405795, 38.802972357471255 ], [ -120.001650841547828, 38.803134344778847 ], [ -120.001397069079076, 38.803145844592876 ], [ -120.001347290586267, 38.803234655859988 ], [ -120.000950977095442, 38.803350601078542 ], [ -120.000379712817249, 38.803245834000059 ], [ -119.999854870413131, 38.802583699948492 ], [ -119.999952163698978, 38.802460074445889 ], [ -120.000064148904471, 38.802535024141946 ], [ -120.000736475061387, 38.80242617344706 ], [ -120.000750823705374, 38.80208420048077 ], [ -120.001073596103481, 38.802074474563277 ], [ -120.001403918662447, 38.801884761860464 ], [ -120.001455961035987, 38.801741954739981 ], [ -120.001569456780175, 38.801780905834001 ], [ -120.001826244004889, 38.801697411062158 ], [ -120.002089824170525, 38.801451928286205 ], [ -120.002411839013874, 38.801460197149119 ], [ -120.003061905788826, 38.801332743273157 ], [ -120.003578491110432, 38.801093751781295 ], [ -120.0035846917648, 38.801092309334344 ], [ -120.004052842865846, 38.800763584141208 ], [ -120.004445366289147, 38.800737620784588 ], [ -120.004610897498111, 38.800633760143008 ], [ -120.005028683177088, 38.800554388990967 ], [ -120.005241722771899, 38.800415710227149 ], [ -120.005911007457669, 38.80037882322415 ], [ -120.006708499128422, 38.80057945372662 ], [ -120.007012031940235, 38.800479127907934 ], [ -120.007334043856503, 38.800487383032966 ], [ -120.008018796626658, 38.800631060519542 ], [ -120.008241273188816, 38.800816942220436 ], [ -120.008676032472394, 38.800882137010468 ], [ -120.009011257709659, 38.80112496024217 ], [ -120.00900824537797, 38.801196955109162 ], [ -120.008548976328029, 38.80116716950409 ], [ -120.008482256505289, 38.801196214706607 ], [ -120.008824236445946, 38.801192240567751 ], [ -120.008864966826238, 38.80131941022907 ], [ -120.008677191746173, 38.801404689003071 ], [ -120.008516936722742, 38.801382564612631 ], [ -120.008302393551773, 38.801557246883839 ], [ -120.007935880841487, 38.801511817819566 ], [ -120.007698177003519, 38.801548373413418 ], [ -120.008340863360132, 38.801738412804042 ], [ -120.008470585454006, 38.801939935114099 ], [ -120.008929106273968, 38.801987719933159 ], [ -120.009010568267612, 38.802242059192537 ], [ -120.007220224609028, 38.802106085653151 ], [ -120.004295993459408, 38.802282690151564 ], [ -120.004123714137123, 38.802369004244269 ], [ -120.003545661557425, 38.802426240423706 ] ], [ [ -120.007107838154809, 38.80149059236178 ], [ -120.007310548545348, 38.801448614628065 ], [ -120.007179102334405, 38.80143836531667 ], [ -120.007107838154809, 38.80149059236178 ] ], [ [ -120.007378813447147, 38.801453937417016 ], [ -120.007581670701313, 38.80151392255771 ], [ -120.007523366320427, 38.801465208440391 ], [ -120.007378813447147, 38.801453937417016 ] ], [ [ -120.00834045995245, 38.801197862225813 ], [ -120.008390260471359, 38.801197283618485 ], [ -120.007867984048872, 38.800933501402206 ], [ -120.00834045995245, 38.801197862225813 ] ], [ [ -120.006972452327474, 38.800874509288924 ], [ -120.007545216522473, 38.800943246362692 ], [ -120.006819671457876, 38.800802869368098 ], [ -120.006972452327474, 38.800874509288924 ] ], [ [ -120.006040589508316, 38.800712829858888 ], [ -120.006633468335792, 38.800766842356481 ], [ -120.006471707076798, 38.800735544145454 ], [ -120.006040589508316, 38.800712829858888 ] ], [ [ -120.005042635210316, 38.800770962900046 ], [ -120.005914065945177, 38.800706163409181 ], [ -120.005805434629352, 38.800700439581014 ], [ -120.005042635210316, 38.800770962900046 ] ], [ [ -120.004024937632224, 38.800989894732943 ], [ -120.004228334746571, 38.800942577697342 ], [ -120.00416030431542, 38.800946521811305 ], [ -120.004024937632224, 38.800989894732943 ] ] ], [ [ [ -120.009009815155494, 38.802260057905904 ], [ -120.009010568267612, 38.802242059192537 ], [ -120.009032816616838, 38.802260647216421 ], [ -120.009009815155494, 38.802260057905904 ] ] ], [ [ [ -120.010137123765986, 38.805586230469892 ], [ -120.010045113554895, 38.805583873901483 ], [ -120.010025122786644, 38.80551128986847 ], [ -120.010068869041859, 38.8055664643298 ], [ -120.010137123765986, 38.805586230469892 ] ] ], [ [ [ -120.008928919071039, 38.812996711022301 ], [ -120.008951170567357, 38.813015299164249 ], [ -120.008928165649351, 38.813014709701186 ], [ -120.008928919071039, 38.812996711022301 ] ] ], [ [ [ -120.005062440324693, 38.784357058043966 ], [ -120.00495198411258, 38.784246116464466 ], [ -120.005063947571045, 38.784321060636607 ], [ -120.005062440324693, 38.784357058043966 ] ] ], [ [ [ -120.005128412770816, 38.784430822428909 ], [ -120.005129166379746, 38.784412823724431 ], [ -120.005151408421142, 38.784431412276902 ], [ -120.005128412770816, 38.784430822428909 ] ] ], [ [ [ -120.005173650474077, 38.784450000825608 ], [ -120.005150654817328, 38.784449410981757 ], [ -120.005151408421142, 38.784431412276902 ], [ -120.005173650474077, 38.784450000825608 ] ] ], [ [ [ -120.005172896875365, 38.784467999530705 ], [ -120.005173650474077, 38.784450000825608 ], [ -120.005195892538524, 38.784468589370427 ], [ -120.005172896875365, 38.784467999530705 ] ] ], [ [ [ -120.005306349465641, 38.784579530744132 ], [ -120.005195892538524, 38.784468589370427 ], [ -120.00530785660132, 38.784543533330094 ], [ -120.005306349465641, 38.784579530744132 ] ] ], [ [ [ -119.989487272313852, 38.795614122923752 ], [ -119.989509513388683, 38.795632714404299 ], [ -119.989486514469647, 38.795632121335288 ], [ -119.989487272313852, 38.795614122923752 ] ] ], [ [ [ -119.986603310663526, 38.795755934121836 ], [ -119.986604069236222, 38.79573793575841 ], [ -119.986626309561316, 38.795756527759906 ], [ -119.986603310663526, 38.795755934121836 ] ] ], [ [ [ -119.999629470542146, 38.80137070272545 ], [ -119.999606469564938, 38.80137011157521 ], [ -119.999607225018607, 38.801352113014048 ], [ -119.999629470542146, 38.80137070272545 ] ] ] ] } }
]
}
